3330,3197,2489,2409,2329,2300,2312,2172,2040,2172,2312,2300,2329,2409,2489,3197,3713,3490,2453,2392,2293,2200,2288,2305,2372,2276,2212,2145,2255,2372,2536,3498,4077,3857,2759,2367,2248,2359,2245,2234,2368,2170,2092,2381,2297,2361,2773,3857,4209,3986,2872,2381,2335,2332,2398,2216,2157,2065,2272,2406,2328,2442,2897,3988,4013,3787,2623,2404,2278,2227,2349,2293,2217,2197,2344,2416,2132,2383,2736,3794,3737,3509,2365,2346,2245,2177,1997,2078,2239,2361,2334,2432,2163,2246,2447,3513,3495,3281,2431,2290,2276,2176,2170,2212,2199,2266,2319,2283,2295,2323,2212,3265,3824,3604,2540,2389,2245,2377,2359,2214,2203,2276,2194,2234,2373,2296,2607,3603,4011,3785,2648,2407,2297,2291,2217,2318,2248,2238,2262,2285,2281,2324,2762,3790,3883,3660,2419,2318,2455,2342,2232,2193,2230,2276,2322,2263,2271,2259,2582,3663,3489,3233,2294,2379,2476,2405,2258,2175,2371,2406,2224,2345,2328,2295,2437,3276,3169,2952,2301,2293,2366,2229,2212,2295,2315,2381,2267,2349,2236,2348,2493,2958,3140,3011,2811,2541,2422,2334,2471,2600,2432,2389,2361,2305,2448,2329,2467,2856,3919,3967,3793,3056,3044,3303,3233,3679,3538,3462,3219,3457,3082,3204,3344,3510,4488,4379,4037,3681,3516,3549,3621,4097,3865,3997,3761,3856,3717,3618,3967,4165,4592,4465,4158,3938,3678,3729,3995,4211,4010,4150,3958,3937,3874,3622,4064,4320,4308,4116,3979,3868,3798,3813,3951,4128,3911,3977,3788,3740,3648,3456,3690,3887,4530,4316,3674,3557,3445,3572,3637,3799,3646,3447,3277,3285,3147,3387,3418,4273,4612,4390,3361,3185,3102,3281,3233,3394,3334,3141,3088,3140,3213,2928,3296,4391,4804,4586,3508,3088,2928,3054,2985,3155,3126,2991,2859,2783,2893,3065,3475,4584,4700,4480,3363,3039,2776,2768,2714,2840,2797,2768,2773,2593,2697,2878,3407,4476,4257,4027,2902,2819,2717,2468,2711,2877,2841,2813,2696,2607,2521,2700,3099,4037,3783,3576,2860,2627,2567,2601,2676,2888,2883,2865,2731,2747,2507,2603,2741,3566,3545,3330,2627,2447,2440,2609,2567,2704,2715,2715,2673,2667,2601,2498,2606,3332,3465,3229,2492,2464,2417,2344,2450,2507,2513,2684,2682,2552,2597,2568,2610,3265,3655,3429,2470,2413,2412,2398,2507,2608,2648,2614,2553,2249,2432,2512,2531,3434,3664,3435,2641,2308,2188,2381,2373,2459,2502,2521,2364,2358,2489,2495,2654,3443,3253,3203,2925,2851,2715,2496,2426,2613,2763,2798,2588,2625,2731,2629,2754,3021,3102,3132,2968,2879,2816,2628,2693,2731,2689,2746,2580,2775,2720,2552,2646,3024,2900,2881,2820,2714,2680,2521,2628,2589,2690,2596,2479,2629,2571,2383,2418,2729,2935,2854,2671,2508,2368,2443,2460,2451,2621,2620,2657,2637,2557,2469,2479,2770,2922,2877,2751,2624,2538,2334,2569,2612,2609,2632,2716,2547,2457,2440,2430,2723,2918,2998,2831,2574,2509,2384,2639,2675,2799,2764,2758,2416,2491,2510,2425,2645,2859,2979,2833,2472,2360,2239,2540,2681,2619,2652,2617,2446,2536,2482,2621,2577,3006,2879,2672,2446,2282,2285,2461,2486,2308,2552,2427,2350,2370,2368,2474,2728,3088,2826,2583,2516,2384,2377,2281,2398,2559,2440,2482,2399,2458,2489,2268,2855,3408,3188,2581,2571,2454,2389,2308,2524,2787,2683,2376,2372,2358,2353,2506,3180,3450,3230,2496,2527,2389,2204,2356,2507,2704,2702,2406,2325,2283,2329,2382,3227,3152,2922,2402,2487,2374,2110,2395,2570,2594,2516,2482,2321,2373,2387,2490,2933,2686,2672,2508,2503,2386,2271,2289,2663,2506,2479,2395,2319,2361,2506,2475,2647,2825,2647,2438,2495,2435,2244,2315,2501,2505,2516,2479,2356,2343,2465,2414,2690,2953,2739,2320,2302,2411,2401,2352,2452,2510,2392,2494,2336,2325,2364,2425,2768,2934,2677,2246,2265,2321,2336,2334,2459,2403,2275,2401,2147,2287,2284,2398,2742,2718,2612,2366,2403,2272,2278,2343,2484,2489,2403,2264,2323,2474,2226,2221,2549,2665,2550,2314,2478,2405,2192,2346,2429,2475,2410,2223,2422,2528,2393,2293,2470,2498,2367,2278,2449,2439,2234,2083,2334,2426,2357,2299,2386,2401,2431,2296,2364,2568,2382,2134,2360,2447,2380,2358,2359,2376,2404,2309,2216,2144,2278,2258,2438,2677,2539,2267,2294,2431,2344,2362,2418,2350,2438,2385,2270,2249,2132,2337,2489,2802,2609,2269,2213,2340,2342,2403,2425,2466,2355,2377,2270,2160,2134,2291,2619,2700,2596,2392,2290,2236,2398,2496,2361,2439,2411,2281,2331,2348,2361,2445,2583,2629,2424,2460,2402,2275,2338,2575,2482,2383,2144,2313,2305,2343,2517,2588,2478,2799,2509,2363,2257,2266,2164,2453,2405,2429,2396,2421,2236,2351,2452,2458,2679,2904,2716,2392,2334,2311,2295,2292,2374,2378,2485,2414,2339,2401,2463,2463,2686,2811,2673,2465,2346,2248,2297,2269,2346,2279,2360,2445,2334,2291,2385,2294,2647,2771,2649,2446,2249,2342,2306,2176,2377,2388,2320,2375,2335,2347,2392,2272,2602,2799,2723,2481,2277,2386,2278,2068,2399,2370,2400,2359,2231,2274,2376,2217,2566,2761,2647,2390,2306,2309,2250,2201,2388,2439,2433,2412,2293,2400,2416,2221,2534,2716,2589,2369,2374,2391,2247,2338,2486,2493,2409,2390,2331,2355,2337,2255,2552,2781,2593,2321,2306,2323,2236,2236,2405,2467,2432,2420,2383,2356,2435,2326,2636,2755,2533,2264,2174,2198,2191,2229,2354,2321,2124,2415,2428,2396,2422,2390,2425,2852,2677,2149,2119,2284,2275,2257,2207,2290,2284,2316,2385,2172,2344,2391,2627,2774,2689,2359,2214,2365,2311,2275,2226,2207,2305,2333,2261,2245,2342,2327,2463,2596,2637,2447,2344,2257,2246,2179,2290,2278,2233,2392,2440,2337,2328,2322,2545,3336,3110,2290,2237,2421,2334,2175,2378,2421,2336,2363,2466,2448,2314,2240,3123,3833,3590,2633,2487,2498,2212,2283,2453,2574,2478,2402,2433,2405,2481,2511,3620,4094,3871,2885,2750,2640,2755,2762,2810,2996,2835,2678,2650,2379,2717,2705,3873,4109,3887,2941,2723,2752,2905,2907,2990,3152,3008,2782,2684,2356,2804,2863,3881,4118,3908,2860,2597,2683,2738,2728,2899,2952,2871,2649,2456,2432,2629,2929,3893,4155,3938,2903,2574,2539,2433,2504,2769,2779,2619,2569,2596,2539,2444,2789,3928,3775,3558,2587,2328,2521,2435,2467,2541,2555,2474,2469,2568,2580,2224,2459,3542,3313,3106,2406,2283,2350,2329,2365,2448,2520,2499,2395,2467,2471,2287,2330,3067,3140,2905,2516,2374,2321,2335,2374,2299,2449,2335,2227,2333,2459,2281,2318,2906,2798,2648,2558,2394,2307,2374,2374,2348,2425,2461,2146,2137,2292,2370,2419,2683,2860,2683,2537,2447,2330,2352,2267,2407,2609,2479,2145,2202,2299,2373,2335,2727,2787,2627,2351,2270,2299,2225,2139,2387,2543,2432,2341,2336,2235,2339,2348,2599,2749,2616,2260,2279,2255,2343,2280,2305,2465,2318,2257,2385,2368,2398,2333,2568,2874,2651,2313,2312,2407,2440,2343,2287,2450,2361,2310,2417,2404,2338,2203,2687,2988,2789,2391,2348,2455,2398,2261,2341,2426,2497,2429,2378,2432,2335,2340,2773,3108,2935,2685,2473,2343,2411,2496,2489,2752,2803,2628,2509,2532,2530,2531,2917,2960,2902,2632,2599,2493,2555,2595,2468,2844,2819,2605,2439,2464,2581,2535,2810,3046,2889,2481,2498,2478,2508,2492,2402,2714,2366,2306,2276,2173,2451,2437,2872,3362,3162,2505,2460,2399,2454,2369,2389,2520,2445,2440,2418,2310,2283,2298,3114,3315,3164,2492,2423,2379,2519,2364,2272,2301,2345,2417,2448,2450,2452,2395,3081,3160,2954,2444,2480,2547,2598,2651,2759,2846,2710,2594,2519,2584,2562,2530,2955,3209,2990,2617,2583,2618,2687,2610,2971,2996,2768,2733,2559,2582,2599,2486,3002,3103,2878,2576,2439,2534,2479,2432,2831,2866,2671,2652,2424,2329,2411,2690,2979,2938,2787,2440,2367,2386,2452,2384,2475,2551,2520,2507,2459,2387,2389,2548,2817,3048,2869,2412,2241,2495,2480,2473,2628,2685,2684,2584,2559,2469,2338,2330,2768,3149,2918,2420,2414,2428,2497,2630,2733,2670,2740,2684,2541,2544,2510,2525,2972,3153,2871,2376,2481,2459,2477,2654,2746,2592,2624,2559,2475,2429,2395,2490,2973,2919,2720,2304,2411,2427,2387,2508,2641,2712,2539,2304,2406,2320,2321,2360,2840,2920,2755,2401,2309,2375,2360,2321,2492,2540,2439,2306,2367,2242,2322,2398,2747,2993,2830,2380,2324,2284,2129,2302,2437,2451,2390,2295,2317,2235,2261,2444,2767,2873,2677,2166,2414,2271,2317,2393,2354,2355,2383,2293,2218,2169,2111,2292,2661,2767,2542,2294,2328,2260,2415,2409,2298,2370,2354,2301,2356,2258,2233,2275,2627,2775,2587,2305,2371,2232,2344,2392,2348,2294,2358,2362,2314,2319,2265,2416,2676,2663,2580,2304,2400,2352,2309,2398,2264,2316,2268,2127,2185,2339,2297,2468,2547,2501,2446,2403,2424,2274,2215,2232,2327,2361,2323,2416,2177,2247,2308,2380,2421,2777,2554,2419,2404,2359,2271,2364,2316,2272,2277,2380,2377,2309,2261,2348,2517,2882,2670,2361,2414,2466,2362,2415,2417,2381,2272,2288,2408,2279,2145,2288,2658,3026,2766,2302,2368,2384,2335,2322,2492,2419,2175,2288,2294,2441,2365,2412,2775,3131,2924,2337,2290,2263,2314,2299,2431,2269,2130,2245,2289,2456,2368,2398,2886,3145,2907,2287,2267,2219,2276,2113,2171,2394,2182,2218,2340,2394,2238,2266,2930,2886,2562,2294,2437,2389,2149,2187,2364,2356,2349,2234,2378,2376,2347,2383,2729,2878,2574,2418,2415,2445,2393,2148,2211,2427,2401,2268,2240,2310,2372,2337,2703,2866,2628,2381,2378,2281,2277,2272,2141,2351,2376,2238,2157,2235,2362,2353,2617,2630,2493,2276,2382,2324,2197,2281,2276,2339,2325,2243,2322,2241,2275,2175,2292,3147,2923,2380,2326,2220,2092,2255,2177,2343,2336,2293,2060,2329,2284,2420,2944,3569,3350,2380,2313,2320,2136,2117,2290,2374,2302,2312,2133,2321,2315,2378,3347,3626,3406,2447,2413,2309,2278,2376,2248,2415,2419,2205,2156,2134,2258,2320,3395,3410,3184,2425,2409,2383,2367,2309,2248,2458,2391,2358,2233,2295,2280,2435,3182,3147,2924,2294,2360,2297,2318,2231,2358,2472,2384,2428,2362,2434,2336,2482,2963,3169,2951,2284,2355,2293,2388,2214,2525,2577,2336,2315,2415,2436,2394,2431,2978,3502,3280,2185,2351,2382,2423,2322,2486,2535,2440,2329,2412,2448,2402,2458,3294,3863,3637,2511,2384,2365,2404,2319,2751,3003,2908,2251,2397,2361,2491,2500,3641,4045,3831,2726,2385,2427,2335,2399,2962,3162,3103,2555,2425,2289,2467,2610,3824,3960,3740,2683,2300,2273,2276,2325,2848,2942,2945,2535,2391,2243,2511,2478,3731,3631,3409,2444,2162,2258,2262,2118,2408,2360,2451,2325,2312,2220,2259,2431,3405,3121,2898,2199,2257,2320,2235,2164,2251,2186,2239,2147,2125,2225,2196,2349,2894,3355,3141,2311,2173,2184,2044,2169,2279,2277,2282,2298,2139,2197,2331,2350,3127,3490,3266,2268,2164,2107,2057,2074,2228,2229,2196,2209,2183,2261,2123,2307,3267,3321,3088,2233,1934,2144,2233,2173,2155,2182,2075,2075,2026,2150,2248,2197,3102,3064,2853,2184,1984,2045,2219,2228,2154,2214,2324,2174,2047,2120,2325,2162,2836,2919,2696,2126,2125,2021,2015,2025,2239,2141,2301,2246,1836,2075,2120,2133,2692,2689,2442,1890,2094,2019,1849,1964,2025,2026,2170,2190,1982,2061,2106,2081,2497,2281,2180,2001,1962,2001,2042,2043,1975,1944,1865,2036,2021,2040,2091,2084,2247,2202,2103,2052,1927,1972,1826,2016,2161,2185,2097,1924,2054,2095,2132,2029,2142,2289,2160,1954,1858,1785,1979,2060,2176,2169,2087,1992,2070,2062,1935,1841,2046
,,,,,,,,,,,,,,,,,,,,,,,,,,,,,,,,,,,,,,,,,,,,,,,,,,,,,,,,,,,,,,,,,,,,,,,,,,,,,,,,,,,,,,,,,,,,,,,,,,,,,,,,,,,,,,,,,,,,,,,,,,,,,,,,,,,,,,,,,,,,,,,,,,,,,,,,,,,,,,,,,,,,,,,,,,,,,,,,,,,,,,,,,,,,,,,,,,,,,,,,,,,,,,,,,,,,,,,,,,,,,,,,,,,,,,,,,,,,,,,,,,,,,,,,,,,,,,,,,,,,,,,,,,,,,,,,,,,,,,,,,,,,,,,,,,,,,,,,,,,,,,,,,,,,,,,,,,,,,,,,,,,,,,,,,,,,,,,,,,,,,,,,,,,,,,,,,,,,,,,,,,,,,,,,,,,,,,,,,,,,,,,,,,,,,,,,,,,,,,,,,,,,,,,,,,,,,,,,,,,,,,,,,,,,,,,,,,,,,,,,,,,,,,,,,,,,,,,,,,,,,,,,,,,,,,,,,,,,,,,,,,,,,,,,,,,,,,,,,,,,,,,,,,,,,,,,,,,,,,,,,,,,,,,,,,,,,,,,,,,,,,,,,,,,,,,,,,,,,,,,,,,,,,,,,,,,,,,,,,,,,,,,,,,,,,,,,,,,,,,,,,,,,,,,,,,,,,,,,,,,,,,,,,,,,,,,,,,,,,,,,,,,,,,,,,,,,,,,,,,,,,,,,,,,,,,,,,,,,,,,,,,,,,,,,,,,,,,,,,,,,,,,,,,,,,,,,,,,,,,,,,,,,,,,,,,,,,,,,,,,,,,,,,,,,,,,,,,,,,,,,,,,,,,,,,,,,,,,,,,,,,,,,,,,,,,,,,,,,,,,,,,,,,,,,,,,,,,,,,,,,,,,,,,,,,,,,,,,,,,,,,,,,,,,,,,,,,,,,,,,,,,,,,,,,,,,,,,,,,,,,,,,,,,,,,,,,,,,,,,,,,,,,,,,,,,,,,,,,,,,,,,,,,,,,,,,,,,,,,,,,,,,,,,,,,,,,,,,,,,,,,,,,,,,,,,,,,,,,,,,,,,,,,,,,,,,,,,,,,,,,,,,,,,,,,,,,,,,,,,,,,,,,,,,,,,,,,,,,,,,,,,,,,,,,,,,,,,,,,,,,,,,,,,,,,,,,,,,,,,,,,,,,,,,,,,,,,,,,,,,,,,,,,,,,,,,,,,,,,,,,,,,,,,,,,,,,,,,,,,,,,,,,,,,,,,,,,,,,,,,,,,,,,,,,,,,,,,,,,,,,,,,,,,,,,,,,,,,,,,,,,,,,,,,,,,,,,,,,,,,,,,,,,,,,,,,,,,,,,,,,,,,,,,,,,,,,,,,,,,,,,,,,,,,,,,,,,,,,,,,,,,,,,,,,,,,,,,,,,,,,,,,,,,,,,,,,,,,,,,,,,,,,,,,,,,,,,,,,,,,,,,,,,,,,,,,,,,,,,,,,,,,,,,,,,,,,,,,,,,,,,,,,,,,,,,,,,,,,,,,,,,,,,,,,,,,,,,,,,,,,,,,,,,,,,,,,,,,,,,,,,,,,,,,,,,,,,,,,,,,,,,,,,,,,,,,,,,,,,,,,,,,,,,,,,,,,,,,,,,,,,,,,,,,,,,,,,,,,,,,,,,,,,,,,,,,,,,,,,,,,,,,,,,,,,,,,,,,,,,,,,,,,,,,,,,,,,,,,,,,,,,,,,,,,,,,,,,,,,,,,,,,,,,,,,,,,,,,,,,,,,,,,,,,,,,,,,,,,,,,,,,,,,,,,,,,,,,,,,,,,,,,,,,,,,,,,,,,,,,,,,,,,,,,,,,,,,,,,,,,,,,,,,,,,,,,,,,,,,,,,,,,,,,,,,,,,,,,,,,,,,,,,,,,,,,,,,,,,,,,,,,,,,,,,,,,,,,,,,,,,,,,,,,,,,,,,,,,,,,,,,,,,,,,,,,,,,,,,,,,,,,,,,,,,,,,,,,,,,,,,,,,,,,,,,,,,,,,,,,,,,,,,,,,,,,,,,,,,,,,,,,,,,,,,,,,,,,,,,,,,,,,,,,,,,,,,,,,,,,,,,,,,,,,,,,,,,,,,,,,,,,,,,,,,,,,,,,,,,,,,,,,,,,,,,,,,,,,,,,,,,,,,,,,,,,,,,,,,,,,,,,,,,,,,,,,,,,,,,,,,,,,,,,,,,,,,,,,,,,,,,,,,,,
,,,,,,,,,,,,,,,,,,,,,,,,,,,,,,,,,,,,,,,,,,,,,,,,,,,,,,,,,,,,,,,,,,,,,,,,,,,,,,,,,,,,,,,,,,,,,,,,,,,,,,,,,,,,,,,,,,,,,,,,,,,,,,,,,,,,,,,,,,,,,,,,,,,,,,,,,,,,,,,,,,,,,,,,,,,,,,,,,,,,,,,,,,,,,,,,,,,,,,,,,,,,,,,,,,,,,,,,,,,,,,,,,,,,,,,,,,,,,,,,,,,,,,,,,,,,,,,,,,,,,,,,,,,,,,,,,,,,,,,,,,,,,,,,,,,,,,,,,,,,,,,,,,,,,,,,,,,,,,,,,,,,,,,,,,,,,,,,,,,,,,,,,,,,,,,,,,,,,,,,,,,,,,,,,,,,,,,,,,,,,,,,,,,,,,,,,,,,,,,,,,,,,,,,,,,,,,,,,,,,,,,,,,,,,,,,,,,,,,,,,,,,,,,,,,,,,,,,,,,,,,,,,,,,,,,,,,,,,,,,,,,,,,,,,,,,,,,,,,,,,,,,,,,,,,,,,,,,,,,,,,,,,,,,,,,,,,,,,,,,,,,,,,,,,,,,,,,,,,,,,,,,,,,,,,,,,,,,,,,,,,,,,,,,,,,,,,,,,,,,,,,,,,,,,,,,,,,,,,,,,,,,,,,,,,,,,,,,,,,,,,,,,,,,,,,,,,,,,,,,,,,,,,,,,,,,,,,,,,,,,,,,,,,,,,,,,,,,,,,,,,,,,,,,,,,,,,,,,,,,,,,,,,,,,,,,,,,,,,,,,,,,,,,,,,,,,,,,,,,,,,,,,,,,,,,,,,,,,,,,,,,,,,,,,,,,,,,,,,,,,,,,,,,,,,,,,,,,,,,,,,,,,,,,,,,,,,,,,,,,,,,,,,,,,,,,,,,,,,,,,,,,,,,,,,,,,,,,,,,,,,,,,,,,,,,,,,,,,,,,,,,,,,,,,,,,,,,,,,,,,,,,,,,,,,,,,,,,,,,,,,,,,,,,,,,,,,,,,,,,,,,,,,,,,,,,,,,,,,,,,,,,,,,,,,,,,,,,,,,,,,,,,,,,,,,,,,,,,,,,,,,,,,,,,,,,,,,,,,,,,,,,,,,,,,,,,,,,,,,,,,,,,,,,,,,,,,,,,,,,,,,,,,,,,,,,,,,,,,,,,,,,,,,,,,,,,,,,,,,,,,,,,,,,,,,,,,,,,,,,,,,,,,,,,,,,,,,,,,,,,,,,,,,,,,,,,,,,,,,,,,,,,,,,,,,,,,,,,,,,,,,,,,,,,,,,,,,,,,,,,,,,,,,,,,,,,,,,,,,,,,,,,,,,,,,,,,,,,,,,,,,,,,,,,,,,,,,,,,,,,,,,,,,,,,,,,,,,,,,,,,,,,,,,,,,,,,,,,,,,,,,,,,,,,,,,,,,,,,,,,,,,,,,,,,,,,,,,,,,,,,,,,,,,,,,,,,,,,,,,,,,,,,,,,,,,,,,,,,,,,,,,,,,,,,,,,,,,,,,,,,,,,,,,,,,,,,,,,,,,,,,,,,,,,,,,,,,,,,,,,,,,,,,,,,,,,,,,,,,,,,,,,,,,,,,,,,,,,,,,,,,,,,,,,,,,,,,,,,,,,,,,,,,,,,,,,,,,,,,,,,,,,,,,,,,,,,,,,,,,,,,,,,,,,,,,,,,,,,,,,,,,,,,,,,,,,,,,,,,,,,,,,,,,,,,,,,,,,,,,,,,,,,,,,,,,,,,,,,,,,,,,,,,,,,,,,,,,,,,,,,,,,,,,,,,,,,,,,,,,,,,,,,,,,,,,,,,,,,,,,,,,,,,,,,,,,,,,,,,,,,,,,,,,,,,,,,,,,,,,,,,,,,,,,,,,,,,,,,,,,,,,,,,,,,,,,,,,,,,,,,,,,,,,,,,,,,,,,,,,,,,,,,,,,,,,,,,,,,,,,,,,,,,,,,,,,,,,,,,,,,,,,,,,,,,,,,,,,,,,,,,,,,,,,,,,,,,,,,,,,,,,,,,,,,,,,,,,,,,,,,,,,,,,,,,,,,,,,,,,,,,,,,,,,,,,,,,,,,,,,,,,,,,,,,,,,,,,,,,,,,,,,,,,,,,,,,,,,,,,,,,,,,,,,,,,,,,,,,,,,,,,,,,,,,,,,,,,,,,,,,,,,,,,,,,,,,,,,,,,,,,,,,,
,,,,,,,,,,,,,,,,,,,,,,,,,,,,,,,,,,,,,,,,,,,,,,,,,,,,,,,,,,,,,,,,,,,,,,,,,,,,,,,,,,,,,,,,,,,,,,,,,,,,,,,,,,,,,,,,,,,,,,,,,,,,,,,,,,,,,,,,,,,,,,,,,,,,,,,,,,,,,,,,,,,,,,,,,,,,,,,,,,,,,,,,,,,,,,,,,,,,,,,,,,,,,,,,,,,,,,,,,,,,,,,,,,,,,,,,,,,,,,,,,,,,,,,,,,,,,,,,,,,,,,,,,,,,,,,,,,,,,,,,,,,,,,,,,,,,,,,,,,,,,,,,,,,,,,,,,,,,,,,,,,,,,,,,,,,,,,,,,,,,,,,,,,,,,,,,,,,,,,,,,,,,,,,,,,,,,,,,,,,,,,,,,,,,,,,,,,,,,,,,,,,,,,,,,,,,,,,,,,,,,,,,,,,,,,,,,,,,,,,,,,,,,,,,,,,,,,,,,,,,,,,,,,,,,,,,,,,,,,,,,,,,,,,,,,,,,,,,,,,,,,,,,,,,,,,,,,,,,,,,,,,,,,,,,,,,,,,,,,,,,,,,,,,,,,,,,,,,,,,,,,,,,,,,,,,,,,,,,,,,,,,,,,,,,,,,,,,,,,,,,,,,,,,,,,,,,,,,,,,,,,,,,,,,,,,,,,,,,,,,,,,,,,,,,,,,,,,,,,,,,,,,,,,,,,,,,,,,,,,,,,,,,,,,,,,,,,,,,,,,,,,,,,,,,,,,,,,,,,,,,,,,,,,,,,,,,,,,,,,,,,,,,,,,,,,,,,,,,,,,,,,,,,,,,,,,,,,,,,,,,,,,,,,,,,,,,,,,,,,,,,,,,,,,,,,,,,,,,,,,,,,,,,,,,,,,,,,,,,,,,,,,,,,,,,,,,,,,,,,,,,,,,,,,,,,,,,,,,,,,,,,,,,,,,,,,,,,,,,,,,,,,,,,,,,,,,,,,,,,,,,,,,,,,,,,,,,,,,,,,,,,,,,,,,,,,,,,,,,,,,,,,,,,,,,,,,,,,,,,,,,,,,,,,,,,,,,,,,,,,,,,,,,,,,,,,,,,,,,,,,,,,,,,,,,,,,,,,,,,,,,,,,,,,,,,,,,,,,,,,,,,,,,,,,,,,,,,,,,,,,,,,,,,,,,,,,,,,,,,,,,,,,,,,,,,,,,,,,,,,,,,,,,,,,,,,,,,,,,,,,,,,,,,,,,,,,,,,,,,,,,,,,,,,,,,,,,,,,,,,,,,,,,,,,,,,,,,,,,,,,,,,,,,,,,,,,,,,,,,,,,,,,,,,,,,,,,,,,,,,,,,,,,,,,,,,,,,,,,,,,,,,,,,,,,,,,,,,,,,,,,,,,,,,,,,,,,,,,,,,,,,,,,,,,,,,,,,,,,,,,,,,,,,,,,,,,,,,,,,,,,,,,,,,,,,,,,,,,,,,,,,,,,,,,,,,,,,,,,,,,,,,,,,,,,,,,,,,,,,,,,,,,,,,,,,,,,,,,,,,,,,,,,,,,,,,,,,,,,,,,,,,,,,,,,,,,,,,,,,,,,,,,,,,,,,,,,,,,,,,,,,,,,,,,,,,,,,,,,,,,,,,,,,,,,,,,,,,,,,,,,,,,,,,,,,,,,,,,,,,,,,,,,,,,,,,,,,,,,,,,,,,,,,,,,,,,,,,,,,,,,,,,,,,,,,,,,,,,,,,,,,,,,,,,,,,,,,,,,,,,,,,,,,,,,,,,,,,,,,,,,,,,,,,,,,,,,,,,,,,,,,,,,,,,,,,,,,,,,,,,,,,,,,,,,,,,,,,,,,,,,,,,,,,,,,,,,,,,,,,,,,,,,,,,,,,,,,,,,,,,,,,,,,,,,,,,,,,,,,,,,,,,,,,,,,,,,,,,,,,,,,,,,,,,,,,,,,,,,,,,,,,,,,,,,,,,,,,,,,,,,,,,,,,,,,,,,,,,,,,,,,,,,,,,,,,,,,,,,,,,,,,,,,,,,,,,,,,,,,,,,,,,,,,,,,,,,,,,,,,,,,,,,,,,,,,,,,,,,,,,,,,,,,,,,,,,,,,,,,,,,,,,,,,,,,,,,,,,,,,,,,,,,,,,,,,,,,,,,,,,,,,,,,,,,,,,,,,,,,,,,,,,,,,,,,,,,,,,,,,,,,,,,,,,,,,,,,,,,,,,,,,,,,
,,,,,,,,,,,,,,,,,,,,,,,,,,,,,,,,,,,,,,,,,,,,,,,,,,,,,,,,,,,,,,,,,,,,,,,,,,,,,,,,,,,,,,,,,,,,,,,,,,,,,,,,,,,,,,,,,,,,,,,,,,,,,,,,,,,,,,,,,,,,,,,,,,,,,,,,,,,,,,,,,,,,,,,,,,,,,,,,,,,,,,,,,,,,,,,,,,,,,,,,,,,,,,,,,,,,,,,,,,,,,,,,,,,,,,,,,,,,,,,,,,,,,,,,,,,,,,,,,,,,,,,,,,,,,,,,,,,,,,,,,,,,,,,,,,,,,,,,,,,,,,,,,,,,,,,,,,,,,,,,,,,,,,,,,,,,,,,,,,,,,,,,,,,,,,,,,,,,,,,,,,,,,,,,,,,,,,,,,,,,,,,,,,,,,,,,,,,,,,,,,,,,,,,,,,,,,,,,,,,,,,,,,,,,,,,,,,,,,,,,,,,,,,,,,,,,,,,,,,,,,,,,,,,,,,,,,,,,,,,,,,,,,,,,,,,,,,,,,,,,,,,,,,,,,,,,,,,,,,,,,,,,,,,,,,,,,,,,,,,,,,,,,,,,,,,,,,,,,,,,,,,,,,,,,,,,,,,,,,,,,,,,,,,,,,,,,,,,,,,,,,,,,,,,,,,,,,,,,,,,,,,,,,,,,,,,,,,,,,,,,,,,,,,,,,,,,,,,,,,,,,,,,,,,,,,,,,,,,,,,,,,,,,,,,,,,,,,,,,,,,,,,,,,,,,,,,,,,,,,,,,,,,,,,,,,,,,,,,,,,,,,,,,,,,,,,,,,,,,,,,,,,,,,,,,,,,,,,,,,,,,,,,,,,,,,,,,,,,,,,,,,,,,,,,,,,,,,,,,,,,,,,,,,,,,,,,,,,,,,,,,,,,,,,,,,,,,,,,,,,,,,,,,,,,,,,,,,,,,,,,,,,,,,,,,,,,,,,,,,,,,,,,,,,,,,,,,,,,,,,,,,,,,,,,,,,,,,,,,,,,,,,,,,,,,,,,,,,,,,,,,,,,,,,,,,,,,,,,,,,,,,,,,,,,,,,,,,,,,,,,,,,,,,,,,,,,,,,,,,,,,,,,,,,,,,,,,,,,,,,,,,,,,,,,,,,,,,,,,,,,,,,,,,,,,,,,,,,,,,,,,,,,,,,,,,,,,,,,,,,,,,,,,,,,,,,,,,,,,,,,,,,,,,,,,,,,,,,,,,,,,,,,,,,,,,,,,,,,,,,,,,,,,,,,,,,,,,,,,,,,,,,,,,,,,,,,,,,,,,,,,,,,,,,,,,,,,,,,,,,,,,,,,,,,,,,,,,,,,,,,,,,,,,,,,,,,,,,,,,,,,,,,,,,,,,,,,,,,,,,,,,,,,,,,,,,,,,,,,,,,,,,,,,,,,,,,,,,,,,,,,,,,,,,,,,,,,,,,,,,,,,,,,,,,,,,,,,,,,,,,,,,,,,,,,,,,,,,,,,,,,,,,,,,,,,,,,,,,,,,,,,,,,,,,,,,,,,,,,,,,,,,,,,,,,,,,,,,,,,,,,,,,,,,,,,,,,,,,,,,,,,,,,,,,,,,,,,,,,,,,,,,,,,,,,,,,,,,,,,,,,,,,,,,,,,,,,,,,,,,,,,,,,,,,,,,,,,,,,,,,,,,,,,,,,,,,,,,,,,,,,,,,,,,,,,,,,,,,,,,,,,,,,,,,,,,,,,,,,,,,,,,,,,,,,,,,,,,,,,,,,,,,,,,,,,,,,,,,,,,,,,,,,,,,,,,,,,,,,,,,,,,,,,,,,,,,,,,,,,,,,,,,,,,,,,,,,,,,,,,,,,,,,,,,,,,,,,,,,,,,,,,,,,,,,,,,,,,,,,,,,,,,,,,,,,,,,,,,,,,,,,,,,,,,,,,,,,,,,,,,,,,,,,,,,,,,,,,,,,,,,,,,,,,,,,,,,,,,,,,,,,,,,,,,,,,,,,,,,,,,,,,,,,,,,,,,,,,,,,,,,,,,,,,,,,,,,,,,,,,,,,,,,,,,,,,,,,,,,,,,,,,,,,,,,,,,,,,,,,,,,,,,,,,,,,,,,,,,,,,,,,,,,,,,,,,,,,,,,,,,,,,,,,,,,,,,,,,,,,,,,,,,,,,,,,,,,,,,,,,,,,,,,,,,,,,,,,,,,,,,,,,,,,,,,,,,,,,,,,,,,,,,,,
,,,,,,,,,,,,,,,,,,,,,,,,,,,,,,,,,,,,,,,,,,,,,,,,,,,,,,,,,,,,,,,,,,,,,,,,,,,,,,,,,,,,,,,,,,,,,,,,,,,,,,,,,,,,,,,,,,,,,,,,,,,,,,,,,,,,,,,,,,,,,,,,,,,,,,,,,,,,,,,,,,,,,,,,,,,,,,,,,,,,,,,,,,,,,,,,,,,,,,,,,,,,,,,,,,,,,,,,,,,,,,,,,,,,,,,,,,,,,,,,,,,,,,,,,,,,,,,,,,,,,,,,,,,,,,,,,,,,,,,,,,,,,,,,,,,,,,,,,,,,,,,,,,,,,,,,,,,,,,,,,,,,,,,,,,,,,,,,,,,,,,,,,,,,,,,,,,,,,,,,,,,,,,,,,,,,,,,,,,,,,,,,,,,,,,,,,,,,,,,,,,,,,,,,,,,,,,,,,,,,,,,,,,,,,,,,,,,,,,,,,,,,,,,,,,,,,,,,,,,,,,,,,,,,,,,,,,,,,,,,,,,,,,,,,,,,,,,,,,,,,,,,,,,,,,,,,,,,,,,,,,,,,,,,,,,,,,,,,,,,,,,,,,,,,,,,,,,,,,,,,,,,,,,,,,,,,,,,,,,,,,,,,,,,,,,,,,,,,,,,,,,,,,,,,,,,,,,,,,,,,,,,,,,,,,,,,,,,,,,,,,,,,,,,,,,,,,,,,,,,,,,,,,,,,,,,,,,,,,,,,,,,,,,,,,,,,,,,,,,,,,,,,,,,,,,,,,,,,,,,,,,,,,,,,,,,,,,,,,,,,,,,,,,,,,,,,,,,,,,,,,,,,,,,,,,,,,,,,,,,,,,,,,,,,,,,,,,,,,,,,,,,,,,,,,,,,,,,,,,,,,,,,,,,,,,,,,,,,,,,,,,,,,,,,,,,,,,,,,,,,,,,,,,,,,,,,,,,,,,,,,,,,,,,,,,,,,,,,,,,,,,,,,,,,,,,,,,,,,,,,,,,,,,,,,,,,,,,,,,,,,,,,,,,,,,,,,,,,,,,,,,,,,,,,,,,,,,,,,,,,,,,,,,,,,,,,,,,,,,,,,,,,,,,,,,,,,,,,,,,,,,,,,,,,,,,,,,,,,,,,,,,,,,,,,,,,,,,,,,,,,,,,,,,,,,,,,,,,,,,,,,,,,,,,,,,,,,,,,,,,,,,,,,,,,,,,,,,,,,,,,,,,,,,,,,,,,,,,,,,,,,,,,,,,,,,,,,,,,,,,,,,,,,,,,,,,,,,,,,,,,,,,,,,,,,,,,,,,,,,,,,,,,,,,,,,,,,,,,,,,,,,,,,,,,,,,,,,,,,,,,,,,,,,,,,,,,,,,,,,,,,,,,,,,,,,,,,,,,,,,,,,,,,,,,,,,,,,,,,,,,,,,,,,,,,,,,,,,,,,,,,,,,,,,,,,,,,,,,,,,,,,,,,,,,,,,,,,,,,,,,,,,,,,,,,,,,,,,,,,,,,,,,,,,,,,,,,,,,,,,,,,,,,,,,,,,,,,,,,,,,,,,,,,,,,,,,,,,,,,,,,,,,,,,,,,,,,,,,,,,,,,,,,,,,,,,,,,,,,,,,,,,,,,,,,,,,,,,,,,,,,,,,,,,,,,,,,,,,,,,,,,,,,,,,,,,,,,,,,,,,,,,,,,,,,,,,,,,,,,,,,,,,,,,,,,,,,,,,,,,,,,,,,,,,,,,,,,,,,,,,,,,,,,,,,,,,,,,,,,,,,,,,,,,,,,,,,,,,,,,,,,,,,,,,,,,,,,,,,,,,,,,,,,,,,,,,,,,,,,,,,,,,,,,,,,,,,,,,,,,,,,,,,,,,,,,,,,,,,,,,,,,,,,,,,,,,,,,,,,,,,,,,,,,,,,,,,,,,,,,,,,,,,,,,,,,,,,,,,,,,,,,,,,,,,,,,,,,,,,,,,,,,,,,,,,,,,,,,,,,,,,,,,,,,,,,,,,,,,,,,,,,,,,,,,,,,,,,,,,,,,,,,,,,,,,,,,,,,,,,,,,,,,,,,,,,,,,,,,,,,,,,,,,,,,,,,,,,,,,,,,,,,,,,,,,,,,,,,,,,,,,,,,,,,,,,,,,,,,,,,,,,,,,,,,,,,,,,,,,,,,,,,,,,,,,,,,,,,,,,,,,,,,,,,,,,,,,,,,,,,,,,,,,,,,,,,,,,,,,,,,,,,,
3485,3289,2549,2367,2400,2077,2256,2200,2090,2200,2256,2077,2400,2367,2549,3289,3707,3471,2391,2388,2362,2420,2294,2180,2282,2301,2216,2167,2247,2337,2538,3499,4073,3851,2684,2497,2389,2471,2233,2158,2205,2354,2405,2230,2287,2251,2729,3852,4208,3985,2863,2503,2398,2358,2288,2173,2371,2374,2461,2193,2396,2410,2877,3987,4015,3792,2722,2283,2240,2191,2194,2264,2340,2446,2347,2185,2389,2261,2690,3795,3734,3518,2458,2277,2262,2176,2145,2243,2402,2377,2238,2111,2136,2183,2514,3508,3497,3277,2334,2149,2295,2224,2017,2284,2386,2320,2162,2205,2075,2113,2277,3265,3824,3605,2603,2261,2209,2244,2112,2232,2343,2317,2251,2263,2243,2210,2473,3595,4010,3785,2698,2256,2257,2253,2245,2284,2339,2279,2206,2215,2302,2169,2646,3785,3881,3659,2543,2242,2228,2298,2234,2260,2413,2392,2305,2298,2279,2295,2597,3661,3491,3272,2375,2206,2165,2308,2307,2229,2270,2451,2371,2331,2271,2251,2349,3264,3174,2953,2309,2233,2183,2248,2325,2348,2402,2291,2403,2283,2215,2062,2172,2973,3086,2920,2708,2299,2409,2287,2360,2486,2533,2346,2434,2553,2475,2551,2734,2863,4054,3982,3766,3551,3227,3171,3537,3554,3316,3667,3445,3320,3252,2969,3559,3727,4566,4415,4083,3902,3558,3699,4070,3926,3826,4152,3929,3751,3630,3834,4135,4163,4649,4448,3972,3841,3683,4064,4173,4028,3943,4237,3932,3882,3892,4007,4259,4254,4313,4050,3532,3505,3707,4043,3915,3993,3792,3993,3506,3815,3849,3866,4009,3778,4508,4310,3506,3105,3423,3699,3580,3661,3525,3544,3238,3495,3553,3592,3562,4243,4612,4382,3401,3036,3169,3213,3244,3184,3091,3136,2808,3199,3144,3252,3352,4395,4805,4582,3470,3058,2981,2959,3016,2979,3058,2919,2618,2723,2796,3113,3487,4588,4704,4477,3371,2921,2852,2747,2873,2677,2812,2759,2602,2655,2862,2884,3436,4485,4270,4043,2958,2625,2773,2711,2767,2743,2748,2727,2698,2736,2951,2891,3158,4053,3796,3566,2634,2492,2516,2779,2816,2774,2702,2696,2592,2677,2827,2868,2921,3579,3524,3305,2609,2464,2374,2569,2694,2583,2671,2719,2533,2539,2511,2645,2661,3307,3462,3256,2509,2310,2507,2583,2651,2292,2511,2581,2538,2426,2472,2568,2624,3259,3658,3439,2513,2398,2411,2520,2622,2406,2484,2537,2455,2404,2496,2504,2464,3434,3648,3421,2582,2353,2529,2459,2537,2537,2400,2583,2562,2325,2453,2597,2582,3421,3156,3155,2985,2341,2655,2794,2779,2407,2553,2780,2776,2563,2447,2744,2871,2967,3099,3057,3024,2664,2553,2536,2713,2649,2834,2936,2923,2715,2557,2617,2931,3079,2766,2681,2881,2780,2729,2680,2546,2670,2761,2759,2759,2599,2710,2650,2785,2765,2689,2741,2645,2685,2587,2572,2400,2486,2524,2654,2615,2624,2675,2573,2535,2385,2862,2635,2531,2602,2495,2469,2442,2432,2344,2407,2597,2601,2565,2426,2287,2647,2913,2918,2743,2445,2470,2557,2610,2544,2621,2783,2758,2637,2490,2520,2479,2745,2946,2921,2747,2489,2326,2535,2673,2667,2658,2768,2722,2642,2527,2559,2645,2764,3010,2858,2516,2433,2309,2516,2543,2582,2482,2364,2481,2438,2314,2298,2478,2608,3193,2950,2391,2259,2243,2331,2419,2478,2263,2418,2343,2254,2152,2259,2340,2968,3410,3169,2359,2357,2282,2362,2439,2651,2515,2548,2408,2340,2241,2231,2436,3204,3450,3205,2449,2452,2353,2282,2374,2636,2450,2601,2467,2404,2407,2308,2428,3242,3175,2908,2514,2399,2275,2281,2292,2445,2392,2501,2332,2409,2405,2268,2359,2949,2898,2715,2479,2330,2215,2403,2389,2308,2550,2577,2382,2296,2266,2248,2354,2730,2921,2648,2295,2265,2258,2460,2454,2484,2592,2632,2489,2249,2237,2189,2398,2735,2981,2747,2307,2371,2380,2383,2391,2572,2545,2577,2480,2427,2398,2338,2268,2737,3025,2810,2420,2401,2324,2318,2333,2328,2340,2478,2457,2405,2497,2306,2268,2834,2812,2568,2424,2345,2350,2309,2387,2414,2307,2172,2313,2394,2418,2204,2132,2644,2714,2567,2439,2347,2346,2306,2415,2435,2471,2468,2475,2458,2307,2354,2370,2565,2687,2494,2322,2361,2319,2212,2398,2490,2498,2492,2455,2450,2399,2397,2420,2613,2613,2479,2140,2213,2145,2189,2329,2369,2285,2475,2306,2386,2323,2325,2415,2487,2427,2361,2171,2149,2079,2320,2293,2223,2361,2402,2310,2324,2354,2421,2416,2489,2772,2572,2213,2216,2220,2204,2337,2478,2558,2434,2224,2051,2306,2479,2477,2646,2762,2529,2353,2245,2230,2351,2321,2536,2677,2481,2319,2197,2394,2432,2312,2659,2708,2472,2402,2250,2354,2431,2336,2600,2707,2555,2442,2337,2351,2389,2428,2650,2879,2677,2407,2295,2182,2387,2353,2507,2561,2473,2381,2314,2332,2326,2388,2703,2957,2729,2249,2384,2269,2280,2435,2524,2503,2404,2376,2352,2281,2348,2429,2715,2776,2639,2316,2407,2437,2195,2326,2450,2474,2484,2375,2345,2353,2350,2507,2708,2848,2557,2220,2359,2512,2387,2357,2366,2384,2437,2360,2321,2287,2242,2443,2714,2833,2571,2161,2208,2412,2366,2360,2386,2373,2352,2315,2284,2457,2376,2243,2593,2694,2429,2147,2264,2292,2202,2254,2300,2328,2248,2386,2376,2404,2453,2167,2437,2602,2448,2042,2169,2153,2269,2280,2368,2436,2265,2417,2369,2318,2314,2263,2459,2701,2495,2256,2228,2248,2278,2337,2299,2322,2299,2433,2395,2256,2213,2109,2508,2789,2593,2439,2438,2288,2288,2263,2291,2278,2275,2352,2264,2160,2266,2179,2526,2797,2620,2400,2470,2399,2362,2257,2302,2332,2292,2315,2336,2209,2310,2295,2561,2708,2563,2440,2445,2377,2275,2288,2393,2387,2251,2126,2319,2273,2353,2351,2553,2600,2524,2547,2491,2411,2264,2357,2410,2377,2130,2203,2348,2253,2286,2372,2470,3306,3083,2499,2513,2307,2271,2369,2434,2354,2366,2296,2275,2233,2303,2140,3075,3823,3612,2630,2333,2402,2444,2385,2395,2517,2552,2576,2383,2364,2486,2524,3595,4072,3846,2822,2626,2382,2792,2740,2778,3009,2948,2750,2573,2545,2476,2786,3849,4103,3890,2916,2763,2668,2978,2911,3067,3219,3109,2847,2627,2721,2813,2835,3858,4111,3876,2668,2651,2680,2859,2801,2978,3063,2995,2750,2451,2644,2867,2888,3897,4150,3917,2721,2432,2497,2464,2601,2736,2761,2642,2508,2497,2588,2683,2834,3930,3767,3539,2506,2432,2572,2551,2507,2518,2526,2483,2379,2551,2579,2526,2610,3551,3296,3074,2328,2324,2381,2413,2293,2448,2421,2354,2258,2337,2458,2499,2313,3084,3139,2925,2408,2373,2285,2398,2285,2324,2285,2234,2331,2367,2407,2389,2209,2890,2851,2684,2444,2381,2385,2368,2260,2275,2470,2345,2274,2321,2246,2318,2350,2621,2961,2756,2483,2396,2293,2393,2357,2282,2494,2367,2245,2249,2276,2290,2389,2790,2836,2607,2311,2275,2287,2393,2347,2252,2155,2322,2336,2361,2156,2286,2448,2639,2796,2631,2360,2300,2259,2342,2355,2285,2179,2335,2271,2237,2154,2225,2352,2644,2847,2619,2387,2279,2374,2204,2433,2311,2400,2405,2331,2225,2187,2316,2379,2675,2771,2543,2267,2313,2433,2281,2279,2379,2394,2422,2329,2272,2166,2141,2419,2579,2943,2672,2403,2372,2372,2240,2352,2530,2679,2568,2264,2273,2321,2525,2634,2777,2887,2824,2627,2583,2478,2310,2476,2603,2760,2590,2460,2438,2241,2565,2611,2690,3088,2948,2575,2561,2585,2405,2507,2691,2703,2581,2455,2349,2388,2588,2399,2735,3380,3169,2454,2336,2426,2276,2364,2543,2470,2394,2369,2234,2412,2534,2343,3142,3342,3045,2486,2317,2306,2086,2325,2457,2635,2280,2419,2383,2342,2173,2289,3145,3258,3142,2594,2237,2336,2306,2541,2857,2977,2752,2482,2387,2216,2345,2576,2894,3223,3101,2536,2328,2362,2587,2681,2926,2989,2820,2750,2508,2434,2522,2791,3009,3094,2903,2347,2330,2412,2517,2652,2620,2738,2494,2659,2506,2466,2432,2712,2919,2935,2674,2369,2346,2355,2258,2278,2649,2552,2465,2298,2370,2403,2330,2594,2793,2911,2800,2419,2256,2264,2323,2484,2699,2616,2579,2494,2323,2153,2277,2364,2686,2901,2801,2494,2246,2082,2223,2431,2608,2582,2764,2525,2389,2361,2375,2417,2592,2956,2833,2432,2267,2237,2254,2197,2391,2667,2740,2481,2236,2459,2432,2464,2772,2914,2804,2371,2293,2317,2271,2233,2415,2507,2454,2369,2203,2267,2406,2445,2732,2879,2739,2276,2233,2346,2319,2244,2347,2324,2349,2242,2208,2182,2300,2305,2549,2904,2721,2273,2193,2265,2167,2222,2301,2311,2310,2210,2034,2346,2371,2152,2662,2924,2733,2256,2305,2331,2241,2270,2282,2380,2304,2146,2184,2343,2262,2202,2735,2870,2725,2366,2307,2329,2323,2379,2204,2284,2284,2260,2365,2264,2256,2290,2674,2811,2662,2324,2207,2251,2327,2435,2410,2345,2391,2353,2253,2239,2225,2407,2642,2638,2514,2317,2158,2145,2150,2419,2420,2357,2388,2345,2385,2364,2361,2353,2524,2641,2484,2289,2195,2248,2201,2242,2255,2353,2289,2217,2225,2305,2339,2378,2514,2747,2598,2316,2358,2351,2329,2337,2178,2214,2244,2294,2324,2179,2381,2389,2482,2914,2769,2133,2368,2311,2391,2264,2232,2272,2416,2393,2267,2211,2264,2180,2701,3049,2822,2180,2324,2324,2349,2393,2316,2283,2390,2336,2298,2300,2097,2218,2797,3131,2892,2340,2319,2332,2362,2367,2410,2432,2331,2261,2368,2348,2377,2214,2896,3160,2953,2368,2286,2256,2137,2315,2373,2382,2287,2317,2307,2351,2337,2173,2942,2925,2751,2143,2269,2185,2032,2200,2251,2266,2365,2378,2419,2314,2405,2234,2721,2888,2673,2321,2233,2208,2230,2173,2283,2328,2391,2452,2435,2427,2327,2318,2708,2903,2730,2328,2267,2218,2241,2290,2386,2368,2419,2414,2429,2267,2211,2295,2673,2667,2510,2085,2322,2164,2274,2370,2268,2413,2457,2419,2375,2281,2147,2306,2466,3151,2921,2262,2277,2287,2255,2248,2475,2387,2408,2278,2404,2335,2302,2292,2902,3567,3349,2342,2357,2215,2028,2188,2481,2388,2382,2422,2310,2083,2188,2414,3333,3629,3412,2453,2384,2231,2212,2362,2385,2351,2371,2295,2077,2219,2331,2418,3403,3434,3211,2356,2247,2291,2287,2343,2493,2327,2278,2166,2241,2322,2303,2427,3215,3128,2948,2483,2282,2287,2325,2227,2375,2341,2184,2229,2297,2267,2420,2414,2924,3177,2932,2229,2298,2393,2272,2272,2099,2291,2129,2288,2315,2255,2439,2363,2959,3493,3270,2501,2306,2335,2304,2268,2207,2365,2296,2219,2368,2332,2422,2408,3268,3866,3644,2506,2365,2396,2327,2379,2664,2960,2892,2429,2387,2332,2377,2561,3645,4046,3826,2616,2558,2518,2482,2400,2777,3145,3075,2574,2464,2372,2507,2698,3829,3954,3728,2579,2501,2390,2496,2409,2640,2985,2883,2493,2416,2241,2444,2573,3729,3616,3393,2338,2256,2292,2364,2326,2496,2533,2446,2351,2331,2215,2295,2355,3383,3085,2894,2202,2145,2126,2325,2420,2311,2201,2146,2285,2248,2103,2182,2096,2830,3360,3146,2304,1994,2148,2302,2330,2241,2279,2169,2123,2250,2150,2121,2241,3145,3499,3285,2413,2006,2088,2193,2086,2342,2367,2181,2170,2127,2101,2200,2274,3273,3331,3116,2130,2188,1943,1975,2150,2310,2370,2273,2169,2157,2157,2118,2177,3101,3072,2835,2035,2118,2113,1991,2040,2184,2213,2236,2288,2152,2103,2098,2138,2864,2847,2613,2024,1892,2079,2016,2109,1975,1854,1998,2018,2038,2083,2095,2130,2642,2640,2375,2031,1923,1955,2014,2123,2164,1933,1855,2036,1754,2070,1905,2052,2437,2315,2161,2028,1920,1818,1796,1885,2088,2081,2101,2102,2072,2064,2016,1965,2268,2304,2179,2017,1853,1734,1814,1908,2063,2014,1933,1907,1966,1996,1994,2083,2289,2349,2164,2009,1934,1792,1681,1851,1810,2004,1999,1903,1957,1903,1975,1834,2175
,,,,,,,,,,,,,,,,,,,,,,,,,,,,,,,,,,,,,,,,,,,,,,,,,,,,,,,,,,,,,,,,,,,,,,,,,,,,,,,,,,,,,,,,,,,,,,,,,,,,,,,,,,,,,,,,,,,,,,,,,,,,,,,,,,,,,,,,,,,,,,,,,,,,,,,,,,,,,,,,,,,,,,,,,,,,,,,,,,,,,,,,,,,,,,,,,,,,,,,,,,,,,,,,,,,,,,,,,,,,,,,,,,,,,,,,,,,,,,,,,,,,,,,,,,,,,,,,,,,,,,,,,,,,,,,,,,,,,,,,,,,,,,,,,,,,,,,,,,,,,,,,,,,,,,,,,,,,,,,,,,,,,,,,,,,,,,,,,,,,,,,,,,,,,,,,,,,,,,,,,,,,,,,,,,,,,,,,,,,,,,,,,,,,,,,,,,,,,,,,,,,,,,,,,,,,,,,,,,,,,,,,,,,,,,,,,,,,,,,,,,,,,,,,,,,,,,,,,,,,,,,,,,,,,,,,,,,,,,,,,,,,,,,,,,,,,,,,,,,,,,,,,,,,,,,,,,,,,,,,,,,,,,,,,,,,,,,,,,,,,,,,,,,,,,,,,,,,,,,,,,,,,,,,,,,,,,,,,,,,,,,,,,,,,,,,,,,,,,,,,,,,,,,,,,,,,,,,,,,,,,,,,,,,,,,,,,,,,,,,,,,,,,,,,,,,,,,,,,,,,,,,,,,,,,,,,,,,,,,,,,,,,,,,,,,,,,,,,,,,,,,,,,,,,,,,,,,,,,,,,,,,,,,,,,,,,,,,,,,,,,,,,,,,,,,,,,,,,,,,,,,,,,,,,,,,,,,,,,,,,,,,,,,,,,,,,,,,,,,,,,,,,,,,,,,,,,,,,,,,,,,,,,,,,,,,,,,,,,,,,,,,,,,,,,,,,,,,,,,,,,,,,,,,,,,,,,,,,,,,,,,,,,,,,,,,,,,,,,,,,,,,,,,,,,,,,,,,,,,,,,,,,,,,,,,,,,,,,,,,,,,,,,,,,,,,,,,,,,,,,,,,,,,,,,,,,,,,,,,,,,,,,,,,,,,,,,,,,,,,,,,,,,,,,,,,,,,,,,,,,,,,,,,,,,,,,,,,,,,,,,,,,,,,,,,,,,,,,,,,,,,,,,,,,,,,,,,,,,,,,,,,,,,,,,,,,,,,,,,,,,,,,,,,,,,,,,,,,,,,,,,,,,,,,,,,,,,,,,,,,,,,,,,,,,,,,,,,,,,,,,,,,,,,,,,,,,,,,,,,,,,,,,,,,,,,,,,,,,,,,,,,,,,,,,,,,,,,,,,,,,,,,,,,,,,,,,,,,,,,,,,,,,,,,,,,,,,,,,,,,,,,,,,,,,,,,,,,,,,,,,,,,,,,,,,,,,,,,,,,,,,,,,,,,,,,,,,,,,,,,,,,,,,,,,,,,,,,,,,,,,,,,,,,,,,,,,,,,,,,,,,,,,,,,,,,,,,,,,,,,,,,,,,,,,,,,,,,,,,,,,,,,,,,,,,,,,,,,,,,,,,,,,,,,,,,,,,,,,,,,,,,,,,,,,,,,,,,,,,,,,,,,,,,,,,,,,,,,,,,,,,,,,,,,,,,,,,,,,,,,,,,,,,,,,,,,,,,,,,,,,,,,,,,,,,,,,,,,,,,,,,,,,,,,,,,,,,,,,,,,,,,,,,,,,,,,,,,,,,,,,,,,,,,,,,,,,,,,,,,,,,,,,,,,,,,,,,,,,,,,,,,,,,,,,,,,,,,,,,,,,,,,,,,,,,,,,,,,,,,,,,,,,,,,,,,,,,,,,,,,,,,,,,,,,,,,,,,,,,,,,,,,,,,,,,,,,,,,,,,,,,,,,,,,,,,,,,,,,,,,,,,,,,,,,,,,,,,,,,,,,,,,,,,,,,,,,,,,,,,,,,,,,,,,,,,,,,,,,,,,,,,,,,,,,,,,,,,,,,,,,,,,,,,,,,,,,,,,,,,,,,,,,,,,,,,,,,,,,,,,,,,,,,,,,,,,,,,,,,,,,,,,,,,,,,,,,,,,,,,,,,,,,,,,,,,,,,,,,,,,,,,,,,,,,,,,,,,,,,,,,,,,,,,,,,,,,,,,,,,,,,,,,,,,,,,,,,,,,,,,,,,,,,,,,,,,,,,,,,,,,,,,,,,,,,,,,,,,,,,,,,,,,,,,,,,,,,,,,,,,,,,,,,
,,,,,,,,,,,,,,,,,,,,,,,,,,,,,,,,,,,,,,,,,,,,,,,,,,,,,,,,,,,,,,,,,,,,,,,,,,,,,,,,,,,,,,,,,,,,,,,,,,,,,,,,,,,,,,,,,,,,,,,,,,,,,,,,,,,,,,,,,,,,,,,,,,,,,,,,,,,,,,,,,,,,,,,,,,,,,,,,,,,,,,,,,,,,,,,,,,,,,,,,,,,,,,,,,,,,,,,,,,,,,,,,,,,,,,,,,,,,,,,,,,,,,,,,,,,,,,,,,,,,,,,,,,,,,,,,,,,,,,,,,,,,,,,,,,,,,,,,,,,,,,,,,,,,,,,,,,,,,,,,,,,,,,,,,,,,,,,,,,,,,,,,,,,,,,,,,,,,,,,,,,,,,,,,,,,,,,,,,,,,,,,,,,,,,,,,,,,,,,,,,,,,,,,,,,,,,,,,,,,,,,,,,,,,,,,,,,,,,,,,,,,,,,,,,,,,,,,,,,,,,,,,,,,,,,,,,,,,,,,,,,,,,,,,,,,,,,,,,,,,,,,,,,,,,,,,,,,,,,,,,,,,,,,,,,,,,,,,,,,,,,,,,,,,,,,,,,,,,,,,,,,,,,,,,,,,,,,,,,,,,,,,,,,,,,,,,,,,,,,,,,,,,,,,,,,,,,,,,,,,,,,,,,,,,,,,,,,,,,,,,,,,,,,,,,,,,,,,,,,,,,,,,,,,,,,,,,,,,,,,,,,,,,,,,,,,,,,,,,,,,,,,,,,,,,,,,,,,,,,,,,,,,,,,,,,,,,,,,,,,,,,,,,,,,,,,,,,,,,,,,,,,,,,,,,,,,,,,,,,,,,,,,,,,,,,,,,,,,,,,,,,,,,,,,,,,,,,,,,,,,,,,,,,,,,,,,,,,,,,,,,,,,,,,,,,,,,,,,,,,,,,,,,,,,,,,,,,,,,,,,,,,,,,,,,,,,,,,,,,,,,,,,,,,,,,,,,,,,,,,,,,,,,,,,,,,,,,,,,,,,,,,,,,,,,,,,,,,,,,,,,,,,,,,,,,,,,,,,,,,,,,,,,,,,,,,,,,,,,,,,,,,,,,,,,,,,,,,,,,,,,,,,,,,,,,,,,,,,,,,,,,,,,,,,,,,,,,,,,,,,,,,,,,,,,,,,,,,,,,,,,,,,,,,,,,,,,,,,,,,,,,,,,,,,,,,,,,,,,,,,,,,,,,,,,,,,,,,,,,,,,,,,,,,,,,,,,,,,,,,,,,,,,,,,,,,,,,,,,,,,,,,,,,,,,,,,,,,,,,,,,,,,,,,,,,,,,,,,,,,,,,,,,,,,,,,,,,,,,,,,,,,,,,,,,,,,,,,,,,,,,,,,,,,,,,,,,,,,,,,,,,,,,,,,,,,,,,,,,,,,,,,,,,,,,,,,,,,,,,,,,,,,,,,,,,,,,,,,,,,,,,,,,,,,,,,,,,,,,,,,,,,,,,,,,,,,,,,,,,,,,,,,,,,,,,,,,,,,,,,,,,,,,,,,,,,,,,,,,,,,,,,,,,,,,,,,,,,,,,,,,,,,,,,,,,,,,,,,,,,,,,,,,,,,,,,,,,,,,,,,,,,,,,,,,,,,,,,,,,,,,,,,,,,,,,,,,,,,,,,,,,,,,,,,,,,,,,,,,,,,,,,,,,,,,,,,,,,,,,,,,,,,,,,,,,,,,,,,,,,,,,,,,,,,,,,,,,,,,,,,,,,,,,,,,,,,,,,,,,,,,,,,,,,,,,,,,,,,,,,,,,,,,,,,,,,,,,,,,,,,,,,,,,,,,,,,,,,,,,,,,,,,,,,,,,,,,,,,,,,,,,,,,,,,,,,,,,,,,,,,,,,,,,,,,,,,,,,,,,,,,,,,,,,,,,,,,,,,,,,,,,,,,,,,,,,,,,,,,,,,,,,,,,,,,,,,,,,,,,,,,,,,,,,,,,,,,,,,,,,,,,,,,,,,,,,,,,,,,,,,,,,,,,,,,,,,,,,,,,,,,,,,,,,,,,,,,,,,,,,,,,,,,,,,,,,,,,,,,,,,,,,,,,,,,,,,,,,,,,,,,,,,,,,,,,,,,,,,,,,,,,,,,,,,,,,,,,,,,,,,,,,,,,,,,,,,,,,,,,,,,,,,,,,,,,,,,,,,,,,,,,,,,,,,,,,,,,,,,,,,,,,,,,,,,,,,,,,,,,,,,,,,,,
,,,,,,,,,,,,,,,,,,,,,,,,,,,,,,,,,,,,,,,,,,,,,,,,,,,,,,,,,,,,,,,,,,,,,,,,,,,,,,,,,,,,,,,,,,,,,,,,,,,,,,,,,,,,,,,,,,,,,,,,,,,,,,,,,,,,,,,,,,,,,,,,,,,,,,,,,,,,,,,,,,,,,,,,,,,,,,,,,,,,,,,,,,,,,,,,,,,,,,,,,,,,,,,,,,,,,,,,,,,,,,,,,,,,,,,,,,,,,,,,,,,,,,,,,,,,,,,,,,,,,,,,,,,,,,,,,,,,,,,,,,,,,,,,,,,,,,,,,,,,,,,,,,,,,,,,,,,,,,,,,,,,,,,,,,,,,,,,,,,,,,,,,,,,,,,,,,,,,,,,,,,,,,,,,,,,,,,,,,,,,,,,,,,,,,,,,,,,,,,,,,,,,,,,,,,,,,,,,,,,,,,,,,,,,,,,,,,,,,,,,,,,,,,,,,,,,,,,,,,,,,,,,,,,,,,,,,,,,,,,,,,,,,,,,,,,,,,,,,,,,,,,,,,,,,,,,,,,,,,,,,,,,,,,,,,,,,,,,,,,,,,,,,,,,,,,,,,,,,,,,,,,,,,,,,,,,,,,,,,,,,,,,,,,,,,,,,,,,,,,,,,,,,,,,,,,,,,,,,,,,,,,,,,,,,,,,,,,,,,,,,,,,,,,,,,,,,,,,,,,,,,,,,,,,,,,,,,,,,,,,,,,,,,,,,,,,,,,,,,,,,,,,,,,,,,,,,,,,,,,,,,,,,,,,,,,,,,,,,,,,,,,,,,,,,,,,,,,,,,,,,,,,,,,,,,,,,,,,,,,,,,,,,,,,,,,,,,,,,,,,,,,,,,,,,,,,,,,,,,,,,,,,,,,,,,,,,,,,,,,,,,,,,,,,,,,,,,,,,,,,,,,,,,,,,,,,,,,,,,,,,,,,,,,,,,,,,,,,,,,,,,,,,,,,,,,,,,,,,,,,,,,,,,,,,,,,,,,,,,,,,,,,,,,,,,,,,,,,,,,,,,,,,,,,,,,,,,,,,,,,,,,,,,,,,,,,,,,,,,,,,,,,,,,,,,,,,,,,,,,,,,,,,,,,,,,,,,,,,,,,,,,,,,,,,,,,,,,,,,,,,,,,,,,,,,,,,,,,,,,,,,,,,,,,,,,,,,,,,,,,,,,,,,,,,,,,,,,,,,,,,,,,,,,,,,,,,,,,,,,,,,,,,,,,,,,,,,,,,,,,,,,,,,,,,,,,,,,,,,,,,,,,,,,,,,,,,,,,,,,,,,,,,,,,,,,,,,,,,,,,,,,,,,,,,,,,,,,,,,,,,,,,,,,,,,,,,,,,,,,,,,,,,,,,,,,,,,,,,,,,,,,,,,,,,,,,,,,,,,,,,,,,,,,,,,,,,,,,,,,,,,,,,,,,,,,,,,,,,,,,,,,,,,,,,,,,,,,,,,,,,,,,,,,,,,,,,,,,,,,,,,,,,,,,,,,,,,,,,,,,,,,,,,,,,,,,,,,,,,,,,,,,,,,,,,,,,,,,,,,,,,,,,,,,,,,,,,,,,,,,,,,,,,,,,,,,,,,,,,,,,,,,,,,,,,,,,,,,,,,,,,,,,,,,,,,,,,,,,,,,,,,,,,,,,,,,,,,,,,,,,,,,,,,,,,,,,,,,,,,,,,,,,,,,,,,,,,,,,,,,,,,,,,,,,,,,,,,,,,,,,,,,,,,,,,,,,,,,,,,,,,,,,,,,,,,,,,,,,,,,,,,,,,,,,,,,,,,,,,,,,,,,,,,,,,,,,,,,,,,,,,,,,,,,,,,,,,,,,,,,,,,,,,,,,,,,,,,,,,,,,,,,,,,,,,,,,,,,,,,,,,,,,,,,,,,,,,,,,,,,,,,,,,,,,,,,,,,,,,,,,,,,,,,,,,,,,,,,,,,,,,,,,,,,,,,,,,,,,,,,,,,,,,,,,,,,,,,,,,,,,,,,,,,,,,,,,,,,,,,,,,,,,,,,,,,,,,,,,,,,,,,,,,,,,,,,,,,,,,,,,,,,,,,,,,,,,,,,,,,,,,,,,,,,,,,,,,,,,,,,,,,,,,,,,,,,,,,,,,,,,,,,,,,,,,,,,,,,,,,,,,,,,,,,,,,,,,,,,,,,,,,,,,,,,,,,,,,,,,,,,,,,,,,,,,,,,,,,,,,,,,,,,,
,,,,,,,,,,,,,,,,,,,,,,,,,,,,,,,,,,,,,,,,,,,,,,,,,,,,,,,,,,,,,,,,,,,,,,,,,,,,,,,,,,,,,,,,,,,,,,,,,,,,,,,,,,,,,,,,,,,,,,,,,,,,,,,,,,,,,,,,,,,,,,,,,,,,,,,,,,,,,,,,,,,,,,,,,,,,,,,,,,,,,,,,,,,,,,,,,,,,,,,,,,,,,,,,,,,,,,,,,,,,,,,,,,,,,,,,,,,,,,,,,,,,,,,,,,,,,,,,,,,,,,,,,,,,,,,,,,,,,,,,,,,,,,,,,,,,,,,,,,,,,,,,,,,,,,,,,,,,,,,,,,,,,,,,,,,,,,,,,,,,,,,,,,,,,,,,,,,,,,,,,,,,,,,,,,,,,,,,,,,,,,,,,,,,,,,,,,,,,,,,,,,,,,,,,,,,,,,,,,,,,,,,,,,,,,,,,,,,,,,,,,,,,,,,,,,,,,,,,,,,,,,,,,,,,,,,,,,,,,,,,,,,,,,,,,,,,,,,,,,,,,,,,,,,,,,,,,,,,,,,,,,,,,,,,,,,,,,,,,,,,,,,,,,,,,,,,,,,,,,,,,,,,,,,,,,,,,,,,,,,,,,,,,,,,,,,,,,,,,,,,,,,,,,,,,,,,,,,,,,,,,,,,,,,,,,,,,,,,,,,,,,,,,,,,,,,,,,,,,,,,,,,,,,,,,,,,,,,,,,,,,,,,,,,,,,,,,,,,,,,,,,,,,,,,,,,,,,,,,,,,,,,,,,,,,,,,,,,,,,,,,,,,,,,,,,,,,,,,,,,,,,,,,,,,,,,,,,,,,,,,,,,,,,,,,,,,,,,,,,,,,,,,,,,,,,,,,,,,,,,,,,,,,,,,,,,,,,,,,,,,,,,,,,,,,,,,,,,,,,,,,,,,,,,,,,,,,,,,,,,,,,,,,,,,,,,,,,,,,,,,,,,,,,,,,,,,,,,,,,,,,,,,,,,,,,,,,,,,,,,,,,,,,,,,,,,,,,,,,,,,,,,,,,,,,,,,,,,,,,,,,,,,,,,,,,,,,,,,,,,,,,,,,,,,,,,,,,,,,,,,,,,,,,,,,,,,,,,,,,,,,,,,,,,,,,,,,,,,,,,,,,,,,,,,,,,,,,,,,,,,,,,,,,,,,,,,,,,,,,,,,,,,,,,,,,,,,,,,,,,,,,,,,,,,,,,,,,,,,,,,,,,,,,,,,,,,,,,,,,,,,,,,,,,,,,,,,,,,,,,,,,,,,,,,,,,,,,,,,,,,,,,,,,,,,,,,,,,,,,,,,,,,,,,,,,,,,,,,,,,,,,,,,,,,,,,,,,,,,,,,,,,,,,,,,,,,,,,,,,,,,,,,,,,,,,,,,,,,,,,,,,,,,,,,,,,,,,,,,,,,,,,,,,,,,,,,,,,,,,,,,,,,,,,,,,,,,,,,,,,,,,,,,,,,,,,,,,,,,,,,,,,,,,,,,,,,,,,,,,,,,,,,,,,,,,,,,,,,,,,,,,,,,,,,,,,,,,,,,,,,,,,,,,,,,,,,,,,,,,,,,,,,,,,,,,,,,,,,,,,,,,,,,,,,,,,,,,,,,,,,,,,,,,,,,,,,,,,,,,,,,,,,,,,,,,,,,,,,,,,,,,,,,,,,,,,,,,,,,,,,,,,,,,,,,,,,,,,,,,,,,,,,,,,,,,,,,,,,,,,,,,,,,,,,,,,,,,,,,,,,,,,,,,,,,,,,,,,,,,,,,,,,,,,,,,,,,,,,,,,,,,,,,,,,,,,,,,,,,,,,,,,,,,,,,,,,,,,,,,,,,,,,,,,,,,,,,,,,,,,,,,,,,,,,,,,,,,,,,,,,,,,,,,,,,,,,,,,,,,,,,,,,,,,,,,,,,,,,,,,,,,,,,,,,,,,,,,,,,,,,,,,,,,,,,,,,,,,,,,,,,,,,,,,,,,,,,,,,,,,,,,,,,,,,,,,,,,,,,,,,,,,,,,,,,,,,,,,,,,,,,,,,,,,,,,,,,,,,,,,,,,,,,,,,,,,,,,,,,,,,,,,,,,,,,,,,,,,,,,,,,,,,,,,,,,,,,,,,,,,,,,,,,,,,,,,,,,,,,,,,,,,,,,,,,,,,,,,,,,,,,,,,,,,,,,,,,,,,,,,,,,,,,,,,,,,,,,,,,,,,,,,,,,
,,,,,,,,,,,,,,,,,,,,,,,,,,,,,,,,,,,,,,,,,,,,,,,,,,,,,,,,,,,,,,,,,,,,,,,,,,,,,,,,,,,,,,,,,,,,,,,,,,,,,,,,,,,,,,,,,,,,,,,,,,,,,,,,,,,,,,,,,,,,,,,,,,,,,,,,,,,,,,,,,,,,,,,,,,,,,,,,,,,,,,,,,,,,,,,,,,,,,,,,,,,,,,,,,,,,,,,,,,,,,,,,,,,,,,,,,,,,,,,,,,,,,,,,,,,,,,,,,,,,,,,,,,,,,,,,,,,,,,,,,,,,,,,,,,,,,,,,,,,,,,,,,,,,,,,,,,,,,,,,,,,,,,,,,,,,,,,,,,,,,,,,,,,,,,,,,,,,,,,,,,,,,,,,,,,,,,,,,,,,,,,,,,,,,,,,,,,,,,,,,,,,,,,,,,,,,,,,,,,,,,,,,,,,,,,,,,,,,,,,,,,,,,,,,,,,,,,,,,,,,,,,,,,,,,,,,,,,,,,,,,,,,,,,,,,,,,,,,,,,,,,,,,,,,,,,,,,,,,,,,,,,,,,,,,,,,,,,,,,,,,,,,,,,,,,,,,,,,,,,,,,,,,,,,,,,,,,,,,,,,,,,,,,,,,,,,,,,,,,,,,,,,,,,,,,,,,,,,,,,,,,,,,,,,,,,,,,,,,,,,,,,,,,,,,,,,,,,,,,,,,,,,,,,,,,,,,,,,,,,,,,,,,,,,,,,,,,,,,,,,,,,,,,,,,,,,,,,,,,,,,,,,,,,,,,,,,,,,,,,,,,,,,,,,,,,,,,,,,,,,,,,,,,,,,,,,,,,,,,,,,,,,,,,,,,,,,,,,,,,,,,,,,,,,,,,,,,,,,,,,,,,,,,,,,,,,,,,,,,,,,,,,,,,,,,,,,,,,,,,,,,,,,,,,,,,,,,,,,,,,,,,,,,,,,,,,,,,,,,,,,,,,,,,,,,,,,,,,,,,,,,,,,,,,,,,,,,,,,,,,,,,,,,,,,,,,,,,,,,,,,,,,,,,,,,,,,,,,,,,,,,,,,,,,,,,,,,,,,,,,,,,,,,,,,,,,,,,,,,,,,,,,,,,,,,,,,,,,,,,,,,,,,,,,,,,,,,,,,,,,,,,,,,,,,,,,,,,,,,,,,,,,,,,,,,,,,,,,,,,,,,,,,,,,,,,,,,,,,,,,,,,,,,,,,,,,,,,,,,,,,,,,,,,,,,,,,,,,,,,,,,,,,,,,,,,,,,,,,,,,,,,,,,,,,,,,,,,,,,,,,,,,,,,,,,,,,,,,,,,,,,,,,,,,,,,,,,,,,,,,,,,,,,,,,,,,,,,,,,,,,,,,,,,,,,,,,,,,,,,,,,,,,,,,,,,,,,,,,,,,,,,,,,,,,,,,,,,,,,,,,,,,,,,,,,,,,,,,,,,,,,,,,,,,,,,,,,,,,,,,,,,,,,,,,,,,,,,,,,,,,,,,,,,,,,,,,,,,,,,,,,,,,,,,,,,,,,,,,,,,,,,,,,,,,,,,,,,,,,,,,,,,,,,,,,,,,,,,,,,,,,,,,,,,,,,,,,,,,,,,,,,,,,,,,,,,,,,,,,,,,,,,,,,,,,,,,,,,,,,,,,,,,,,,,,,,,,,,,,,,,,,,,,,,,,,,,,,,,,,,,,,,,,,,,,,,,,,,,,,,,,,,,,,,,,,,,,,,,,,,,,,,,,,,,,,,,,,,,,,,,,,,,,,,,,,,,,,,,,,,,,,,,,,,,,,,,,,,,,,,,,,,,,,,,,,,,,,,,,,,,,,,,,,,,,,,,,,,,,,,,,,,,,,,,,,,,,,,,,,,,,,,,,,,,,,,,,,,,,,,,,,,,,,,,,,,,,,,,,,,,,,,,,,,,,,,,,,,,,,,,,,,,,,,,,,,,,,,,,,,,,,,,,,,,,,,,,,,,,,,,,,,,,,,,,,,,,,,,,,,,,,,,,,,,,,,,,,,,,,,,,,,,,,,,,,,,,,,,,,,,,,,,,,,,,,,,,,,,,,,,,,,,,,,,,,,,,,,,,,,,,,,,,,,,,,,,,,,,,,,,,,,,,,,,,,,,,,,,,,,,,,,,,,,,,,,,,,,,,,,,,,,,,,,,,,,,,,,,,,,,,,,,,,,,,,,,,,,,,,,,,,,,,,,,,,,,,,,,,,,,,,,,,
3472,3277,2511,2355,2289,2407,2283,2297,2212,2297,2283,2407,2289,2355,2511,3277,3708,3477,2559,2437,2372,2319,2356,2160,2212,2188,2278,2342,2355,2282,2299,3485,4074,3851,2662,2486,2332,2293,2307,2268,2172,2225,2147,2290,2412,2419,2749,3853,4208,3985,2824,2555,2350,2249,2286,2248,2330,2260,2269,2265,2448,2491,2887,3987,4016,3792,2644,2463,2293,2357,2288,2272,2266,2128,2330,2244,2282,2376,2785,3801,3735,3521,2459,2232,2280,2247,2314,2222,2175,2283,2357,2159,2220,2296,2620,3500,3506,3278,2285,2239,2233,2247,2387,2374,2238,2240,2407,2390,2307,2319,2429,3284,3823,3597,2418,2353,2378,2307,2326,2269,2351,2287,2328,2357,2259,2280,2460,3596,4009,3780,2607,2384,2239,2207,2241,2237,2389,2330,2111,2069,2164,2335,2726,3789,3883,3660,2470,2411,2394,2206,2310,2163,2285,2208,2068,2296,2362,2263,2668,3666,3489,3260,2257,2313,2434,2339,2260,2336,2309,2331,2279,2400,2341,2370,2319,3270,3136,2889,2281,2259,2422,2461,2489,2261,2310,2260,2208,2361,2277,2304,2243,2895,3093,2805,2508,2614,2465,2629,2716,2609,2568,2630,2765,2723,2264,2464,2600,2978,4018,3902,3399,3488,3199,3442,3454,3541,3701,3661,3215,3071,3222,3341,3178,3724,4567,4426,3939,3876,3667,3949,3987,4011,4114,4166,4066,3932,3766,3629,3798,4302,4649,4516,4159,3992,3897,4102,4235,4196,4145,4231,4275,4262,4047,3894,4035,4371,4347,4237,4030,3839,3846,4003,4202,4210,3582,3837,4062,4179,3996,3768,3902,4179,4523,4293,3591,3381,3578,3731,3926,3945,3704,3318,3611,3783,3710,3580,3542,4306,4620,4406,3427,3218,3221,3258,3511,3451,3235,3087,3304,3371,3275,3135,3341,4390,4808,4592,3511,3134,2906,2797,3071,3097,3039,2789,2946,2895,2972,2997,3453,4583,4706,4487,3417,3040,2737,2560,2908,2981,2908,2725,2862,2891,2889,2943,3337,4477,4264,4051,3091,2788,2460,2785,2810,2856,2885,2719,2652,2904,2690,2851,2821,4034,3779,3556,2776,2672,2582,2799,2720,2737,2745,2731,2645,2791,2741,2820,2738,3547,3492,3284,2664,2457,2510,2623,2659,2636,2632,2529,2514,2551,2685,2641,2618,3285,3470,3242,2379,2476,2556,2627,2618,2470,2648,2558,2527,2660,2369,2513,2584,3265,3656,3433,2477,2415,2571,2530,2524,2502,2584,2496,2491,2573,2454,2454,2411,3425,3637,3398,2570,2535,2548,2481,2577,2433,2478,2477,2628,2692,2444,2422,2537,3416,3247,2992,2727,2959,2844,2501,2860,2782,2708,2712,2781,2917,2631,2804,2873,3072,3108,3051,2780,3000,2920,2472,2838,2823,2760,2669,2713,2826,2589,2843,2802,2984,3000,2882,2633,2833,2831,2393,2635,2655,2642,2633,2715,2606,2434,2564,2484,2788,2826,2686,2597,2650,2709,2633,2678,2726,2716,2618,2584,2422,2398,2495,2448,2677,2754,2610,2605,2629,2552,2606,2719,2779,2810,2768,2570,2459,2509,2491,2387,2542,2948,2750,2528,2679,2569,2457,2547,2614,2831,2846,2653,2638,2548,2339,2322,2782,2859,2599,2459,2582,2504,2320,2376,2565,2599,2588,2446,2626,2572,2377,2405,2790,2997,2847,2496,2582,2444,2246,2189,2499,2538,2462,2492,2465,2401,2462,2465,2719,3165,2971,2467,2503,2382,2392,2260,2369,2484,2461,2552,2470,2355,2332,2473,2934,3430,3203,2613,2503,2460,2489,2459,2458,2623,2554,2488,2425,2305,2405,2548,3214,3460,3243,2573,2457,2318,2451,2429,2357,2451,2439,2289,2487,2223,2445,2576,3241,3174,2959,2478,2427,2257,2266,2410,2459,2553,2458,2229,2289,2329,2257,2356,2965,2742,2660,2409,2298,2295,2418,2379,2364,2599,2587,2366,2543,2451,2247,2405,2605,2787,2607,2226,2131,2127,2431,2398,2362,2525,2593,2360,2491,2450,2311,2411,2630,2900,2658,2310,2205,2101,2306,2437,2432,2600,2616,2365,2290,2279,2187,2381,2705,2938,2692,2395,2354,2075,2251,2364,2482,2534,2470,2346,2328,2226,2344,2423,2743,2727,2512,2325,2311,2162,2186,2242,2423,2534,2387,2245,2247,2271,2316,2403,2636,2468,2371,2297,2153,2349,2298,2363,2292,2408,2298,2369,2325,2166,2322,2305,2265,2548,2454,2259,2236,2303,2232,2370,2297,2188,2316,2336,2328,2124,2154,2330,2328,2575,2287,2265,2285,2257,2176,2232,2295,2198,2370,2322,2241,2104,2285,2270,2414,2604,2293,2103,2204,2407,2329,2353,2371,2319,2488,2414,2151,2232,2233,2225,2439,2741,2641,2227,2416,2501,2365,2180,2430,2428,2424,2275,2229,2261,2345,2380,2583,2655,2462,2246,2425,2366,2367,2275,2377,2459,2366,2288,2166,2278,2339,2352,2546,2626,2460,2292,2396,2484,2519,2453,2377,2454,2372,2373,2419,2372,2299,2390,2637,2874,2687,2360,2477,2491,2536,2449,2298,2348,2369,2424,2404,2350,2261,2272,2708,2992,2783,2439,2430,2438,2384,2374,2429,2243,2277,2342,2429,2383,2275,2384,2783,2858,2741,2380,2272,2489,2541,2474,2425,2389,2412,2411,2407,2368,2251,2412,2655,2854,2631,2298,2281,2466,2475,2434,2452,2471,2383,2379,2314,2305,2232,2189,2591,2765,2524,2313,2261,2371,2354,2312,2338,2405,2285,2235,2265,2357,2401,2321,2564,2666,2433,2271,2339,2353,2366,2266,2311,2205,2316,2390,2420,2384,2320,2276,2528,2623,2317,2319,2362,2270,2335,2300,2369,2386,2287,2373,2358,2343,2096,2367,2486,2686,2582,2233,2323,2361,2335,2368,2381,2351,2401,2405,2249,2217,2314,2295,2514,2681,2515,2297,2344,2215,1970,2315,2311,2364,2432,2387,2342,2271,2336,2466,2575,2776,2519,2378,2231,2231,2206,2238,2162,2301,2370,2386,2293,2292,2337,2436,2578,2675,2511,2318,2278,2250,2223,2385,2330,2332,2342,2366,2250,2423,2417,2398,2492,2476,2382,2282,2367,2451,2196,2356,2476,2457,2194,2269,2294,2404,2265,2252,2451,3319,3064,2257,2294,2419,2255,2432,2444,2360,2391,2453,2390,2355,2192,2221,3097,3819,3549,2477,2255,2392,2385,2352,2489,2605,2521,2386,2468,2386,2477,2539,3609,4087,3873,2864,2606,2658,2299,2733,2793,2776,2826,2623,2563,2581,2717,2761,3858,4110,3890,2914,2821,2822,2612,2903,3008,3038,2921,2632,2708,2745,2644,2841,3892,4106,3889,2929,2558,2707,2620,2776,2937,3013,2832,2505,2631,2717,2637,2735,3861,4149,3934,2894,2450,2575,2504,2672,2746,2828,2662,2382,2622,2626,2449,2642,3911,3764,3558,2623,2460,2611,2536,2439,2503,2504,2585,2497,2625,2603,2394,2392,3520,3299,3061,2227,2391,2465,2346,2271,2377,2504,2533,2454,2534,2392,2262,2399,3078,3104,2835,2210,2254,2334,2110,2306,2419,2443,2343,2284,2379,2512,2419,2439,2935,2795,2563,2336,2291,2290,2193,2270,2417,2480,2337,2073,2310,2435,2336,2393,2598,2898,2708,2261,2128,2343,2283,2375,2407,2450,2407,2342,2385,2240,2310,2303,2653,2812,2603,2316,2203,2315,2306,2322,2275,2301,2502,2411,2317,2352,2398,2209,2605,2801,2632,2436,2429,2305,2373,2137,2157,2345,2461,2395,2223,2248,2342,2303,2558,2874,2662,2267,2338,2358,2293,2282,2241,2347,2335,2227,2119,2149,2168,2206,2564,2809,2605,2258,2301,2386,2284,2416,2372,2482,2407,2368,2121,2239,2445,2468,2663,2932,2817,2708,2559,2427,2341,2538,2736,2837,2805,2645,2497,2331,2503,2536,2790,2965,2791,2810,2645,2410,2488,2739,2867,2903,2957,2790,2577,2432,2550,2551,2830,3114,2858,2656,2566,2468,2514,2658,2731,2623,2785,2658,2459,2471,2549,2389,2885,3378,3161,2392,2449,2423,2374,2402,2456,2609,2470,2478,2391,2376,2348,2304,3160,3340,3111,2398,2360,2430,2350,2380,2362,2423,2382,2392,2265,2176,2297,2348,3100,3083,2940,2400,2440,2467,2506,2504,2663,2639,2600,2417,2407,2306,2458,2355,2785,3286,3031,2479,2426,2464,2547,2393,2855,2932,2648,2479,2428,2504,2651,2609,3129,3252,3008,2349,2187,2323,2453,2374,2733,2886,2654,2380,2507,2442,2559,2551,3081,3076,2807,2300,1991,2250,2416,2387,2543,2599,2504,2406,2436,2385,2280,2382,2906,3102,2933,2279,2250,2211,2246,2330,2526,2614,2560,2366,2345,2187,2217,2235,2828,3070,2893,2475,2375,2239,2302,2243,2576,2716,2527,2255,2384,2311,2123,2478,2804,3040,2918,2538,2347,2428,2412,2233,2551,2665,2543,2360,2357,2358,2261,2488,2827,2902,2680,2436,2302,2389,2367,2234,2458,2536,2308,2276,2310,2254,2269,2315,2749,2870,2728,2346,2337,2323,2317,2284,2286,2417,2348,2339,2366,2295,2307,2353,2674,3013,2832,2206,2455,2339,2247,2304,2261,2301,2268,2363,2380,2459,2380,2354,2776,2886,2677,2374,2520,2468,2235,2356,2328,2320,2325,2332,2313,2424,2154,2230,2678,2703,2484,2405,2452,2272,2310,2302,2379,2393,2350,2406,2415,2328,2210,2228,2511,2629,2485,2235,2371,2297,2247,2290,2369,2434,2362,2397,2440,2318,2321,2207,2459,2470,2392,2377,2333,2365,2318,2281,2391,2376,2228,2415,2389,2420,2385,2341,2331,2497,2348,2444,2446,2423,2420,2412,2359,2302,2436,2417,2352,2364,2324,2467,2413,2708,2508,2426,2492,2382,2466,2469,2274,2379,2461,2389,2354,2352,2479,2472,2585,2764,2689,2348,2374,2202,2381,2404,2302,2418,2379,2262,2303,2415,2436,2266,2628,3051,2814,2354,2319,2268,2396,2355,2287,2375,2349,2110,2402,2494,2466,2348,2843,3165,2953,2344,2391,2364,2408,2345,2253,2258,2332,2173,2335,2406,2524,2529,2902,3147,2901,2251,2278,2399,2295,2352,2182,2176,2337,2272,2228,2338,2462,2452,2910,2947,2794,2427,2282,2318,2278,2309,2168,2250,2296,2357,2361,2264,2369,2327,2691,2899,2696,2384,2269,2227,2319,2394,2379,2196,2265,2376,2340,2276,2275,2456,2789,2947,2668,2268,2270,2202,2343,2404,2333,2239,2276,2004,2208,2047,2109,2345,2804,2733,2533,2220,2300,2355,2340,2295,2268,2242,2260,2270,2198,2243,2088,2185,2566,3105,2897,2258,2281,2390,2417,2289,2252,2345,2213,2233,2339,2301,2353,2359,2890,3557,3346,2421,2254,2184,2379,2337,2392,2359,2358,2255,2243,2293,2390,2454,3332,3623,3412,2551,2360,2331,2210,2330,2294,2493,2382,2218,2158,2255,2424,2597,3403,3409,3197,2300,2291,2416,2229,2308,2270,2327,2341,2122,2319,2142,2346,2494,3188,3107,2879,2272,2322,2440,2404,2163,2332,2446,2331,2254,2311,2314,2410,2363,2883,3147,2869,2465,2406,2331,2214,2298,2384,2493,2444,2395,2377,2252,2449,2452,2949,3467,3228,2541,2502,2301,2317,2209,2148,2514,2410,2342,2404,2276,2404,2494,3264,3867,3643,2616,2383,2210,2280,2253,2756,3009,2894,2512,2468,2371,2321,2611,3646,4045,3831,2720,2450,2308,2321,2371,2935,3228,3108,2596,2448,2383,2398,2704,3827,3952,3732,2655,2387,2180,2254,2285,2796,3079,2934,2509,2369,2443,2402,2566,3723,3611,3385,2374,2333,2137,2168,2239,2509,2601,2502,2361,2331,2317,2288,2303,3379,3077,2845,2319,2335,2214,2196,2240,2390,2468,2274,2155,2314,2083,2158,2191,2840,3362,3145,2247,2340,2351,2149,2304,2438,2352,2168,2276,2155,2064,2327,2335,3153,3499,3282,2401,2183,2313,2237,2273,2345,2377,2325,2247,2238,2269,2248,2321,3281,3330,3110,2262,2212,2330,2286,2268,2201,2298,2287,2196,2125,2227,2121,2078,3101,3063,2813,2143,2053,2209,2204,2263,2082,2291,2237,2181,2125,2218,2162,2097,2842,2870,2633,2171,2164,2088,2165,2233,2116,2190,2084,2097,2089,2137,2210,2225,2670,2669,2465,2142,2114,2023,2099,2055,2050,2064,2073,2043,1923,2087,2268,2311,2477,2396,2237,1923,2081,2054,1885,1945,1886,2058,1950,2000,1845,2035,2139,2203,2041,2260,2091,1983,1903,1968,1811,2085,2056,1991,2009,2130,2036,1805,1789,1923,2022,2336,2141,1921,1853,1886,2082,2089,2068,2036,2013,2014,2034,1991,2039,1930,2142
,,,,,,,,,,,,,,,,,,,,,,,,,,,,,,,,,,,,,,,,,,,,,,,,,,,,,,,,,,,,,,,,,,,,,,,,,,,,,,,,,,,,,,,,,,,,,,,,,,,,,,,,,,,,,,,,,,,,,,,,,,,,,,,,,,,,,,,,,,,,,,,,,,,,,,,,,,,,,,,,,,,,,,,,,,,,,,,,,,,,,,,,,,,,,,,,,,,,,,,,,,,,,,,,,,,,,,,,,,,,,,,,,,,,,,,,,,,,,,,,,,,,,,,,,,,,,,,,,,,,,,,,,,,,,,,,,,,,,,,,,,,,,,,,,,,,,,,,,,,,,,,,,,,,,,,,,,,,,,,,,,,,,,,,,,,,,,,,,,,,,,,,,,,,,,,,,,,,,,,,,,,,,,,,,,,,,,,,,,,,,,,,,,,,,,,,,,,,,,,,,,,,,,,,,,,,,,,,,,,,,,,,,,,,,,,,,,,,,,,,,,,,,,,,,,,,,,,,,,,,,,,,,,,,,,,,,,,,,,,,,,,,,,,,,,,,,,,,,,,,,,,,,,,,,,,,,,,,,,,,,,,,,,,,,,,,,,,,,,,,,,,,,,,,,,,,,,,,,,,,,,,,,,,,,,,,,,,,,,,,,,,,,,,,,,,,,,,,,,,,,,,,,,,,,,,,,,,,,,,,,,,,,,,,,,,,,,,,,,,,,,,,,,,,,,,,,,,,,,,,,,,,,,,,,,,,,,,,,,,,,,,,,,,,,,,,,,,,,,,,,,,,,,,,,,,,,,,,,,,,,,,,,,,,,,,,,,,,,,,,,,,,,,,,,,,,,,,,,,,,,,,,,,,,,,,,,,,,,,,,,,,,,,,,,,,,,,,,,,,,,,,,,,,,,,,,,,,,,,,,,,,,,,,,,,,,,,,,,,,,,,,,,,,,,,,,,,,,,,,,,,,,,,,,,,,,,,,,,,,,,,,,,,,,,,,,,,,,,,,,,,,,,,,,,,,,,,,,,,,,,,,,,,,,,,,,,,,,,,,,,,,,,,,,,,,,,,,,,,,,,,,,,,,,,,,,,,,,,,,,,,,,,,,,,,,,,,,,,,,,,,,,,,,,,,,,,,,,,,,,,,,,,,,,,,,,,,,,,,,,,,,,,,,,,,,,,,,,,,,,,,,,,,,,,,,,,,,,,,,,,,,,,,,,,,,,,,,,,,,,,,,,,,,,,,,,,,,,,,,,,,,,,,,,,,,,,,,,,,,,,,,,,,,,,,,,,,,,,,,,,,,,,,,,,,,,,,,,,,,,,,,,,,,,,,,,,,,,,,,,,,,,,,,,,,,,,,,,,,,,,,,,,,,,,,,,,,,,,,,,,,,,,,,,,,,,,,,,,,,,,,,,,,,,,,,,,,,,,,,,,,,,,,,,,,,,,,,,,,,,,,,,,,,,,,,,,,,,,,,,,,,,,,,,,,,,,,,,,,,,,,,,,,,,,,,,,,,,,,,,,,,,,,,,,,,,,,,,,,,,,,,,,,,,,,,,,,,,,,,,,,,,,,,,,,,,,,,,,,,,,,,,,,,,,,,,,,,,,,,,,,,,,,,,,,,,,,,,,,,,,,,,,,,,,,,,,,,,,,,,,,,,,,,,,,,,,,,,,,,,,,,,,,,,,,,,,,,,,,,,,,,,,,,,,,,,,,,,,,,,,,,,,,,,,,,,,,,,,,,,,,,,,,,,,,,,,,,,,,,,,,,,,,,,,,,,,,,,,,,,,,,,,,,,,,,,,,,,,,,,,,,,,,,,,,,,,,,,,,,,,,,,,,,,,,,,,,,,,,,,,,,,,,,,,,,,,,,,,,,,,,,,,,,,,,,,,,,,,,,,,,,,,,,,,,,,,,,,,,,,,,,,,,,,,,,,,,,,,,,,,,,,,,,,,,,,,,,,,,,,,,,,,,,,,,,,,,,,,,,,,,,,,,,,,,,,,,,,,,,,,,,,,,,,,,,,,,,,,,,,,,,,,,,,,,,,,,,,,,,,,,,,,,,,,,,,,,,,,,,,,,,,,,,,,,,,,,,,,,,,,,,,,,,,,,,,,,,,,,,,,,,,,,,,,,,,,,,,,,,,,,,,,,,,,,,,,,,,,,,,,,,,,,,,,,,,,,,,,,,,,,,,,,,,,,,,,,,,,,,,,,,,,,,,,,,,,,,,,,,,,,,,,,,,,,,,,,,,,,,,,,,,,,,,,,,,,,,,,,,,,,,,,,,
,,,,,,,,,,,,,,,,,,,,,,,,,,,,,,,,,,,,,,,,,,,,,,,,,,,,,,,,,,,,,,,,,,,,,,,,,,,,,,,,,,,,,,,,,,,,,,,,,,,,,,,,,,,,,,,,,,,,,,,,,,,,,,,,,,,,,,,,,,,,,,,,,,,,,,,,,,,,,,,,,,,,,,,,,,,,,,,,,,,,,,,,,,,,,,,,,,,,,,,,,,,,,,,,,,,,,,,,,,,,,,,,,,,,,,,,,,,,,,,,,,,,,,,,,,,,,,,,,,,,,,,,,,,,,,,,,,,,,,,,,,,,,,,,,,,,,,,,,,,,,,,,,,,,,,,,,,,,,,,,,,,,,,,,,,,,,,,,,,,,,,,,,,,,,,,,,,,,,,,,,,,,,,,,,,,,,,,,,,,,,,,,,,,,,,,,,,,,,,,,,,,,,,,,,,,,,,,,,,,,,,,,,,,,,,,,,,,,,,,,,,,,,,,,,,,,,,,,,,,,,,,,,,,,,,,,,,,,,,,,,,,,,,,,,,,,,,,,,,,,,,,,,,,,,,,,,,,,,,,,,,,,,,,,,,,,,,,,,,,,,,,,,,,,,,,,,,,,,,,,,,,,,,,,,,,,,,,,,,,,,,,,,,,,,,,,,,,,,,,,,,,,,,,,,,,,,,,,,,,,,,,,,,,,,,,,,,,,,,,,,,,,,,,,,,,,,,,,,,,,,,,,,,,,,,,,,,,,,,,,,,,,,,,,,,,,,,,,,,,,,,,,,,,,,,,,,,,,,,,,,,,,,,,,,,,,,,,,,,,,,,,,,,,,,,,,,,,,,,,,,,,,,,,,,,,,,,,,,,,,,,,,,,,,,,,,,,,,,,,,,,,,,,,,,,,,,,,,,,,,,,,,,,,,,,,,,,,,,,,,,,,,,,,,,,,,,,,,,,,,,,,,,,,,,,,,,,,,,,,,,,,,,,,,,,,,,,,,,,,,,,,,,,,,,,,,,,,,,,,,,,,,,,,,,,,,,,,,,,,,,,,,,,,,,,,,,,,,,,,,,,,,,,,,,,,,,,,,,,,,,,,,,,,,,,,,,,,,,,,,,,,,,,,,,,,,,,,,,,,,,,,,,,,,,,,,,,,,,,,,,,,,,,,,,,,,,,,,,,,,,,,,,,,,,,,,,,,,,,,,,,,,,,,,,,,,,,,,,,,,,,,,,,,,,,,,,,,,,,,,,,,,,,,,,,,,,,,,,,,,,,,,,,,,,,,,,,,,,,,,,,,,,,,,,,,,,,,,,,,,,,,,,,,,,,,,,,,,,,,,,,,,,,,,,,,,,,,,,,,,,,,,,,,,,,,,,,,,,,,,,,,,,,,,,,,,,,,,,,,,,,,,,,,,,,,,,,,,,,,,,,,,,,,,,,,,,,,,,,,,,,,,,,,,,,,,,,,,,,,,,,,,,,,,,,,,,,,,,,,,,,,,,,,,,,,,,,,,,,,,,,,,,,,,,,,,,,,,,,,,,,,,,,,,,,,,,,,,,,,,,,,,,,,,,,,,,,,,,,,,,,,,,,,,,,,,,,,,,,,,,,,,,,,,,,,,,,,,,,,,,,,,,,,,,,,,,,,,,,,,,,,,,,,,,,,,,,,,,,,,,,,,,,,,,,,,,,,,,,,,,,,,,,,,,,,,,,,,,,,,,,,,,,,,,,,,,,,,,,,,,,,,,,,,,,,,,,,,,,,,,,,,,,,,,,,,,,,,,,,,,,,,,,,,,,,,,,,,,,,,,,,,,,,,,,,,,,,,,,,,,,,,,,,,,,,,,,,,,,,,,,,,,,,,,,,,,,,,,,,,,,,,,,,,,,,,,,,,,,,,,,,,,,,,,,,,,,,,,,,,,,,,,,,,,,,,,,,,,,,,,,,,,,,,,,,,,,,,,,,,,,,,,,,,,,,,,,,,,,,,,,,,,,,,,,,,,,,,,,,,,,,,,,,,,,,,,,,,,,,,,,,,,,,,,,,,,,,,,,,,,,,,,,,,,,,,,,,,,,,,,,,,,,,,,,,,,,,,,,,,,,,,,,,,,,,,,,,,,,,,,,,,,,,,,,,,,,,,,,,,,,,,,,,,,,,,,,,,,,,,,,,,,,,,,,,,,,,,,,,,,,,,,,,,,,,,,,,,,,,,,,,,,,,,,,,,,,,,,,,,,,,,,,,,,,,,,,,,,,,,,,,,,,,,,,,,,,,,,,,,,,,,,,,
,,,,,,,,,,,,,,,,,,,,,,,,,,,,,,,,,,,,,,,,,,,,,,,,,,,,,,,,,,,,,,,,,,,,,,,,,,,,,,,,,,,,,,,,,,,,,,,,,,,,,,,,,,,,,,,,,,,,,,,,,,,,,,,,,,,,,,,,,,,,,,,,,,,,,,,,,,,,,,,,,,,,,,,,,,,,,,,,,,,,,,,,,,,,,,,,,,,,,,,,,,,,,,,,,,,,,,,,,,,,,,,,,,,,,,,,,,,,,,,,,,,,,,,,,,,,,,,,,,,,,,,,,,,,,,,,,,,,,,,,,,,,,,,,,,,,,,,,,,,,,,,,,,,,,,,,,,,,,,,,,,,,,,,,,,,,,,,,,,,,,,,,,,,,,,,,,,,,,,,,,,,,,,,,,,,,,,,,,,,,,,,,,,,,,,,,,,,,,,,,,,,,,,,,,,,,,,,,,,,,,,,,,,,,,,,,,,,,,,,,,,,,,,,,,,,,,,,,,,,,,,,,,,,,,,,,,,,,,,,,,,,,,,,,,,,,,,,,,,,,,,,,,,,,,,,,,,,,,,,,,,,,,,,,,,,,,,,,,,,,,,,,,,,,,,,,,,,,,,,,,,,,,,,,,,,,,,,,,,,,,,,,,,,,,,,,,,,,,,,,,,,,,,,,,,,,,,,,,,,,,,,,,,,,,,,,,,,,,,,,,,,,,,,,,,,,,,,,,,,,,,,,,,,,,,,,,,,,,,,,,,,,,,,,,,,,,,,,,,,,,,,,,,,,,,,,,,,,,,,,,,,,,,,,,,,,,,,,,,,,,,,,,,,,,,,,,,,,,,,,,,,,,,,,,,,,,,,,,,,,,,,,,,,,,,,,,,,,,,,,,,,,,,,,,,,,,,,,,,,,,,,,,,,,,,,,,,,,,,,,,,,,,,,,,,,,,,,,,,,,,,,,,,,,,,,,,,,,,,,,,,,,,,,,,,,,,,,,,,,,,,,,,,,,,,,,,,,,,,,,,,,,,,,,,,,,,,,,,,,,,,,,,,,,,,,,,,,,,,,,,,,,,,,,,,,,,,,,,,,,,,,,,,,,,,,,,,,,,,,,,,,,,,,,,,,,,,,,,,,,,,,,,,,,,,,,,,,,,,,,,,,,,,,,,,,,,,,,,,,,,,,,,,,,,,,,,,,,,,,,,,,,,,,,,,,,,,,,,,,,,,,,,,,,,,,,,,,,,,,,,,,,,,,,,,,,,,,,,,,,,,,,,,,,,,,,,,,,,,,,,,,,,,,,,,,,,,,,,,,,,,,,,,,,,,,,,,,,,,,,,,,,,,,,,,,,,,,,,,,,,,,,,,,,,,,,,,,,,,,,,,,,,,,,,,,,,,,,,,,,,,,,,,,,,,,,,,,,,,,,,,,,,,,,,,,,,,,,,,,,,,,,,,,,,,,,,,,,,,,,,,,,,,,,,,,,,,,,,,,,,,,,,,,,,,,,,,,,,,,,,,,,,,,,,,,,,,,,,,,,,,,,,,,,,,,,,,,,,,,,,,,,,,,,,,,,,,,,,,,,,,,,,,,,,,,,,,,,,,,,,,,,,,,,,,,,,,,,,,,,,,,,,,,,,,,,,,,,,,,,,,,,,,,,,,,,,,,,,,,,,,,,,,,,,,,,,,,,,,,,,,,,,,,,,,,,,,,,,,,,,,,,,,,,,,,,,,,,,,,,,,,,,,,,,,,,,,,,,,,,,,,,,,,,,,,,,,,,,,,,,,,,,,,,,,,,,,,,,,,,,,,,,,,,,,,,,,,,,,,,,,,,,,,,,,,,,,,,,,,,,,,,,,,,,,,,,,,,,,,,,,,,,,,,,,,,,,,,,,,,,,,,,,,,,,,,,,,,,,,,,,,,,,,,,,,,,,,,,,,,,,,,,,,,,,,,,,,,,,,,,,,,,,,,,,,,,,,,,,,,,,,,,,,,,,,,,,,,,,,,,,,,,,,,,,,,,,,,,,,,,,,,,,,,,,,,,,,,,,,,,,,,,,,,,,,,,,,,,,,,,,,,,,,,,,,,,,,,,,,,,,,,,,,,,,,,,,,,,,,,,,,,,,,,,,,,,,,,,,,,,,,,,,,,,,,,,,,,,,,,,,,,,,,,,,,,,,,,,,,,,,,,,,,,,,,,,,,,,,,,,,,,,,,,,,,,,,,,,,,,,,,,,,,,,,,,,,,,,,,,,,,,,,,,,,,,,,,,,,,,,,,,,,,
,,,,,,,,,,,,,,,,,,,,,,,,,,,,,,,,,,,,,,,,,,,,,,,,,,,,,,,,,,,,,,,,,,,,,,,,,,,,,,,,,,,,,,,,,,,,,,,,,,,,,,,,,,,,,,,,,,,,,,,,,,,,,,,,,,,,,,,,,,,,,,,,,,,,,,,,,,,,,,,,,,,,,,,,,,,,,,,,,,,,,,,,,,,,,,,,,,,,,,,,,,,,,,,,,,,,,,,,,,,,,,,,,,,,,,,,,,,,,,,,,,,,,,,,,,,,,,,,,,,,,,,,,,,,,,,,,,,,,,,,,,,,,,,,,,,,,,,,,,,,,,,,,,,,,,,,,,,,,,,,,,,,,,,,,,,,,,,,,,,,,,,,,,,,,,,,,,,,,,,,,,,,,,,,,,,,,,,,,,,,,,,,,,,,,,,,,,,,,,,,,,,,,,,,,,,,,,,,,,,,,,,,,,,,,,,,,,,,,,,,,,,,,,,,,,,,,,,,,,,,,,,,,,,,,,,,,,,,,,,,,,,,,,,,,,,,,,,,,,,,,,,,,,,,,,,,,,,,,,,,,,,,,,,,,,,,,,,,,,,,,,,,,,,,,,,,,,,,,,,,,,,,,,,,,,,,,,,,,,,,,,,,,,,,,,,,,,,,,,,,,,,,,,,,,,,,,,,,,,,,,,,,,,,,,,,,,,,,,,,,,,,,,,,,,,,,,,,,,,,,,,,,,,,,,,,,,,,,,,,,,,,,,,,,,,,,,,,,,,,,,,,,,,,,,,,,,,,,,,,,,,,,,,,,,,,,,,,,,,,,,,,,,,,,,,,,,,,,,,,,,,,,,,,,,,,,,,,,,,,,,,,,,,,,,,,,,,,,,,,,,,,,,,,,,,,,,,,,,,,,,,,,,,,,,,,,,,,,,,,,,,,,,,,,,,,,,,,,,,,,,,,,,,,,,,,,,,,,,,,,,,,,,,,,,,,,,,,,,,,,,,,,,,,,,,,,,,,,,,,,,,,,,,,,,,,,,,,,,,,,,,,,,,,,,,,,,,,,,,,,,,,,,,,,,,,,,,,,,,,,,,,,,,,,,,,,,,,,,,,,,,,,,,,,,,,,,,,,,,,,,,,,,,,,,,,,,,,,,,,,,,,,,,,,,,,,,,,,,,,,,,,,,,,,,,,,,,,,,,,,,,,,,,,,,,,,,,,,,,,,,,,,,,,,,,,,,,,,,,,,,,,,,,,,,,,,,,,,,,,,,,,,,,,,,,,,,,,,,,,,,,,,,,,,,,,,,,,,,,,,,,,,,,,,,,,,,,,,,,,,,,,,,,,,,,,,,,,,,,,,,,,,,,,,,,,,,,,,,,,,,,,,,,,,,,,,,,,,,,,,,,,,,,,,,,,,,,,,,,,,,,,,,,,,,,,,,,,,,,,,,,,,,,,,,,,,,,,,,,,,,,,,,,,,,,,,,,,,,,,,,,,,,,,,,,,,,,,,,,,,,,,,,,,,,,,,,,,,,,,,,,,,,,,,,,,,,,,,,,,,,,,,,,,,,,,,,,,,,,,,,,,,,,,,,,,,,,,,,,,,,,,,,,,,,,,,,,,,,,,,,,,,,,,,,,,,,,,,,,,,,,,,,,,,,,,,,,,,,,,,,,,,,,,,,,,,,,,,,,,,,,,,,,,,,,,,,,,,,,,,,,,,,,,,,,,,,,,,,,,,,,,,,,,,,,,,,,,,,,,,,,,,,,,,,,,,,,,,,,,,,,,,,,,,,,,,,,,,,,,,,,,,,,,,,,,,,,,,,,,,,,,,,,,,,,,,,,,,,,,,,,,,,,,,,,,,,,,,,,,,,,,,,,,,,,,,,,,,,,,,,,,,,,,,,,,,,,,,,,,,,,,,,,,,,,,,,,,,,,,,,,,,,,,,,,,,,,,,,,,,,,,,,,,,,,,,,,,,,,,,,,,,,,,,,,,,,,,,,,,,,,,,,,,,,,,,,,,,,,,,,,,,,,,,,,,,,,,,,,,,,,,,,,,,,,,,,,,,,,,,,,,,,,,,,,,,,,,,,,,,,,,,,,,,,,,,,,,,,,,,,,,,,,,,,,,,,,,,,,,,,,,,,,,,,,,,,,,,,,,,,,,,,,,,,,,,,,,,,,,,,,,,,,,,,,,,,,,,,,,,,,,,,,,,,,,,,,,,,,,,,,,,,,,,,,,,,,,,,,,,,,,,,,,,,,,,,,,,,,,,,,,,,,,
,,,,,,,,,,,,,,,,,,,,,,,,,,,,,,,,,,,,,,,,,,,,,,,,,,,,,,,,,,,,,,,,,,,,,,,,,,,,,,,,,,,,,,,,,,,,,,,,,,,,,,,,,,,,,,,,,,,,,,,,,,,,,,,,,,,,,,,,,,,,,,,,,,,,,,,,,,,,,,,,,,,,,,,,,,,,,,,,,,,,,,,,,,,,,,,,,,,,,,,,,,,,,,,,,,,,,,,,,,,,,,,,,,,,,,,,,,,,,,,,,,,,,,,,,,,,,,,,,,,,,,,,,,,,,,,,,,,,,,,,,,,,,,,,,,,,,,,,,,,,,,,,,,,,,,,,,,,,,,,,,,,,,,,,,,,,,,,,,,,,,,,,,,,,,,,,,,,,,,,,,,,,,,,,,,,,,,,,,,,,,,,,,,,,,,,,,,,,,,,,,,,,,,,,,,,,,,,,,,,,,,,,,,,,,,,,,,,,,,,,,,,,,,,,,,,,,,,,,,,,,,,,,,,,,,,,,,,,,,,,,,,,,,,,,,,,,,,,,,,,,,,,,,,,,,,,,,,,,,,,,,,,,,,,,,,,,,,,,,,,,,,,,,,,,,,,,,,,,,,,,,,,,,,,,,,,,,,,,,,,,,,,,,,,,,,,,,,,,,,,,,,,,,,,,,,,,,,,,,,,,,,,,,,,,,,,,,,,,,,,,,,,,,,,,,,,,,,,,,,,,,,,,,,,,,,,,,,,,,,,,,,,,,,,,,,,,,,,,,,,,,,,,,,,,,,,,,,,,,,,,,,,,,,,,,,,,,,,,,,,,,,,,,,,,,,,,,,,,,,,,,,,,,,,,,,,,,,,,,,,,,,,,,,,,,,,,,,,,,,,,,,,,,,,,,,,,,,,,,,,,,,,,,,,,,,,,,,,,,,,,,,,,,,,,,,,,,,,,,,,,,,,,,,,,,,,,,,,,,,,,,,,,,,,,,,,,,,,,,,,,,,,,,,,,,,,,,,,,,,,,,,,,,,,,,,,,,,,,,,,,,,,,,,,,,,,,,,,,,,,,,,,,,,,,,,,,,,,,,,,,,,,,,,,,,,,,,,,,,,,,,,,,,,,,,,,,,,,,,,,,,,,,,,,,,,,,,,,,,,,,,,,,,,,,,,,,,,,,,,,,,,,,,,,,,,,,,,,,,,,,,,,,,,,,,,,,,,,,,,,,,,,,,,,,,,,,,,,,,,,,,,,,,,,,,,,,,,,,,,,,,,,,,,,,,,,,,,,,,,,,,,,,,,,,,,,,,,,,,,,,,,,,,,,,,,,,,,,,,,,,,,,,,,,,,,,,,,,,,,,,,,,,,,,,,,,,,,,,,,,,,,,,,,,,,,,,,,,,,,,,,,,,,,,,,,,,,,,,,,,,,,,,,,,,,,,,,,,,,,,,,,,,,,,,,,,,,,,,,,,,,,,,,,,,,,,,,,,,,,,,,,,,,,,,,,,,,,,,,,,,,,,,,,,,,,,,,,,,,,,,,,,,,,,,,,,,,,,,,,,,,,,,,,,,,,,,,,,,,,,,,,,,,,,,,,,,,,,,,,,,,,,,,,,,,,,,,,,,,,,,,,,,,,,,,,,,,,,,,,,,,,,,,,,,,,,,,,,,,,,,,,,,,,,,,,,,,,,,,,,,,,,,,,,,,,,,,,,,,,,,,,,,,,,,,,,,,,,,,,,,,,,,,,,,,,,,,,,,,,,,,,,,,,,,,,,,,,,,,,,,,,,,,,,,,,,,,,,,,,,,,,,,,,,,,,,,,,,,,,,,,,,,,,,,,,,,,,,,,,,,,,,,,,,,,,,,,,,,,,,,,,,,,,,,,,,,,,,,,,,,,,,,,,,,,,,,,,,,,,,,,,,,,,,,,,,,,,,,,,,,,,,,,,,,,,,,,,,,,,,,,,,,,,,,,,,,,,,,,,,,,,,,,,,,,,,,,,,,,,,,,,,,,,,,,,,,,,,,,,,,,,,,,,,,,,,,,,,,,,,,,,,,,,,,,,,,,,,,,,,,,,,,,,,,,,,,,,,,,,,,,,,,,,,,,,,,,,,,,,,,,,,,,,,,,,,,,,,,,,,,,,,,,,,,,,,,,,,,,,,,,,,,,,,,,,,,,,,,,,,,,,,,,,,,,,,,,,,,,,,,,,,,,,,,,,,,,,,,,,,,,,,,,,,,,,,,,,,,,,,,,,,,,,,,,,,,,,,,,,,,,,,,,,
3427,3191,2371,2293,2224,2430,2297,2323,2226,2323,2297,2430,2224,2293,2371,3191,3712,3494,2475,2254,2238,2285,2292,2311,2309,2346,2303,2395,2123,2395,2479,3484,4074,3851,2697,2383,2237,2296,2277,2368,2338,2236,2301,2242,2246,2468,2754,3854,4209,3985,2807,2570,2245,2328,2268,2380,2135,2207,2374,2290,2346,2512,2881,3987,4016,3794,2685,2504,2217,2308,2312,2380,2223,2193,2277,2239,2219,2444,2663,3795,3735,3516,2549,2281,2227,2226,2298,2262,2180,2208,2141,2174,2277,2366,2406,3509,3511,3281,2268,2348,2287,2329,2313,2202,2212,2202,2206,2269,2225,2325,2356,3291,3823,3595,2388,2349,2228,2246,2183,2214,2176,2241,2307,2196,2318,2337,2493,3600,4009,3781,2647,2243,2185,2196,2258,2231,2388,2346,2341,2164,2279,2303,2692,3787,3883,3660,2562,2239,2254,2345,2284,2270,2330,2320,2299,2295,2283,2308,2627,3665,3483,3248,2445,2377,2291,2279,2375,2322,2347,2293,2215,2240,2285,2312,2433,3278,3160,2956,2274,2343,2282,2303,2354,2378,2321,2267,2133,2176,2307,2349,2297,2948,3073,2995,2864,2675,2493,2419,2611,2785,2745,2530,2235,2273,2498,2416,2465,2867,3989,3604,3790,3484,3096,3265,3340,3489,3388,3413,3520,3489,3431,3419,3271,3795,4527,4269,4088,3732,3438,3842,3838,3936,3964,3952,4025,3973,3729,3893,3855,4364,4627,4337,3994,3525,3734,4035,4092,4071,4085,4047,4153,4113,3940,3967,4039,4502,4259,4012,3823,3647,3723,3914,4042,3968,3811,3764,3949,4004,3832,3725,3853,4201,4514,4296,3425,3373,3331,3567,3729,3689,3805,3662,3431,3602,3464,3288,3174,4273,4606,4381,3341,3043,3025,3154,3342,3208,3433,3196,2989,2987,3020,3089,3278,4374,4804,4583,3484,2972,2916,2871,3016,2947,3061,2993,2831,2767,2832,3175,3383,4580,4701,4479,3372,2967,2722,2745,2772,2635,2729,2696,2759,2772,2795,3023,3192,4473,4264,4042,3022,2707,2603,2684,2834,2716,2699,2710,2733,2677,2668,2729,3043,4028,3781,3564,2756,2572,2610,2639,2820,2707,2727,2663,2523,2620,2653,2566,2925,3542,3536,3323,2560,2494,2489,2553,2622,2718,2628,2567,2497,2504,2529,2484,2562,3316,3449,3218,2334,2362,2390,2501,2641,2690,2603,2538,2333,2354,2466,2417,2603,3228,3650,3428,2427,2444,2440,2511,2472,2609,2589,2575,2492,2365,2331,2495,2542,3418,3655,3437,2745,2632,2553,2431,2409,2541,2582,2564,2555,2495,2468,2388,2483,3423,3195,3111,2990,2793,2717,2552,2574,2607,2609,2834,2781,2736,2644,2455,2671,2949,3130,3107,2885,2710,2626,2465,2513,2703,2737,2918,2818,2701,2627,2520,2643,2922,2782,2705,2801,2537,2474,2606,2495,2566,2819,2838,2636,2560,2490,2567,2512,2630,2748,2689,2688,2391,2434,2576,2490,2567,2786,2747,2570,2434,2423,2484,2552,2671,2883,2837,2603,2250,2477,2461,2229,2452,2691,2693,2590,2372,2284,2488,2557,2643,2954,3011,2820,2514,2375,2278,2271,2311,2578,2730,2724,2478,2459,2445,2645,2770,2941,2969,2760,2493,2334,2346,2408,2595,2657,2613,2646,2444,2361,2288,2559,2713,2892,2786,2520,2386,2232,2198,2328,2562,2718,2469,2445,2320,2383,2325,2464,2769,3171,2944,2474,2518,2454,2326,2306,2441,2683,2448,2320,2289,2300,2349,2355,2977,3413,3188,2546,2595,2463,2356,2439,2349,2627,2503,2514,2295,2360,2429,2401,3194,3444,3213,2497,2469,2404,2389,2444,2319,2610,2467,2420,2334,2441,2372,2245,3223,3169,2841,2451,2395,2381,2354,2373,2403,2549,2523,2323,2392,2225,2393,2505,2950,2727,2603,2496,2420,2360,2510,2604,2335,2602,2659,2314,2354,2264,2398,2432,2588,2761,2408,2463,2326,2368,2386,2449,2468,2576,2599,2242,2206,2347,2336,2301,2489,2944,2630,2491,2338,2201,2219,2360,2404,2577,2510,2384,2270,2345,2385,2206,2742,2998,2733,2377,2421,2411,2305,2347,2390,2395,2420,2393,2407,2240,2314,2292,2798,2845,2606,2153,2376,2432,2398,2330,2374,2445,2360,2391,2433,2307,2086,2277,2660,2623,2485,2326,2308,2297,2353,2400,2459,2381,2267,2284,2431,2361,2251,2464,2483,2624,2342,2330,2317,2340,2361,2239,2287,2400,2398,2370,2369,2305,2272,2391,2430,2679,2518,2330,2305,2289,2306,2354,2420,2416,2224,2204,2318,2272,2253,2188,2445,2681,2533,2303,2312,2290,2257,2406,2512,2485,2258,2377,2401,2213,2339,2325,2494,2762,2615,2337,2413,2330,2313,2397,2416,2506,2388,2315,2295,2216,2255,2339,2515,2713,2552,2319,2398,2353,2352,2320,2451,2525,2396,2363,2184,2264,2313,2362,2521,2694,2546,2327,2342,2412,2367,2473,2471,2444,2298,2302,2180,2347,2342,2357,2557,2825,2654,2380,2244,2155,2283,2281,2468,2393,2332,2334,2169,2309,2350,2293,2631,2949,2776,2373,2365,2266,2345,2489,2563,2417,2360,2348,2393,2254,2335,2343,2722,2769,2744,2469,2453,2472,2276,2396,2491,2361,2318,2476,2353,2453,2423,2265,2591,2856,2742,2409,2533,2484,2240,2340,2475,2470,2422,2320,2260,2454,2490,2207,2574,2816,2672,2359,2434,2365,2206,2315,2143,2356,2306,2217,2239,2367,2353,2334,2614,2687,2547,2374,2334,2261,2289,2353,2208,2239,2151,2227,2177,2234,2280,2351,2488,2673,2574,2334,2319,2310,2381,2286,2323,2366,2281,2269,2099,2359,2428,2320,2428,2731,2616,2242,2267,2262,2359,2262,2328,2338,2339,2310,2398,2353,2352,2316,2469,2801,2611,2261,2254,2163,2183,2357,2402,2317,2200,2404,2439,2372,2296,2253,2585,2833,2664,2292,2360,2336,2255,2275,2338,2252,2282,2357,2390,2311,2208,2257,2504,2700,2606,2325,2291,2333,2348,2350,2290,2290,2282,2234,2224,2235,2291,2298,2457,2502,2529,2375,2234,2151,2300,2401,2292,2394,2414,2352,2269,2320,2403,2247,2334,3326,3119,2468,2295,2331,2286,2292,2334,2383,2476,2394,2236,2320,2403,2303,3094,3831,3608,2480,2392,2389,2272,2241,2427,2607,2499,2322,2439,2329,2519,2590,3609,4095,3881,2855,2663,2476,2558,2734,2976,3007,2871,2523,2657,2503,2666,2898,3887,4118,3903,2999,2588,2498,2703,2852,3110,3153,2959,2532,2638,2623,2675,3024,3909,4115,3899,2891,2389,2600,2671,2803,2884,2889,2815,2528,2441,2541,2531,2874,3889,4154,3936,2887,2399,2470,2469,2554,2432,2635,2605,2239,2430,2451,2542,2860,3934,3782,3556,2586,2300,2359,2407,2386,2425,2575,2392,2390,2538,2525,2300,2661,3569,3318,3077,2319,2277,2238,2103,2332,2256,2342,1993,2365,2523,2467,2243,2381,3103,3122,2866,2395,2405,2402,2319,2342,2258,2357,2244,2396,2456,2359,2303,2256,2898,2816,2659,2458,2400,2346,2528,2401,2236,2502,2489,2493,2287,2274,2267,2235,2678,2828,2626,2418,2482,2155,2301,2358,2366,2598,2536,2394,2220,2129,2239,2379,2701,2796,2567,2366,2449,2235,2059,2274,2346,2561,2500,2357,2230,2231,2311,2356,2666,2875,2639,2296,2365,2428,2293,2102,2285,2377,2457,2424,2264,2255,2421,2313,2679,2869,2629,2336,2230,2370,2242,2202,2282,2317,2455,2436,2334,2282,2398,2350,2679,2902,2633,2438,2327,2296,2309,2357,2387,2351,2561,2499,2200,2338,2401,2318,2724,3017,2698,2468,2512,2495,2511,2471,2621,2590,2613,2594,2387,2533,2437,2176,2909,3040,2825,2580,2558,2554,2706,2677,2732,2682,2736,2526,2416,2487,2494,2377,2881,2945,2727,2452,2454,2435,2673,2592,2644,2590,2572,2290,2448,2449,2380,2365,2751,3360,3111,2498,2268,2348,2464,2366,2435,2499,2375,2500,2478,2445,2510,2360,3129,3324,3131,2485,2288,2288,2257,2377,2506,2463,2416,2484,2363,2406,2427,2416,3113,3246,3025,2320,2571,2498,2453,2393,2684,2788,2579,2653,2598,2594,2703,2720,3031,3281,3068,2367,2612,2591,2550,2410,2812,2931,2768,2713,2652,2601,2734,2747,2996,2996,2825,2500,2412,2518,2406,2414,2737,2769,2672,2635,2515,2470,2623,2647,2772,2934,2703,2424,2363,2447,2294,2428,2491,2416,2427,2331,2368,2433,2340,2472,2779,3002,2755,2426,2331,2320,2160,2414,2645,2653,2575,2446,2464,2438,2379,2439,2776,2916,2802,2517,2385,2270,2380,2633,2878,2939,2897,2556,2447,2305,2333,2536,2691,2842,2703,2442,2385,2337,2404,2529,2812,2961,2841,2470,2349,2278,2271,2407,2673,2832,2609,2304,2384,2257,2204,2444,2498,2635,2648,2255,2306,2189,2305,2340,2692,2945,2745,2244,2409,2382,2257,2375,2417,2353,2237,2299,2348,2235,2290,2396,2659,2959,2737,2353,2382,2427,2337,2386,2340,2418,2399,2349,2355,2250,2158,2339,2732,2712,2546,2296,2337,2347,2350,2443,2323,2326,2352,2394,2376,2246,2203,2263,2519,2662,2494,2279,2242,2336,2252,2381,2359,2202,2206,2415,2359,2094,2299,2476,2569,2817,2626,2181,2259,2177,2178,2344,2358,2316,2254,2309,2267,2175,2381,2489,2651,2792,2634,2413,2307,2144,2146,2139,2313,2201,2388,2296,2316,2315,2299,2367,2551,2665,2391,2358,2288,2196,2339,1891,2294,2279,2396,2380,2349,2333,2237,2277,2495,2842,2678,2303,2385,2232,2241,2123,2357,2326,2372,2375,2351,2282,2260,2247,2566,2974,2767,2394,2350,2391,2303,2141,2288,2316,2424,2464,2383,2146,2210,2067,2761,3061,2825,2361,2347,2411,2377,2202,2190,2304,2352,2363,2411,2383,2281,2370,2874,3119,2929,2272,2345,2329,2217,2316,2377,2234,2218,2329,2295,2377,2351,2385,2880,3118,2920,2408,2181,2275,2177,2191,2330,2349,2321,2161,2103,2297,2352,2266,2904,2868,2593,2330,2396,2409,2285,2309,2287,2366,2374,2158,2191,2293,2375,2211,2668,2902,2701,2239,2358,2321,2314,2336,2366,2379,2132,2130,2175,2217,2173,2284,2664,2896,2704,2152,2341,2291,2282,2307,2329,2310,2353,2280,2228,2085,1981,2109,2624,2723,2485,1832,2288,2280,2280,2272,2385,2317,2360,2322,2319,2353,2264,2138,2521,3172,2936,2222,2337,2252,2134,2158,2341,2251,2266,2218,2291,2350,2257,2213,2970,3569,3348,2342,2333,2227,2198,2048,2350,2276,2431,2307,2291,2409,2373,2420,3351,3628,3411,2375,2376,2145,2098,2066,2261,2220,2434,2385,2275,2438,2364,2438,3406,3411,3176,2373,2340,2202,2177,2140,2228,2329,2312,2186,2229,2342,2366,2335,3182,3116,2870,2315,2376,2427,2253,2226,2237,2390,2265,2344,2291,2335,2345,2343,2889,3174,2994,2277,2346,2461,2310,2257,2321,2509,2384,2318,2287,2249,2186,2313,2927,3511,3318,2569,2346,2360,2299,2230,2410,2552,2483,2407,2377,2263,2145,2427,3280,3869,3646,2606,2369,2385,2307,2338,2736,2930,2897,2425,2241,2297,2309,2639,3646,4046,3829,2622,2551,2305,2346,2455,2918,3124,3055,2432,2285,2368,2276,2798,3828,3956,3734,2568,2441,2262,2367,2490,2806,3001,2884,2350,2291,2297,2229,2682,3732,3623,3405,2357,2192,2222,2238,2361,2520,2509,2415,2106,2256,2209,2078,2416,3401,3097,2919,2286,2210,2176,2218,2233,2301,2240,2212,2214,2224,2106,2073,2281,2849,3364,3160,2274,2122,2125,2178,2368,2358,2223,2164,2174,2212,2168,2103,2231,3149,3501,3277,2283,2160,2144,2214,2325,2383,2278,2073,2071,2133,2043,2186,2253,3281,3311,3071,2210,2166,2098,2140,2203,2198,2262,2096,2055,2037,2240,2264,2062,3086,3048,2798,2257,2193,2152,2194,2118,2176,2171,2104,2017,2063,2151,2133,1961,2805,2818,2608,2223,2224,2259,1988,2003,2050,2105,2129,2065,1972,1899,2018,1980,2581,2648,2480,2196,2169,2025,1944,2102,2017,2012,1997,2006,2011,1980,1995,1930,2359,2338,2178,2152,2158,2060,2055,2045,2062,2050,2048,1990,1922,1945,2009,1911,2197,2247,2172,2094,2175,2206,2038,2057,2096,2124,1814,1873,1772,1982,1857,2053,2016,2198,2104,1954,2012,2014,1750,1987,2054,2084,2044,1895,1896,1838,1933,1773,1958
,,,,,,,,,,,,,,,,,,,,,,,,,,,,,,,,,,,,,,,,,,,,,,,,,,,,,,,,,,,,,,,,,,,,,,,,,,,,,,,,,,,,,,,,,,,,,,,,,,,,,,,,,,,,,,,,,,,,,,,,,,,,,,,,,,,,,,,,,,,,,,,,,,,,,,,,,,,,,,,,,,,,,,,,,,,,,,,,,,,,,,,,,,,,,,,,,,,,,,,,,,,,,,,,,,,,,,,,,,,,,,,,,,,,,,,,,,,,,,,,,,,,,,,,,,,,,,,,,,,,,,,,,,,,,,,,,,,,,,,,,,,,,,,,,,,,,,,,,,,,,,,,,,,,,,,,,,,,,,,,,,,,,,,,,,,,,,,,,,,,,,,,,,,,,,,,,,,,,,,,,,,,,,,,,,,,,,,,,,,,,,,,,,,,,,,,,,,,,,,,,,,,,,,,,,,,,,,,,,,,,,,,,,,,,,,,,,,,,,,,,,,,,,,,,,,,,,,,,,,,,,,,,,,,,,,,,,,,,,,,,,,,,,,,,,,,,,,,,,,,,,,,,,,,,,,,,,,,,,,,,,,,,,,,,,,,,,,,,,,,,,,,,,,,,,,,,,,,,,,,,,,,,,,,,,,,,,,,,,,,,,,,,,,,,,,,,,,,,,,,,,,,,,,,,,,,,,,,,,,,,,,,,,,,,,,,,,,,,,,,,,,,,,,,,,,,,,,,,,,,,,,,,,,,,,,,,,,,,,,,,,,,,,,,,,,,,,,,,,,,,,,,,,,,,,,,,,,,,,,,,,,,,,,,,,,,,,,,,,,,,,,,,,,,,,,,,,,,,,,,,,,,,,,,,,,,,,,,,,,,,,,,,,,,,,,,,,,,,,,,,,,,,,,,,,,,,,,,,,,,,,,,,,,,,,,,,,,,,,,,,,,,,,,,,,,,,,,,,,,,,,,,,,,,,,,,,,,,,,,,,,,,,,,,,,,,,,,,,,,,,,,,,,,,,,,,,,,,,,,,,,,,,,,,,,,,,,,,,,,,,,,,,,,,,,,,,,,,,,,,,,,,,,,,,,,,,,,,,,,,,,,,,,,,,,,,,,,,,,,,,,,,,,,,,,,,,,,,,,,,,,,,,,,,,,,,,,,,,,,,,,,,,,,,,,,,,,,,,,,,,,,,,,,,,,,,,,,,,,,,,,,,,,,,,,,,,,,,,,,,,,,,,,,,,,,,,,,,,,,,,,,,,,,,,,,,,,,,,,,,,,,,,,,,,,,,,,,,,,,,,,,,,,,,,,,,,,,,,,,,,,,,,,,,,,,,,,,,,,,,,,,,,,,,,,,,,,,,,,,,,,,,,,,,,,,,,,,,,,,,,,,,,,,,,,,,,,,,,,,,,,,,,,,,,,,,,,,,,,,,,,,,,,,,,,,,,,,,,,,,,,,,,,,,,,,,,,,,,,,,,,,,,,,,,,,,,,,,,,,,,,,,,,,,,,,,,,,,,,,,,,,,,,,,,,,,,,,,,,,,,,,,,,,,,,,,,,,,,,,,,,,,,,,,,,,,,,,,,,,,,,,,,,,,,,,,,,,,,,,,,,,,,,,,,,,,,,,,,,,,,,,,,,,,,,,,,,,,,,,,,,,,,,,,,,,,,,,,,,,,,,,,,,,,,,,,,,,,,,,,,,,,,,,,,,,,,,,,,,,,,,,,,,,,,,,,,,,,,,,,,,,,,,,,,,,,,,,,,,,,,,,,,,,,,,,,,,,,,,,,,,,,,,,,,,,,,,,,,,,,,,,,,,,,,,,,,,,,,,,,,,,,,,,,,,,,,,,,,,,,,,,,,,,,,,,,,,,,,,,,,,,,,,,,,,,,,,,,,,,,,,,,,,,,,,,,,,,,,,,,,,,,,,,,,,,,,,,,,,,,,,,,,,,,,,,,,,,,,,,,,,,,,,,,,,,,,,,,,,,,,,,,,,,,,,,,,,,,,,,,,,,,,,,,,,,,,,,,,,,,,,,,,,,,,,,,,,,,,,,,,,,,,,,,,,,,,,,,,,,,,,,,,,,,,,,,,,,,,,,,,,,,,,,,,,,,,,,,,,,,,,,,,,,,,,,,,,,,,,,,,,,,,,,,,,,,,,,,,,,,,,,,,,,,,,,,,,,,,,,,,,,,,,,,,,,,,,,,,,,,,,,,,,,,,,,,,,,,,,,,,,,,,,,,,,,,,,,,,,,,,,,,,,,,,,,,,,,,,,,,,,,,,,,
,,,,,,,,,,,,,,,,,,,,,,,,,,,,,,,,,,,,,,,,,,,,,,,,,,,,,,,,,,,,,,,,,,,,,,,,,,,,,,,,,,,,,,,,,,,,,,,,,,,,,,,,,,,,,,,,,,,,,,,,,,,,,,,,,,,,,,,,,,,,,,,,,,,,,,,,,,,,,,,,,,,,,,,,,,,,,,,,,,,,,,,,,,,,,,,,,,,,,,,,,,,,,,,,,,,,,,,,,,,,,,,,,,,,,,,,,,,,,,,,,,,,,,,,,,,,,,,,,,,,,,,,,,,,,,,,,,,,,,,,,,,,,,,,,,,,,,,,,,,,,,,,,,,,,,,,,,,,,,,,,,,,,,,,,,,,,,,,,,,,,,,,,,,,,,,,,,,,,,,,,,,,,,,,,,,,,,,,,,,,,,,,,,,,,,,,,,,,,,,,,,,,,,,,,,,,,,,,,,,,,,,,,,,,,,,,,,,,,,,,,,,,,,,,,,,,,,,,,,,,,,,,,,,,,,,,,,,,,,,,,,,,,,,,,,,,,,,,,,,,,,,,,,,,,,,,,,,,,,,,,,,,,,,,,,,,,,,,,,,,,,,,,,,,,,,,,,,,,,,,,,,,,,,,,,,,,,,,,,,,,,,,,,,,,,,,,,,,,,,,,,,,,,,,,,,,,,,,,,,,,,,,,,,,,,,,,,,,,,,,,,,,,,,,,,,,,,,,,,,,,,,,,,,,,,,,,,,,,,,,,,,,,,,,,,,,,,,,,,,,,,,,,,,,,,,,,,,,,,,,,,,,,,,,,,,,,,,,,,,,,,,,,,,,,,,,,,,,,,,,,,,,,,,,,,,,,,,,,,,,,,,,,,,,,,,,,,,,,,,,,,,,,,,,,,,,,,,,,,,,,,,,,,,,,,,,,,,,,,,,,,,,,,,,,,,,,,,,,,,,,,,,,,,,,,,,,,,,,,,,,,,,,,,,,,,,,,,,,,,,,,,,,,,,,,,,,,,,,,,,,,,,,,,,,,,,,,,,,,,,,,,,,,,,,,,,,,,,,,,,,,,,,,,,,,,,,,,,,,,,,,,,,,,,,,,,,,,,,,,,,,,,,,,,,,,,,,,,,,,,,,,,,,,,,,,,,,,,,,,,,,,,,,,,,,,,,,,,,,,,,,,,,,,,,,,,,,,,,,,,,,,,,,,,,,,,,,,,,,,,,,,,,,,,,,,,,,,,,,,,,,,,,,,,,,,,,,,,,,,,,,,,,,,,,,,,,,,,,,,,,,,,,,,,,,,,,,,,,,,,,,,,,,,,,,,,,,,,,,,,,,,,,,,,,,,,,,,,,,,,,,,,,,,,,,,,,,,,,,,,,,,,,,,,,,,,,,,,,,,,,,,,,,,,,,,,,,,,,,,,,,,,,,,,,,,,,,,,,,,,,,,,,,,,,,,,,,,,,,,,,,,,,,,,,,,,,,,,,,,,,,,,,,,,,,,,,,,,,,,,,,,,,,,,,,,,,,,,,,,,,,,,,,,,,,,,,,,,,,,,,,,,,,,,,,,,,,,,,,,,,,,,,,,,,,,,,,,,,,,,,,,,,,,,,,,,,,,,,,,,,,,,,,,,,,,,,,,,,,,,,,,,,,,,,,,,,,,,,,,,,,,,,,,,,,,,,,,,,,,,,,,,,,,,,,,,,,,,,,,,,,,,,,,,,,,,,,,,,,,,,,,,,,,,,,,,,,,,,,,,,,,,,,,,,,,,,,,,,,,,,,,,,,,,,,,,,,,,,,,,,,,,,,,,,,,,,,,,,,,,,,,,,,,,,,,,,,,,,,,,,,,,,,,,,,,,,,,,,,,,,,,,,,,,,,,,,,,,,,,,,,,,,,,,,,,,,,,,,,,,,,,,,,,,,,,,,,,,,,,,,,,,,,,,,,,,,,,,,,,,,,,,,,,,,,,,,,,,,,,,,,,,,,,,,,,,,,,,,,,,,,,,,,,,,,,,,,,,,,,,,,,,,,,,,,,,,,,,,,,,,,,,,,,,,,,,,,,,,,,,,,,,,,,,,,,,,,,,,,,,,,,,,,,,,,,,,,,,,,,,,,,,,,,,,,,,,,,,,,,,,,,,,,,,,,,,,,,,,,,,,,,,,,,,,,,,,,,,,,,,,,,,,,,,,,,,,,,,,,,,,,,,,,,,,,,,,,,,,,,,,,,,,,,,,,,,,,,,,,,,,,,,,,,,,,,,,,,,,,,,,,,,,,,
,,,,,,,,,,,,,,,,,,,,,,,,,,,,,,,,,,,,,,,,,,,,,,,,,,,,,,,,,,,,,,,,,,,,,,,,,,,,,,,,,,,,,,,,,,,,,,,,,,,,,,,,,,,,,,,,,,,,,,,,,,,,,,,,,,,,,,,,,,,,,,,,,,,,,,,,,,,,,,,,,,,,,,,,,,,,,,,,,,,,,,,,,,,,,,,,,,,,,,,,,,,,,,,,,,,,,,,,,,,,,,,,,,,,,,,,,,,,,,,,,,,,,,,,,,,,,,,,,,,,,,,,,,,,,,,,,,,,,,,,,,,,,,,,,,,,,,,,,,,,,,,,,,,,,,,,,,,,,,,,,,,,,,,,,,,,,,,,,,,,,,,,,,,,,,,,,,,,,,,,,,,,,,,,,,,,,,,,,,,,,,,,,,,,,,,,,,,,,,,,,,,,,,,,,,,,,,,,,,,,,,,,,,,,,,,,,,,,,,,,,,,,,,,,,,,,,,,,,,,,,,,,,,,,,,,,,,,,,,,,,,,,,,,,,,,,,,,,,,,,,,,,,,,,,,,,,,,,,,,,,,,,,,,,,,,,,,,,,,,,,,,,,,,,,,,,,,,,,,,,,,,,,,,,,,,,,,,,,,,,,,,,,,,,,,,,,,,,,,,,,,,,,,,,,,,,,,,,,,,,,,,,,,,,,,,,,,,,,,,,,,,,,,,,,,,,,,,,,,,,,,,,,,,,,,,,,,,,,,,,,,,,,,,,,,,,,,,,,,,,,,,,,,,,,,,,,,,,,,,,,,,,,,,,,,,,,,,,,,,,,,,,,,,,,,,,,,,,,,,,,,,,,,,,,,,,,,,,,,,,,,,,,,,,,,,,,,,,,,,,,,,,,,,,,,,,,,,,,,,,,,,,,,,,,,,,,,,,,,,,,,,,,,,,,,,,,,,,,,,,,,,,,,,,,,,,,,,,,,,,,,,,,,,,,,,,,,,,,,,,,,,,,,,,,,,,,,,,,,,,,,,,,,,,,,,,,,,,,,,,,,,,,,,,,,,,,,,,,,,,,,,,,,,,,,,,,,,,,,,,,,,,,,,,,,,,,,,,,,,,,,,,,,,,,,,,,,,,,,,,,,,,,,,,,,,,,,,,,,,,,,,,,,,,,,,,,,,,,,,,,,,,,,,,,,,,,,,,,,,,,,,,,,,,,,,,,,,,,,,,,,,,,,,,,,,,,,,,,,,,,,,,,,,,,,,,,,,,,,,,,,,,,,,,,,,,,,,,,,,,,,,,,,,,,,,,,,,,,,,,,,,,,,,,,,,,,,,,,,,,,,,,,,,,,,,,,,,,,,,,,,,,,,,,,,,,,,,,,,,,,,,,,,,,,,,,,,,,,,,,,,,,,,,,,,,,,,,,,,,,,,,,,,,,,,,,,,,,,,,,,,,,,,,,,,,,,,,,,,,,,,,,,,,,,,,,,,,,,,,,,,,,,,,,,,,,,,,,,,,,,,,,,,,,,,,,,,,,,,,,,,,,,,,,,,,,,,,,,,,,,,,,,,,,,,,,,,,,,,,,,,,,,,,,,,,,,,,,,,,,,,,,,,,,,,,,,,,,,,,,,,,,,,,,,,,,,,,,,,,,,,,,,,,,,,,,,,,,,,,,,,,,,,,,,,,,,,,,,,,,,,,,,,,,,,,,,,,,,,,,,,,,,,,,,,,,,,,,,,,,,,,,,,,,,,,,,,,,,,,,,,,,,,,,,,,,,,,,,,,,,,,,,,,,,,,,,,,,,,,,,,,,,,,,,,,,,,,,,,,,,,,,,,,,,,,,,,,,,,,,,,,,,,,,,,,,,,,,,,,,,,,,,,,,,,,,,,,,,,,,,,,,,,,,,,,,,,,,,,,,,,,,,,,,,,,,,,,,,,,,,,,,,,,,,,,,,,,,,,,,,,,,,,,,,,,,,,,,,,,,,,,,,,,,,,,,,,,,,,,,,,,,,,,,,,,,,,,,,,,,,,,,,,,,,,,,,,,,,,,,,,,,,,,,,,,,,,,,,,,,,,,,,,,,,,,,,,,,,,,,,,,,,,,,,,,,,,,,,,,,,,,,,,,,,,,,,,,,,,,,,,,,,,,,,,,,,,,,,,,,,,,,,,,,,,,,,,,,,,,,,,,,,,,,,,,,,,,,,,,,,,,,,,,,,,,,,,,,,,,,,,,,,,,,,,,,,,,,,,,,,,,,,,,,,,,,,,,,,,,,,,,,,,,
,,,,,,,,,,,,,,,,,,,,,,,,,,,,,,,,,,,,,,,,,,,,,,,,,,,,,,,,,,,,,,,,,,,,,,,,,,,,,,,,,,,,,,,,,,,,,,,,,,,,,,,,,,,,,,,,,,,,,,,,,,,,,,,,,,,,,,,,,,,,,,,,,,,,,,,,,,,,,,,,,,,,,,,,,,,,,,,,,,,,,,,,,,,,,,,,,,,,,,,,,,,,,,,,,,,,,,,,,,,,,,,,,,,,,,,,,,,,,,,,,,,,,,,,,,,,,,,,,,,,,,,,,,,,,,,,,,,,,,,,,,,,,,,,,,,,,,,,,,,,,,,,,,,,,,,,,,,,,,,,,,,,,,,,,,,,,,,,,,,,,,,,,,,,,,,,,,,,,,,,,,,,,,,,,,,,,,,,,,,,,,,,,,,,,,,,,,,,,,,,,,,,,,,,,,,,,,,,,,,,,,,,,,,,,,,,,,,,,,,,,,,,,,,,,,,,,,,,,,,,,,,,,,,,,,,,,,,,,,,,,,,,,,,,,,,,,,,,,,,,,,,,,,,,,,,,,,,,,,,,,,,,,,,,,,,,,,,,,,,,,,,,,,,,,,,,,,,,,,,,,,,,,,,,,,,,,,,,,,,,,,,,,,,,,,,,,,,,,,,,,,,,,,,,,,,,,,,,,,,,,,,,,,,,,,,,,,,,,,,,,,,,,,,,,,,,,,,,,,,,,,,,,,,,,,,,,,,,,,,,,,,,,,,,,,,,,,,,,,,,,,,,,,,,,,,,,,,,,,,,,,,,,,,,,,,,,,,,,,,,,,,,,,,,,,,,,,,,,,,,,,,,,,,,,,,,,,,,,,,,,,,,,,,,,,,,,,,,,,,,,,,,,,,,,,,,,,,,,,,,,,,,,,,,,,,,,,,,,,,,,,,,,,,,,,,,,,,,,,,,,,,,,,,,,,,,,,,,,,,,,,,,,,,,,,,,,,,,,,,,,,,,,,,,,,,,,,,,,,,,,,,,,,,,,,,,,,,,,,,,,,,,,,,,,,,,,,,,,,,,,,,,,,,,,,,,,,,,,,,,,,,,,,,,,,,,,,,,,,,,,,,,,,,,,,,,,,,,,,,,,,,,,,,,,,,,,,,,,,,,,,,,,,,,,,,,,,,,,,,,,,,,,,,,,,,,,,,,,,,,,,,,,,,,,,,,,,,,,,,,,,,,,,,,,,,,,,,,,,,,,,,,,,,,,,,,,,,,,,,,,,,,,,,,,,,,,,,,,,,,,,,,,,,,,,,,,,,,,,,,,,,,,,,,,,,,,,,,,,,,,,,,,,,,,,,,,,,,,,,,,,,,,,,,,,,,,,,,,,,,,,,,,,,,,,,,,,,,,,,,,,,,,,,,,,,,,,,,,,,,,,,,,,,,,,,,,,,,,,,,,,,,,,,,,,,,,,,,,,,,,,,,,,,,,,,,,,,,,,,,,,,,,,,,,,,,,,,,,,,,,,,,,,,,,,,,,,,,,,,,,,,,,,,,,,,,,,,,,,,,,,,,,,,,,,,,,,,,,,,,,,,,,,,,,,,,,,,,,,,,,,,,,,,,,,,,,,,,,,,,,,,,,,,,,,,,,,,,,,,,,,,,,,,,,,,,,,,,,,,,,,,,,,,,,,,,,,,,,,,,,,,,,,,,,,,,,,,,,,,,,,,,,,,,,,,,,,,,,,,,,,,,,,,,,,,,,,,,,,,,,,,,,,,,,,,,,,,,,,,,,,,,,,,,,,,,,,,,,,,,,,,,,,,,,,,,,,,,,,,,,,,,,,,,,,,,,,,,,,,,,,,,,,,,,,,,,,,,,,,,,,,,,,,,,,,,,,,,,,,,,,,,,,,,,,,,,,,,,,,,,,,,,,,,,,,,,,,,,,,,,,,,,,,,,,,,,,,,,,,,,,,,,,,,,,,,,,,,,,,,,,,,,,,,,,,,,,,,,,,,,,,,,,,,,,,,,,,,,,,,,,,,,,,,,,,,,,,,,,,,,,,,,,,,,,,,,,,,,,,,,,,,,,,,,,,,,,,,,,,,,,,,,,,,,,,,,,,,,,,,,,,,,,,,,,,,,,,,,,,,,,,,,,,,,,,,,,,,,,,,,,,,,,,,,,,,,,,,,,,,,,,,,,,,,,,,,,,,,,,,,,,,,,,,,,,,,,,,,,,,,,,,,,,,,,,,,,,,,,,,,,,,,,,,,,,,,,,,,,,,,,,,,,,
,,,,,,,,,,,,,,,,,,,,,,,,,,,,,,,,,,,,,,,,,,,,,,,,,,,,,,,,,,,,,,,,,,,,,,,,,,,,,,,,,,,,,,,,,,,,,,,,,,,,,,,,,,,,,,,,,,,,,,,,,,,,,,,,,,,,,,,,,,,,,,,,,,,,,,,,,,,,,,,,,,,,,,,,,,,,,,,,,,,,,,,,,,,,,,,,,,,,,,,,,,,,,,,,,,,,,,,,,,,,,,,,,,,,,,,,,,,,,,,,,,,,,,,,,,,,,,,,,,,,,,,,,,,,,,,,,,,,,,,,,,,,,,,,,,,,,,,,,,,,,,,,,,,,,,,,,,,,,,,,,,,,,,,,,,,,,,,,,,,,,,,,,,,,,,,,,,,,,,,,,,,,,,,,,,,,,,,,,,,,,,,,,,,,,,,,,,,,,,,,,,,,,,,,,,,,,,,,,,,,,,,,,,,,,,,,,,,,,,,,,,,,,,,,,,,,,,,,,,,,,,,,,,,,,,,,,,,,,,,,,,,,,,,,,,,,,,,,,,,,,,,,,,,,,,,,,,,,,,,,,,,,,,,,,,,,,,,,,,,,,,,,,,,,,,,,,,,,,,,,,,,,,,,,,,,,,,,,,,,,,,,,,,,,,,,,,,,,,,,,,,,,,,,,,,,,,,,,,,,,,,,,,,,,,,,,,,,,,,,,,,,,,,,,,,,,,,,,,,,,,,,,,,,,,,,,,,,,,,,,,,,,,,,,,,,,,,,,,,,,,,,,,,,,,,,,,,,,,,,,,,,,,,,,,,,,,,,,,,,,,,,,,,,,,,,,,,,,,,,,,,,,,,,,,,,,,,,,,,,,,,,,,,,,,,,,,,,,,,,,,,,,,,,,,,,,,,,,,,,,,,,,,,,,,,,,,,,,,,,,,,,,,,,,,,,,,,,,,,,,,,,,,,,,,,,,,,,,,,,,,,,,,,,,,,,,,,,,,,,,,,,,,,,,,,,,,,,,,,,,,,,,,,,,,,,,,,,,,,,,,,,,,,,,,,,,,,,,,,,,,,,,,,,,,,,,,,,,,,,,,,,,,,,,,,,,,,,,,,,,,,,,,,,,,,,,,,,,,,,,,,,,,,,,,,,,,,,,,,,,,,,,,,,,,,,,,,,,,,,,,,,,,,,,,,,,,,,,,,,,,,,,,,,,,,,,,,,,,,,,,,,,,,,,,,,,,,,,,,,,,,,,,,,,,,,,,,,,,,,,,,,,,,,,,,,,,,,,,,,,,,,,,,,,,,,,,,,,,,,,,,,,,,,,,,,,,,,,,,,,,,,,,,,,,,,,,,,,,,,,,,,,,,,,,,,,,,,,,,,,,,,,,,,,,,,,,,,,,,,,,,,,,,,,,,,,,,,,,,,,,,,,,,,,,,,,,,,,,,,,,,,,,,,,,,,,,,,,,,,,,,,,,,,,,,,,,,,,,,,,,,,,,,,,,,,,,,,,,,,,,,,,,,,,,,,,,,,,,,,,,,,,,,,,,,,,,,,,,,,,,,,,,,,,,,,,,,,,,,,,,,,,,,,,,,,,,,,,,,,,,,,,,,,,,,,,,,,,,,,,,,,,,,,,,,,,,,,,,,,,,,,,,,,,,,,,,,,,,,,,,,,,,,,,,,,,,,,,,,,,,,,,,,,,,,,,,,,,,,,,,,,,,,,,,,,,,,,,,,,,,,,,,,,,,,,,,,,,,,,,,,,,,,,,,,,,,,,,,,,,,,,,,,,,,,,,,,,,,,,,,,,,,,,,,,,,,,,,,,,,,,,,,,,,,,,,,,,,,,,,,,,,,,,,,,,,,,,,,,,,,,,,,,,,,,,,,,,,,,,,,,,,,,,,,,,,,,,,,,,,,,,,,,,,,,,,,,,,,,,,,,,,,,,,,,,,,,,,,,,,,,,,,,,,,,,,,,,,,,,,,,,,,,,,,,,,,,,,,,,,,,,,,,,,,,,,,,,,,,,,,,,,,,,,,,,,,,,,,,,,,,,,,,,,,,,,,,,,,,,,,,,,,,,,,,,,,,,,,,,,,,,,,,,,,,,,,,,,,,,,,,,,,,,,,,,,,,,,,,,,,,,,,,,,,,,,,,,,,,,,,,,,,,,,,,,,,,,,,,,,,,,,,,,,,,,,,,,,,,,,,,,,,,,,,,,,,,,,,,,,,,,,,,,,,,,,,,,,,,,,,,,,,,,,,,,,,,,,,,,,,,,,,,,
3436,3181,2438,2380,2296,2258,2261,2267,2289,2266,2261,2258,2296,2380,2438,3181,3708,3472,2482,2300,2333,2383,2362,2357,2294,2306,2293,2173,2377,2397,2493,3495,4074,3850,2754,2437,2379,2354,2391,2314,2117,2351,2244,2144,2348,2460,2680,3854,4209,3988,2915,2465,2444,2333,2342,2281,2228,2244,2154,2180,2369,2584,2807,3985,4016,3798,2761,2392,2334,2347,2253,2353,2181,2224,2170,2258,2165,2402,2694,3793,3742,3523,2466,2295,2254,2269,2208,2319,2225,2294,2356,2344,2121,2268,2509,3513,3516,3294,2318,2249,2256,2155,2185,2277,2308,2305,2198,2207,2143,2075,2366,3296,3824,3594,2391,2442,2363,2314,2310,2252,2221,2305,2183,2255,2152,2176,2513,3597,4011,3780,2540,2519,2384,2393,2388,2303,2229,2225,2143,2223,2219,2252,2697,3789,3883,3659,2418,2458,2452,2387,2324,2178,2261,2298,2324,2350,2348,2204,2574,3664,3478,3250,2356,2391,2375,2351,2276,2234,2334,2227,2249,2252,2376,2281,2299,3253,3177,2984,2296,2167,2211,2266,2259,2321,2373,2359,2218,2296,2280,2274,2360,2936,3170,3013,2689,2525,2500,2107,2421,2604,2562,2518,2501,2299,2224,2538,2803,3059,3887,3560,3748,3020,3479,3373,3300,3540,3687,3656,3394,3427,3588,3465,3441,3699,4496,4239,4104,3776,3892,3892,3863,4138,4257,4212,3940,3743,3997,3999,4178,4376,4615,4403,4075,3991,3940,4078,4126,4361,4422,4352,4110,3371,3956,4179,4399,4532,4396,4127,3810,3874,3751,4028,4149,4303,4278,4161,3947,3610,3844,4088,4268,4400,4543,4306,3417,3600,3533,3746,3937,4007,3912,3710,3427,3329,3650,3728,3891,4378,4608,4385,3283,3197,3175,3329,3534,3591,3487,3221,2966,2689,3180,3172,3541,4379,4804,4582,3455,3050,2991,3074,3135,3235,3203,2961,2640,2682,2963,3061,3404,4586,4703,4478,3358,2963,2784,2781,2823,2820,2809,2752,2560,2721,2840,2958,3406,4482,4268,4042,2981,2653,2510,2772,2754,2741,2770,2812,2755,2761,2819,2947,3109,4048,3781,3553,2523,2558,2671,2797,2698,2790,2832,2818,2735,2713,2782,2860,2846,3558,3578,3382,2585,2249,2524,2697,2669,2698,2724,2613,2525,2518,2637,2540,2578,3359,3462,3258,2490,2210,2369,2671,2735,2599,2485,2224,2220,2426,2554,2592,2637,3212,3665,3443,2155,2420,2362,2613,2685,2652,2547,2371,2207,2394,2458,2487,2541,3436,3662,3434,2516,2469,2405,2546,2614,2499,2620,2565,2408,2495,2659,2659,2686,3442,3278,3083,2878,2654,2872,2959,2780,2725,3007,2955,2762,2835,2827,2856,2862,3072,3157,3111,2898,2794,2995,3017,2762,2875,3072,2976,2886,2907,2929,2939,2939,2963,2926,2871,2714,2769,2879,2828,2661,2838,2876,2869,2810,2771,2745,2724,2653,2719,2728,2660,2389,2537,2567,2619,2651,2813,2838,2748,2713,2617,2614,2501,2441,2654,2870,2764,2511,2428,2440,2538,2578,2729,2815,2727,2751,2617,2575,2346,2342,2567,2987,2898,2747,2527,2622,2501,2462,2681,2806,2824,2766,2556,2375,2515,2598,2800,3024,2916,2705,2622,2685,2594,2403,2710,2764,2719,2614,2456,2414,2444,2619,2820,3055,2805,2394,2413,2531,2501,2133,2600,2662,2535,2441,2434,2490,2506,2327,2775,3211,3023,2547,2458,2291,2349,2401,2486,2606,2616,2447,2483,2341,2498,2381,2974,3394,3159,2579,2454,2326,2440,2511,2542,2621,2573,2566,2471,2198,2284,2452,3182,3432,3189,2458,2436,2380,2392,2396,2551,2603,2587,2500,2396,2222,2268,2303,3226,3175,2910,2436,2376,2303,2254,2378,2535,2549,2443,2405,2318,2351,2427,2414,2970,2713,2608,2424,2489,2495,2423,2425,2548,2740,2641,2579,2464,2429,2469,2493,2593,2880,2772,2362,2499,2496,2500,2436,2512,2644,2546,2608,2436,2357,2393,2400,2729,2979,2710,2422,2410,2402,2449,2275,2453,2507,2336,2459,2393,2379,2364,2245,2775,2925,2717,2320,2372,2316,2412,2342,2434,2404,2407,2423,2321,2325,2374,2263,2679,2750,2654,2227,2296,2189,2353,2161,2450,2425,2494,2455,2272,2283,2226,2363,2518,2523,2256,2249,2298,2313,2266,2311,2372,2491,2486,2320,2175,2198,2240,2281,2523,2515,2342,2371,2388,2347,2295,2368,2342,2425,2166,2320,2301,2178,2339,2276,2383,2600,2470,2348,2373,2359,2320,2339,2367,2368,2308,2323,2273,2307,2218,2122,2490,2610,2438,2340,2380,2197,2285,2407,2485,2467,2372,2373,2323,2375,2300,2186,2408,2822,2633,2377,2326,2262,2173,2279,2519,2547,2186,2364,2388,2416,2273,2232,2627,2782,2570,2332,2219,2186,2130,2164,2565,2643,2403,2416,2370,2384,2217,2220,2594,2743,2564,2269,2264,2237,2061,2352,2581,2568,2371,2370,2201,2295,2375,2342,2497,2862,2601,2350,2267,2295,2132,2427,2430,2432,2394,2320,2211,2379,2293,2303,2690,3006,2779,2385,2118,2410,2293,2420,2419,2334,2390,2333,2303,2361,2335,2225,2803,2877,2646,2430,2331,2384,2353,2502,2383,2408,2297,2318,2346,2241,2340,2326,2727,2808,2471,2288,2356,2339,2372,2445,2420,2405,2403,2324,2181,1973,2150,2147,2632,2735,2381,2191,2389,2428,2339,2394,2366,2292,2335,2445,2446,2307,2195,2348,2546,2564,2420,2300,2463,2442,2369,2338,2264,2387,2443,2450,2490,2378,2140,2392,2330,2682,2496,2093,2264,2432,2322,2266,2300,2339,2368,2313,2424,2393,2301,2211,2474,2663,2528,2311,2271,2364,2364,2373,2402,2301,2121,2348,2212,2301,2378,2369,2445,2827,2660,2277,2234,2242,2297,2328,2296,2263,2201,2305,2454,2414,2307,2323,2628,2804,2615,2122,2099,2090,2223,2196,2250,2203,2232,2256,2409,2415,2223,2210,2586,2701,2546,2199,2307,2187,2286,2199,2215,2181,2275,2292,2348,2441,2306,2227,2459,2503,2282,2262,2303,2384,2213,2311,2283,2343,2411,2445,2389,2368,2423,2335,2461,3332,3107,2386,2325,2402,2344,2310,2261,2163,2419,2453,2457,2428,2498,2471,3130,3841,3632,2650,2232,2311,2371,2349,2421,2493,2348,2326,2414,2474,2316,2655,3615,4099,3889,2992,2590,2487,2713,2834,2956,2970,2624,2497,2437,2630,2613,2967,3883,4121,3903,2903,2613,2521,2933,3058,3138,3101,2799,2400,2595,2612,2744,3090,3914,4110,3881,2700,2631,2626,2796,2963,3013,3030,2860,2531,2485,2633,2661,2985,3896,4153,3927,2822,2631,2601,2521,2649,2680,2796,2733,2608,2466,2568,2545,2840,3933,3775,3553,2558,2551,2524,2601,2365,2373,2522,2476,2526,2649,2645,2330,2447,3553,3311,3121,2520,2338,2402,2475,2329,2389,2433,2386,2265,2486,2502,2282,2387,3052,3151,2936,2381,2248,2386,2374,2261,2306,2360,2376,2234,2395,2414,2352,2306,2950,2839,2659,2389,2375,2343,2275,2332,2316,2420,2435,2321,2386,2254,2311,2235,2586,2860,2642,2325,2347,2282,2218,2283,2297,2489,2453,2365,2316,2461,2377,2334,2508,2767,2539,2334,2289,2212,2197,2316,2292,2520,2546,2444,2216,2253,2376,2347,2545,2892,2730,2281,2199,2339,2393,2371,2357,2448,2490,2453,2435,2272,2323,2302,2655,3009,2862,2136,2123,2315,2351,2411,2408,2188,2258,2303,2421,2254,2222,2276,2758,3009,2837,2364,2234,2389,2329,2460,2335,2309,2244,2268,2372,2247,2314,2357,2768,3031,2850,2486,2281,2383,2350,2478,2619,2713,2560,2185,2429,2336,2266,2366,2781,2894,2839,2592,2345,2188,2472,2677,2808,2844,2718,2274,2442,2311,2485,2460,2710,3017,2863,2728,2384,2164,2382,2613,2685,2658,2506,2305,2461,2401,2311,2474,2757,3345,3123,2580,2366,2311,2403,2390,2651,2664,2511,2289,2460,2472,2414,2457,3133,3277,3071,2473,2355,2211,2377,2473,2309,2486,2500,2192,2381,2404,2445,2431,3087,3203,3035,2695,2619,2458,2514,2597,2556,2676,2778,2659,2494,2607,2433,2599,3016,3263,3034,2653,2769,2601,2635,2772,2731,2728,2845,2752,2603,2597,2587,2706,3066,3067,2805,2609,2590,2507,2502,2637,2658,2784,2812,2630,2419,2362,2418,2573,2931,3112,3000,2528,2380,2345,2412,2449,2502,2593,2509,2521,2308,2189,2357,2427,2792,3102,3005,2606,2356,2213,2254,2489,2405,2642,2523,2305,2238,2231,2318,2289,2791,2922,2806,2500,2336,2241,2305,2445,2653,2666,2522,2368,2278,2437,2356,2173,2610,3050,2903,2502,2195,2407,2478,2431,2750,2736,2638,2491,2309,2361,2362,2073,2781,2849,2624,2430,2238,2365,2458,2405,2580,2605,2519,2351,2287,2285,2416,2341,2622,2855,2688,2349,2223,2260,2195,2374,2246,2362,2278,2147,2157,2279,2368,2327,2595,2939,2776,2363,2226,2284,2229,2328,2337,2139,2152,2316,2175,2229,2279,2332,2613,2728,2569,2292,2350,2404,2275,2275,2224,2160,2465,2343,2322,2331,2248,2333,2437,2371,2356,2385,2339,2284,2398,2261,2229,2155,2320,2289,2340,2355,2221,2326,2443,2728,2631,2308,2320,2388,2464,2331,2234,2360,2318,2242,2321,2220,2285,2337,2514,2699,2596,2334,2239,2215,2343,2335,2371,2446,2290,2281,2284,2307,2275,2328,2399,2665,2627,2439,2329,2346,2431,2443,2442,2431,2423,2199,2234,2314,2309,2335,2369,2795,2712,2454,2298,2383,2431,2405,2442,2429,2434,2370,2271,2266,2265,2192,2507,2936,2753,2404,2191,2266,2384,2141,2168,2296,2413,2403,2246,2247,2370,2244,2704,3067,2877,2351,2353,2202,2393,2313,2190,2230,2229,2212,2250,2296,2269,2297,2813,3133,2874,2295,2383,2348,2389,2257,2159,2136,2283,2164,2198,2357,2304,2286,2926,3080,2880,2231,2412,2417,2437,2295,2323,2328,2353,2242,2245,2265,2292,2252,2859,2885,2713,2346,2290,2379,2425,2408,2275,2355,2423,2385,2155,2194,2290,2265,2632,2939,2706,2158,2004,2352,2476,2416,2295,2293,2283,2257,2156,2169,2222,2202,2726,2956,2742,2193,2156,2394,2367,2326,2387,2378,2302,2239,2145,2288,2363,2235,2727,2769,2661,2295,2272,2267,2294,2191,2380,2415,2386,2451,2312,2312,2274,2194,2464,3122,2930,2275,2328,2306,2215,2302,2378,2472,2394,2394,2348,2257,2182,2235,2884,3558,3346,2405,2121,2178,2247,2355,2121,2391,2452,2399,2428,2336,2300,2379,3332,3617,3393,2417,2102,2249,2243,2224,2241,2276,2259,2264,2408,2291,2267,2435,3382,3405,3169,2263,2036,2372,2334,2175,2271,2143,2335,2294,2392,2217,2182,2342,3176,3147,2933,2223,2230,2228,2270,2308,2291,2350,2348,2304,2271,2249,2207,2364,2971,3133,2931,2315,2234,2190,2256,2347,2282,2234,2384,2317,2309,2238,2346,2282,2929,3484,3277,2411,2242,2304,2304,2380,2338,2489,2368,2355,2378,2372,2323,2309,3254,3866,3645,2580,2392,2310,2320,2415,2680,2885,2859,2412,2339,2432,2435,2612,3646,4046,3829,2730,2561,2400,2404,2592,2911,3004,3010,2504,2245,2508,2460,2696,3828,3956,3731,2596,2464,2419,2236,2552,2850,3028,2892,2381,2282,2453,2380,2595,3734,3622,3385,2345,2181,2336,2068,2234,2524,2614,2475,2324,2212,2354,2250,2389,3400,3089,2866,2310,2302,2255,2202,2389,2347,2312,2189,2227,2282,2275,2248,2323,2847,3342,3118,2263,2300,2044,2267,2331,2249,2297,2240,2184,2192,2305,2339,2146,3114,3486,3266,2243,2113,2072,2201,2237,2111,2348,2281,2102,2231,2188,2214,2293,3253,3330,3108,2232,2107,2210,2164,2231,2187,2247,2244,2174,2129,2217,2208,2184,3095,3090,2841,2113,2171,2119,2156,2172,2174,2234,2130,2176,1880,2172,2088,2089,2865,2939,2719,2067,2095,2181,2008,2102,1924,2078,2133,2144,2125,2036,2167,2097,2693,2705,2462,2056,2042,2208,2097,1921,1890,2014,2051,1820,1871,2124,2076,2046,2499,2323,2116,2090,2128,2196,1977,1891,1907,1962,2018,2060,1950,2064,2169,2173,2172,2345,2169,2047,2020,2077,2103,2104,2041,2071,1938,1886,1816,1908,2109,2064,2101,2255,2227,2090,1996,1965,1945,1865,1927,2071,1956,1976,1927,1975,2054,2023,2163
,,,,,,,,,,,,,,,,,,,,,,,,,,,,,,,,,,,,,,,,,,,,,,,,,,,,,,,,,,,,,,,,,,,,,,,,,,,,,,,,,,,,,,,,,,,,,,,,,,,,,,,,,,,,,,,,,,,,,,,,,,,,,,,,,,,,,,,,,,,,,,,,,,,,,,,,,,,,,,,,,,,,,,,,,,,,,,,,,,,,,,,,,,,,,,,,,,,,,,,,,,,,,,,,,,,,,,,,,,,,,,,,,,,,,,,,,,,,,,,,,,,,,,,,,,,,,,,,,,,,,,,,,,,,,,,,,,,,,,,,,,,,,,,,,,,,,,,,,,,,,,,,,,,,,,,,,,,,,,,,,,,,,,,,,,,,,,,,,,,,,,,,,,,,,,,,,,,,,,,,,,,,,,,,,,,,,,,,,,,,,,,,,,,,,,,,,,,,,,,,,,,,,,,,,,,,,,,,,,,,,,,,,,,,,,,,,,,,,,,,,,,,,,,,,,,,,,,,,,,,,,,,,,,,,,,,,,,,,,,,,,,,,,,,,,,,,,,,,,,,,,,,,,,,,,,,,,,,,,,,,,,,,,,,,,,,,,,,,,,,,,,,,,,,,,,,,,,,,,,,,,,,,,,,,,,,,,,,,,,,,,,,,,,,,,,,,,,,,,,,,,,,,,,,,,,,,,,,,,,,,,,,,,,,,,,,,,,,,,,,,,,,,,,,,,,,,,,,,,,,,,,,,,,,,,,,,,,,,,,,,,,,,,,,,,,,,,,,,,,,,,,,,,,,,,,,,,,,,,,,,,,,,,,,,,,,,,,,,,,,,,,,,,,,,,,,,,,,,,,,,,,,,,,,,,,,,,,,,,,,,,,,,,,,,,,,,,,,,,,,,,,,,,,,,,,,,,,,,,,,,,,,,,,,,,,,,,,,,,,,,,,,,,,,,,,,,,,,,,,,,,,,,,,,,,,,,,,,,,,,,,,,,,,,,,,,,,,,,,,,,,,,,,,,,,,,,,,,,,,,,,,,,,,,,,,,,,,,,,,,,,,,,,,,,,,,,,,,,,,,,,,,,,,,,,,,,,,,,,,,,,,,,,,,,,,,,,,,,,,,,,,,,,,,,,,,,,,,,,,,,,,,,,,,,,,,,,,,,,,,,,,,,,,,,,,,,,,,,,,,,,,,,,,,,,,,,,,,,,,,,,,,,,,,,,,,,,,,,,,,,,,,,,,,,,,,,,,,,,,,,,,,,,,,,,,,,,,,,,,,,,,,,,,,,,,,,,,,,,,,,,,,,,,,,,,,,,,,,,,,,,,,,,,,,,,,,,,,,,,,,,,,,,,,,,,,,,,,,,,,,,,,,,,,,,,,,,,,,,,,,,,,,,,,,,,,,,,,,,,,,,,,,,,,,,,,,,,,,,,,,,,,,,,,,,,,,,,,,,,,,,,,,,,,,,,,,,,,,,,,,,,,,,,,,,,,,,,,,,,,,,,,,,,,,,,,,,,,,,,,,,,,,,,,,,,,,,,,,,,,,,,,,,,,,,,,,,,,,,,,,,,,,,,,,,,,,,,,,,,,,,,,,,,,,,,,,,,,,,,,,,,,,,,,,,,,,,,,,,,,,,,,,,,,,,,,,,,,,,,,,,,,,,,,,,,,,,,,,,,,,,,,,,,,,,,,,,,,,,,,,,,,,,,,,,,,,,,,,,,,,,,,,,,,,,,,,,,,,,,,,,,,,,,,,,,,,,,,,,,,,,,,,,,,,,,,,,,,,,,,,,,,,,,,,,,,,,,,,,,,,,,,,,,,,,,,,,,,,,,,,,,,,,,,,,,,,,,,,,,,,,,,,,,,,,,,,,,,,,,,,,,,,,,,,,,,,,,,,,,,,,,,,,,,,,,,,,,,,,,,,,,,,,,,,,,,,,,,,,,,,,,,,,,,,,,,,,,,,,,,,,,,,,,,,,,,,,,,,,,,,,,,,,,,,,,,,,,,,,,,,,,,,,,,,,,,,,,,,,,,,,,,,,,,,,,,,,,,,,,,,,,,,,,,,,,,,,,,,,,,,,,,,,,,,,,,,,,,,,,,,,,,,,,,,,,,,,,,,,,,,,,,,,,,,,,,,,,,,,,,,,,,,,,,,,,,,,,,,,,,,,,,,,,,,,,,,,,,,,,,,,,,,,,,,,,,,,,,,,,,,,,,,,,,,,,,,,,,,,,,,,,,,,,,,,,,,,,,,,,,,,,,,,,,,,,,,,,,,,,,,,,,,,,
,,,,,,,,,,,,,,,,,,,,,,,,,,,,,,,,,,,,,,,,,,,,,,,,,,,,,,,,,,,,,,,,,,,,,,,,,,,,,,,,,,,,,,,,,,,,,,,,,,,,,,,,,,,,,,,,,,,,,,,,,,,,,,,,,,,,,,,,,,,,,,,,,,,,,,,,,,,,,,,,,,,,,,,,,,,,,,,,,,,,,,,,,,,,,,,,,,,,,,,,,,,,,,,,,,,,,,,,,,,,,,,,,,,,,,,,,,,,,,,,,,,,,,,,,,,,,,,,,,,,,,,,,,,,,,,,,,,,,,,,,,,,,,,,,,,,,,,,,,,,,,,,,,,,,,,,,,,,,,,,,,,,,,,,,,,,,,,,,,,,,,,,,,,,,,,,,,,,,,,,,,,,,,,,,,,,,,,,,,,,,,,,,,,,,,,,,,,,,,,,,,,,,,,,,,,,,,,,,,,,,,,,,,,,,,,,,,,,,,,,,,,,,,,,,,,,,,,,,,,,,,,,,,,,,,,,,,,,,,,,,,,,,,,,,,,,,,,,,,,,,,,,,,,,,,,,,,,,,,,,,,,,,,,,,,,,,,,,,,,,,,,,,,,,,,,,,,,,,,,,,,,,,,,,,,,,,,,,,,,,,,,,,,,,,,,,,,,,,,,,,,,,,,,,,,,,,,,,,,,,,,,,,,,,,,,,,,,,,,,,,,,,,,,,,,,,,,,,,,,,,,,,,,,,,,,,,,,,,,,,,,,,,,,,,,,,,,,,,,,,,,,,,,,,,,,,,,,,,,,,,,,,,,,,,,,,,,,,,,,,,,,,,,,,,,,,,,,,,,,,,,,,,,,,,,,,,,,,,,,,,,,,,,,,,,,,,,,,,,,,,,,,,,,,,,,,,,,,,,,,,,,,,,,,,,,,,,,,,,,,,,,,,,,,,,,,,,,,,,,,,,,,,,,,,,,,,,,,,,,,,,,,,,,,,,,,,,,,,,,,,,,,,,,,,,,,,,,,,,,,,,,,,,,,,,,,,,,,,,,,,,,,,,,,,,,,,,,,,,,,,,,,,,,,,,,,,,,,,,,,,,,,,,,,,,,,,,,,,,,,,,,,,,,,,,,,,,,,,,,,,,,,,,,,,,,,,,,,,,,,,,,,,,,,,,,,,,,,,,,,,,,,,,,,,,,,,,,,,,,,,,,,,,,,,,,,,,,,,,,,,,,,,,,,,,,,,,,,,,,,,,,,,,,,,,,,,,,,,,,,,,,,,,,,,,,,,,,,,,,,,,,,,,,,,,,,,,,,,,,,,,,,,,,,,,,,,,,,,,,,,,,,,,,,,,,,,,,,,,,,,,,,,,,,,,,,,,,,,,,,,,,,,,,,,,,,,,,,,,,,,,,,,,,,,,,,,,,,,,,,,,,,,,,,,,,,,,,,,,,,,,,,,,,,,,,,,,,,,,,,,,,,,,,,,,,,,,,,,,,,,,,,,,,,,,,,,,,,,,,,,,,,,,,,,,,,,,,,,,,,,,,,,,,,,,,,,,,,,,,,,,,,,,,,,,,,,,,,,,,,,,,,,,,,,,,,,,,,,,,,,,,,,,,,,,,,,,,,,,,,,,,,,,,,,,,,,,,,,,,,,,,,,,,,,,,,,,,,,,,,,,,,,,,,,,,,,,,,,,,,,,,,,,,,,,,,,,,,,,,,,,,,,,,,,,,,,,,,,,,,,,,,,,,,,,,,,,,,,,,,,,,,,,,,,,,,,,,,,,,,,,,,,,,,,,,,,,,,,,,,,,,,,,,,,,,,,,,,,,,,,,,,,,,,,,,,,,,,,,,,,,,,,,,,,,,,,,,,,,,,,,,,,,,,,,,,,,,,,,,,,,,,,,,,,,,,,,,,,,,,,,,,,,,,,,,,,,,,,,,,,,,,,,,,,,,,,,,,,,,,,,,,,,,,,,,,,,,,,,,,,,,,,,,,,,,,,,,,,,,,,,,,,,,,,,,,,,,,,,,,,,,,,,,,,,,,,,,,,,,,,,,,,,,,,,,,,,,,,,,,,,,,,,,,,,,,,,,,,,,,,,,,,,,,,,,,,,,,,,,,,,,,,,,,,,,,,,,,,,,,,,,,,,,,,,,,,,,,,,,,,,,,,,,,,,,,,,,,,,,,,,,,,,,,,,,,,,,,,,,,,,,,,,,,,,,,,,,,,,,,,,,,,,,,,,,,,,,,,,,,,,,,,,,,,,,,,,,,,,,,,,,,,,,
,,,,,,,,,,,,,,,,,,,,,,,,,,,,,,,,,,,,,,,,,,,,,,,,,,,,,,,,,,,,,,,,,,,,,,,,,,,,,,,,,,,,,,,,,,,,,,,,,,,,,,,,,,,,,,,,,,,,,,,,,,,,,,,,,,,,,,,,,,,,,,,,,,,,,,,,,,,,,,,,,,,,,,,,,,,,,,,,,,,,,,,,,,,,,,,,,,,,,,,,,,,,,,,,,,,,,,,,,,,,,,,,,,,,,,,,,,,,,,,,,,,,,,,,,,,,,,,,,,,,,,,,,,,,,,,,,,,,,,,,,,,,,,,,,,,,,,,,,,,,,,,,,,,,,,,,,,,,,,,,,,,,,,,,,,,,,,,,,,,,,,,,,,,,,,,,,,,,,,,,,,,,,,,,,,,,,,,,,,,,,,,,,,,,,,,,,,,,,,,,,,,,,,,,,,,,,,,,,,,,,,,,,,,,,,,,,,,,,,,,,,,,,,,,,,,,,,,,,,,,,,,,,,,,,,,,,,,,,,,,,,,,,,,,,,,,,,,,,,,,,,,,,,,,,,,,,,,,,,,,,,,,,,,,,,,,,,,,,,,,,,,,,,,,,,,,,,,,,,,,,,,,,,,,,,,,,,,,,,,,,,,,,,,,,,,,,,,,,,,,,,,,,,,,,,,,,,,,,,,,,,,,,,,,,,,,,,,,,,,,,,,,,,,,,,,,,,,,,,,,,,,,,,,,,,,,,,,,,,,,,,,,,,,,,,,,,,,,,,,,,,,,,,,,,,,,,,,,,,,,,,,,,,,,,,,,,,,,,,,,,,,,,,,,,,,,,,,,,,,,,,,,,,,,,,,,,,,,,,,,,,,,,,,,,,,,,,,,,,,,,,,,,,,,,,,,,,,,,,,,,,,,,,,,,,,,,,,,,,,,,,,,,,,,,,,,,,,,,,,,,,,,,,,,,,,,,,,,,,,,,,,,,,,,,,,,,,,,,,,,,,,,,,,,,,,,,,,,,,,,,,,,,,,,,,,,,,,,,,,,,,,,,,,,,,,,,,,,,,,,,,,,,,,,,,,,,,,,,,,,,,,,,,,,,,,,,,,,,,,,,,,,,,,,,,,,,,,,,,,,,,,,,,,,,,,,,,,,,,,,,,,,,,,,,,,,,,,,,,,,,,,,,,,,,,,,,,,,,,,,,,,,,,,,,,,,,,,,,,,,,,,,,,,,,,,,,,,,,,,,,,,,,,,,,,,,,,,,,,,,,,,,,,,,,,,,,,,,,,,,,,,,,,,,,,,,,,,,,,,,,,,,,,,,,,,,,,,,,,,,,,,,,,,,,,,,,,,,,,,,,,,,,,,,,,,,,,,,,,,,,,,,,,,,,,,,,,,,,,,,,,,,,,,,,,,,,,,,,,,,,,,,,,,,,,,,,,,,,,,,,,,,,,,,,,,,,,,,,,,,,,,,,,,,,,,,,,,,,,,,,,,,,,,,,,,,,,,,,,,,,,,,,,,,,,,,,,,,,,,,,,,,,,,,,,,,,,,,,,,,,,,,,,,,,,,,,,,,,,,,,,,,,,,,,,,,,,,,,,,,,,,,,,,,,,,,,,,,,,,,,,,,,,,,,,,,,,,,,,,,,,,,,,,,,,,,,,,,,,,,,,,,,,,,,,,,,,,,,,,,,,,,,,,,,,,,,,,,,,,,,,,,,,,,,,,,,,,,,,,,,,,,,,,,,,,,,,,,,,,,,,,,,,,,,,,,,,,,,,,,,,,,,,,,,,,,,,,,,,,,,,,,,,,,,,,,,,,,,,,,,,,,,,,,,,,,,,,,,,,,,,,,,,,,,,,,,,,,,,,,,,,,,,,,,,,,,,,,,,,,,,,,,,,,,,,,,,,,,,,,,,,,,,,,,,,,,,,,,,,,,,,,,,,,,,,,,,,,,,,,,,,,,,,,,,,,,,,,,,,,,,,,,,,,,,,,,,,,,,,,,,,,,,,,,,,,,,,,,,,,,,,,,,,,,,,,,,,,,,,,,,,,,,,,,,,,,,,,,,,,,,,,,,,,,,,,,,,,,,,,,,,,,,,,,,,,,,,,,,,,,,,,,,,,,,,,,,,,,,,,,,,,,,,,,,,,,,,,,,,,,,,,,,,,,,,,,,,,,,,,,,,,,,,,,,,,,,,,,,,,,,,,,,,,,,,,,,,,,,,,,,,,,,,,,,,,,,,,,,,,,,,,,,,,,,,,,,,,,,,,,,,,,,,
,,,,,,,,,,,,,,,,,,,,,,,,,,,,,,,,,,,,,,,,,,,,,,,,,,,,,,,,,,,,,,,,,,,,,,,,,,,,,,,,,,,,,,,,,,,,,,,,,,,,,,,,,,,,,,,,,,,,,,,,,,,,,,,,,,,,,,,,,,,,,,,,,,,,,,,,,,,,,,,,,,,,,,,,,,,,,,,,,,,,,,,,,,,,,,,,,,,,,,,,,,,,,,,,,,,,,,,,,,,,,,,,,,,,,,,,,,,,,,,,,,,,,,,,,,,,,,,,,,,,,,,,,,,,,,,,,,,,,,,,,,,,,,,,,,,,,,,,,,,,,,,,,,,,,,,,,,,,,,,,,,,,,,,,,,,,,,,,,,,,,,,,,,,,,,,,,,,,,,,,,,,,,,,,,,,,,,,,,,,,,,,,,,,,,,,,,,,,,,,,,,,,,,,,,,,,,,,,,,,,,,,,,,,,,,,,,,,,,,,,,,,,,,,,,,,,,,,,,,,,,,,,,,,,,,,,,,,,,,,,,,,,,,,,,,,,,,,,,,,,,,,,,,,,,,,,,,,,,,,,,,,,,,,,,,,,,,,,,,,,,,,,,,,,,,,,,,,,,,,,,,,,,,,,,,,,,,,,,,,,,,,,,,,,,,,,,,,,,,,,,,,,,,,,,,,,,,,,,,,,,,,,,,,,,,,,,,,,,,,,,,,,,,,,,,,,,,,,,,,,,,,,,,,,,,,,,,,,,,,,,,,,,,,,,,,,,,,,,,,,,,,,,,,,,,,,,,,,,,,,,,,,,,,,,,,,,,,,,,,,,,,,,,,,,,,,,,,,,,,,,,,,,,,,,,,,,,,,,,,,,,,,,,,,,,,,,,,,,,,,,,,,,,,,,,,,,,,,,,,,,,,,,,,,,,,,,,,,,,,,,,,,,,,,,,,,,,,,,,,,,,,,,,,,,,,,,,,,,,,,,,,,,,,,,,,,,,,,,,,,,,,,,,,,,,,,,,,,,,,,,,,,,,,,,,,,,,,,,,,,,,,,,,,,,,,,,,,,,,,,,,,,,,,,,,,,,,,,,,,,,,,,,,,,,,,,,,,,,,,,,,,,,,,,,,,,,,,,,,,,,,,,,,,,,,,,,,,,,,,,,,,,,,,,,,,,,,,,,,,,,,,,,,,,,,,,,,,,,,,,,,,,,,,,,,,,,,,,,,,,,,,,,,,,,,,,,,,,,,,,,,,,,,,,,,,,,,,,,,,,,,,,,,,,,,,,,,,,,,,,,,,,,,,,,,,,,,,,,,,,,,,,,,,,,,,,,,,,,,,,,,,,,,,,,,,,,,,,,,,,,,,,,,,,,,,,,,,,,,,,,,,,,,,,,,,,,,,,,,,,,,,,,,,,,,,,,,,,,,,,,,,,,,,,,,,,,,,,,,,,,,,,,,,,,,,,,,,,,,,,,,,,,,,,,,,,,,,,,,,,,,,,,,,,,,,,,,,,,,,,,,,,,,,,,,,,,,,,,,,,,,,,,,,,,,,,,,,,,,,,,,,,,,,,,,,,,,,,,,,,,,,,,,,,,,,,,,,,,,,,,,,,,,,,,,,,,,,,,,,,,,,,,,,,,,,,,,,,,,,,,,,,,,,,,,,,,,,,,,,,,,,,,,,,,,,,,,,,,,,,,,,,,,,,,,,,,,,,,,,,,,,,,,,,,,,,,,,,,,,,,,,,,,,,,,,,,,,,,,,,,,,,,,,,,,,,,,,,,,,,,,,,,,,,,,,,,,,,,,,,,,,,,,,,,,,,,,,,,,,,,,,,,,,,,,,,,,,,,,,,,,,,,,,,,,,,,,,,,,,,,,,,,,,,,,,,,,,,,,,,,,,,,,,,,,,,,,,,,,,,,,,,,,,,,,,,,,,,,,,,,,,,,,,,,,,,,,,,,,,,,,,,,,,,,,,,,,,,,,,,,,,,,,,,,,,,,,,,,,,,,,,,,,,,,,,,,,,,,,,,,,,,,,,,,,,,,,,,,,,,,,,,,,,,,,,,,,,,,,,,,,,,,,,,,,,,,,,,,,,,,,,,,,,,,,,,,,,,,,,,,,,,,,,,,,,,,,,,,,,,,,,,,,,,,,,,,,,,,,,,,,,,,,,,,,,,,,,,,,,,,,,,,,,,,,,,,,,,,,,,,,,,,,,,,,,,,,,,,,,,,,,,,,,,,,,,,,,,,,,,,,,,,,,,,,,,,,,,,,,,,,,,,,,
,,,,,,,,,,,,,,,,,,,,,,,,,,,,,,,,,,,,,,,,,,,,,,,,,,,,,,,,,,,,,,,,,,,,,,,,,,,,,,,,,,,,,,,,,,,,,,,,,,,,,,,,,,,,,,,,,,,,,,,,,,,,,,,,,,,,,,,,,,,,,,,,,,,,,,,,,,,,,,,,,,,,,,,,,,,,,,,,,,,,,,,,,,,,,,,,,,,,,,,,,,,,,,,,,,,,,,,,,,,,,,,,,,,,,,,,,,,,,,,,,,,,,,,,,,,,,,,,,,,,,,,,,,,,,,,,,,,,,,,,,,,,,,,,,,,,,,,,,,,,,,,,,,,,,,,,,,,,,,,,,,,,,,,,,,,,,,,,,,,,,,,,,,,,,,,,,,,,,,,,,,,,,,,,,,,,,,,,,,,,,,,,,,,,,,,,,,,,,,,,,,,,,,,,,,,,,,,,,,,,,,,,,,,,,,,,,,,,,,,,,,,,,,,,,,,,,,,,,,,,,,,,,,,,,,,,,,,,,,,,,,,,,,,,,,,,,,,,,,,,,,,,,,,,,,,,,,,,,,,,,,,,,,,,,,,,,,,,,,,,,,,,,,,,,,,,,,,,,,,,,,,,,,,,,,,,,,,,,,,,,,,,,,,,,,,,,,,,,,,,,,,,,,,,,,,,,,,,,,,,,,,,,,,,,,,,,,,,,,,,,,,,,,,,,,,,,,,,,,,,,,,,,,,,,,,,,,,,,,,,,,,,,,,,,,,,,,,,,,,,,,,,,,,,,,,,,,,,,,,,,,,,,,,,,,,,,,,,,,,,,,,,,,,,,,,,,,,,,,,,,,,,,,,,,,,,,,,,,,,,,,,,,,,,,,,,,,,,,,,,,,,,,,,,,,,,,,,,,,,,,,,,,,,,,,,,,,,,,,,,,,,,,,,,,,,,,,,,,,,,,,,,,,,,,,,,,,,,,,,,,,,,,,,,,,,,,,,,,,,,,,,,,,,,,,,,,,,,,,,,,,,,,,,,,,,,,,,,,,,,,,,,,,,,,,,,,,,,,,,,,,,,,,,,,,,,,,,,,,,,,,,,,,,,,,,,,,,,,,,,,,,,,,,,,,,,,,,,,,,,,,,,,,,,,,,,,,,,,,,,,,,,,,,,,,,,,,,,,,,,,,,,,,,,,,,,,,,,,,,,,,,,,,,,,,,,,,,,,,,,,,,,,,,,,,,,,,,,,,,,,,,,,,,,,,,,,,,,,,,,,,,,,,,,,,,,,,,,,,,,,,,,,,,,,,,,,,,,,,,,,,,,,,,,,,,,,,,,,,,,,,,,,,,,,,,,,,,,,,,,,,,,,,,,,,,,,,,,,,,,,,,,,,,,,,,,,,,,,,,,,,,,,,,,,,,,,,,,,,,,,,,,,,,,,,,,,,,,,,,,,,,,,,,,,,,,,,,,,,,,,,,,,,,,,,,,,,,,,,,,,,,,,,,,,,,,,,,,,,,,,,,,,,,,,,,,,,,,,,,,,,,,,,,,,,,,,,,,,,,,,,,,,,,,,,,,,,,,,,,,,,,,,,,,,,,,,,,,,,,,,,,,,,,,,,,,,,,,,,,,,,,,,,,,,,,,,,,,,,,,,,,,,,,,,,,,,,,,,,,,,,,,,,,,,,,,,,,,,,,,,,,,,,,,,,,,,,,,,,,,,,,,,,,,,,,,,,,,,,,,,,,,,,,,,,,,,,,,,,,,,,,,,,,,,,,,,,,,,,,,,,,,,,,,,,,,,,,,,,,,,,,,,,,,,,,,,,,,,,,,,,,,,,,,,,,,,,,,,,,,,,,,,,,,,,,,,,,,,,,,,,,,,,,,,,,,,,,,,,,,,,,,,,,,,,,,,,,,,,,,,,,,,,,,,,,,,,,,,,,,,,,,,,,,,,,,,,,,,,,,,,,,,,,,,,,,,,,,,,,,,,,,,,,,,,,,,,,,,,,,,,,,,,,,,,,,,,,,,,,,,,,,,,,,,,,,,,,,,,,,,,,,,,,,,,,,,,,,,,,,,,,,,,,,,,,,,,,,,,,,,,,,,,,,,,,,,,,,,,,,,,,,,,,,,,,,,,,,,,,,,,,,,,,,,,,,,,,,,,,,,,,,,,,,,,,,,,,,,,,,,,,,,,,,,,,,,,,,,,,,,,,,,,,,,,,,,,,,,,,,,,,,,,,,,,,,,,,,,,,,,,,,,,,,,,,,,,,,,,,,,,,,,,,
3424,3176,2400,2506,2418,2290,2384,2371,2300,2371,2384,2290,2418,2506,2400,3176,3707,3497,2611,2435,2348,2419,2407,2266,2358,2371,2331,2368,2412,2455,2357,3482,4075,3854,2771,2371,2483,2477,2367,2317,2358,2138,2335,2405,2329,2461,2702,3853,4208,3984,2834,2438,2381,2317,2295,2253,2342,2352,2255,2438,2315,2591,2834,3985,4016,3797,2690,2305,2185,2300,2217,2253,2329,2300,2224,2405,2364,2510,2614,3789,3740,3508,2478,2316,2174,2122,2339,2290,2257,2292,2283,2328,2247,2323,2503,3520,3515,3288,2174,2263,2190,2170,2402,2343,2242,2362,2317,2256,2178,2254,2414,3300,3825,3597,2354,2156,2285,2306,2444,2314,2137,2298,2252,2316,2199,2277,2400,3598,4007,3782,2670,2239,2375,2287,2316,2252,2320,2408,2403,2347,2394,2474,2600,3784,3882,3662,2604,2332,2314,2155,2094,2273,2243,2307,2448,2410,2424,2486,2470,3661,3488,3272,2452,2335,2245,2213,2303,2495,2359,2323,2403,2354,2389,2384,2366,3263,3120,2909,2379,2330,2272,2287,2391,2430,2399,2278,2369,2368,2384,2247,2186,2937,3021,2900,2469,2628,2364,2612,2677,2508,2413,2445,2557,2778,2664,2606,2421,2787,4036,3884,3357,3126,3293,3292,3329,3581,3770,3758,3565,3351,3178,3276,3389,3863,4597,4428,4009,3922,3845,3906,3841,3991,4203,4252,4177,4128,3875,3690,3758,4398,4694,4544,4174,4111,4107,4196,4251,4149,4239,4315,4283,4342,4124,3833,3789,4477,4428,4315,3964,3910,4061,4185,4278,4188,4003,3983,3954,4197,3992,3624,3673,4231,4542,4330,3578,3437,3785,3882,3986,3945,3753,3521,3648,3828,3622,3247,3504,4341,4614,4390,3453,3164,3418,3494,3570,3544,3392,3175,3247,3321,3138,3071,3339,4386,4807,4592,3522,3061,3016,3124,3166,3175,3175,3009,2908,2821,2922,3150,3325,4579,4703,4488,3445,2916,2858,2845,2895,2770,2803,2658,2620,2815,2815,2979,3269,4473,4265,4045,3077,2817,2700,2831,2882,2795,2734,2756,2851,2833,2731,2807,2780,4033,3788,3582,2765,2734,2669,2843,2785,2706,2621,2662,2847,2909,2855,2762,2805,3564,3555,3334,2570,2680,2580,2701,2722,2542,2637,2473,2496,2629,2728,2699,2780,3370,3473,3255,2508,2405,2359,2531,2511,2580,2651,2460,2425,2459,2499,2611,2495,3286,3659,3429,2417,2429,2386,2381,2528,2499,2582,2421,2439,2430,2416,2477,2539,3439,3651,3405,2428,2564,2558,2314,2585,2578,2638,2588,2204,2588,2590,2565,2529,3438,2972,3052,2615,2859,2903,2539,2792,2853,2924,2988,2819,2779,2699,2903,2804,2904,3206,3245,2927,2755,2931,2499,2750,2846,2863,3029,2956,2794,2734,2814,2672,2923,3077,3090,2899,2679,2777,2477,2564,2688,2548,2808,2792,2771,2371,2319,2390,2810,2855,2719,2525,2551,2681,2537,2513,2568,2682,2676,2553,2630,2474,2557,2552,2616,2719,2605,2537,2500,2548,2511,2602,2686,2743,2755,2554,2610,2509,2619,2610,2564,2880,2739,2546,2496,2473,2457,2465,2710,2805,2655,2584,2678,2623,2334,2442,2678,2900,2821,2557,2464,2500,2463,2312,2596,2723,2589,2519,2530,2617,2397,2495,2714,2859,2802,2571,2413,2522,2426,2305,2550,2626,2427,2447,2374,2409,2386,2363,2526,3136,2944,2500,2337,2364,2417,2432,2601,2649,2503,2543,2514,2388,2356,2303,2894,3437,3217,2488,2413,2377,2347,2496,2708,2756,2573,2331,2655,2475,2449,2619,3193,3466,3248,2405,2356,2338,2331,2358,2600,2627,2454,2514,2624,2440,2513,2676,3226,3157,2935,2406,2255,2317,2245,2360,2371,2213,2353,2317,2284,2301,2445,2472,2888,2642,2462,2392,2349,2357,2263,2231,2310,2507,2498,2419,2364,2299,2477,2491,2601,2893,2619,2411,2300,2285,2353,2209,2536,2643,2571,2413,2406,2233,2382,2534,2701,3032,2753,2431,2172,2319,2385,2278,2498,2527,2357,2332,2379,2244,2288,2398,2860,2934,2793,2448,2440,2287,2286,2292,2288,2416,2235,2210,2150,2304,2385,2395,2807,3010,2863,2472,2505,2400,2284,2146,2187,2314,2310,2210,2301,2226,2301,2438,2673,2868,2729,2403,2285,2308,2343,2302,2215,2493,2491,2397,2268,2293,2233,2406,2669,2624,2560,2323,2136,2272,2303,2260,2261,2433,2506,2471,2369,2241,2196,2315,2516,2683,2553,2211,2120,2266,2295,2290,2188,2408,2432,2331,2379,2368,2267,2235,2461,2617,2466,2323,2349,2320,2336,2339,2306,2444,2426,2304,2370,2410,2325,2360,2308,2707,2503,2401,2437,2284,2289,2396,2404,2464,2437,2388,2449,2460,2297,2311,2569,2783,2489,2402,2338,2334,2303,2390,2535,2582,2247,2300,2385,2389,2420,2446,2667,2667,2467,2487,2480,2339,2336,2346,2603,2543,2445,2376,2400,2287,2402,2469,2557,2840,2623,2385,2460,2336,2205,2392,2608,2443,2337,2383,2456,2243,2419,2310,2643,2957,2703,2244,2314,2296,2371,2238,2563,2497,2479,2422,2347,2223,2315,2262,2777,2784,2619,2409,2430,2415,2317,2414,2481,2616,2611,2484,2422,2224,2368,2372,2660,2723,2493,2447,2317,2332,2202,2310,2383,2523,2494,2457,2460,2243,2334,2229,2500,2705,2607,2410,2264,2415,2361,2124,2429,2322,2352,2442,2241,2266,2300,2331,2391,2587,2457,2317,2262,2408,2351,2381,2429,2325,2400,2377,2322,2333,2221,2392,2494,2692,2541,2263,2206,2275,2291,2420,2397,2384,2433,2476,2440,2376,2362,2470,2648,2765,2513,2285,2212,2286,2326,2436,2383,2362,2251,2362,2443,2396,2340,2352,2659,2735,2549,2344,2215,2285,2334,2349,2332,2235,2331,2231,2181,2334,2308,2305,2555,2738,2588,2372,2347,2287,2280,2293,2384,2445,2267,2222,2255,2124,2366,2427,2552,2499,2485,2343,2438,2373,2393,2304,2484,2510,2403,2414,2246,2307,2274,2257,2458,2558,2534,2339,2413,2357,2386,2317,2467,2568,2554,2357,2255,2200,2319,2182,2480,3330,3111,2393,2297,2168,2331,2422,2450,2531,2506,2233,2212,2249,2404,2360,3112,3840,3632,2614,2288,2266,2364,2391,2307,2419,2519,2220,2265,2324,2530,2530,3603,4086,3857,2766,2684,2672,2621,2636,2776,2838,2785,2616,2468,2520,2722,2648,3865,4120,3900,2933,2852,2799,2735,2829,2925,3055,2897,2844,2722,2719,2785,2925,3900,4112,3886,2852,2732,2668,2613,2797,2738,3035,2893,2782,2737,2678,2454,3010,3902,4152,3924,2835,2516,2393,2411,2565,2674,2658,2627,2601,2537,2631,2366,2947,3934,3773,3547,2600,2397,2330,2461,2426,2530,2583,2478,2440,2464,2452,2215,2598,3561,3322,3094,2355,2468,2406,2334,2300,2346,2456,2316,2278,2520,2398,2181,2223,3108,3151,2919,2444,2415,2450,2435,2283,2371,2348,2343,2359,2497,2340,2363,2435,2943,2751,2561,2433,2433,2397,2342,2349,2368,2487,2487,2332,2385,2443,2374,2468,2561,2906,2686,2316,2398,2366,2297,2237,2418,2583,2490,2333,2290,2343,2390,2348,2729,2831,2620,2125,2088,2068,2292,2213,2361,2569,2490,2224,2189,2234,2251,2250,2735,2834,2553,2286,2281,2197,2332,2256,2324,2428,2331,2252,2258,2247,2267,2282,2670,3153,2956,2251,2258,2381,2367,2336,2391,2479,2427,2235,2227,2256,2387,2401,2902,3215,3012,2236,2329,2291,2405,2391,2289,2559,2435,2305,2278,2382,2498,2391,2970,3164,2954,2574,2533,2400,2520,2684,2822,2867,2782,2611,2364,2448,2359,2215,2915,2893,2768,2701,2633,2482,2534,2831,2984,2974,2921,2791,2530,2504,2602,2457,2770,3095,2950,2665,2475,2472,2516,2640,2833,2775,2710,2629,2520,2542,2652,2527,2892,3398,3182,2426,2382,2377,2470,2513,2558,2569,2550,2330,2313,2421,2490,2431,3183,3291,3084,2357,2444,2378,2390,2423,2399,2482,2471,2319,2248,2176,2336,2303,3055,3140,2932,2426,2505,2426,2252,2358,2424,2729,2676,2312,2382,2471,2571,2446,2907,3004,2821,2518,2574,2549,2343,2474,2668,2902,2827,2376,2566,2547,2688,2621,2805,3089,2904,2527,2507,2439,2352,2329,2615,2837,2760,2528,2394,2455,2625,2493,2763,3069,2890,2576,2457,2457,2484,2436,2421,2553,2556,2449,2440,2557,2426,2394,2799,3084,2844,2543,2423,2408,2372,2324,2409,2690,2670,2438,2358,2481,2347,2477,2868,2988,2753,2403,2455,2377,2253,2353,2446,2386,2413,2495,2436,2392,2399,2485,2865,3019,2799,2410,2435,2294,2306,2396,2448,2628,2549,2419,2536,2520,2507,2472,2849,2999,2785,2386,2325,2075,2310,2376,2438,2639,2517,2375,2333,2330,2442,2343,2788,2799,2582,2294,2353,2243,2357,2450,2389,2360,2389,2149,2334,2339,2404,2331,2726,2810,2631,2331,2363,2214,2381,2348,2336,2331,2355,2223,2159,2429,2397,2307,2419,2837,2667,2404,2382,2265,2381,2345,2231,2387,2344,2285,2200,2196,2230,2285,2533,2711,2468,2539,2391,2267,2378,2351,2316,2249,2355,2387,2280,2193,2332,2383,2487,2630,2414,2400,2378,2236,2260,2356,2363,2179,2153,2183,2290,2266,2361,2364,2503,2634,2529,2337,2348,2291,2360,2429,2347,2213,2221,2166,2368,2372,2450,2286,2480,2536,2464,2252,2286,2353,2362,2359,2384,2323,2203,2464,2406,2297,2370,2331,2608,2740,2441,2355,2334,2328,2301,2311,2232,2384,2245,2345,2402,2412,2434,2316,2522,2868,2608,2278,2233,2443,2479,2328,2157,2348,2339,2252,2279,2225,2373,2358,2617,3047,2826,2322,2180,2282,2486,2329,2221,2365,2338,2262,2263,2266,2144,2340,2804,3152,2955,2392,2265,2303,2281,2346,2251,2198,2121,2227,2200,2261,2349,2203,2930,3152,2967,2455,2349,2227,2365,2290,2201,2227,2163,2267,2269,2295,2346,2107,2924,2854,2744,2315,2359,2335,2345,2335,2304,2221,2331,2310,2303,2333,2313,2078,2652,2811,2550,2280,2286,2396,2342,2147,2281,2335,2246,2329,2270,2240,2190,2261,2579,2824,2585,2256,2265,2385,2354,2403,2363,2400,2321,2244,2267,2308,2305,2335,2614,2720,2578,2362,2309,2271,2316,2424,2352,2363,2412,2393,2381,2294,2361,2426,2537,3116,2902,2314,2365,2287,2344,2430,2240,2260,2326,2204,2375,2460,2451,2369,2894,3558,3337,2335,2439,2447,2279,2349,2228,2191,2261,2282,2370,2394,2418,2486,3342,3621,3396,2387,2323,2328,2082,2387,2408,2364,2356,2319,2251,2443,2428,2506,3403,3408,3183,2468,2436,2133,2114,2269,2295,2429,2426,2412,2403,2225,2326,2437,3182,3111,2895,2312,2457,2343,2319,2242,2382,2406,2438,2381,2399,2284,2402,2430,2899,3153,2896,2305,2400,2461,2365,2243,2243,2359,2327,2376,2153,2316,2352,2321,2928,3460,3229,2385,2434,2434,2388,2327,2222,2484,2471,2359,2255,2340,2390,2408,3240,3866,3646,2552,2279,2423,2427,2340,2667,2946,2872,2393,2346,2325,2369,2570,3646,4047,3829,2694,2348,2450,2432,2468,2855,3087,3030,2453,2448,2374,2494,2735,3831,3957,3731,2543,2369,2384,2349,2407,2803,3022,2806,2299,2425,2332,2373,2655,3737,3621,3389,2274,2127,2280,2161,2365,2620,2727,2482,2351,2320,2249,2254,2284,3399,3085,2858,2259,2110,1974,2016,2342,2377,2406,2272,2272,2183,2159,2176,2214,2877,3358,3132,2194,2126,2154,2236,2254,2269,2305,2274,2238,2246,2198,2317,2293,3135,3484,3255,2238,2089,2087,2292,2218,2188,2224,2189,2182,2214,2106,2226,2304,3259,3300,3080,2143,2169,2159,2317,2308,2364,2263,2064,2152,2175,2097,2229,2144,3074,3039,2831,2084,1971,2119,2255,2100,2274,2150,1901,2000,2103,2147,2182,2197,2826,2845,2606,2161,2088,2068,2214,2192,2197,2105,1938,2060,2158,2079,2113,2250,2633,2675,2424,2110,2146,1872,2139,2073,2125,2060,2086,2182,2097,1888,2043,2115,2423,2275,2070,2163,2166,2102,2119,2116,2114,2079,1885,2069,2056,1821,1866,2095,2127,2311,2037,2016,1946,1854,1939,1929,2022,2044,2013,2075,1939,1879,2026,2120,2200,2383,2239,2078,2017,1845,1972,2032,1974,2087,2004,2033,1990,1929,1936,2105,2260
,,,,,,,,,,,,,,,,,,,,,,,,,,,,,,,,,,,,,,,,,,,,,,,,,,,,,,,,,,,,,,,,,,,,,,,,,,,,,,,,,,,,,,,,,,,,,,,,,,,,,,,,,,,,,,,,,,,,,,,,,,,,,,,,,,,,,,,,,,,,,,,,,,,,,,,,,,,,,,,,,,,,,,,,,,,,,,,,,,,,,,,,,,,,,,,,,,,,,,,,,,,,,,,,,,,,,,,,,,,,,,,,,,,,,,,,,,,,,,,,,,,,,,,,,,,,,,,,,,,,,,,,,,,,,,,,,,,,,,,,,,,,,,,,,,,,,,,,,,,,,,,,,,,,,,,,,,,,,,,,,,,,,,,,,,,,,,,,,,,,,,,,,,,,,,,,,,,,,,,,,,,,,,,,,,,,,,,,,,,,,,,,,,,,,,,,,,,,,,,,,,,,,,,,,,,,,,,,,,,,,,,,,,,,,,,,,,,,,,,,,,,,,,,,,,,,,,,,,,,,,,,,,,,,,,,,,,,,,,,,,,,,,,,,,,,,,,,,,,,,,,,,,,,,,,,,,,,,,,,,,,,,,,,,,,,,,,,,,,,,,,,,,,,,,,,,,,,,,,,,,,,,,,,,,,,,,,,,,,,,,,,,,,,,,,,,,,,,,,,,,,,,,,,,,,,,,,,,,,,,,,,,,,,,,,,,,,,,,,,,,,,,,,,,,,,,,,,,,,,,,,,,,,,,,,,,,,,,,,,,,,,,,,,,,,,,,,,,,,,,,,,,,,,,,,,,,,,,,,,,,,,,,,,,,,,,,,,,,,,,,,,,,,,,,,,,,,,,,,,,,,,,,,,,,,,,,,,,,,,,,,,,,,,,,,,,,,,,,,,,,,,,,,,,,,,,,,,,,,,,,,,,,,,,,,,,,,,,,,,,,,,,,,,,,,,,,,,,,,,,,,,,,,,,,,,,,,,,,,,,,,,,,,,,,,,,,,,,,,,,,,,,,,,,,,,,,,,,,,,,,,,,,,,,,,,,,,,,,,,,,,,,,,,,,,,,,,,,,,,,,,,,,,,,,,,,,,,,,,,,,,,,,,,,,,,,,,,,,,,,,,,,,,,,,,,,,,,,,,,,,,,,,,,,,,,,,,,,,,,,,,,,,,,,,,,,,,,,,,,,,,,,,,,,,,,,,,,,,,,,,,,,,,,,,,,,,,,,,,,,,,,,,,,,,,,,,,,,,,,,,,,,,,,,,,,,,,,,,,,,,,,,,,,,,,,,,,,,,,,,,,,,,,,,,,,,,,,,,,,,,,,,,,,,,,,,,,,,,,,,,,,,,,,,,,,,,,,,,,,,,,,,,,,,,,,,,,,,,,,,,,,,,,,,,,,,,,,,,,,,,,,,,,,,,,,,,,,,,,,,,,,,,,,,,,,,,,,,,,,,,,,,,,,,,,,,,,,,,,,,,,,,,,,,,,,,,,,,,,,,,,,,,,,,,,,,,,,,,,,,,,,,,,,,,,,,,,,,,,,,,,,,,,,,,,,,,,,,,,,,,,,,,,,,,,,,,,,,,,,,,,,,,,,,,,,,,,,,,,,,,,,,,,,,,,,,,,,,,,,,,,,,,,,,,,,,,,,,,,,,,,,,,,,,,,,,,,,,,,,,,,,,,,,,,,,,,,,,,,,,,,,,,,,,,,,,,,,,,,,,,,,,,,,,,,,,,,,,,,,,,,,,,,,,,,,,,,,,,,,,,,,,,,,,,,,,,,,,,,,,,,,,,,,,,,,,,,,,,,,,,,,,,,,,,,,,,,,,,,,,,,,,,,,,,,,,,,,,,,,,,,,,,,,,,,,,,,,,,,,,,,,,,,,,,,,,,,,,,,,,,,,,,,,,,,,,,,,,,,,,,,,,,,,,,,,,,,,,,,,,,,,,,,,,,,,,,,,,,,,,,,,,,,,,,,,,,,,,,,,,,,,,,,,,,,,,,,,,,,,,,,,,,,,,,,,,,,,,,,,,,,,,,,,,,,,,,,,,,,,,,,,,,,,,,,,,,,,,,,,,,,,,,,,,,,,,,,,,,,,,,,,,,,,,,,,,,,,,,,,,,,,,,,,,,,,,,,,,,,,,,,,,,,,,,,,,,,,,,,,,,,,,,,,,,,,,,,,,,,,,,,,,,,,,,,,,,,,,,,,,,,,,,,,,,,,,,,,,,,,,,,,,,,,,,,,,,,,,,,,,,,,,,,,,,,,,,,,,,,,,,,,,,,,
,,,,,,,,,,,,,,,,,,,,,,,,,,,,,,,,,,,,,,,,,,,,,,,,,,,,,,,,,,,,,,,,,,,,,,,,,,,,,,,,,,,,,,,,,,,,,,,,,,,,,,,,,,,,,,,,,,,,,,,,,,,,,,,,,,,,,,,,,,,,,,,,,,,,,,,,,,,,,,,,,,,,,,,,,,,,,,,,,,,,,,,,,,,,,,,,,,,,,,,,,,,,,,,,,,,,,,,,,,,,,,,,,,,,,,,,,,,,,,,,,,,,,,,,,,,,,,,,,,,,,,,,,,,,,,,,,,,,,,,,,,,,,,,,,,,,,,,,,,,,,,,,,,,,,,,,,,,,,,,,,,,,,,,,,,,,,,,,,,,,,,,,,,,,,,,,,,,,,,,,,,,,,,,,,,,,,,,,,,,,,,,,,,,,,,,,,,,,,,,,,,,,,,,,,,,,,,,,,,,,,,,,,,,,,,,,,,,,,,,,,,,,,,,,,,,,,,,,,,,,,,,,,,,,,,,,,,,,,,,,,,,,,,,,,,,,,,,,,,,,,,,,,,,,,,,,,,,,,,,,,,,,,,,,,,,,,,,,,,,,,,,,,,,,,,,,,,,,,,,,,,,,,,,,,,,,,,,,,,,,,,,,,,,,,,,,,,,,,,,,,,,,,,,,,,,,,,,,,,,,,,,,,,,,,,,,,,,,,,,,,,,,,,,,,,,,,,,,,,,,,,,,,,,,,,,,,,,,,,,,,,,,,,,,,,,,,,,,,,,,,,,,,,,,,,,,,,,,,,,,,,,,,,,,,,,,,,,,,,,,,,,,,,,,,,,,,,,,,,,,,,,,,,,,,,,,,,,,,,,,,,,,,,,,,,,,,,,,,,,,,,,,,,,,,,,,,,,,,,,,,,,,,,,,,,,,,,,,,,,,,,,,,,,,,,,,,,,,,,,,,,,,,,,,,,,,,,,,,,,,,,,,,,,,,,,,,,,,,,,,,,,,,,,,,,,,,,,,,,,,,,,,,,,,,,,,,,,,,,,,,,,,,,,,,,,,,,,,,,,,,,,,,,,,,,,,,,,,,,,,,,,,,,,,,,,,,,,,,,,,,,,,,,,,,,,,,,,,,,,,,,,,,,,,,,,,,,,,,,,,,,,,,,,,,,,,,,,,,,,,,,,,,,,,,,,,,,,,,,,,,,,,,,,,,,,,,,,,,,,,,,,,,,,,,,,,,,,,,,,,,,,,,,,,,,,,,,,,,,,,,,,,,,,,,,,,,,,,,,,,,,,,,,,,,,,,,,,,,,,,,,,,,,,,,,,,,,,,,,,,,,,,,,,,,,,,,,,,,,,,,,,,,,,,,,,,,,,,,,,,,,,,,,,,,,,,,,,,,,,,,,,,,,,,,,,,,,,,,,,,,,,,,,,,,,,,,,,,,,,,,,,,,,,,,,,,,,,,,,,,,,,,,,,,,,,,,,,,,,,,,,,,,,,,,,,,,,,,,,,,,,,,,,,,,,,,,,,,,,,,,,,,,,,,,,,,,,,,,,,,,,,,,,,,,,,,,,,,,,,,,,,,,,,,,,,,,,,,,,,,,,,,,,,,,,,,,,,,,,,,,,,,,,,,,,,,,,,,,,,,,,,,,,,,,,,,,,,,,,,,,,,,,,,,,,,,,,,,,,,,,,,,,,,,,,,,,,,,,,,,,,,,,,,,,,,,,,,,,,,,,,,,,,,,,,,,,,,,,,,,,,,,,,,,,,,,,,,,,,,,,,,,,,,,,,,,,,,,,,,,,,,,,,,,,,,,,,,,,,,,,,,,,,,,,,,,,,,,,,,,,,,,,,,,,,,,,,,,,,,,,,,,,,,,,,,,,,,,,,,,,,,,,,,,,,,,,,,,,,,,,,,,,,,,,,,,,,,,,,,,,,,,,,,,,,,,,,,,,,,,,,,,,,,,,,,,,,,,,,,,,,,,,,,,,,,,,,,,,,,,,,,,,,,,,,,,,,,,,,,,,,,,,,,,,,,,,,,,,,,,,,,,,,,,,,,,,,,,,,,,,,,,,,,,,,,,,,,,,,,,,,,,,,,,,,,,,,,,,,,,,,,,,,,,,,,,,,,,,,,,,,,,,,,,,,,,,,,,,,,,,,,,,,,,,,,,,,,,,,,,,,,,,,,,,,,,,,,,,,,,,,,,,,,,,,,,,,,,,,,,,,,,,,,,,,,,,,,,,,,,,,,,,,,,,,,,,,,,,,,,,,,,,,,
,,,,,,,,,,,,,,,,,,,,,,,,,,,,,,,,,,,,,,,,,,,,,,,,,,,,,,,,,,,,,,,,,,,,,,,,,,,,,,,,,,,,,,,,,,,,,,,,,,,,,,,,,,,,,,,,,,,,,,,,,,,,,,,,,,,,,,,,,,,,,,,,,,,,,,,,,,,,,,,,,,,,,,,,,,,,,,,,,,,,,,,,,,,,,,,,,,,,,,,,,,,,,,,,,,,,,,,,,,,,,,,,,,,,,,,,,,,,,,,,,,,,,,,,,,,,,,,,,,,,,,,,,,,,,,,,,,,,,,,,,,,,,,,,,,,,,,,,,,,,,,,,,,,,,,,,,,,,,,,,,,,,,,,,,,,,,,,,,,,,,,,,,,,,,,,,,,,,,,,,,,,,,,,,,,,,,,,,,,,,,,,,,,,,,,,,,,,,,,,,,,,,,,,,,,,,,,,,,,,,,,,,,,,,,,,,,,,,,,,,,,,,,,,,,,,,,,,,,,,,,,,,,,,,,,,,,,,,,,,,,,,,,,,,,,,,,,,,,,,,,,,,,,,,,,,,,,,,,,,,,,,,,,,,,,,,,,,,,,,,,,,,,,,,,,,,,,,,,,,,,,,,,,,,,,,,,,,,,,,,,,,,,,,,,,,,,,,,,,,,,,,,,,,,,,,,,,,,,,,,,,,,,,,,,,,,,,,,,,,,,,,,,,,,,,,,,,,,,,,,,,,,,,,,,,,,,,,,,,,,,,,,,,,,,,,,,,,,,,,,,,,,,,,,,,,,,,,,,,,,,,,,,,,,,,,,,,,,,,,,,,,,,,,,,,,,,,,,,,,,,,,,,,,,,,,,,,,,,,,,,,,,,,,,,,,,,,,,,,,,,,,,,,,,,,,,,,,,,,,,,,,,,,,,,,,,,,,,,,,,,,,,,,,,,,,,,,,,,,,,,,,,,,,,,,,,,,,,,,,,,,,,,,,,,,,,,,,,,,,,,,,,,,,,,,,,,,,,,,,,,,,,,,,,,,,,,,,,,,,,,,,,,,,,,,,,,,,,,,,,,,,,,,,,,,,,,,,,,,,,,,,,,,,,,,,,,,,,,,,,,,,,,,,,,,,,,,,,,,,,,,,,,,,,,,,,,,,,,,,,,,,,,,,,,,,,,,,,,,,,,,,,,,,,,,,,,,,,,,,,,,,,,,,,,,,,,,,,,,,,,,,,,,,,,,,,,,,,,,,,,,,,,,,,,,,,,,,,,,,,,,,,,,,,,,,,,,,,,,,,,,,,,,,,,,,,,,,,,,,,,,,,,,,,,,,,,,,,,,,,,,,,,,,,,,,,,,,,,,,,,,,,,,,,,,,,,,,,,,,,,,,,,,,,,,,,,,,,,,,,,,,,,,,,,,,,,,,,,,,,,,,,,,,,,,,,,,,,,,,,,,,,,,,,,,,,,,,,,,,,,,,,,,,,,,,,,,,,,,,,,,,,,,,,,,,,,,,,,,,,,,,,,,,,,,,,,,,,,,,,,,,,,,,,,,,,,,,,,,,,,,,,,,,,,,,,,,,,,,,,,,,,,,,,,,,,,,,,,,,,,,,,,,,,,,,,,,,,,,,,,,,,,,,,,,,,,,,,,,,,,,,,,,,,,,,,,,,,,,,,,,,,,,,,,,,,,,,,,,,,,,,,,,,,,,,,,,,,,,,,,,,,,,,,,,,,,,,,,,,,,,,,,,,,,,,,,,,,,,,,,,,,,,,,,,,,,,,,,,,,,,,,,,,,,,,,,,,,,,,,,,,,,,,,,,,,,,,,,,,,,,,,,,,,,,,,,,,,,,,,,,,,,,,,,,,,,,,,,,,,,,,,,,,,,,,,,,,,,,,,,,,,,,,,,,,,,,,,,,,,,,,,,,,,,,,,,,,,,,,,,,,,,,,,,,,,,,,,,,,,,,,,,,,,,,,,,,,,,,,,,,,,,,,,,,,,,,,,,,,,,,,,,,,,,,,,,,,,,,,,,,,,,,,,,,,,,,,,,,,,,,,,,,,,,,,,,,,,,,,,,,,,,,,,,,,,,,,,,,,,,,,,,,,,,,,,,,,,,,,,,,,,,,,,,,,,,,,,,,,,,,,,,,,,,,,,,,,,,,,,,,,,,,,,,,,,,,,,,,,,,,,,,,,,,,,,,,,,,,,,,,,,,,,,,,,,,,,,,,,,,,,,,,,,,,,,,,,,,,,,,,,,,,,,,,,,,,,,,,,,,,,,,,,
,,,,,,,,,,,,,,,,,,,,,,,,,,,,,,,,,,,,,,,,,,,,,,,,,,,,,,,,,,,,,,,,,,,,,,,,,,,,,,,,,,,,,,,,,,,,,,,,,,,,,,,,,,,,,,,,,,,,,,,,,,,,,,,,,,,,,,,,,,,,,,,,,,,,,,,,,,,,,,,,,,,,,,,,,,,,,,,,,,,,,,,,,,,,,,,,,,,,,,,,,,,,,,,,,,,,,,,,,,,,,,,,,,,,,,,,,,,,,,,,,,,,,,,,,,,,,,,,,,,,,,,,,,,,,,,,,,,,,,,,,,,,,,,,,,,,,,,,,,,,,,,,,,,,,,,,,,,,,,,,,,,,,,,,,,,,,,,,,,,,,,,,,,,,,,,,,,,,,,,,,,,,,,,,,,,,,,,,,,,,,,,,,,,,,,,,,,,,,,,,,,,,,,,,,,,,,,,,,,,,,,,,,,,,,,,,,,,,,,,,,,,,,,,,,,,,,,,,,,,,,,,,,,,,,,,,,,,,,,,,,,,,,,,,,,,,,,,,,,,,,,,,,,,,,,,,,,,,,,,,,,,,,,,,,,,,,,,,,,,,,,,,,,,,,,,,,,,,,,,,,,,,,,,,,,,,,,,,,,,,,,,,,,,,,,,,,,,,,,,,,,,,,,,,,,,,,,,,,,,,,,,,,,,,,,,,,,,,,,,,,,,,,,,,,,,,,,,,,,,,,,,,,,,,,,,,,,,,,,,,,,,,,,,,,,,,,,,,,,,,,,,,,,,,,,,,,,,,,,,,,,,,,,,,,,,,,,,,,,,,,,,,,,,,,,,,,,,,,,,,,,,,,,,,,,,,,,,,,,,,,,,,,,,,,,,,,,,,,,,,,,,,,,,,,,,,,,,,,,,,,,,,,,,,,,,,,,,,,,,,,,,,,,,,,,,,,,,,,,,,,,,,,,,,,,,,,,,,,,,,,,,,,,,,,,,,,,,,,,,,,,,,,,,,,,,,,,,,,,,,,,,,,,,,,,,,,,,,,,,,,,,,,,,,,,,,,,,,,,,,,,,,,,,,,,,,,,,,,,,,,,,,,,,,,,,,,,,,,,,,,,,,,,,,,,,,,,,,,,,,,,,,,,,,,,,,,,,,,,,,,,,,,,,,,,,,,,,,,,,,,,,,,,,,,,,,,,,,,,,,,,,,,,,,,,,,,,,,,,,,,,,,,,,,,,,,,,,,,,,,,,,,,,,,,,,,,,,,,,,,,,,,,,,,,,,,,,,,,,,,,,,,,,,,,,,,,,,,,,,,,,,,,,,,,,,,,,,,,,,,,,,,,,,,,,,,,,,,,,,,,,,,,,,,,,,,,,,,,,,,,,,,,,,,,,,,,,,,,,,,,,,,,,,,,,,,,,,,,,,,,,,,,,,,,,,,,,,,,,,,,,,,,,,,,,,,,,,,,,,,,,,,,,,,,,,,,,,,,,,,,,,,,,,,,,,,,,,,,,,,,,,,,,,,,,,,,,,,,,,,,,,,,,,,,,,,,,,,,,,,,,,,,,,,,,,,,,,,,,,,,,,,,,,,,,,,,,,,,,,,,,,,,,,,,,,,,,,,,,,,,,,,,,,,,,,,,,,,,,,,,,,,,,,,,,,,,,,,,,,,,,,,,,,,,,,,,,,,,,,,,,,,,,,,,,,,,,,,,,,,,,,,,,,,,,,,,,,,,,,,,,,,,,,,,,,,,,,,,,,,,,,,,,,,,,,,,,,,,,,,,,,,,,,,,,,,,,,,,,,,,,,,,,,,,,,,,,,,,,,,,,,,,,,,,,,,,,,,,,,,,,,,,,,,,,,,,,,,,,,,,,,,,,,,,,,,,,,,,,,,,,,,,,,,,,,,,,,,,,,,,,,,,,,,,,,,,,,,,,,,,,,,,,,,,,,,,,,,,,,,,,,,,,,,,,,,,,,,,,,,,,,,,,,,,,,,,,,,,,,,,,,,,,,,,,,,,,,,,,,,,,,,,,,,,,,,,,,,,,,,,,,,,,,,,,,,,,,,,,,,,,,,,,,,,,,,,,,,,,,,,,,,,,,,,,,,,,,,,,,,,,,,,,,,,,,,,,,,,,,,,,,,,,,,,,,,,,,,,,,,,,,,,,,,,,,,,,,,,,,,,,,,,,,,,,,,,,,,,,,,,,,,,,,,,,,,,,,,,,,,,,,,,,,,,,,,,,,,,,,,,,,,,,,,,,,,,,,,,,,,,,,,,,,
,,,,,,,,,,,,,,,,,,,,,,,,,,,,,,,,,,,,,,,,,,,,,,,,,,,,,,,,,,,,,,,,,,,,,,,,,,,,,,,,,,,,,,,,,,,,,,,,,,,,,,,,,,,,,,,,,,,,,,,,,,,,,,,,,,,,,,,,,,,,,,,,,,,,,,,,,,,,,,,,,,,,,,,,,,,,,,,,,,,,,,,,,,,,,,,,,,,,,,,,,,,,,,,,,,,,,,,,,,,,,,,,,,,,,,,,,,,,,,,,,,,,,,,,,,,,,,,,,,,,,,,,,,,,,,,,,,,,,,,,,,,,,,,,,,,,,,,,,,,,,,,,,,,,,,,,,,,,,,,,,,,,,,,,,,,,,,,,,,,,,,,,,,,,,,,,,,,,,,,,,,,,,,,,,,,,,,,,,,,,,,,,,,,,,,,,,,,,,,,,,,,,,,,,,,,,,,,,,,,,,,,,,,,,,,,,,,,,,,,,,,,,,,,,,,,,,,,,,,,,,,,,,,,,,,,,,,,,,,,,,,,,,,,,,,,,,,,,,,,,,,,,,,,,,,,,,,,,,,,,,,,,,,,,,,,,,,,,,,,,,,,,,,,,,,,,,,,,,,,,,,,,,,,,,,,,,,,,,,,,,,,,,,,,,,,,,,,,,,,,,,,,,,,,,,,,,,,,,,,,,,,,,,,,,,,,,,,,,,,,,,,,,,,,,,,,,,,,,,,,,,,,,,,,,,,,,,,,,,,,,,,,,,,,,,,,,,,,,,,,,,,,,,,,,,,,,,,,,,,,,,,,,,,,,,,,,,,,,,,,,,,,,,,,,,,,,,,,,,,,,,,,,,,,,,,,,,,,,,,,,,,,,,,,,,,,,,,,,,,,,,,,,,,,,,,,,,,,,,,,,,,,,,,,,,,,,,,,,,,,,,,,,,,,,,,,,,,,,,,,,,,,,,,,,,,,,,,,,,,,,,,,,,,,,,,,,,,,,,,,,,,,,,,,,,,,,,,,,,,,,,,,,,,,,,,,,,,,,,,,,,,,,,,,,,,,,,,,,,,,,,,,,,,,,,,,,,,,,,,,,,,,,,,,,,,,,,,,,,,,,,,,,,,,,,,,,,,,,,,,,,,,,,,,,,,,,,,,,,,,,,,,,,,,,,,,,,,,,,,,,,,,,,,,,,,,,,,,,,,,,,,,,,,,,,,,,,,,,,,,,,,,,,,,,,,,,,,,,,,,,,,,,,,,,,,,,,,,,,,,,,,,,,,,,,,,,,,,,,,,,,,,,,,,,,,,,,,,,,,,,,,,,,,,,,,,,,,,,,,,,,,,,,,,,,,,,,,,,,,,,,,,,,,,,,,,,,,,,,,,,,,,,,,,,,,,,,,,,,,,,,,,,,,,,,,,,,,,,,,,,,,,,,,,,,,,,,,,,,,,,,,,,,,,,,,,,,,,,,,,,,,,,,,,,,,,,,,,,,,,,,,,,,,,,,,,,,,,,,,,,,,,,,,,,,,,,,,,,,,,,,,,,,,,,,,,,,,,,,,,,,,,,,,,,,,,,,,,,,,,,,,,,,,,,,,,,,,,,,,,,,,,,,,,,,,,,,,,,,,,,,,,,,,,,,,,,,,,,,,,,,,,,,,,,,,,,,,,,,,,,,,,,,,,,,,,,,,,,,,,,,,,,,,,,,,,,,,,,,,,,,,,,,,,,,,,,,,,,,,,,,,,,,,,,,,,,,,,,,,,,,,,,,,,,,,,,,,,,,,,,,,,,,,,,,,,,,,,,,,,,,,,,,,,,,,,,,,,,,,,,,,,,,,,,,,,,,,,,,,,,,,,,,,,,,,,,,,,,,,,,,,,,,,,,,,,,,,,,,,,,,,,,,,,,,,,,,,,,,,,,,,,,,,,,,,,,,,,,,,,,,,,,,,,,,,,,,,,,,,,,,,,,,,,,,,,,,,,,,,,,,,,,,,,,,,,,,,,,,,,,,,,,,,,,,,,,,,,,,,,,,,,,,,,,,,,,,,,,,,,,,,,,,,,,,,,,,,,,,,,,,,,,,,,,,,,,,,,,,,,,,,,,,,,,,,,,,,,,,,,,,,,,,,,,,,,,,,,,,,,,,,,,,,,,,,,,,,,,,,,,,,,,,,,,,,,,,,,,,,,,,,,,,,,,,,,,,,,,,,,,,,,,,,,,,,,,,,,,,,,,,,,,,,,,,,,,,,,,,,,,,,,,,,,,,,,,,,,,,,,,,,,,,,
3450,3235,2536,2394,2526,2481,2392,2368,2391,2368,2392,2481,2526,2394,2536,3235,3703,3472,2412,2382,2405,2440,2245,2400,2326,2265,2298,2414,2441,2357,2580,3486,4073,3852,2745,2368,2306,2267,2242,2236,2193,2237,2312,2403,2410,2407,2758,3852,4208,3985,2880,2490,2327,2283,2382,2354,2281,2250,2265,2378,2429,2358,2851,3985,4014,3793,2694,2471,2252,2037,2355,2256,2261,2308,2242,2377,2242,2380,2672,3790,3743,3525,2479,2242,2327,2227,2264,2199,2288,2216,2056,2366,2382,2355,2485,3518,3517,3295,2281,2240,2286,2293,2317,2210,2260,2244,2297,2265,2244,2285,2365,3289,3823,3599,2537,2245,2156,2222,2307,2297,2267,2203,2338,2254,2163,2344,2488,3598,4009,3782,2593,2377,2275,2345,2263,2246,2352,2111,2366,2391,2155,2490,2579,3785,3884,3661,2486,2410,2342,2354,2141,2195,2331,2244,2420,2449,2352,2362,2494,3665,3503,3278,2354,2353,2373,2400,2250,2180,2286,2274,2419,2447,2313,2257,2426,3302,3174,2904,2364,2296,2270,2289,2290,2259,2384,2427,2319,2321,2346,2189,2476,3001,3175,2914,2733,2519,2429,2327,2552,2676,2649,2463,2152,2371,2514,2240,2436,3001,4047,3883,3856,3555,3238,3266,3447,3557,3681,3728,3573,3195,3399,3310,3081,3839,4588,4453,4240,3932,3532,3738,4019,4206,4268,4242,4090,3757,3784,3716,3812,4360,4685,4550,4218,3919,3534,3856,4231,4400,4400,4330,4223,3988,3778,3756,3993,4465,4449,4263,3813,3707,3484,3714,4164,4276,4187,4056,4025,3906,3566,3565,3774,4294,4548,4310,3675,3438,3226,3382,3902,3997,3867,3650,3596,3550,3175,3244,3479,4367,4610,4386,3389,3122,3010,2900,3477,3623,3565,3384,3214,3198,3060,3051,3357,4380,4804,4583,3478,2986,2883,2837,3000,3215,3274,3101,2888,2922,2784,3177,3304,4579,4702,4481,3398,2863,2811,2761,2756,2829,2912,2743,2566,2665,2700,3036,3259,4477,4266,4043,3017,2637,2674,2694,2886,2816,2831,2571,2557,2503,2439,2770,3025,4040,3795,3560,2648,2519,2683,2694,2785,2815,2820,2767,2577,2551,2484,2679,2879,3586,3551,3341,2560,2359,2537,2503,2764,2791,2731,2645,2584,2539,2474,2528,2632,3348,3427,3227,2506,2471,2345,2617,2747,2779,2753,2490,2500,2595,2550,2562,2488,3156,3648,3434,2503,2351,2321,2538,2534,2613,2655,2579,2482,2338,2590,2346,2588,3420,3641,3426,2730,2584,2433,2311,2495,2525,2467,2724,2733,2592,2458,2351,2587,3419,3211,3087,2994,2690,2482,2353,2695,2672,2930,3079,3051,2882,2618,2660,2873,3185,3135,3102,2964,2665,2617,2453,2644,2929,3115,3177,3098,2929,2780,2756,2897,2987,2876,2910,2749,2603,2607,2294,2805,3036,3100,3069,2909,2870,2788,2568,2520,2750,2789,2599,2578,2341,2323,2292,2685,2931,2979,2918,2772,2712,2647,2470,2326,2562,2821,2488,2560,2401,2443,2341,2583,2761,2839,2750,2746,2482,2593,2506,2471,2548,2958,2790,2770,2581,2419,2425,2455,2688,2807,2858,2713,2446,2468,2521,2571,2827,3049,2853,2705,2529,2470,2331,2453,2592,2655,2674,2718,2465,2463,2579,2673,2926,2947,2688,2603,2440,2519,2519,2476,2664,2656,2610,2565,2308,2378,2421,2529,2770,3169,2967,2360,2457,2420,2488,2335,2619,2732,2593,2336,2400,2192,2391,2417,2940,3416,3211,2554,2239,2458,2521,2446,2584,2663,2578,2357,2407,2400,2395,2499,3179,3467,3274,2670,2358,2451,2535,2279,2686,2836,2706,2532,2520,2430,2440,2294,3225,3195,3023,2558,2330,2345,2265,2278,2749,2809,2652,2424,2500,2364,2179,2326,2963,2749,2571,2347,2209,2317,2215,2304,2488,2539,2431,2279,2278,2399,2139,2261,2608,2831,2474,2405,2356,2359,2393,2360,2492,2471,2197,2261,2306,2425,2276,2357,2553,2915,2659,2426,2286,2357,2460,2390,2529,2486,2385,2275,2230,2301,2389,2457,2689,2917,2704,2352,2293,2442,2425,2326,2537,2559,2349,2320,2272,2415,2462,2386,2698,2675,2709,2484,2408,2468,2375,2420,2495,2514,2367,2143,2350,2341,2471,2439,2433,2457,2540,2422,2285,2354,2351,2311,2378,2421,2316,2263,2389,2392,2333,2157,2399,2597,2422,2241,2208,2172,2416,2298,2301,2341,2379,2395,2314,2344,2341,2283,2454,2637,2407,2252,2303,2453,2466,2304,2244,2459,2510,2406,2381,2309,2346,2175,2661,2735,2472,2161,2378,2436,2343,2210,2248,2447,2527,2453,2318,2288,2401,2345,2622,2849,2582,2312,2298,2306,2319,2258,2220,2351,2324,2409,2301,2394,2454,2427,2600,2821,2640,2330,2339,2314,2265,2298,2507,2606,2471,2296,2237,2426,2445,2222,2593,2709,2619,2427,2244,2020,2282,2448,2500,2579,2517,2411,2235,2378,2370,2388,2544,2834,2653,2293,2255,2271,2215,2395,2435,2530,2467,2326,2228,2278,2376,2377,2582,3002,2760,2442,2418,2380,2325,2476,2516,2541,2514,2226,2393,2476,2448,2375,2797,2854,2631,2445,2551,2512,2364,2506,2503,2505,2477,2324,2405,2531,2401,2401,2740,2814,2549,2319,2486,2369,2242,2402,2437,2507,2336,2346,2342,2318,2273,2383,2612,2802,2522,2256,2302,2373,2362,2353,2385,2392,2319,2342,2353,2305,2310,2296,2480,2691,2545,2278,2345,2464,2497,2426,2293,2360,2223,2351,2286,2189,2298,2271,2411,2592,2549,2460,2393,2351,2514,2453,2243,2319,2368,2194,2161,2215,2257,2165,2462,2617,2477,2532,2307,2273,2429,2287,2419,2438,2315,2245,2199,2303,2323,2295,2581,2730,2552,2506,2297,2164,2218,2348,2378,2388,2299,2413,2153,2287,2394,2342,2522,2803,2627,2406,2348,2328,2169,2206,2210,2337,2353,2388,2331,2304,2346,2310,2575,2800,2593,2355,2289,2334,2297,2207,2270,2316,2338,2327,2455,2318,2133,2313,2601,2618,2384,2129,2217,2314,2353,2342,2385,2447,2472,2270,2492,2398,2302,2435,2424,3333,3096,2280,2336,2301,2245,2417,2505,2525,2495,2337,2450,2282,2263,2362,3120,3827,3614,2550,2318,2429,2436,2446,2419,2493,2351,2529,2365,2445,2483,2446,3587,4091,3858,2625,2632,2551,2397,2765,2930,2923,2704,2705,2733,2670,2607,2826,3874,4118,3893,2736,2606,2612,2492,3032,3054,3049,2798,2700,2725,2735,2599,3031,3899,4118,3884,2792,2472,2551,2415,2921,2853,2984,2853,2573,2571,2636,2541,3064,3915,4153,3924,2818,2484,2549,2376,2551,2721,2829,2759,2438,2416,2513,2459,2942,3936,3772,3537,2506,2345,2578,2507,2379,2523,2618,2513,2273,2566,2564,2397,2515,3557,3311,3122,2313,2339,2484,2460,2484,2321,2418,2332,2298,2510,2531,2432,2501,3040,3165,2965,2305,2314,2268,2348,2460,2395,2430,2408,2297,2481,2518,2315,2408,2949,2871,2611,2305,2195,2203,2305,2355,2352,2522,2473,2381,2452,2420,2399,2453,2703,2908,2704,2370,2233,2328,2257,2289,2240,2523,2545,2272,2294,2369,2291,2357,2729,2872,2661,2277,2238,2254,2132,2302,2326,2376,2435,2306,2285,2338,2363,2422,2716,2837,2541,2239,2171,2215,2387,2365,2302,2342,2233,2280,2410,2423,2288,2282,2656,3105,2903,2346,2322,2256,2415,2350,2337,2376,2311,2152,2428,2310,2316,2369,2849,3214,3011,2402,2425,2384,2406,2388,2374,2381,2445,2293,2325,2256,2347,2296,2976,3113,2902,2634,2517,2269,2336,2398,2544,2628,2623,2406,2475,2533,2489,2392,2877,2787,2850,2796,2666,2487,2449,2509,2803,2768,2713,2568,2614,2610,2554,2639,2728,3065,2933,2681,2582,2367,2425,2504,2848,2740,2603,2435,2519,2474,2530,2612,2798,3371,3153,2534,2450,2372,2332,2345,2677,2684,2417,2286,2309,2384,2340,2400,3154,3359,3102,2529,2428,2300,2185,2441,2532,2347,2429,2392,2335,2289,2317,2250,3132,3202,3001,2408,2405,2286,2332,2436,2536,2580,2664,2480,2381,2418,2477,2450,2966,3072,2955,2488,2423,2390,2396,2379,2546,2780,2783,2552,2540,2498,2463,2559,2775,2966,2853,2481,2461,2388,2413,2435,2545,2674,2563,2487,2504,2537,2311,2432,2752,2957,2816,2558,2509,2386,2369,2403,2591,2744,2584,2256,2440,2426,2475,2575,2734,3051,2872,2597,2473,2472,2300,2339,2626,2724,2490,2344,2382,2475,2463,2473,2756,2946,2730,2332,2317,2348,2176,2360,2567,2663,2407,2312,2327,2286,2269,2118,2648,2936,2724,2254,2470,2470,2295,2530,2759,2839,2556,2453,2433,2351,2361,2389,2705,2822,2627,2332,2403,2418,2202,2571,2762,2753,2450,2435,2383,2394,2401,2433,2720,2909,2656,2250,2314,2456,2288,2455,2530,2416,2400,2356,2272,2420,2392,2395,2772,3017,2802,2306,2288,2361,2318,2258,2428,2303,2353,2349,2339,2422,2296,2310,2822,2940,2754,2413,2389,2290,2246,2337,2408,2189,2301,2265,2431,2385,2326,2379,2742,2750,2536,2350,2458,2162,2259,2337,2400,2348,2350,2310,2287,2287,2333,2297,2573,2709,2493,2455,2425,2359,2264,2171,2324,2382,2421,2312,2265,2281,2293,2368,2353,2635,2501,2420,2434,2315,2344,2265,2367,2264,2310,2390,2237,2243,2290,2365,2428,2663,2456,2414,2342,2300,2422,2357,2321,2153,2331,2235,2346,2355,2343,2399,2374,2765,2564,2401,2401,2291,2273,2213,2178,2364,2414,2279,2352,2345,2452,2407,2546,2932,2812,2484,2502,2378,2182,2315,2296,2376,2436,2344,2328,2433,2474,2342,2714,3104,2936,2499,2443,2307,2186,2418,2295,2304,2332,2360,2355,2465,2469,2381,2911,3129,2922,2147,2332,2249,2351,2542,2403,2279,2201,2242,2265,2433,2458,2370,2922,3108,2905,2221,2275,2302,2236,2468,2533,2348,2183,2141,2138,2283,2355,2313,2894,2856,2641,2416,2452,2346,2152,2318,2473,2363,2222,2364,2298,2271,2180,2142,2708,2913,2691,2347,2352,2192,2187,2320,2376,2262,2186,2303,2356,2296,2358,2239,2657,2918,2687,2258,2225,2337,2335,2346,2294,2278,2288,2264,2431,2397,2339,2240,2649,2751,2508,2368,2369,2384,2403,2391,2460,2357,2372,2398,2399,2183,2245,2377,2513,3145,2905,2370,2420,2386,2331,2456,2436,2384,2311,2248,2272,2320,2312,2321,2954,3563,3340,2320,2272,2253,2353,2403,2362,2352,2288,2289,2329,2323,2281,2448,3354,3619,3385,2389,2226,2438,2372,2355,2372,2382,2307,2475,2371,2195,2319,2421,3400,3420,3192,2340,2193,2274,2214,2134,2366,2298,2271,2406,2332,2363,2363,2403,3203,3136,2901,2371,2401,2279,2400,2177,2337,2348,2338,2392,2331,2442,2351,2243,2926,3197,3004,2276,2394,2327,2404,2287,2130,2193,2367,2256,2327,2386,2270,2394,2947,3511,3314,2478,2467,2262,2276,2344,2458,2435,2395,2335,2227,2388,2302,2432,3272,3867,3640,2587,2481,2426,2369,2376,2756,2969,2826,2409,2313,2226,2383,2693,3654,4047,3827,2695,2400,2449,2319,2486,2882,3122,3026,2392,2264,2226,2309,2750,3833,3957,3732,2556,2393,2396,2203,2527,2809,3056,2928,2418,2342,2201,2452,2617,3739,3623,3394,2375,2318,2320,2250,2460,2624,2728,2583,2364,2286,2164,2305,2375,3402,3102,2894,2239,2104,2223,2229,2319,2324,2382,2281,2328,2258,2162,2190,2338,2900,3351,3142,2297,2133,2187,2087,2309,2394,2359,2155,2247,2299,2173,2216,2262,3111,3488,3268,2283,2251,2147,2036,2212,2268,2246,2253,2104,2182,2193,2026,2291,3256,3328,3114,2237,2164,2187,2045,2180,2212,2333,2256,2207,1990,2165,2082,2241,3105,3085,2877,2142,2121,2157,2139,2104,2103,2104,2233,2254,2281,2199,2100,2046,2843,2820,2606,2155,2041,2002,1979,2086,2046,2082,2267,2217,2254,2179,2097,1889,2554,2651,2382,1862,2019,2034,1843,1986,2070,2055,2147,2121,2143,2051,2109,2011,2468,2361,2299,2051,2004,2025,1953,1936,2102,2151,2082,2023,2163,2025,1939,2081,2309,2372,2161,1820,1987,1976,2038,1875,2033,2138,2083,2045,2035,1988,2021,1900,2192,2356,2262,1905,1911,2006,2063,1943,1897,1972,2095,2090,1987,2009,2018,2008,2200
,,,,,,,,,,,,,,,,,,,,,,,,,,,,,,,,,,,,,,,,,,,,,,,,,,,,,,,,,,,,,,,,,,,,,,,,,,,,,,,,,,,,,,,,,,,,,,,,,,,,,,,,,,,,,,,,,,,,,,,,,,,,,,,,,,,,,,,,,,,,,,,,,,,,,,,,,,,,,,,,,,,,,,,,,,,,,,,,,,,,,,,,,,,,,,,,,,,,,,,,,,,,,,,,,,,,,,,,,,,,,,,,,,,,,,,,,,,,,,,,,,,,,,,,,,,,,,,,,,,,,,,,,,,,,,,,,,,,,,,,,,,,,,,,,,,,,,,,,,,,,,,,,,,,,,,,,,,,,,,,,,,,,,,,,,,,,,,,,,,,,,,,,,,,,,,,,,,,,,,,,,,,,,,,,,,,,,,,,,,,,,,,,,,,,,,,,,,,,,,,,,,,,,,,,,,,,,,,,,,,,,,,,,,,,,,,,,,,,,,,,,,,,,,,,,,,,,,,,,,,,,,,,,,,,,,,,,,,,,,,,,,,,,,,,,,,,,,,,,,,,,,,,,,,,,,,,,,,,,,,,,,,,,,,,,,,,,,,,,,,,,,,,,,,,,,,,,,,,,,,,,,,,,,,,,,,,,,,,,,,,,,,,,,,,,,,,,,,,,,,,,,,,,,,,,,,,,,,,,,,,,,,,,,,,,,,,,,,,,,,,,,,,,,,,,,,,,,,,,,,,,,,,,,,,,,,,,,,,,,,,,,,,,,,,,,,,,,,,,,,,,,,,,,,,,,,,,,,,,,,,,,,,,,,,,,,,,,,,,,,,,,,,,,,,,,,,,,,,,,,,,,,,,,,,,,,,,,,,,,,,,,,,,,,,,,,,,,,,,,,,,,,,,,,,,,,,,,,,,,,,,,,,,,,,,,,,,,,,,,,,,,,,,,,,,,,,,,,,,,,,,,,,,,,,,,,,,,,,,,,,,,,,,,,,,,,,,,,,,,,,,,,,,,,,,,,,,,,,,,,,,,,,,,,,,,,,,,,,,,,,,,,,,,,,,,,,,,,,,,,,,,,,,,,,,,,,,,,,,,,,,,,,,,,,,,,,,,,,,,,,,,,,,,,,,,,,,,,,,,,,,,,,,,,,,,,,,,,,,,,,,,,,,,,,,,,,,,,,,,,,,,,,,,,,,,,,,,,,,,,,,,,,,,,,,,,,,,,,,,,,,,,,,,,,,,,,,,,,,,,,,,,,,,,,,,,,,,,,,,,,,,,,,,,,,,,,,,,,,,,,,,,,,,,,,,,,,,,,,,,,,,,,,,,,,,,,,,,,,,,,,,,,,,,,,,,,,,,,,,,,,,,,,,,,,,,,,,,,,,,,,,,,,,,,,,,,,,,,,,,,,,,,,,,,,,,,,,,,,,,,,,,,,,,,,,,,,,,,,,,,,,,,,,,,,,,,,,,,,,,,,,,,,,,,,,,,,,,,,,,,,,,,,,,,,,,,,,,,,,,,,,,,,,,,,,,,,,,,,,,,,,,,,,,,,,,,,,,,,,,,,,,,,,,,,,,,,,,,,,,,,,,,,,,,,,,,,,,,,,,,,,,,,,,,,,,,,,,,,,,,,,,,,,,,,,,,,,,,,,,,,,,,,,,,,,,,,,,,,,,,,,,,,,,,,,,,,,,,,,,,,,,,,,,,,,,,,,,,,,,,,,,,,,,,,,,,,,,,,,,,,,,,,,,,,,,,,,,,,,,,,,,,,,,,,,,,,,,,,,,,,,,,,,,,,,,,,,,,,,,,,,,,,,,,,,,,,,,,,,,,,,,,,,,,,,,,,,,,,,,,,,,,,,,,,,,,,,,,,,,,,,,,,,,,,,,,,,,,,,,,,,,,,,,,,,,,,,,,,,,,,,,,,,,,,,,,,,,,,,,,,,,,,,,,,,,,,,,,,,,,,,,,,,,,,,,,,,,,,,,,,,,,,,,,,,,,,,,,,,,,,,,,,,,,,,,,,,,,,,,,,,,,,,,,,,,,,,,,,,,,,,,,,,,,,,,,,,,,,,,,,,,,,,,,,,,,,,,,,,,,,,,,,,,,,,,,,,,,,,,,,,,,,,,,,,,,,,,,,,,,,,,,,,,,,,,,,,,,,,,,,,,,,,,,,,,,,,,,,,,,,,,,,,,,,,,,,,,,,,,,,,,,,,,,,,,,,,,,,,,,,,,,,,,,,,,,,,,,,,,,,,,,,,,,,,,,,,,,,,,,,,,,,,
,,,,,,,,,,,,,,,,,,,,,,,,,,,,,,,,,,,,,,,,,,,,,,,,,,,,,,,,,,,,,,,,,,,,,,,,,,,,,,,,,,,,,,,,,,,,,,,,,,,,,,,,,,,,,,,,,,,,,,,,,,,,,,,,,,,,,,,,,,,,,,,,,,,,,,,,,,,,,,,,,,,,,,,,,,,,,,,,,,,,,,,,,,,,,,,,,,,,,,,,,,,,,,,,,,,,,,,,,,,,,,,,,,,,,,,,,,,,,,,,,,,,,,,,,,,,,,,,,,,,,,,,,,,,,,,,,,,,,,,,,,,,,,,,,,,,,,,,,,,,,,,,,,,,,,,,,,,,,,,,,,,,,,,,,,,,,,,,,,,,,,,,,,,,,,,,,,,,,,,,,,,,,,,,,,,,,,,,,,,,,,,,,,,,,,,,,,,,,,,,,,,,,,,,,,,,,,,,,,,,,,,,,,,,,,,,,,,,,,,,,,,,,,,,,,,,,,,,,,,,,,,,,,,,,,,,,,,,,,,,,,,,,,,,,,,,,,,,,,,,,,,,,,,,,,,,,,,,,,,,,,,,,,,,,,,,,,,,,,,,,,,,,,,,,,,,,,,,,,,,,,,,,,,,,,,,,,,,,,,,,,,,,,,,,,,,,,,,,,,,,,,,,,,,,,,,,,,,,,,,,,,,,,,,,,,,,,,,,,,,,,,,,,,,,,,,,,,,,,,,,,,,,,,,,,,,,,,,,,,,,,,,,,,,,,,,,,,,,,,,,,,,,,,,,,,,,,,,,,,,,,,,,,,,,,,,,,,,,,,,,,,,,,,,,,,,,,,,,,,,,,,,,,,,,,,,,,,,,,,,,,,,,,,,,,,,,,,,,,,,,,,,,,,,,,,,,,,,,,,,,,,,,,,,,,,,,,,,,,,,,,,,,,,,,,,,,,,,,,,,,,,,,,,,,,,,,,,,,,,,,,,,,,,,,,,,,,,,,,,,,,,,,,,,,,,,,,,,,,,,,,,,,,,,,,,,,,,,,,,,,,,,,,,,,,,,,,,,,,,,,,,,,,,,,,,,,,,,,,,,,,,,,,,,,,,,,,,,,,,,,,,,,,,,,,,,,,,,,,,,,,,,,,,,,,,,,,,,,,,,,,,,,,,,,,,,,,,,,,,,,,,,,,,,,,,,,,,,,,,,,,,,,,,,,,,,,,,,,,,,,,,,,,,,,,,,,,,,,,,,,,,,,,,,,,,,,,,,,,,,,,,,,,,,,,,,,,,,,,,,,,,,,,,,,,,,,,,,,,,,,,,,,,,,,,,,,,,,,,,,,,,,,,,,,,,,,,,,,,,,,,,,,,,,,,,,,,,,,,,,,,,,,,,,,,,,,,,,,,,,,,,,,,,,,,,,,,,,,,,,,,,,,,,,,,,,,,,,,,,,,,,,,,,,,,,,,,,,,,,,,,,,,,,,,,,,,,,,,,,,,,,,,,,,,,,,,,,,,,,,,,,,,,,,,,,,,,,,,,,,,,,,,,,,,,,,,,,,,,,,,,,,,,,,,,,,,,,,,,,,,,,,,,,,,,,,,,,,,,,,,,,,,,,,,,,,,,,,,,,,,,,,,,,,,,,,,,,,,,,,,,,,,,,,,,,,,,,,,,,,,,,,,,,,,,,,,,,,,,,,,,,,,,,,,,,,,,,,,,,,,,,,,,,,,,,,,,,,,,,,,,,,,,,,,,,,,,,,,,,,,,,,,,,,,,,,,,,,,,,,,,,,,,,,,,,,,,,,,,,,,,,,,,,,,,,,,,,,,,,,,,,,,,,,,,,,,,,,,,,,,,,,,,,,,,,,,,,,,,,,,,,,,,,,,,,,,,,,,,,,,,,,,,,,,,,,,,,,,,,,,,,,,,,,,,,,,,,,,,,,,,,,,,,,,,,,,,,,,,,,,,,,,,,,,,,,,,,,,,,,,,,,,,,,,,,,,,,,,,,,,,,,,,,,,,,,,,,,,,,,,,,,,,,,,,,,,,,,,,,,,,,,,,,,,,,,,,,,,,,,,,,,,,,,,,,,,,,,,,,,,,,,,,,,,,,,,,,,,,,,,,,,,,,,,,,,,,,,,,,,,,,,,,,,,,,,,,,,,,,,,,,,,,,,,,,,,,,,,,,,,,,,,,,,,,,,,,,,,,,,,,,,,,,,,,,,,,,,,,,,,,,,,,,,,,,,,,,,,,,,,,,,,,,,,,,,,,,,,,,,,,,,,,,
,,,,,,,,,,,,,,,,,,,,,,,,,,,,,,,,,,,,,,,,,,,,,,,,,,,,,,,,,,,,,,,,,,,,,,,,,,,,,,,,,,,,,,,,,,,,,,,,,,,,,,,,,,,,,,,,,,,,,,,,,,,,,,,,,,,,,,,,,,,,,,,,,,,,,,,,,,,,,,,,,,,,,,,,,,,,,,,,,,,,,,,,,,,,,,,,,,,,,,,,,,,,,,,,,,,,,,,,,,,,,,,,,,,,,,,,,,,,,,,,,,,,,,,,,,,,,,,,,,,,,,,,,,,,,,,,,,,,,,,,,,,,,,,,,,,,,,,,,,,,,,,,,,,,,,,,,,,,,,,,,,,,,,,,,,,,,,,,,,,,,,,,,,,,,,,,,,,,,,,,,,,,,,,,,,,,,,,,,,,,,,,,,,,,,,,,,,,,,,,,,,,,,,,,,,,,,,,,,,,,,,,,,,,,,,,,,,,,,,,,,,,,,,,,,,,,,,,,,,,,,,,,,,,,,,,,,,,,,,,,,,,,,,,,,,,,,,,,,,,,,,,,,,,,,,,,,,,,,,,,,,,,,,,,,,,,,,,,,,,,,,,,,,,,,,,,,,,,,,,,,,,,,,,,,,,,,,,,,,,,,,,,,,,,,,,,,,,,,,,,,,,,,,,,,,,,,,,,,,,,,,,,,,,,,,,,,,,,,,,,,,,,,,,,,,,,,,,,,,,,,,,,,,,,,,,,,,,,,,,,,,,,,,,,,,,,,,,,,,,,,,,,,,,,,,,,,,,,,,,,,,,,,,,,,,,,,,,,,,,,,,,,,,,,,,,,,,,,,,,,,,,,,,,,,,,,,,,,,,,,,,,,,,,,,,,,,,,,,,,,,,,,,,,,,,,,,,,,,,,,,,,,,,,,,,,,,,,,,,,,,,,,,,,,,,,,,,,,,,,,,,,,,,,,,,,,,,,,,,,,,,,,,,,,,,,,,,,,,,,,,,,,,,,,,,,,,,,,,,,,,,,,,,,,,,,,,,,,,,,,,,,,,,,,,,,,,,,,,,,,,,,,,,,,,,,,,,,,,,,,,,,,,,,,,,,,,,,,,,,,,,,,,,,,,,,,,,,,,,,,,,,,,,,,,,,,,,,,,,,,,,,,,,,,,,,,,,,,,,,,,,,,,,,,,,,,,,,,,,,,,,,,,,,,,,,,,,,,,,,,,,,,,,,,,,,,,,,,,,,,,,,,,,,,,,,,,,,,,,,,,,,,,,,,,,,,,,,,,,,,,,,,,,,,,,,,,,,,,,,,,,,,,,,,,,,,,,,,,,,,,,,,,,,,,,,,,,,,,,,,,,,,,,,,,,,,,,,,,,,,,,,,,,,,,,,,,,,,,,,,,,,,,,,,,,,,,,,,,,,,,,,,,,,,,,,,,,,,,,,,,,,,,,,,,,,,,,,,,,,,,,,,,,,,,,,,,,,,,,,,,,,,,,,,,,,,,,,,,,,,,,,,,,,,,,,,,,,,,,,,,,,,,,,,,,,,,,,,,,,,,,,,,,,,,,,,,,,,,,,,,,,,,,,,,,,,,,,,,,,,,,,,,,,,,,,,,,,,,,,,,,,,,,,,,,,,,,,,,,,,,,,,,,,,,,,,,,,,,,,,,,,,,,,,,,,,,,,,,,,,,,,,,,,,,,,,,,,,,,,,,,,,,,,,,,,,,,,,,,,,,,,,,,,,,,,,,,,,,,,,,,,,,,,,,,,,,,,,,,,,,,,,,,,,,,,,,,,,,,,,,,,,,,,,,,,,,,,,,,,,,,,,,,,,,,,,,,,,,,,,,,,,,,,,,,,,,,,,,,,,,,,,,,,,,,,,,,,,,,,,,,,,,,,,,,,,,,,,,,,,,,,,,,,,,,,,,,,,,,,,,,,,,,,,,,,,,,,,,,,,,,,,,,,,,,,,,,,,,,,,,,,,,,,,,,,,,,,,,,,,,,,,,,,,,,,,,,,,,,,,,,,,,,,,,,,,,,,,,,,,,,,,,,,,,,,,,,,,,,,,,,,,,,,,,,,,,,,,,,,,,,,,,,,,,,,,,,,,,,,,,,,,,,,,,,,,,,,,,,,,,,,,,,,,,,,,,,,,,,,,,,,,,,,,,,,,,,,,,,,,,,,,,,,,,,,,,,,,,,,,,,,,,,,,,,,,,,,,,,,,,,,,,,,,,,,,,,,,,,,,,,,,,,,,,,,,,,,,,,,,,,,,,,,
,,,,,,,,,,,,,,,,,,,,,,,,,,,,,,,,,,,,,,,,,,,,,,,,,,,,,,,,,,,,,,,,,,,,,,,,,,,,,,,,,,,,,,,,,,,,,,,,,,,,,,,,,,,,,,,,,,,,,,,,,,,,,,,,,,,,,,,,,,,,,,,,,,,,,,,,,,,,,,,,,,,,,,,,,,,,,,,,,,,,,,,,,,,,,,,,,,,,,,,,,,,,,,,,,,,,,,,,,,,,,,,,,,,,,,,,,,,,,,,,,,,,,,,,,,,,,,,,,,,,,,,,,,,,,,,,,,,,,,,,,,,,,,,,,,,,,,,,,,,,,,,,,,,,,,,,,,,,,,,,,,,,,,,,,,,,,,,,,,,,,,,,,,,,,,,,,,,,,,,,,,,,,,,,,,,,,,,,,,,,,,,,,,,,,,,,,,,,,,,,,,,,,,,,,,,,,,,,,,,,,,,,,,,,,,,,,,,,,,,,,,,,,,,,,,,,,,,,,,,,,,,,,,,,,,,,,,,,,,,,,,,,,,,,,,,,,,,,,,,,,,,,,,,,,,,,,,,,,,,,,,,,,,,,,,,,,,,,,,,,,,,,,,,,,,,,,,,,,,,,,,,,,,,,,,,,,,,,,,,,,,,,,,,,,,,,,,,,,,,,,,,,,,,,,,,,,,,,,,,,,,,,,,,,,,,,,,,,,,,,,,,,,,,,,,,,,,,,,,,,,,,,,,,,,,,,,,,,,,,,,,,,,,,,,,,,,,,,,,,,,,,,,,,,,,,,,,,,,,,,,,,,,,,,,,,,,,,,,,,,,,,,,,,,,,,,,,,,,,,,,,,,,,,,,,,,,,,,,,,,,,,,,,,,,,,,,,,,,,,,,,,,,,,,,,,,,,,,,,,,,,,,,,,,,,,,,,,,,,,,,,,,,,,,,,,,,,,,,,,,,,,,,,,,,,,,,,,,,,,,,,,,,,,,,,,,,,,,,,,,,,,,,,,,,,,,,,,,,,,,,,,,,,,,,,,,,,,,,,,,,,,,,,,,,,,,,,,,,,,,,,,,,,,,,,,,,,,,,,,,,,,,,,,,,,,,,,,,,,,,,,,,,,,,,,,,,,,,,,,,,,,,,,,,,,,,,,,,,,,,,,,,,,,,,,,,,,,,,,,,,,,,,,,,,,,,,,,,,,,,,,,,,,,,,,,,,,,,,,,,,,,,,,,,,,,,,,,,,,,,,,,,,,,,,,,,,,,,,,,,,,,,,,,,,,,,,,,,,,,,,,,,,,,,,,,,,,,,,,,,,,,,,,,,,,,,,,,,,,,,,,,,,,,,,,,,,,,,,,,,,,,,,,,,,,,,,,,,,,,,,,,,,,,,,,,,,,,,,,,,,,,,,,,,,,,,,,,,,,,,,,,,,,,,,,,,,,,,,,,,,,,,,,,,,,,,,,,,,,,,,,,,,,,,,,,,,,,,,,,,,,,,,,,,,,,,,,,,,,,,,,,,,,,,,,,,,,,,,,,,,,,,,,,,,,,,,,,,,,,,,,,,,,,,,,,,,,,,,,,,,,,,,,,,,,,,,,,,,,,,,,,,,,,,,,,,,,,,,,,,,,,,,,,,,,,,,,,,,,,,,,,,,,,,,,,,,,,,,,,,,,,,,,,,,,,,,,,,,,,,,,,,,,,,,,,,,,,,,,,,,,,,,,,,,,,,,,,,,,,,,,,,,,,,,,,,,,,,,,,,,,,,,,,,,,,,,,,,,,,,,,,,,,,,,,,,,,,,,,,,,,,,,,,,,,,,,,,,,,,,,,,,,,,,,,,,,,,,,,,,,,,,,,,,,,,,,,,,,,,,,,,,,,,,,,,,,,,,,,,,,,,,,,,,,,,,,,,,,,,,,,,,,,,,,,,,,,,,,,,,,,,,,,,,,,,,,,,,,,,,,,,,,,,,,,,,,,,,,,,,,,,,,,,,,,,,,,,,,,,,,,,,,,,,,,,,,,,,,,,,,,,,,,,,,,,,,,,,,,,,,,,,,,,,,,,,,,,,,,,,,,,,,,,,,,,,,,,,,,,,,,,,,,,,,,,,,,,,,,,,,,,,,,,,,,,,,,,,,,,,,,,,,,,,,,,,,,,,,,,,,,,,,,,,,,,,,,,,,,,,,,,,,,,,,,,,,,,,,,,,,,,,,,,,,,,,,,,,,,,,,,,,,,,,,,,,,,,,,,,,,,,,,,,,,,,,,,,,,,,,,,,,,,,
,,,,,,,,,,,,,,,,,,,,,,,,,,,,,,,,,,,,,,,,,,,,,,,,,,,,,,,,,,,,,,,,,,,,,,,,,,,,,,,,,,,,,,,,,,,,,,,,,,,,,,,,,,,,,,,,,,,,,,,,,,,,,,,,,,,,,,,,,,,,,,,,,,,,,,,,,,,,,,,,,,,,,,,,,,,,,,,,,,,,,,,,,,,,,,,,,,,,,,,,,,,,,,,,,,,,,,,,,,,,,,,,,,,,,,,,,,,,,,,,,,,,,,,,,,,,,,,,,,,,,,,,,,,,,,,,,,,,,,,,,,,,,,,,,,,,,,,,,,,,,,,,,,,,,,,,,,,,,,,,,,,,,,,,,,,,,,,,,,,,,,,,,,,,,,,,,,,,,,,,,,,,,,,,,,,,,,,,,,,,,,,,,,,,,,,,,,,,,,,,,,,,,,,,,,,,,,,,,,,,,,,,,,,,,,,,,,,,,,,,,,,,,,,,,,,,,,,,,,,,,,,,,,,,,,,,,,,,,,,,,,,,,,,,,,,,,,,,,,,,,,,,,,,,,,,,,,,,,,,,,,,,,,,,,,,,,,,,,,,,,,,,,,,,,,,,,,,,,,,,,,,,,,,,,,,,,,,,,,,,,,,,,,,,,,,,,,,,,,,,,,,,,,,,,,,,,,,,,,,,,,,,,,,,,,,,,,,,,,,,,,,,,,,,,,,,,,,,,,,,,,,,,,,,,,,,,,,,,,,,,,,,,,,,,,,,,,,,,,,,,,,,,,,,,,,,,,,,,,,,,,,,,,,,,,,,,,,,,,,,,,,,,,,,,,,,,,,,,,,,,,,,,,,,,,,,,,,,,,,,,,,,,,,,,,,,,,,,,,,,,,,,,,,,,,,,,,,,,,,,,,,,,,,,,,,,,,,,,,,,,,,,,,,,,,,,,,,,,,,,,,,,,,,,,,,,,,,,,,,,,,,,,,,,,,,,,,,,,,,,,,,,,,,,,,,,,,,,,,,,,,,,,,,,,,,,,,,,,,,,,,,,,,,,,,,,,,,,,,,,,,,,,,,,,,,,,,,,,,,,,,,,,,,,,,,,,,,,,,,,,,,,,,,,,,,,,,,,,,,,,,,,,,,,,,,,,,,,,,,,,,,,,,,,,,,,,,,,,,,,,,,,,,,,,,,,,,,,,,,,,,,,,,,,,,,,,,,,,,,,,,,,,,,,,,,,,,,,,,,,,,,,,,,,,,,,,,,,,,,,,,,,,,,,,,,,,,,,,,,,,,,,,,,,,,,,,,,,,,,,,,,,,,,,,,,,,,,,,,,,,,,,,,,,,,,,,,,,,,,,,,,,,,,,,,,,,,,,,,,,,,,,,,,,,,,,,,,,,,,,,,,,,,,,,,,,,,,,,,,,,,,,,,,,,,,,,,,,,,,,,,,,,,,,,,,,,,,,,,,,,,,,,,,,,,,,,,,,,,,,,,,,,,,,,,,,,,,,,,,,,,,,,,,,,,,,,,,,,,,,,,,,,,,,,,,,,,,,,,,,,,,,,,,,,,,,,,,,,,,,,,,,,,,,,,,,,,,,,,,,,,,,,,,,,,,,,,,,,,,,,,,,,,,,,,,,,,,,,,,,,,,,,,,,,,,,,,,,,,,,,,,,,,,,,,,,,,,,,,,,,,,,,,,,,,,,,,,,,,,,,,,,,,,,,,,,,,,,,,,,,,,,,,,,,,,,,,,,,,,,,,,,,,,,,,,,,,,,,,,,,,,,,,,,,,,,,,,,,,,,,,,,,,,,,,,,,,,,,,,,,,,,,,,,,,,,,,,,,,,,,,,,,,,,,,,,,,,,,,,,,,,,,,,,,,,,,,,,,,,,,,,,,,,,,,,,,,,,,,,,,,,,,,,,,,,,,,,,,,,,,,,,,,,,,,,,,,,,,,,,,,,,,,,,,,,,,,,,,,,,,,,,,,,,,,,,,,,,,,,,,,,,,,,,,,,,,,,,,,,,,,,,,,,,,,,,,,,,,,,,,,,,,,,,,,,,,,,,,,,,,,,,,,,,,,,,,,,,,,,,,,,,,,,,,,,,,,,,,,,,,,,,,,,,,,,,,,,,,,,,,,,,,,,,,,,,,,,,,,,,,,,,,,,,,,,,,,,,,,,,,,,,,,,,,,,,,,,,,,,,,,,,,,,,,,,,,,,,,,,,,,,,,,,,,,,,,,,,,,,,,,,,,,,,,,,,,,,,,,,,,,,,,,,
3423,3203,2415,2335,2373,2291,2167,2361,2374,2361,2167,2291,2373,2335,2415,3203,3688,3467,2540,2399,2344,2287,2231,2233,2344,2394,2240,2225,2294,2325,2311,3470,4075,3858,2826,2315,2193,2199,2262,2365,2378,2439,2364,2310,2162,2398,2719,3853,4209,3988,2881,2481,2333,2474,2371,2328,2380,2379,2289,2249,2367,2560,2833,3985,4017,3798,2723,2359,2373,2403,2338,2328,2334,2262,2201,2135,2361,2491,2667,3793,3733,3518,2535,2366,2481,2430,2401,2402,2301,2253,2167,2036,2345,2380,2378,3504,3509,3296,2521,2295,2435,2376,2273,2358,2316,2223,2211,2328,2411,2373,2437,3278,3825,3599,2565,2316,2490,2311,2229,2306,2278,2182,2254,2357,2492,2267,2586,3599,4011,3784,2701,2359,2483,2338,2315,2306,2282,2279,2346,2310,2461,2245,2675,3786,3883,3663,2459,2293,2292,2182,2376,2386,2302,2293,2357,2244,2322,2260,2456,3659,3497,3278,2402,2344,2132,2307,2411,2279,2303,2158,2284,2211,2321,2193,2325,3274,3164,2946,2417,2375,2229,2316,2329,2392,2477,2170,2249,2269,2293,2305,2344,2954,3147,3019,2694,2263,2363,2419,2575,2551,2596,2599,2519,2404,2339,2566,2868,3037,3910,3677,3794,3372,3501,3430,3467,3591,3690,3596,3361,3387,3579,3393,3297,3763,4528,4210,4117,3782,3847,3954,3954,4163,4272,4174,3902,3673,3983,3878,4130,4431,4653,4350,4005,3855,3787,4115,3988,4389,4448,4324,4066,3507,3943,4100,4370,4585,4427,4151,3769,3797,3662,4039,4011,4330,4320,4142,3885,3625,3770,4045,4237,4408,4542,4310,3529,3632,3455,3761,3869,4031,3967,3686,3334,3432,3611,3673,3842,4361,4608,4384,3218,3255,3060,3399,3496,3615,3525,3205,3033,2925,3152,3097,3492,4381,4804,4582,3444,3116,2966,3119,3147,3251,3146,2909,2653,2767,2911,3163,3405,4584,4702,4478,3344,3042,2861,2777,2829,2789,2694,2659,2615,2743,2552,3068,3270,4480,4265,4040,2966,2761,2625,2737,2787,2640,2798,2771,2770,2650,2735,2978,3076,4042,3780,3556,2601,2577,2695,2756,2803,2798,2823,2825,2801,2575,2728,2853,2815,3558,3578,3382,2587,2386,2570,2671,2794,2713,2721,2725,2612,2430,2469,2566,2621,3347,3458,3248,2454,2509,2538,2682,2795,2569,2589,2561,2479,2437,2418,2557,2607,3257,3653,3435,2507,2498,2474,2595,2655,2630,2575,2478,2261,2439,2330,2556,2688,3433,3646,3429,2629,2293,2454,2606,2568,2462,2489,2650,2672,2564,2475,2554,2714,3433,3243,3084,2875,2476,2749,2848,2794,2766,3012,3015,2890,2773,2742,2632,2878,3074,3085,3115,2952,2575,2874,2876,2741,2849,3083,3055,2860,2838,2894,2829,2940,2856,2943,2945,2791,2709,2870,2735,2609,2687,2894,2930,2741,2610,2749,2679,2620,2639,2591,2660,2594,2563,2690,2569,2635,2708,2684,2733,2575,2530,2377,2555,2527,2670,2918,2874,2671,2215,2599,2443,2594,2664,2723,2662,2640,2472,2198,2514,2494,2709,3015,2973,2757,2373,2632,2596,2581,2566,2802,2769,2750,2529,2239,2480,2513,2808,3030,2956,2637,2438,2602,2567,2451,2652,2778,2718,2624,2499,2295,2532,2529,2824,2959,2776,2465,2327,2499,2403,2281,2698,2747,2536,2372,2358,2236,2487,2485,2761,3174,2966,2447,2564,2581,2484,2222,2583,2788,2679,2368,2444,2222,2338,2435,3024,3402,3148,2544,2669,2703,2530,2577,2698,2788,2541,2416,2525,2295,2329,2609,3238,3456,3234,2558,2562,2582,2484,2618,2707,2693,2338,2495,2546,2457,2391,2580,3249,3225,2996,2391,2382,2358,2257,2545,2573,2400,2358,2466,2344,2377,2394,2531,3038,2929,2739,2171,2299,2350,2419,2488,2423,2334,2357,2330,2225,2340,2412,2374,2734,2855,2696,2412,2286,2403,2448,2418,2416,2479,2429,2442,2287,1970,2319,2277,2621,2963,2790,2375,2172,2470,2446,2331,2405,2500,2442,2385,2293,2278,2369,2423,2694,2938,2818,2468,2400,2444,2398,2194,2335,2429,2388,2365,2218,2212,2480,2542,2672,2832,2671,2439,2390,2336,2285,2177,2402,2386,2360,2099,2203,2281,2368,2453,2610,2590,2440,2326,2367,2260,2273,2418,2150,2305,2394,2288,2367,2418,2346,2406,2491,2505,2329,2334,2423,2232,2317,2438,2344,2316,2290,2361,2423,2469,2375,2366,2439,2646,2486,2243,2426,2431,2418,2430,2398,2422,2312,2314,2259,2378,2160,2175,2557,2617,2403,2440,2190,2275,2279,2323,2333,2337,2302,2281,2287,2300,2221,2281,2548,2842,2614,2332,2177,2290,2246,2229,2375,2399,2345,2237,2309,2405,2237,2322,2691,2782,2600,2278,2273,2338,2334,2294,2550,2669,2536,2428,2376,2414,2213,2389,2540,2594,2484,2323,2280,2231,2277,2417,2591,2633,2526,2468,2183,2348,2293,2430,2573,2851,2608,2365,2340,2375,2421,2471,2573,2462,2357,2357,2302,2334,2309,2438,2709,2999,2760,2457,2236,2354,2268,2483,2549,2388,2385,2418,2304,2321,2392,2488,2835,2886,2716,2368,2142,2240,2256,2381,2583,2556,2455,2460,2473,2310,2358,2345,2753,2719,2452,2244,2403,2297,2252,2327,2533,2474,2421,2382,2386,2372,2374,2294,2579,2760,2456,2349,2426,2453,2403,2385,2411,2391,2419,2416,2399,2361,2304,2319,2594,2659,2511,2409,2425,2283,2261,2228,2340,2223,2286,2328,2265,2138,2354,2485,2481,2638,2435,2410,2386,2236,2237,2212,2239,2126,2285,2335,2232,2221,2301,2419,2507,2692,2471,2344,2259,2416,2341,2299,2331,2280,2296,2375,2266,2058,2203,2427,2516,2590,2530,2267,2210,2325,2202,2238,2383,2406,2291,2445,2397,2303,2097,2135,2544,2822,2595,2258,2135,2295,2276,2133,2352,2487,2426,2443,2417,2449,2271,2095,2660,2708,2515,2416,2349,2405,2362,2307,2355,2477,2357,2373,2391,2432,2142,2179,2527,2497,2469,2474,2467,2363,2365,2417,2365,2337,2422,2476,2460,2354,2280,2155,2404,3345,3116,2265,2270,2222,2374,2382,2442,2449,2460,2392,2440,2315,2347,2381,3121,3839,3620,2617,2386,2293,2393,2302,2437,2556,2402,2422,2433,2334,2268,2566,3615,4104,3890,2945,2603,2468,2652,2756,3015,3027,2792,2551,2501,2558,2476,2931,3891,4125,3900,2900,2697,2525,2796,2992,3200,3136,2880,2595,2648,2595,2739,3021,3918,4112,3888,2716,2635,2471,2706,2885,3045,2964,2856,2587,2549,2554,2661,2896,3888,4155,3929,2796,2619,2581,2448,2672,2664,2708,2667,2556,2645,2655,2607,2860,3933,3783,3558,2490,2525,2577,2633,2496,2209,2365,2519,2595,2668,2649,2301,2609,3570,3326,3106,2415,2413,2430,2421,2459,2367,2286,2405,2488,2472,2534,2434,2425,3111,3146,2922,2400,2348,2386,2394,2440,2392,2331,2437,2316,2342,2370,2328,2211,2957,2827,2655,2377,2422,2454,2338,2329,2351,2429,2441,2317,2324,2335,2223,2366,2636,2877,2730,2376,2317,2413,2379,2372,2372,2516,2464,2300,2447,2374,2388,2495,2634,2878,2683,2246,2310,2311,2380,2307,2259,2420,2298,2293,2345,2402,2417,2458,2652,2818,2655,2306,2286,2281,2257,2114,2254,2403,2484,2420,2233,2403,2336,2364,2656,2753,2572,2263,2156,2144,2359,2287,2122,2401,2541,2381,2200,2324,2296,2262,2547,2913,2656,2315,2171,2259,2460,2337,2166,2353,2393,2212,2338,2272,2330,2375,2767,2921,2690,2388,2326,2477,2596,2606,2608,2631,2525,2363,2254,2399,2459,2488,2781,2891,2719,2535,2381,2556,2626,2708,2785,2798,2653,2540,2427,2406,2427,2470,2692,3032,2857,2666,2315,2482,2313,2554,2591,2602,2563,2447,2482,2415,2338,2466,2850,3380,3142,2434,2188,2403,2302,2300,2527,2488,2435,2488,2469,2453,2355,2441,3165,3366,3151,2385,2245,2186,2228,2304,2289,2235,2360,2478,2496,2405,2283,2435,3138,3147,2860,2523,2383,2263,2252,2360,2645,2717,2448,2533,2353,2190,2480,2659,3024,3007,2953,2658,2475,2270,2408,2631,2905,2973,2633,2517,2500,2312,2509,2775,2921,2883,2870,2450,2488,2350,2377,2680,2810,2898,2658,2476,2417,2333,2381,2534,2401,3169,2897,2273,2377,2379,2376,2607,2691,2719,2300,2393,2241,2412,2438,2136,2991,3147,2847,2333,2287,2500,2377,2518,2650,2664,2459,2457,2279,2299,2422,2418,2942,2981,2702,2360,2340,2517,2461,2328,2563,2637,2324,2154,2254,2144,2350,2379,2790,3095,2850,2376,2146,2470,2428,2347,2567,2606,2343,2350,2387,2347,2360,2478,2931,3041,2834,2297,2230,2409,2366,2274,2528,2619,2527,2376,2434,2441,2464,2489,2858,2829,2571,2127,2293,2310,2271,2293,2388,2293,2402,2303,2390,2301,2341,2339,2645,2689,2616,2331,2389,2358,2100,2356,2409,2225,2296,2324,2420,2478,2434,2306,2594,2649,2570,2413,2402,2262,2286,2324,2372,2259,2435,2355,2424,2445,2337,2275,2538,2743,2534,2373,2363,2365,2445,2389,2405,2411,2407,2322,2456,2409,2324,2358,2582,2868,2629,2427,2229,2217,2321,2377,2369,2424,2254,2391,2276,2255,2168,2323,2674,2655,2534,2321,2214,2277,2166,2388,2371,2357,2337,2425,2367,2248,2287,2359,2508,2697,2482,2360,2368,2431,2343,2326,2248,2414,2289,2344,2419,2236,2391,2351,2611,2890,2610,2395,2377,2484,2432,2341,2366,2382,2265,2327,2256,2337,2331,2448,2773,2864,2705,2322,2338,2409,2357,2287,2263,2188,2156,2170,2344,2434,2465,2451,2767,3071,2859,2205,2311,2357,2279,2317,1946,2244,2274,2210,2232,2339,2427,2435,2832,3112,2888,2272,2290,2162,2223,2154,2146,2340,2349,2254,2239,2331,2296,2430,2880,3112,2895,2246,2214,2222,2157,2221,2153,2330,2326,2426,2379,2236,2235,2356,2874,2857,2619,2205,2319,2257,2176,2181,2320,2324,2254,2393,2393,2401,2287,2423,2673,2946,2697,2257,2247,2235,2205,2312,2257,2158,2252,2382,2410,2304,2433,2319,2737,2945,2716,2347,2328,2318,2075,2357,2263,2212,2151,2368,2367,2310,2429,2307,2757,2768,2572,2296,2303,2422,2338,2262,2263,2192,2313,2352,2355,2246,2106,2201,2589,3145,2919,2269,2212,2310,2310,2384,2339,2368,2350,2398,2037,2344,2271,2285,2917,3566,3353,2357,2419,2327,2192,2248,2476,2487,2397,2367,2331,2386,2404,2499,3342,3620,3405,2423,2473,2476,2330,2083,2401,2417,2336,2147,2299,2378,2447,2498,3385,3407,3181,2227,2413,2373,2337,2275,2247,2245,2310,2233,2264,2267,2201,2322,3174,3118,2917,2296,2240,2423,2370,2305,2275,2422,2435,2246,2149,2177,2239,2263,2878,3179,2969,2488,2425,2437,2372,2371,2359,2444,2347,2282,2251,2307,2269,2176,2959,3491,3282,2487,2349,2363,2385,2307,2357,2551,2297,2337,2359,2327,2284,2076,3263,3863,3647,2665,2104,2354,2420,2404,2573,2875,2805,2393,2463,2420,2348,2547,3640,4046,3829,2707,2412,2133,2488,2588,2803,3042,3017,2377,2473,2410,2425,2714,3829,3957,3728,2445,2468,2302,2379,2539,2764,2987,2842,2400,2370,2299,2270,2670,3736,3623,3388,2257,2312,2309,2351,2194,2426,2518,2452,2257,2206,2254,2227,2297,3401,3111,2872,2222,2413,2461,2273,2067,2149,2414,2336,2014,2197,2305,2231,2340,2869,3350,3121,2300,2370,2329,2259,2245,2194,2404,2250,2184,2196,2241,2237,2221,3123,3489,3260,2361,2295,2343,2232,2311,2284,2329,2173,2273,2225,2158,2156,2163,3266,3327,3100,2244,2226,2295,2318,2263,2285,2288,2140,2288,2291,2249,2262,2201,3103,3095,2875,2120,2167,2177,2237,2274,2250,2210,2243,2161,2223,2155,2287,2213,2861,2898,2669,2141,2166,2053,2084,2038,2217,2097,2017,2194,2067,2173,2109,2152,2684,2644,2360,2092,2148,1896,2023,2097,2116,2034,2066,2050,2049,2058,2027,1878,2477,2230,2212,1972,2022,2006,1985,2118,2150,2107,2143,2109,1968,2089,1981,2055,2136,2222,2074,1949,1977,1990,2023,2033,2044,1963,2161,2129,1914,1958,1963,2028,2172,2275,1998,1973,2160,1986,1895,1930,1985,2037,2018,2001,1842,2051,1984,1961,2118
,,,,,,,,,,,,,,,,,,,,,,,,,,,,,,,,,,,,,,,,,,,,,,,,,,,,,,,,,,,,,,,,,,,,,,,,,,,,,,,,,,,,,,,,,,,,,,,,,,,,,,,,,,,,,,,,,,,,,,,,,,,,,,,,,,,,,,,,,,,,,,,,,,,,,,,,,,,,,,,,,,,,,,,,,,,,,,,,,,,,,,,,,,,,,,,,,,,,,,,,,,,,,,,,,,,,,,,,,,,,,,,,,,,,,,,,,,,,,,,,,,,,,,,,,,,,,,,,,,,,,,,,,,,,,,,,,,,,,,,,,,,,,,,,,,,,,,,,,,,,,,,,,,,,,,,,,,,,,,,,,,,,,,,,,,,,,,,,,,,,,,,,,,,,,,,,,,,,,,,,,,,,,,,,,,,,,,,,,,,,,,,,,,,,,,,,,,,,,,,,,,,,,,,,,,,,,,,,,,,,,,,,,,,,,,,,,,,,,,,,,,,,,,,,,,,,,,,,,,,,,,,,,,,,,,,,,,,,,,,,,,,,,,,,,,,,,,,,,,,,,,,,,,,,,,,,,,,,,,,,,,,,,,,,,,,,,,,,,,,,,,,,,,,,,,,,,,,,,,,,,,,,,,,,,,,,,,,,,,,,,,,,,,,,,,,,,,,,,,,,,,,,,,,,,,,,,,,,,,,,,,,,,,,,,,,,,,,,,,,,,,,,,,,,,,,,,,,,,,,,,,,,,,,,,,,,,,,,,,,,,,,,,,,,,,,,,,,,,,,,,,,,,,,,,,,,,,,,,,,,,,,,,,,,,,,,,,,,,,,,,,,,,,,,,,,,,,,,,,,,,,,,,,,,,,,,,,,,,,,,,,,,,,,,,,,,,,,,,,,,,,,,,,,,,,,,,,,,,,,,,,,,,,,,,,,,,,,,,,,,,,,,,,,,,,,,,,,,,,,,,,,,,,,,,,,,,,,,,,,,,,,,,,,,,,,,,,,,,,,,,,,,,,,,,,,,,,,,,,,,,,,,,,,,,,,,,,,,,,,,,,,,,,,,,,,,,,,,,,,,,,,,,,,,,,,,,,,,,,,,,,,,,,,,,,,,,,,,,,,,,,,,,,,,,,,,,,,,,,,,,,,,,,,,,,,,,,,,,,,,,,,,,,,,,,,,,,,,,,,,,,,,,,,,,,,,,,,,,,,,,,,,,,,,,,,,,,,,,,,,,,,,,,,,,,,,,,,,,,,,,,,,,,,,,,,,,,,,,,,,,,,,,,,,,,,,,,,,,,,,,,,,,,,,,,,,,,,,,,,,,,,,,,,,,,,,,,,,,,,,,,,,,,,,,,,,,,,,,,,,,,,,,,,,,,,,,,,,,,,,,,,,,,,,,,,,,,,,,,,,,,,,,,,,,,,,,,,,,,,,,,,,,,,,,,,,,,,,,,,,,,,,,,,,,,,,,,,,,,,,,,,,,,,,,,,,,,,,,,,,,,,,,,,,,,,,,,,,,,,,,,,,,,,,,,,,,,,,,,,,,,,,,,,,,,,,,,,,,,,,,,,,,,,,,,,,,,,,,,,,,,,,,,,,,,,,,,,,,,,,,,,,,,,,,,,,,,,,,,,,,,,,,,,,,,,,,,,,,,,,,,,,,,,,,,,,,,,,,,,,,,,,,,,,,,,,,,,,,,,,,,,,,,,,,,,,,,,,,,,,,,,,,,,,,,,,,,,,,,,,,,,,,,,,,,,,,,,,,,,,,,,,,,,,,,,,,,,,,,,,,,,,,,,,,,,,,,,,,,,,,,,,,,,,,,,,,,,,,,,,,,,,,,,,,,,,,,,,,,,,,,,,,,,,,,,,,,,,,,,,,,,,,,,,,,,,,,,,,,,,,,,,,,,,,,,,,,,,,,,,,,,,,,,,,,,,,,,,,,,,,,,,,,,,,,,,,,,,,,,,,,,,,,,,,,,,,,,,,,,,,,,,,,,,,,,,,,,,,,,,,,,,,,,,,,,,,,,,,,,,,,,,,,,,,,,,,,,,,,,,,,,,,,,,,,,,,,,,,,,,,,,,,,,,,,,,,,,,,,,,,,,,,,,,,,,,,,,,,,,,,,,,,,,,,,,,,,,,,,,,,,,,,,,,,,,,,,,,,,,,,,,,,,,,,,,,,,,,,,,,,,,,,,,,,,,,,,,,,,,,,,,,,,,,,,,,,,,,,,,,,,,,,,,,,,,,,,,,,,,,,,,,,,,,,,,,,,,,,,,,,,,,,,,
,,,,,,,,,,,,,,,,,,,,,,,,,,,,,,,,,,,,,,,,,,,,,,,,,,,,,,,,,,,,,,,,,,,,,,,,,,,,,,,,,,,,,,,,,,,,,,,,,,,,,,,,,,,,,,,,,,,,,,,,,,,,,,,,,,,,,,,,,,,,,,,,,,,,,,,,,,,,,,,,,,,,,,,,,,,,,,,,,,,,,,,,,,,,,,,,,,,,,,,,,,,,,,,,,,,,,,,,,,,,,,,,,,,,,,,,,,,,,,,,,,,,,,,,,,,,,,,,,,,,,,,,,,,,,,,,,,,,,,,,,,,,,,,,,,,,,,,,,,,,,,,,,,,,,,,,,,,,,,,,,,,,,,,,,,,,,,,,,,,,,,,,,,,,,,,,,,,,,,,,,,,,,,,,,,,,,,,,,,,,,,,,,,,,,,,,,,,,,,,,,,,,,,,,,,,,,,,,,,,,,,,,,,,,,,,,,,,,,,,,,,,,,,,,,,,,,,,,,,,,,,,,,,,,,,,,,,,,,,,,,,,,,,,,,,,,,,,,,,,,,,,,,,,,,,,,,,,,,,,,,,,,,,,,,,,,,,,,,,,,,,,,,,,,,,,,,,,,,,,,,,,,,,,,,,,,,,,,,,,,,,,,,,,,,,,,,,,,,,,,,,,,,,,,,,,,,,,,,,,,,,,,,,,,,,,,,,,,,,,,,,,,,,,,,,,,,,,,,,,,,,,,,,,,,,,,,,,,,,,,,,,,,,,,,,,,,,,,,,,,,,,,,,,,,,,,,,,,,,,,,,,,,,,,,,,,,,,,,,,,,,,,,,,,,,,,,,,,,,,,,,,,,,,,,,,,,,,,,,,,,,,,,,,,,,,,,,,,,,,,,,,,,,,,,,,,,,,,,,,,,,,,,,,,,,,,,,,,,,,,,,,,,,,,,,,,,,,,,,,,,,,,,,,,,,,,,,,,,,,,,,,,,,,,,,,,,,,,,,,,,,,,,,,,,,,,,,,,,,,,,,,,,,,,,,,,,,,,,,,,,,,,,,,,,,,,,,,,,,,,,,,,,,,,,,,,,,,,,,,,,,,,,,,,,,,,,,,,,,,,,,,,,,,,,,,,,,,,,,,,,,,,,,,,,,,,,,,,,,,,,,,,,,,,,,,,,,,,,,,,,,,,,,,,,,,,,,,,,,,,,,,,,,,,,,,,,,,,,,,,,,,,,,,,,,,,,,,,,,,,,,,,,,,,,,,,,,,,,,,,,,,,,,,,,,,,,,,,,,,,,,,,,,,,,,,,,,,,,,,,,,,,,,,,,,,,,,,,,,,,,,,,,,,,,,,,,,,,,,,,,,,,,,,,,,,,,,,,,,,,,,,,,,,,,,,,,,,,,,,,,,,,,,,,,,,,,,,,,,,,,,,,,,,,,,,,,,,,,,,,,,,,,,,,,,,,,,,,,,,,,,,,,,,,,,,,,,,,,,,,,,,,,,,,,,,,,,,,,,,,,,,,,,,,,,,,,,,,,,,,,,,,,,,,,,,,,,,,,,,,,,,,,,,,,,,,,,,,,,,,,,,,,,,,,,,,,,,,,,,,,,,,,,,,,,,,,,,,,,,,,,,,,,,,,,,,,,,,,,,,,,,,,,,,,,,,,,,,,,,,,,,,,,,,,,,,,,,,,,,,,,,,,,,,,,,,,,,,,,,,,,,,,,,,,,,,,,,,,,,,,,,,,,,,,,,,,,,,,,,,,,,,,,,,,,,,,,,,,,,,,,,,,,,,,,,,,,,,,,,,,,,,,,,,,,,,,,,,,,,,,,,,,,,,,,,,,,,,,,,,,,,,,,,,,,,,,,,,,,,,,,,,,,,,,,,,,,,,,,,,,,,,,,,,,,,,,,,,,,,,,,,,,,,,,,,,,,,,,,,,,,,,,,,,,,,,,,,,,,,,,,,,,,,,,,,,,,,,,,,,,,,,,,,,,,,,,,,,,,,,,,,,,,,,,,,,,,,,,,,,,,,,,,,,,,,,,,,,,,,,,,,,,,,,,,,,,,,,,,,,,,,,,,,,,,,,,,,,,,,,,,,,,,,,,,,,,,,,,,,,,,,,,,,,,,,,,,,,,,,,,,,,,,,,,,,,,,,,,,,,,,,,,,,,,,,,,,,,,,,,,,,,,,,,,,,,,,,,,,,,,,,,,,,,,,,,,,,,,,,,,,,,,,,,,,,,,,,,,,,,,,,,,,,,,,,,,,,,,,,,,,,,,,,
,,,,,,,,,,,,,,,,,,,,,,,,,,,,,,,,,,,,,,,,,,,,,,,,,,,,,,,,,,,,,,,,,,,,,,,,,,,,,,,,,,,,,,,,,,,,,,,,,,,,,,,,,,,,,,,,,,,,,,,,,,,,,,,,,,,,,,,,,,,,,,,,,,,,,,,,,,,,,,,,,,,,,,,,,,,,,,,,,,,,,,,,,,,,,,,,,,,,,,,,,,,,,,,,,,,,,,,,,,,,,,,,,,,,,,,,,,,,,,,,,,,,,,,,,,,,,,,,,,,,,,,,,,,,,,,,,,,,,,,,,,,,,,,,,,,,,,,,,,,,,,,,,,,,,,,,,,,,,,,,,,,,,,,,,,,,,,,,,,,,,,,,,,,,,,,,,,,,,,,,,,,,,,,,,,,,,,,,,,,,,,,,,,,,,,,,,,,,,,,,,,,,,,,,,,,,,,,,,,,,,,,,,,,,,,,,,,,,,,,,,,,,,,,,,,,,,,,,,,,,,,,,,,,,,,,,,,,,,,,,,,,,,,,,,,,,,,,,,,,,,,,,,,,,,,,,,,,,,,,,,,,,,,,,,,,,,,,,,,,,,,,,,,,,,,,,,,,,,,,,,,,,,,,,,,,,,,,,,,,,,,,,,,,,,,,,,,,,,,,,,,,,,,,,,,,,,,,,,,,,,,,,,,,,,,,,,,,,,,,,,,,,,,,,,,,,,,,,,,,,,,,,,,,,,,,,,,,,,,,,,,,,,,,,,,,,,,,,,,,,,,,,,,,,,,,,,,,,,,,,,,,,,,,,,,,,,,,,,,,,,,,,,,,,,,,,,,,,,,,,,,,,,,,,,,,,,,,,,,,,,,,,,,,,,,,,,,,,,,,,,,,,,,,,,,,,,,,,,,,,,,,,,,,,,,,,,,,,,,,,,,,,,,,,,,,,,,,,,,,,,,,,,,,,,,,,,,,,,,,,,,,,,,,,,,,,,,,,,,,,,,,,,,,,,,,,,,,,,,,,,,,,,,,,,,,,,,,,,,,,,,,,,,,,,,,,,,,,,,,,,,,,,,,,,,,,,,,,,,,,,,,,,,,,,,,,,,,,,,,,,,,,,,,,,,,,,,,,,,,,,,,,,,,,,,,,,,,,,,,,,,,,,,,,,,,,,,,,,,,,,,,,,,,,,,,,,,,,,,,,,,,,,,,,,,,,,,,,,,,,,,,,,,,,,,,,,,,,,,,,,,,,,,,,,,,,,,,,,,,,,,,,,,,,,,,,,,,,,,,,,,,,,,,,,,,,,,,,,,,,,,,,,,,,,,,,,,,,,,,,,,,,,,,,,,,,,,,,,,,,,,,,,,,,,,,,,,,,,,,,,,,,,,,,,,,,,,,,,,,,,,,,,,,,,,,,,,,,,,,,,,,,,,,,,,,,,,,,,,,,,,,,,,,,,,,,,,,,,,,,,,,,,,,,,,,,,,,,,,,,,,,,,,,,,,,,,,,,,,,,,,,,,,,,,,,,,,,,,,,,,,,,,,,,,,,,,,,,,,,,,,,,,,,,,,,,,,,,,,,,,,,,,,,,,,,,,,,,,,,,,,,,,,,,,,,,,,,,,,,,,,,,,,,,,,,,,,,,,,,,,,,,,,,,,,,,,,,,,,,,,,,,,,,,,,,,,,,,,,,,,,,,,,,,,,,,,,,,,,,,,,,,,,,,,,,,,,,,,,,,,,,,,,,,,,,,,,,,,,,,,,,,,,,,,,,,,,,,,,,,,,,,,,,,,,,,,,,,,,,,,,,,,,,,,,,,,,,,,,,,,,,,,,,,,,,,,,,,,,,,,,,,,,,,,,,,,,,,,,,,,,,,,,,,,,,,,,,,,,,,,,,,,,,,,,,,,,,,,,,,,,,,,,,,,,,,,,,,,,,,,,,,,,,,,,,,,,,,,,,,,,,,,,,,,,,,,,,,,,,,,,,,,,,,,,,,,,,,,,,,,,,,,,,,,,,,,,,,,,,,,,,,,,,,,,,,,,,,,,,,,,,,,,,,,,,,,,,,,,,,,,,,,,,,,,,,,,,,,,,,,,,,,,,,,,,,,,,,,,,,,,,,,,,,,,,,,,,,,,,,,,,,,,,,,,,,,,,,,,,,,,,,,,,,,,,,,,,,,,,,,,,,,,,,,,,,,,,,,,,,,,,,,,,,,,,,,,,,,,,,,,,,,,,,,,,,,,,,,,,,,,,,,,,,,,,,,,,,,,,,,,,,,,,
,,,,,,,,,,,,,,,,,,,,,,,,,,,,,,,,,,,,,,,,,,,,,,,,,,,,,,,,,,,,,,,,,,,,,,,,,,,,,,,,,,,,,,,,,,,,,,,,,,,,,,,,,,,,,,,,,,,,,,,,,,,,,,,,,,,,,,,,,,,,,,,,,,,,,,,,,,,,,,,,,,,,,,,,,,,,,,,,,,,,,,,,,,,,,,,,,,,,,,,,,,,,,,,,,,,,,,,,,,,,,,,,,,,,,,,,,,,,,,,,,,,,,,,,,,,,,,,,,,,,,,,,,,,,,,,,,,,,,,,,,,,,,,,,,,,,,,,,,,,,,,,,,,,,,,,,,,,,,,,,,,,,,,,,,,,,,,,,,,,,,,,,,,,,,,,,,,,,,,,,,,,,,,,,,,,,,,,,,,,,,,,,,,,,,,,,,,,,,,,,,,,,,,,,,,,,,,,,,,,,,,,,,,,,,,,,,,,,,,,,,,,,,,,,,,,,,,,,,,,,,,,,,,,,,,,,,,,,,,,,,,,,,,,,,,,,,,,,,,,,,,,,,,,,,,,,,,,,,,,,,,,,,,,,,,,,,,,,,,,,,,,,,,,,,,,,,,,,,,,,,,,,,,,,,,,,,,,,,,,,,,,,,,,,,,,,,,,,,,,,,,,,,,,,,,,,,,,,,,,,,,,,,,,,,,,,,,,,,,,,,,,,,,,,,,,,,,,,,,,,,,,,,,,,,,,,,,,,,,,,,,,,,,,,,,,,,,,,,,,,,,,,,,,,,,,,,,,,,,,,,,,,,,,,,,,,,,,,,,,,,,,,,,,,,,,,,,,,,,,,,,,,,,,,,,,,,,,,,,,,,,,,,,,,,,,,,,,,,,,,,,,,,,,,,,,,,,,,,,,,,,,,,,,,,,,,,,,,,,,,,,,,,,,,,,,,,,,,,,,,,,,,,,,,,,,,,,,,,,,,,,,,,,,,,,,,,,,,,,,,,,,,,,,,,,,,,,,,,,,,,,,,,,,,,,,,,,,,,,,,,,,,,,,,,,,,,,,,,,,,,,,,,,,,,,,,,,,,,,,,,,,,,,,,,,,,,,,,,,,,,,,,,,,,,,,,,,,,,,,,,,,,,,,,,,,,,,,,,,,,,,,,,,,,,,,,,,,,,,,,,,,,,,,,,,,,,,,,,,,,,,,,,,,,,,,,,,,,,,,,,,,,,,,,,,,,,,,,,,,,,,,,,,,,,,,,,,,,,,,,,,,,,,,,,,,,,,,,,,,,,,,,,,,,,,,,,,,,,,,,,,,,,,,,,,,,,,,,,,,,,,,,,,,,,,,,,,,,,,,,,,,,,,,,,,,,,,,,,,,,,,,,,,,,,,,,,,,,,,,,,,,,,,,,,,,,,,,,,,,,,,,,,,,,,,,,,,,,,,,,,,,,,,,,,,,,,,,,,,,,,,,,,,,,,,,,,,,,,,,,,,,,,,,,,,,,,,,,,,,,,,,,,,,,,,,,,,,,,,,,,,,,,,,,,,,,,,,,,,,,,,,,,,,,,,,,,,,,,,,,,,,,,,,,,,,,,,,,,,,,,,,,,,,,,,,,,,,,,,,,,,,,,,,,,,,,,,,,,,,,,,,,,,,,,,,,,,,,,,,,,,,,,,,,,,,,,,,,,,,,,,,,,,,,,,,,,,,,,,,,,,,,,,,,,,,,,,,,,,,,,,,,,,,,,,,,,,,,,,,,,,,,,,,,,,,,,,,,,,,,,,,,,,,,,,,,,,,,,,,,,,,,,,,,,,,,,,,,,,,,,,,,,,,,,,,,,,,,,,,,,,,,,,,,,,,,,,,,,,,,,,,,,,,,,,,,,,,,,,,,,,,,,,,,,,,,,,,,,,,,,,,,,,,,,,,,,,,,,,,,,,,,,,,,,,,,,,,,,,,,,,,,,,,,,,,,,,,,,,,,,,,,,,,,,,,,,,,,,,,,,,,,,,,,,,,,,,,,,,,,,,,,,,,,,,,,,,,,,,,,,,,,,,,,,,,,,,,,,,,,,,,,,,,,,,,,,,,,,,,,,,,,,,,,,,,,,,,,,,,,,,,,,,,,,,,,,,,,,,,,,,,,,,,,,,,,,,,,,,,,,,,,,,,,,,,,,,,,,,,,,,,,,,,,,,,,,,,,,,,,,,,,,,,,,,,,,,,,,,,,,,,,,,,,,,,,,,,,,,,,,,,,,,,,,,,,,,,,,,,,,,,,,,,
,,,,,,,,,,,,,,,,,,,,,,,,,,,,,,,,,,,,,,,,,,,,,,,,,,,,,,,,,,,,,,,,,,,,,,,,,,,,,,,,,,,,,,,,,,,,,,,,,,,,,,,,,,,,,,,,,,,,,,,,,,,,,,,,,,,,,,,,,,,,,,,,,,,,,,,,,,,,,,,,,,,,,,,,,,,,,,,,,,,,,,,,,,,,,,,,,,,,,,,,,,,,,,,,,,,,,,,,,,,,,,,,,,,,,,,,,,,,,,,,,,,,,,,,,,,,,,,,,,,,,,,,,,,,,,,,,,,,,,,,,,,,,,,,,,,,,,,,,,,,,,,,,,,,,,,,,,,,,,,,,,,,,,,,,,,,,,,,,,,,,,,,,,,,,,,,,,,,,,,,,,,,,,,,,,,,,,,,,,,,,,,,,,,,,,,,,,,,,,,,,,,,,,,,,,,,,,,,,,,,,,,,,,,,,,,,,,,,,,,,,,,,,,,,,,,,,,,,,,,,,,,,,,,,,,,,,,,,,,,,,,,,,,,,,,,,,,,,,,,,,,,,,,,,,,,,,,,,,,,,,,,,,,,,,,,,,,,,,,,,,,,,,,,,,,,,,,,,,,,,,,,,,,,,,,,,,,,,,,,,,,,,,,,,,,,,,,,,,,,,,,,,,,,,,,,,,,,,,,,,,,,,,,,,,,,,,,,,,,,,,,,,,,,,,,,,,,,,,,,,,,,,,,,,,,,,,,,,,,,,,,,,,,,,,,,,,,,,,,,,,,,,,,,,,,,,,,,,,,,,,,,,,,,,,,,,,,,,,,,,,,,,,,,,,,,,,,,,,,,,,,,,,,,,,,,,,,,,,,,,,,,,,,,,,,,,,,,,,,,,,,,,,,,,,,,,,,,,,,,,,,,,,,,,,,,,,,,,,,,,,,,,,,,,,,,,,,,,,,,,,,,,,,,,,,,,,,,,,,,,,,,,,,,,,,,,,,,,,,,,,,,,,,,,,,,,,,,,,,,,,,,,,,,,,,,,,,,,,,,,,,,,,,,,,,,,,,,,,,,,,,,,,,,,,,,,,,,,,,,,,,,,,,,,,,,,,,,,,,,,,,,,,,,,,,,,,,,,,,,,,,,,,,,,,,,,,,,,,,,,,,,,,,,,,,,,,,,,,,,,,,,,,,,,,,,,,,,,,,,,,,,,,,,,,,,,,,,,,,,,,,,,,,,,,,,,,,,,,,,,,,,,,,,,,,,,,,,,,,,,,,,,,,,,,,,,,,,,,,,,,,,,,,,,,,,,,,,,,,,,,,,,,,,,,,,,,,,,,,,,,,,,,,,,,,,,,,,,,,,,,,,,,,,,,,,,,,,,,,,,,,,,,,,,,,,,,,,,,,,,,,,,,,,,,,,,,,,,,,,,,,,,,,,,,,,,,,,,,,,,,,,,,,,,,,,,,,,,,,,,,,,,,,,,,,,,,,,,,,,,,,,,,,,,,,,,,,,,,,,,,,,,,,,,,,,,,,,,,,,,,,,,,,,,,,,,,,,,,,,,,,,,,,,,,,,,,,,,,,,,,,,,,,,,,,,,,,,,,,,,,,,,,,,,,,,,,,,,,,,,,,,,,,,,,,,,,,,,,,,,,,,,,,,,,,,,,,,,,,,,,,,,,,,,,,,,,,,,,,,,,,,,,,,,,,,,,,,,,,,,,,,,,,,,,,,,,,,,,,,,,,,,,,,,,,,,,,,,,,,,,,,,,,,,,,,,,,,,,,,,,,,,,,,,,,,,,,,,,,,,,,,,,,,,,,,,,,,,,,,,,,,,,,,,,,,,,,,,,,,,,,,,,,,,,,,,,,,,,,,,,,,,,,,,,,,,,,,,,,,,,,,,,,,,,,,,,,,,,,,,,,,,,,,,,,,,,,,,,,,,,,,,,,,,,,,,,,,,,,,,,,,,,,,,,,,,,,,,,,,,,,,,,,,,,,,,,,,,,,,,,,,,,,,,,,,,,,,,,,,,,,,,,,,,,,,,,,,,,,,,,,,,,,,,,,,,,,,,,,,,,,,,,,,,,,,,,,,,,,,,,,,,,,,,,,,,,,,,,,,,,,,,,,,,,,,,,,,,,,,,,,,,,,,,,,,,,,,,,,,,,,,,,,,,,,,,,,,,,,,,,,,,,,,,,,,,,,,,,,,,,,,,,,,,,,,,,,,,,,,,,,,,,,,,,,,,,,,,,,,,,,,,,,,,,,,,,,,,,,,,,,,,,,,
3430,3241,2623,2535,2389,2135,2289,2368,2327,2368,2289,2135,2389,2535,2623,3241,3693,3461,2387,2506,2441,2263,2334,2369,2377,2456,2313,2091,2309,2418,2623,3464,4073,3852,2705,2464,2393,2295,2297,2388,2290,2389,2364,2235,2337,2521,2756,3853,4208,3986,2882,2509,2286,2236,2302,2330,2285,2329,2327,2270,2403,2631,2855,3986,4014,3794,2733,2365,2259,2119,2203,2248,2233,2296,2365,2264,2377,2572,2685,3792,3739,3519,2515,2428,2313,2338,2282,2235,2224,2394,2405,2283,2334,2437,2433,3509,3504,3269,2368,2377,2242,2377,2284,2213,2296,2395,2381,2305,2123,2368,2423,3285,3825,3600,2533,2458,2318,2187,2209,2168,2187,2265,2370,2314,2332,2404,2574,3603,4010,3789,2743,2434,2194,2148,2227,2257,2262,2344,2292,2289,2386,2375,2692,3787,3884,3669,2625,2271,2294,2287,2219,2266,2274,2295,2344,2392,2324,2234,2549,3660,3492,3267,2410,2215,2269,2082,2220,2172,2090,2270,2250,2314,2278,2160,2274,3260,3161,2971,2448,2276,2381,2333,2224,2245,2242,2317,2165,2376,2207,2274,2295,2913,3173,2957,2609,2694,2365,2660,2621,2461,2510,2386,2609,2574,2487,2461,2431,2901,4018,3962,3624,3205,3109,3279,3164,3430,3368,3221,3294,3542,3436,3363,3512,3607,4484,4327,4143,3653,3665,3738,4052,3868,3842,3961,3629,3915,3888,3699,3855,4133,4596,4394,4257,3952,3864,4139,4306,4248,4026,4131,3774,3883,3930,3783,3753,4294,4238,3850,4016,3744,3717,4076,4206,4194,3995,3929,3785,3918,3699,3738,3749,3984,4520,4268,3518,3408,3282,3696,3803,3831,3774,3569,3597,3577,3395,3418,3493,4296,4613,4392,3368,3314,3031,3343,3087,3364,3398,3250,3314,3098,2919,3063,3190,4381,4805,4589,3524,3031,2918,2976,3008,3076,3114,2800,2883,2812,2922,3162,3303,4577,4702,4485,3414,2949,2839,2783,2664,2751,2809,2549,2643,2793,2758,3033,3215,4469,4260,4042,2993,2794,2863,2830,2747,2803,2856,2881,2839,2916,2741,2865,2984,4025,3783,3556,2773,2770,2902,2841,2740,2844,2912,2804,2746,2762,2533,2766,2789,3571,3544,3300,2590,2609,2728,2691,2626,2784,2710,2556,2426,2435,2617,2647,2491,3340,3466,3237,2463,2430,2595,2507,2427,2546,2635,2540,2461,2464,2523,2557,2607,3270,3666,3445,2597,2400,2466,2508,2337,2545,2554,2524,2336,2289,2403,2495,2525,3458,3663,3443,2607,2610,2557,2315,2365,2651,2768,2709,2479,2540,2490,2472,2702,3442,3304,3065,2760,2908,2668,2522,2508,2766,2888,2962,2782,2729,2636,2599,2799,3136,3254,2985,2781,2932,2638,2681,2659,2806,2949,2979,2853,2718,2617,2585,2770,3108,2960,2727,2806,2768,2660,2676,2764,2769,2948,2818,2772,2502,2635,2569,2620,2859,2700,2720,2754,2645,2583,2552,2593,2561,2782,2835,2796,2626,2618,2416,2487,2687,2951,2868,2639,2485,2466,2369,2516,2440,2560,2697,2531,2549,2442,2363,2426,2748,3176,3101,2592,2346,2601,2544,2446,2437,2549,2758,2589,2429,2380,2388,2438,2834,3080,3017,2660,2513,2560,2384,2625,2516,2622,2739,2619,2437,2376,2533,2273,2773,3035,2875,2496,2345,2365,2402,2527,2490,2593,2491,2427,2405,2392,2367,2280,2804,3159,2919,2295,2290,2309,2329,2408,2477,2692,2670,2607,2463,2332,2196,2188,2921,3427,3217,2485,2410,2385,2341,2382,2497,2565,2577,2451,2442,2177,2259,2127,3195,3463,3266,2541,2481,2317,2503,2267,2486,2523,2437,2311,2422,2406,2429,2321,3233,3213,3026,2368,2396,2396,2494,2424,2298,2379,2414,2385,2359,2450,2359,2366,2974,2761,2645,2202,2336,2339,2361,2346,2475,2550,2392,2422,2446,2251,2304,2353,2524,2669,2470,2433,2265,2230,2289,2401,2545,2659,2454,2316,2335,2198,2325,2368,2488,2958,2696,2361,2404,2302,2327,2448,2394,2520,2393,2301,2286,2274,2311,2477,2792,2989,2741,2136,2468,2451,2401,2465,2417,2355,2414,2400,2378,2305,2248,2441,2836,2762,2479,2228,2377,2263,2407,2449,2340,2317,2368,2381,2440,2343,2204,2294,2679,2775,2549,2327,2281,2353,2442,2403,2333,2258,2121,2318,2513,2380,2427,2383,2653,2692,2484,2279,2105,2429,2305,2238,2378,2492,2370,2345,2497,2380,2365,2301,2394,2500,2396,2337,2366,2290,2356,2263,2343,2532,2426,2378,2464,2233,2360,2270,2320,2565,2451,2368,2408,2323,2314,2271,2289,2467,2380,2341,2373,2315,2227,2273,2503,2760,2558,2306,2295,2351,2303,2296,2267,2333,2406,2349,2452,2424,2291,2229,2630,2746,2516,2365,2337,2353,2391,2398,2231,2378,2435,2399,2406,2459,2285,2340,2607,2669,2439,2388,2419,2249,2300,2386,2360,2433,2353,2346,2517,2374,2314,2343,2546,2893,2719,2240,2300,2174,2293,2453,2418,2394,2318,2370,2417,2277,2341,2330,2619,2956,2805,2416,2431,2435,2408,2339,2344,2276,2299,2353,2291,2287,2369,2447,2662,2812,2713,2451,2400,2369,2270,2222,2164,2379,2363,2293,2359,2394,2429,2364,2602,2840,2637,2282,2207,2318,2351,2347,2245,2216,2412,2402,2272,2399,2265,2382,2677,2712,2508,2077,2157,2348,2282,2360,2385,2257,2406,2374,2232,2377,2297,2348,2601,2653,2480,2212,2291,2311,2287,2208,2383,2442,2429,2320,2211,2336,2401,2324,2349,2665,2489,2237,2313,2296,2310,2179,2375,2431,2311,2192,2294,2362,2337,2265,2371,2636,2471,2238,2265,2272,2332,2366,2275,2287,2213,2190,2345,2334,2447,2300,2551,2789,2523,2163,2205,2143,2374,2208,2203,2290,2309,2309,2274,2400,2425,2293,2628,2821,2579,2399,2388,2295,2257,2295,2246,2323,2353,2385,2189,2252,2256,2276,2669,2677,2606,2485,2386,2236,2286,2277,2329,2456,2392,2363,2239,2124,2164,2242,2583,2551,2464,2371,2293,2351,2209,2306,2475,2469,2260,2471,2422,2362,2403,2284,2435,3317,3082,2076,2058,2421,2401,2314,2339,2398,2284,2502,2407,2370,2371,2426,3084,3821,3580,2573,2364,2560,2496,2312,2366,2609,2396,2332,2395,2369,2289,2487,3597,4101,3877,2748,2652,2770,2666,2526,2755,3002,2882,2731,2629,2620,2596,2892,3885,4120,3899,2900,2628,2797,2778,2807,2933,3160,3075,2907,2744,2728,2766,2982,3897,4110,3899,2874,2632,2631,2747,2713,2743,2996,2990,2862,2699,2696,2710,2882,3884,4151,3930,2661,2612,2503,2552,2436,2485,2720,2751,2539,2607,2617,2591,2737,3926,3773,3547,2492,2511,2378,2435,2552,2580,2512,2549,2311,2417,2526,2400,2494,3548,3328,3132,2477,2485,2290,2343,2493,2511,2465,2442,2276,2232,2341,2275,2413,3106,3131,2922,2425,2476,2383,2265,2294,2449,2393,2348,2320,2366,2261,2340,2349,2892,2691,2598,2442,2436,2436,2304,2196,2283,2500,2429,2222,2369,2338,2162,2317,2527,2775,2477,2311,2372,2357,2247,2184,2330,2570,2446,2325,2362,2310,2338,2285,2621,2709,2553,2383,2292,2374,2334,2200,2357,2519,2381,2373,2350,2302,2447,2330,2556,2884,2623,2299,2270,2264,2267,2296,2508,2408,2416,2347,2333,2346,2417,2371,2697,3005,2759,2220,2221,2289,2224,2354,2366,2336,2333,2325,2293,2289,2445,2484,2869,2784,2678,2374,2316,2281,2334,2421,2552,2549,2413,2369,2283,2397,2324,2421,2760,3121,2947,2546,2220,2311,2369,2593,2716,2782,2724,2623,2490,2461,2440,2487,2881,3025,2873,2569,2328,2198,2381,2684,2612,2747,2839,2624,2515,2585,2472,2456,2832,3001,2943,2546,2303,2227,2301,2620,2656,2767,2768,2585,2423,2452,2400,2360,2776,3374,3175,2543,2219,2297,2440,2448,2628,2517,2514,2487,2351,2398,2399,2333,3151,3360,3125,2527,2401,2321,2286,2408,2575,2630,2450,2318,2342,2429,2396,2449,3183,3261,2970,2531,2444,2458,2521,2509,2780,2800,2594,2423,2508,2569,2688,2513,3189,3305,2901,2569,2567,2485,2608,2528,2844,2904,2597,2459,2585,2679,2836,2596,3189,3231,2802,2446,2569,2454,2418,2512,2799,2853,2631,2374,2473,2514,2677,2589,3149,3224,2922,2362,2426,2264,2311,2476,2700,2690,2582,2307,2465,2393,2382,2534,3137,3074,2833,2409,2232,2085,2205,2424,2597,2552,2401,2289,2385,2383,2301,2486,2901,2896,2639,2332,2310,2319,2256,2332,2461,2466,2301,2230,2379,2390,2379,2395,2819,2783,2715,2243,2413,2398,2412,2357,2461,2430,2338,2337,2345,2349,2323,2553,2837,2904,2643,2278,2414,2369,2390,2305,2243,2368,2451,2395,2450,2364,2302,2329,2707,2815,2599,2313,2423,2434,2310,2276,2375,2480,2460,2266,2400,2350,2297,2334,2716,2919,2641,2343,2373,2380,2118,2225,2319,2248,2264,2335,2277,2100,2348,2446,2826,2793,2488,2175,2288,2410,2252,2227,2268,2238,2239,2398,2365,2362,2307,2416,2724,2730,2497,2388,2359,2330,2280,2354,2466,2448,2274,2332,2314,2248,2251,2338,2661,2650,2481,2262,2408,2238,2232,2368,2311,2381,2360,2395,2339,2286,2198,2286,2533,2638,2400,2337,2362,2328,2325,2302,2321,2391,2334,2314,2247,2297,2292,2242,2490,2705,2567,2320,2335,2370,2254,2216,2275,2294,2281,2105,2130,2314,2362,2382,2495,2822,2649,2231,2109,2271,2243,2264,2312,2380,2444,2270,2268,2237,2193,2286,2632,2874,2763,2354,2241,2171,2324,2418,2427,2479,2465,2277,2307,2254,2261,2330,2681,3062,2850,2359,2437,2353,2378,2359,2453,2384,2432,2419,2409,2342,2287,2447,2854,3154,2969,2337,2480,2337,2337,2362,2311,2364,2403,2334,2347,2311,2255,2460,2894,3153,2964,2287,2403,2348,2280,2370,2311,2425,2239,2189,2416,2319,2259,2334,2918,2907,2729,2317,2377,2369,2311,2357,2407,2411,2376,2394,2450,2234,2378,2376,2774,2905,2722,2256,2350,2348,2263,2249,2263,2403,2365,2382,2426,2252,2267,2399,2715,2892,2647,2318,2349,2418,2410,2292,2272,2432,2441,2223,2385,2228,2141,2315,2666,2688,2465,2267,2419,2361,2113,2260,2313,2354,2301,2216,2332,2126,2051,2341,2493,3144,2937,2385,2327,2261,2290,2411,2490,2444,2403,2358,2355,2353,2244,2382,2935,3567,3352,2446,2281,2311,2400,2453,2522,2505,2372,2399,2408,2314,2223,2367,3344,3624,3406,2376,2229,2306,2186,2238,2389,2441,2299,2409,2318,2397,2389,2490,3408,3411,3192,2423,2304,2162,2189,2213,2209,2340,2366,2359,2409,2331,2440,2368,3183,3105,2858,2359,2372,2293,2194,2340,2395,2385,2402,2289,2354,2336,2357,2281,2898,3166,2983,2454,2368,2300,2247,2223,2365,2504,2456,2433,2387,2407,2513,2465,2928,3480,3261,2432,2298,2180,2203,2274,2299,2508,2525,2455,2430,2467,2506,2466,3246,3873,3654,2583,2424,2361,2230,2374,2714,2832,2864,2459,2453,2444,2324,2583,3652,4047,3833,2672,2515,2438,2148,2459,2928,3068,3074,2572,2354,2457,2313,2729,3827,3955,3734,2596,2418,2293,2163,2354,2822,2885,2889,2456,2167,2472,2349,2627,3730,3621,3401,2565,2393,2312,2193,2025,2242,2424,2300,2353,2297,2353,2368,2501,3397,3086,2872,2376,2349,2325,2092,2286,2390,2312,2377,2379,2242,2317,2236,2388,2886,3363,3124,2205,2160,2299,2283,2369,2384,2319,2267,2345,2374,2281,2158,2256,3165,3492,3258,2254,2135,2285,2387,2297,2180,2266,2230,2136,2227,2284,2162,2386,3283,3322,3101,2265,2208,2319,2299,2132,2207,2291,2312,2149,2048,2107,2186,2113,3092,3063,2838,2192,2040,2260,2250,2086,2207,2284,2245,2210,1971,2102,1965,2142,2850,2931,2722,2103,2083,2159,1971,2033,2104,2092,2085,2084,1971,2016,2109,2091,2731,2711,2502,2144,2190,2065,1868,1995,2137,2098,2038,2098,2031,2224,2134,1861,2499,2252,2051,2085,2137,2068,2096,2012,2051,2020,2090,2190,2146,2182,2055,1884,2116,2088,2064,2033,2126,2091,2090,2020,2000,2109,2045,1985,2048,2161,2041,1942,1941,2271,2135,1856,2072,1997,1914,1986,1944,1920,1904,1967,2057,2059,2028,2021,2103
,,,,,,,,,,,,,,,,,,,,,,,,,,,,,,,,,,,,,,,,,,,,,,,,,,,,,,,,,,,,,,,,,,,,,,,,,,,,,,,,,,,,,,,,,,,,,,,,,,,,,,,,,,,,,,,,,,,,,,,,,,,,,,,,,,,,,,,,,,,,,,,,,,,,,,,,,,,,,,,,,,,,,,,,,,,,,,,,,,,,,,,,,,,,,,,,,,,,,,,,,,,,,,,,,,,,,,,,,,,,,,,,,,,,,,,,,,,,,,,,,,,,,,,,,,,,,,,,,,,,,,,,,,,,,,,,,,,,,,,,,,,,,,,,,,,,,,,,,,,,,,,,,,,,,,,,,,,,,,,,,,,,,,,,,,,,,,,,,,,,,,,,,,,,,,,,,,,,,,,,,,,,,,,,,,,,,,,,,,,,,,,,,,,,,,,,,,,,,,,,,,,,,,,,,,,,,,,,,,,,,,,,,,,,,,,,,,,,,,,,,,,,,,,,,,,,,,,,,,,,,,,,,,,,,,,,,,,,,,,,,,,,,,,,,,,,,,,,,,,,,,,,,,,,,,,,,,,,,,,,,,,,,,,,,,,,,,,,,,,,,,,,,,,,,,,,,,,,,,,,,,,,,,,,,,,,,,,,,,,,,,,,,,,,,,,,,,,,,,,,,,,,,,,,,,,,,,,,,,,,,,,,,,,,,,,,,,,,,,,,,,,,,,,,,,,,,,,,,,,,,,,,,,,,,,,,,,,,,,,,,,,,,,,,,,,,,,,,,,,,,,,,,,,,,,,,,,,,,,,,,,,,,,,,,,,,,,,,,,,,,,,,,,,,,,,,,,,,,,,,,,,,,,,,,,,,,,,,,,,,,,,,,,,,,,,,,,,,,,,,,,,,,,,,,,,,,,,,,,,,,,,,,,,,,,,,,,,,,,,,,,,,,,,,,,,,,,,,,,,,,,,,,,,,,,,,,,,,,,,,,,,,,,,,,,,,,,,,,,,,,,,,,,,,,,,,,,,,,,,,,,,,,,,,,,,,,,,,,,,,,,,,,,,,,,,,,,,,,,,,,,,,,,,,,,,,,,,,,,,,,,,,,,,,,,,,,,,,,,,,,,,,,,,,,,,,,,,,,,,,,,,,,,,,,,,,,,,,,,,,,,,,,,,,,,,,,,,,,,,,,,,,,,,,,,,,,,,,,,,,,,,,,,,,,,,,,,,,,,,,,,,,,,,,,,,,,,,,,,,,,,,,,,,,,,,,,,,,,,,,,,,,,,,,,,,,,,,,,,,,,,,,,,,,,,,,,,,,,,,,,,,,,,,,,,,,,,,,,,,,,,,,,,,,,,,,,,,,,,,,,,,,,,,,,,,,,,,,,,,,,,,,,,,,,,,,,,,,,,,,,,,,,,,,,,,,,,,,,,,,,,,,,,,,,,,,,,,,,,,,,,,,,,,,,,,,,,,,,,,,,,,,,,,,,,,,,,,,,,,,,,,,,,,,,,,,,,,,,,,,,,,,,,,,,,,,,,,,,,,,,,,,,,,,,,,,,,,,,,,,,,,,,,,,,,,,,,,,,,,,,,,,,,,,,,,,,,,,,,,,,,,,,,,,,,,,,,,,,,,,,,,,,,,,,,,,,,,,,,,,,,,,,,,,,,,,,,,,,,,,,,,,,,,,,,,,,,,,,,,,,,,,,,,,,,,,,,,,,,,,,,,,,,,,,,,,,,,,,,,,,,,,,,,,,,,,,,,,,,,,,,,,,,,,,,,,,,,,,,,,,,,,,,,,,,,,,,,,,,,,,,,,,,,,,,,,,,,,,,,,,,,,,,,,,,,,,,,,,,,,,,,,,,,,,,,,,,,,,,,,,,,,,,,,,,,,,,,,,,,,,,,,,,,,,,,,,,,,,,,,,,,,,,,,,,,,,,,,,,,,,,,,,,,,,,,,,,,,,,,,,,,,,,,,,,,,,,,,,,,,,,,,,,,,,,,,,,,,,,,,,,,,,,,,,,,,,,,,,,,,,,,,,,,,,,,,,,,,,,,,,,,,,,,,,,,,,,,,,,,,,,,,,,,,,,,,,,,,,,,,,,,,,,,,,,,,,,,,,,,,,,,,,,,,,,,,,,,,,,,,,,,,,,,,,,,,,,,,,,,,,,,,,,,,,,,,,,,,,,,,,,,,,,,,,,,,,,,,,,,,,,,,,,,,,,,,,,,,,,,,,,,,,,,,,,,,,,,,,,,,,,,,,,,,,,,,,,,,,,,,,,,,,,,
,,,,,,,,,,,,,,,,,,,,,,,,,,,,,,,,,,,,,,,,,,,,,,,,,,,,,,,,,,,,,,,,,,,,,,,,,,,,,,,,,,,,,,,,,,,,,,,,,,,,,,,,,,,,,,,,,,,,,,,,,,,,,,,,,,,,,,,,,,,,,,,,,,,,,,,,,,,,,,,,,,,,,,,,,,,,,,,,,,,,,,,,,,,,,,,,,,,,,,,,,,,,,,,,,,,,,,,,,,,,,,,,,,,,,,,,,,,,,,,,,,,,,,,,,,,,,,,,,,,,,,,,,,,,,,,,,,,,,,,,,,,,,,,,,,,,,,,,,,,,,,,,,,,,,,,,,,,,,,,,,,,,,,,,,,,,,,,,,,,,,,,,,,,,,,,,,,,,,,,,,,,,,,,,,,,,,,,,,,,,,,,,,,,,,,,,,,,,,,,,,,,,,,,,,,,,,,,,,,,,,,,,,,,,,,,,,,,,,,,,,,,,,,,,,,,,,,,,,,,,,,,,,,,,,,,,,,,,,,,,,,,,,,,,,,,,,,,,,,,,,,,,,,,,,,,,,,,,,,,,,,,,,,,,,,,,,,,,,,,,,,,,,,,,,,,,,,,,,,,,,,,,,,,,,,,,,,,,,,,,,,,,,,,,,,,,,,,,,,,,,,,,,,,,,,,,,,,,,,,,,,,,,,,,,,,,,,,,,,,,,,,,,,,,,,,,,,,,,,,,,,,,,,,,,,,,,,,,,,,,,,,,,,,,,,,,,,,,,,,,,,,,,,,,,,,,,,,,,,,,,,,,,,,,,,,,,,,,,,,,,,,,,,,,,,,,,,,,,,,,,,,,,,,,,,,,,,,,,,,,,,,,,,,,,,,,,,,,,,,,,,,,,,,,,,,,,,,,,,,,,,,,,,,,,,,,,,,,,,,,,,,,,,,,,,,,,,,,,,,,,,,,,,,,,,,,,,,,,,,,,,,,,,,,,,,,,,,,,,,,,,,,,,,,,,,,,,,,,,,,,,,,,,,,,,,,,,,,,,,,,,,,,,,,,,,,,,,,,,,,,,,,,,,,,,,,,,,,,,,,,,,,,,,,,,,,,,,,,,,,,,,,,,,,,,,,,,,,,,,,,,,,,,,,,,,,,,,,,,,,,,,,,,,,,,,,,,,,,,,,,,,,,,,,,,,,,,,,,,,,,,,,,,,,,,,,,,,,,,,,,,,,,,,,,,,,,,,,,,,,,,,,,,,,,,,,,,,,,,,,,,,,,,,,,,,,,,,,,,,,,,,,,,,,,,,,,,,,,,,,,,,,,,,,,,,,,,,,,,,,,,,,,,,,,,,,,,,,,,,,,,,,,,,,,,,,,,,,,,,,,,,,,,,,,,,,,,,,,,,,,,,,,,,,,,,,,,,,,,,,,,,,,,,,,,,,,,,,,,,,,,,,,,,,,,,,,,,,,,,,,,,,,,,,,,,,,,,,,,,,,,,,,,,,,,,,,,,,,,,,,,,,,,,,,,,,,,,,,,,,,,,,,,,,,,,,,,,,,,,,,,,,,,,,,,,,,,,,,,,,,,,,,,,,,,,,,,,,,,,,,,,,,,,,,,,,,,,,,,,,,,,,,,,,,,,,,,,,,,,,,,,,,,,,,,,,,,,,,,,,,,,,,,,,,,,,,,,,,,,,,,,,,,,,,,,,,,,,,,,,,,,,,,,,,,,,,,,,,,,,,,,,,,,,,,,,,,,,,,,,,,,,,,,,,,,,,,,,,,,,,,,,,,,,,,,,,,,,,,,,,,,,,,,,,,,,,,,,,,,,,,,,,,,,,,,,,,,,,,,,,,,,,,,,,,,,,,,,,,,,,,,,,,,,,,,,,,,,,,,,,,,,,,,,,,,,,,,,,,,,,,,,,,,,,,,,,,,,,,,,,,,,,,,,,,,,,,,,,,,,,,,,,,,,,,,,,,,,,,,,,,,,,,,,,,,,,,,,,,,,,,,,,,,,,,,,,,,,,,,,,,,,,,,,,,,,,,,,,,,,,,,,,,,,,,,,,,,,,,,,,,,,,,,,,,,,,,,,,,,,,,,,,,,,,,,,,,,,,,,,,,,,,,,,,,,,,,,,,,,,,,,,,,,,,,,,,,,,,,,,,,,,,,,,,,,,,,,,,,,,,,,,,,,,,,,,,,,,,,,,,,,,,,,,,,,,,,,,,,,,,,,,,,,,,,,,,,,,,,,,,,,,,,,,,,,,,,,,,,,,,,,,,,,
,,,,,,,,,,,,,,,,,,,,,,,,,,,,,,,,,,,,,,,,,,,,,,,,,,,,,,,,,,,,,,,,,,,,,,,,,,,,,,,,,,,,,,,,,,,,,,,,,,,,,,,,,,,,,,,,,,,,,,,,,,,,,,,,,,,,,,,,,,,,,,,,,,,,,,,,,,,,,,,,,,,,,,,,,,,,,,,,,,,,,,,,,,,,,,,,,,,,,,,,,,,,,,,,,,,,,,,,,,,,,,,,,,,,,,,,,,,,,,,,,,,,,,,,,,,,,,,,,,,,,,,,,,,,,,,,,,,,,,,,,,,,,,,,,,,,,,,,,,,,,,,,,,,,,,,,,,,,,,,,,,,,,,,,,,,,,,,,,,,,,,,,,,,,,,,,,,,,,,,,,,,,,,,,,,,,,,,,,,,,,,,,,,,,,,,,,,,,,,,,,,,,,,,,,,,,,,,,,,,,,,,,,,,,,,,,,,,,,,,,,,,,,,,,,,,,,,,,,,,,,,,,,,,,,,,,,,,,,,,,,,,,,,,,,,,,,,,,,,,,,,,,,,,,,,,,,,,,,,,,,,,,,,,,,,,,,,,,,,,,,,,,,,,,,,,,,,,,,,,,,,,,,,,,,,,,,,,,,,,,,,,,,,,,,,,,,,,,,,,,,,,,,,,,,,,,,,,,,,,,,,,,,,,,,,,,,,,,,,,,,,,,,,,,,,,,,,,,,,,,,,,,,,,,,,,,,,,,,,,,,,,,,,,,,,,,,,,,,,,,,,,,,,,,,,,,,,,,,,,,,,,,,,,,,,,,,,,,,,,,,,,,,,,,,,,,,,,,,,,,,,,,,,,,,,,,,,,,,,,,,,,,,,,,,,,,,,,,,,,,,,,,,,,,,,,,,,,,,,,,,,,,,,,,,,,,,,,,,,,,,,,,,,,,,,,,,,,,,,,,,,,,,,,,,,,,,,,,,,,,,,,,,,,,,,,,,,,,,,,,,,,,,,,,,,,,,,,,,,,,,,,,,,,,,,,,,,,,,,,,,,,,,,,,,,,,,,,,,,,,,,,,,,,,,,,,,,,,,,,,,,,,,,,,,,,,,,,,,,,,,,,,,,,,,,,,,,,,,,,,,,,,,,,,,,,,,,,,,,,,,,,,,,,,,,,,,,,,,,,,,,,,,,,,,,,,,,,,,,,,,,,,,,,,,,,,,,,,,,,,,,,,,,,,,,,,,,,,,,,,,,,,,,,,,,,,,,,,,,,,,,,,,,,,,,,,,,,,,,,,,,,,,,,,,,,,,,,,,,,,,,,,,,,,,,,,,,,,,,,,,,,,,,,,,,,,,,,,,,,,,,,,,,,,,,,,,,,,,,,,,,,,,,,,,,,,,,,,,,,,,,,,,,,,,,,,,,,,,,,,,,,,,,,,,,,,,,,,,,,,,,,,,,,,,,,,,,,,,,,,,,,,,,,,,,,,,,,,,,,,,,,,,,,,,,,,,,,,,,,,,,,,,,,,,,,,,,,,,,,,,,,,,,,,,,,,,,,,,,,,,,,,,,,,,,,,,,,,,,,,,,,,,,,,,,,,,,,,,,,,,,,,,,,,,,,,,,,,,,,,,,,,,,,,,,,,,,,,,,,,,,,,,,,,,,,,,,,,,,,,,,,,,,,,,,,,,,,,,,,,,,,,,,,,,,,,,,,,,,,,,,,,,,,,,,,,,,,,,,,,,,,,,,,,,,,,,,,,,,,,,,,,,,,,,,,,,,,,,,,,,,,,,,,,,,,,,,,,,,,,,,,,,,,,,,,,,,,,,,,,,,,,,,,,,,,,,,,,,,,,,,,,,,,,,,,,,,,,,,,,,,,,,,,,,,,,,,,,,,,,,,,,,,,,,,,,,,,,,,,,,,,,,,,,,,,,,,,,,,,,,,,,,,,,,,,,,,,,,,,,,,,,,,,,,,,,,,,,,,,,,,,,,,,,,,,,,,,,,,,,,,,,,,,,,,,,,,,,,,,,,,,,,,,,,,,,,,,,,,,,,,,,,,,,,,,,,,,,,,,,,,,,,,,,,,,,,,,,,,,,,,,,,,,,,,,,,,,,,,,,,,,,,,,,,,,,,,,,,,,,,,,,,,,,,,,,,,,,,,,,,,,,,,,,,,,,,,,,,,,,,,,,,,,,,,,,,,,,,,,,,,,,,,,,,,,,,,,,,,,,,,,,,,,,,,,,,,,,,,,,,,,,,,,,,,,,,,,,,,,,,,,,,,,
,,,,,,,,,,,,,,,,,,,,,,,,,,,,,,,,,,,,,,,,,,,,,,,,,,,,,,,,,,,,,,,,,,,,,,,,,,,,,,,,,,,,,,,,,,,,,,,,,,,,,,,,,,,,,,,,,,,,,,,,,,,,,,,,,,,,,,,,,,,,,,,,,,,,,,,,,,,,,,,,,,,,,,,,,,,,,,,,,,,,,,,,,,,,,,,,,,,,,,,,,,,,,,,,,,,,,,,,,,,,,,,,,,,,,,,,,,,,,,,,,,,,,,,,,,,,,,,,,,,,,,,,,,,,,,,,,,,,,,,,,,,,,,,,,,,,,,,,,,,,,,,,,,,,,,,,,,,,,,,,,,,,,,,,,,,,,,,,,,,,,,,,,,,,,,,,,,,,,,,,,,,,,,,,,,,,,,,,,,,,,,,,,,,,,,,,,,,,,,,,,,,,,,,,,,,,,,,,,,,,,,,,,,,,,,,,,,,,,,,,,,,,,,,,,,,,,,,,,,,,,,,,,,,,,,,,,,,,,,,,,,,,,,,,,,,,,,,,,,,,,,,,,,,,,,,,,,,,,,,,,,,,,,,,,,,,,,,,,,,,,,,,,,,,,,,,,,,,,,,,,,,,,,,,,,,,,,,,,,,,,,,,,,,,,,,,,,,,,,,,,,,,,,,,,,,,,,,,,,,,,,,,,,,,,,,,,,,,,,,,,,,,,,,,,,,,,,,,,,,,,,,,,,,,,,,,,,,,,,,,,,,,,,,,,,,,,,,,,,,,,,,,,,,,,,,,,,,,,,,,,,,,,,,,,,,,,,,,,,,,,,,,,,,,,,,,,,,,,,,,,,,,,,,,,,,,,,,,,,,,,,,,,,,,,,,,,,,,,,,,,,,,,,,,,,,,,,,,,,,,,,,,,,,,,,,,,,,,,,,,,,,,,,,,,,,,,,,,,,,,,,,,,,,,,,,,,,,,,,,,,,,,,,,,,,,,,,,,,,,,,,,,,,,,,,,,,,,,,,,,,,,,,,,,,,,,,,,,,,,,,,,,,,,,,,,,,,,,,,,,,,,,,,,,,,,,,,,,,,,,,,,,,,,,,,,,,,,,,,,,,,,,,,,,,,,,,,,,,,,,,,,,,,,,,,,,,,,,,,,,,,,,,,,,,,,,,,,,,,,,,,,,,,,,,,,,,,,,,,,,,,,,,,,,,,,,,,,,,,,,,,,,,,,,,,,,,,,,,,,,,,,,,,,,,,,,,,,,,,,,,,,,,,,,,,,,,,,,,,,,,,,,,,,,,,,,,,,,,,,,,,,,,,,,,,,,,,,,,,,,,,,,,,,,,,,,,,,,,,,,,,,,,,,,,,,,,,,,,,,,,,,,,,,,,,,,,,,,,,,,,,,,,,,,,,,,,,,,,,,,,,,,,,,,,,,,,,,,,,,,,,,,,,,,,,,,,,,,,,,,,,,,,,,,,,,,,,,,,,,,,,,,,,,,,,,,,,,,,,,,,,,,,,,,,,,,,,,,,,,,,,,,,,,,,,,,,,,,,,,,,,,,,,,,,,,,,,,,,,,,,,,,,,,,,,,,,,,,,,,,,,,,,,,,,,,,,,,,,,,,,,,,,,,,,,,,,,,,,,,,,,,,,,,,,,,,,,,,,,,,,,,,,,,,,,,,,,,,,,,,,,,,,,,,,,,,,,,,,,,,,,,,,,,,,,,,,,,,,,,,,,,,,,,,,,,,,,,,,,,,,,,,,,,,,,,,,,,,,,,,,,,,,,,,,,,,,,,,,,,,,,,,,,,,,,,,,,,,,,,,,,,,,,,,,,,,,,,,,,,,,,,,,,,,,,,,,,,,,,,,,,,,,,,,,,,,,,,,,,,,,,,,,,,,,,,,,,,,,,,,,,,,,,,,,,,,,,,,,,,,,,,,,,,,,,,,,,,,,,,,,,,,,,,,,,,,,,,,,,,,,,,,,,,,,,,,,,,,,,,,,,,,,,,,,,,,,,,,,,,,,,,,,,,,,,,,,,,,,,,,,,,,,,,,,,,,,,,,,,,,,,,,,,,,,,,,,,,,,,,,,,,,,,,,,,,,,,,,,,,,,,,,,,,,,,,,,,,,,,,,,,,,,,,,,,,,,,,,,,,,,,,,,,,,,,,,,,,,,,,,,,,,,,,,,,,,,,,,,,,,,,,,,,,,,,,,,,,,,,,,,,,,,,,,,,,,,,,,,,,,,,,,,,,,,,,,,,,,,,,,,,,,,,,
,,,,,,,,,,,,,,,,,,,,,,,,,,,,,,,,,,,,,,,,,,,,,,,,,,,,,,,,,,,,,,,,,,,,,,,,,,,,,,,,,,,,,,,,,,,,,,,,,,,,,,,,,,,,,,,,,,,,,,,,,,,,,,,,,,,,,,,,,,,,,,,,,,,,,,,,,,,,,,,,,,,,,,,,,,,,,,,,,,,,,,,,,,,,,,,,,,,,,,,,,,,,,,,,,,,,,,,,,,,,,,,,,,,,,,,,,,,,,,,,,,,,,,,,,,,,,,,,,,,,,,,,,,,,,,,,,,,,,,,,,,,,,,,,,,,,,,,,,,,,,,,,,,,,,,,,,,,,,,,,,,,,,,,,,,,,,,,,,,,,,,,,,,,,,,,,,,,,,,,,,,,,,,,,,,,,,,,,,,,,,,,,,,,,,,,,,,,,,,,,,,,,,,,,,,,,,,,,,,,,,,,,,,,,,,,,,,,,,,,,,,,,,,,,,,,,,,,,,,,,,,,,,,,,,,,,,,,,,,,,,,,,,,,,,,,,,,,,,,,,,,,,,,,,,,,,,,,,,,,,,,,,,,,,,,,,,,,,,,,,,,,,,,,,,,,,,,,,,,,,,,,,,,,,,,,,,,,,,,,,,,,,,,,,,,,,,,,,,,,,,,,,,,,,,,,,,,,,,,,,,,,,,,,,,,,,,,,,,,,,,,,,,,,,,,,,,,,,,,,,,,,,,,,,,,,,,,,,,,,,,,,,,,,,,,,,,,,,,,,,,,,,,,,,,,,,,,,,,,,,,,,,,,,,,,,,,,,,,,,,,,,,,,,,,,,,,,,,,,,,,,,,,,,,,,,,,,,,,,,,,,,,,,,,,,,,,,,,,,,,,,,,,,,,,,,,,,,,,,,,,,,,,,,,,,,,,,,,,,,,,,,,,,,,,,,,,,,,,,,,,,,,,,,,,,,,,,,,,,,,,,,,,,,,,,,,,,,,,,,,,,,,,,,,,,,,,,,,,,,,,,,,,,,,,,,,,,,,,,,,,,,,,,,,,,,,,,,,,,,,,,,,,,,,,,,,,,,,,,,,,,,,,,,,,,,,,,,,,,,,,,,,,,,,,,,,,,,,,,,,,,,,,,,,,,,,,,,,,,,,,,,,,,,,,,,,,,,,,,,,,,,,,,,,,,,,,,,,,,,,,,,,,,,,,,,,,,,,,,,,,,,,,,,,,,,,,,,,,,,,,,,,,,,,,,,,,,,,,,,,,,,,,,,,,,,,,,,,,,,,,,,,,,,,,,,,,,,,,,,,,,,,,,,,,,,,,,,,,,,,,,,,,,,,,,,,,,,,,,,,,,,,,,,,,,,,,,,,,,,,,,,,,,,,,,,,,,,,,,,,,,,,,,,,,,,,,,,,,,,,,,,,,,,,,,,,,,,,,,,,,,,,,,,,,,,,,,,,,,,,,,,,,,,,,,,,,,,,,,,,,,,,,,,,,,,,,,,,,,,,,,,,,,,,,,,,,,,,,,,,,,,,,,,,,,,,,,,,,,,,,,,,,,,,,,,,,,,,,,,,,,,,,,,,,,,,,,,,,,,,,,,,,,,,,,,,,,,,,,,,,,,,,,,,,,,,,,,,,,,,,,,,,,,,,,,,,,,,,,,,,,,,,,,,,,,,,,,,,,,,,,,,,,,,,,,,,,,,,,,,,,,,,,,,,,,,,,,,,,,,,,,,,,,,,,,,,,,,,,,,,,,,,,,,,,,,,,,,,,,,,,,,,,,,,,,,,,,,,,,,,,,,,,,,,,,,,,,,,,,,,,,,,,,,,,,,,,,,,,,,,,,,,,,,,,,,,,,,,,,,,,,,,,,,,,,,,,,,,,,,,,,,,,,,,,,,,,,,,,,,,,,,,,,,,,,,,,,,,,,,,,,,,,,,,,,,,,,,,,,,,,,,,,,,,,,,,,,,,,,,,,,,,,,,,,,,,,,,,,,,,,,,,,,,,,,,,,,,,,,,,,,,,,,,,,,,,,,,,,,,,,,,,,,,,,,,,,,,,,,,,,,,,,,,,,,,,,,,,,,,,,,,,,,,,,,,,,,,,,,,,,,,,,,,,,,,,,,,,,,,,,,,,,,,,,,,,,,,,,,,,,,,,,,,,,,,,,,,,,,,,,,,,,,,,,,,,,,,,,,,,,,,,,,,,,,,,,,,,,,,,,,,,,,,,,,,,,,,,,,,,,,,,,,,,,,,,,,,,,,,,,,,,,,
3346,3173,2542,2441,2192,2283,2233,2433,2220,2433,2233,2283,2192,2441,2542,3173,3719,3496,2456,2345,2294,2349,2134,2350,2320,2390,2285,2232,2273,2428,2542,3494,4075,3855,2744,2375,2316,2374,2169,2325,2384,2377,2329,2234,2353,2509,2743,3854,4208,3986,2886,2317,2399,2286,2182,2312,2336,2192,2261,2359,2326,2562,2846,3985,4013,3791,2722,2263,2268,2235,2125,2278,2375,2240,2106,2218,2074,2392,2641,3791,3734,3505,2497,2143,2180,2276,2140,2216,2324,2195,2234,2122,2092,2264,2469,3508,3510,3289,2341,2282,2164,2245,2261,2370,2324,2317,2161,2299,2282,2283,2326,3287,3822,3601,2578,2269,2195,2183,2253,2184,2454,2429,2296,2299,2269,2412,2428,3593,4009,3785,2696,2358,2230,2275,2284,2292,2384,2334,2331,2384,2330,2431,2628,3782,3885,3664,2581,2265,2149,2188,2141,2242,2245,2239,2430,2439,2234,2416,2521,3663,3492,3273,2294,2233,2141,2223,2262,2301,2258,2217,2318,2327,2215,2198,2432,3279,3153,2946,2164,2261,2214,2307,2203,2348,2298,2249,2294,2246,2249,2138,2307,2894,3083,2786,2562,2580,2615,2591,2496,2490,2433,2394,2412,2394,2479,2485,2515,2757,4026,3997,3699,3201,3257,3202,3361,3696,3764,3662,3326,3227,3448,3413,3487,3757,4520,4416,4067,3863,3808,3616,3655,4021,4160,4119,3790,3563,3887,3883,3906,4200,4569,4429,4023,3994,4055,3996,3981,3919,4112,4118,3904,3909,3918,4036,3914,4150,4301,4126,3692,3704,3945,3959,4013,3950,3919,3879,3873,3764,3766,3876,3577,4109,4536,4308,3393,3240,3587,3655,3753,3670,3553,3499,3512,3485,3411,3412,3410,4322,4614,4383,3173,3050,3239,3261,3383,3317,3288,3193,3026,2946,2964,3082,3394,4394,4806,4578,3323,3143,2937,2870,2865,3113,3074,3038,2709,2583,2745,3089,3436,4587,4702,4477,3281,3006,2721,2516,2744,2698,2795,2647,2574,2605,2743,3122,3263,4479,4266,4041,2970,2638,2513,2665,2815,2951,2909,2656,2612,2553,2665,2969,2955,4036,3791,3559,2680,2539,2429,2664,2727,2905,2922,2737,2619,2615,2721,2882,2896,3568,3554,3313,2682,2571,2433,2421,2611,2741,2726,2653,2481,2293,2483,2625,2716,3363,3454,3223,2502,2466,2414,2362,2538,2648,2457,2537,2315,2276,2393,2461,2683,3200,3647,3423,2451,2409,2505,2322,2462,2577,2539,2269,2438,2353,2430,2379,2650,3413,3642,3418,2697,2241,2527,2328,2461,2760,2769,2414,2528,2438,2581,2637,2559,3411,3257,3144,2986,2531,2593,2626,2902,3068,3050,2790,2454,2495,2714,2830,2841,3112,3225,3052,3029,2568,2540,2642,2955,3103,3042,2820,2448,2541,2607,2718,2842,3035,3027,2947,2821,2473,2624,2517,2787,2790,2704,2684,2292,2508,2594,2366,2625,2891,2940,2850,2624,2484,2412,2432,2642,2743,2837,2651,2378,2334,2514,2518,2581,2838,2808,2780,2444,2495,2246,2515,2731,2745,2832,2708,2426,2291,2512,2523,2450,2518,2873,2827,2669,2422,2523,2414,2583,2823,2890,2835,2599,2503,2668,2550,2540,2646,2827,2836,2642,2479,2494,2415,2371,2653,2756,2777,2524,2485,2556,2532,2554,2613,2952,2847,2512,2459,2407,2385,2325,2583,2724,2580,2419,2411,2471,2473,2356,2664,3083,2956,2499,2437,2448,2356,2466,2557,2710,2627,2445,2308,2435,2463,2264,2899,3428,3220,2490,2311,2361,2315,2460,2497,2654,2646,2422,2444,2400,2376,2398,3205,3463,3246,2531,2404,2343,2344,2414,2457,2399,2547,2496,2291,2353,2414,2462,3230,3205,3007,2309,2325,2417,2387,2342,2409,2537,2503,2397,2152,2214,2262,2442,2935,2831,2673,2178,2164,2321,2268,2378,2513,2643,2427,2392,2341,2288,2249,2271,2633,2884,2658,2301,2268,2272,2370,2499,2578,2644,2557,2300,2384,2347,2245,2359,2712,2978,2780,2389,2338,2270,2461,2409,2516,2626,2567,2244,2398,2401,2464,2347,2769,2969,2764,2474,2415,2255,2458,2319,2493,2573,2481,2331,2284,2233,2275,2304,2718,2788,2600,2261,2339,2327,2462,2403,2375,2433,2206,2397,2355,2261,2293,2285,2483,2595,2313,2209,2233,2323,2281,2367,2257,2339,2270,2362,2293,2338,2387,2430,2400,2605,2458,2148,2329,2351,2383,2397,2401,2510,2394,2050,2160,2168,2415,2402,2430,2464,2448,2250,2255,2309,2371,2327,2343,2479,2339,2156,2270,2236,2259,2179,2174,2678,2568,2319,2250,2219,2386,2128,2123,2254,2284,2204,2261,2201,2223,2240,2498,2707,2615,2317,2322,2306,2418,2226,2266,2511,2409,2332,2225,2252,2276,2205,2598,2775,2622,2237,2216,2159,2280,2332,2381,2509,2418,2251,2232,2327,2288,2135,2560,2697,2561,2242,2112,2217,2184,2259,2296,2456,2390,2122,2203,2384,2253,2228,2454,2887,2708,2250,2289,2353,2205,2275,2152,2413,2474,2238,2268,2294,2240,2348,2660,3004,2795,2249,2313,2344,2121,2377,2432,2425,2291,2237,2224,2348,2336,2203,2766,2909,2735,2192,2178,2303,2338,2317,2343,2290,2310,2217,2167,2299,2381,2320,2570,2764,2643,2083,2124,2246,2373,2316,2265,2275,2321,2287,2384,2369,2389,2380,2488,2762,2615,2218,2186,2229,2364,2380,2279,2446,2206,2324,2337,2328,2411,2336,2465,2638,2349,2332,2045,2153,2309,2218,2361,2523,2435,2348,2273,2317,2321,2358,2401,2611,2348,2277,2166,2331,2289,2264,2334,2424,2338,2340,2367,2383,2374,2298,2496,2747,2500,2304,2316,2245,2222,2302,2399,2357,2265,2356,2354,2293,2257,2328,2588,2687,2622,2359,2336,2277,2343,2364,2320,2248,2277,2365,2243,2275,2200,2229,2387,2824,2664,2326,2374,2342,2297,2326,2277,2250,2203,2183,2027,2221,2222,2244,2560,2706,2603,2293,2350,2298,2371,2296,2261,2328,2274,2307,2143,2185,2133,2158,2466,2571,2355,2294,2275,2278,2380,2334,2377,2347,2253,2301,2297,2294,2337,2270,2492,3326,3080,2284,2294,2334,2322,2307,2447,2497,2411,2398,2448,2423,2323,2287,3106,3824,3590,2461,2436,2308,2393,2330,2182,2407,2303,2380,2491,2419,2461,2523,3601,4080,3852,2712,2589,2675,2441,2760,2744,2893,2732,2430,2577,2580,2742,2778,3852,4097,3869,2719,2531,2837,2586,2988,3004,3140,2937,2421,2583,2644,2674,2980,3869,4117,3904,2892,2513,2710,2605,2897,2952,2966,2848,2522,2491,2562,2448,2916,3880,4154,3936,2901,2466,2481,2475,2549,2762,2782,2526,2514,2455,2501,2281,2840,3923,3772,3555,2560,2429,2499,2449,2466,2507,2602,2415,2358,2419,2523,2217,2566,3545,3311,3109,2328,2406,2514,2282,2387,2524,2499,2420,2347,2295,2476,2302,2424,3081,3098,2891,2367,2296,2375,2307,2267,2377,2402,2353,2268,2412,2381,2301,2395,2907,2726,2586,2364,2176,2322,2200,2167,2371,2538,2511,2315,2202,2280,2217,2228,2517,2847,2624,2430,2367,2313,2302,2373,2346,2649,2559,2355,2296,2275,2371,2341,2666,2807,2643,2366,2278,2305,2353,2344,2370,2592,2474,2404,2250,2268,2265,2249,2685,2809,2609,2281,2085,2250,2201,2124,2286,2218,2231,2323,2409,2381,2344,2340,2654,3054,2859,2371,2191,2214,2267,2378,2369,2472,2456,2320,2234,2267,2232,2354,2827,3093,2925,2437,2268,2296,2269,2391,2367,2421,2489,2419,2381,2344,2339,2403,2844,2989,2826,2359,2483,2542,2301,2432,2539,2591,2525,2398,2551,2565,2369,2389,2855,2906,2728,2445,2628,2580,2288,2465,2717,2788,2493,2309,2508,2544,2470,2476,2811,2866,2755,2449,2572,2593,2380,2364,2682,2804,2707,2412,2402,2345,2395,2464,2786,3411,3181,2387,2286,2382,2356,2303,2415,2449,2547,2448,2311,2345,2377,2480,3213,3358,3113,2349,2199,2436,2260,2351,2399,2599,2558,2306,2425,2543,2409,2395,3166,3172,3000,2423,2435,2525,2343,2434,2707,2949,2786,2371,2593,2655,2546,2332,2923,3215,2876,2449,2445,2507,2375,2489,2791,2985,2670,2348,2442,2488,2571,2615,3077,3080,2765,2275,2415,2427,2324,2303,2743,2855,2652,2441,2436,2206,2418,2580,2944,2749,2536,2201,2417,2317,2253,2324,2633,2742,2517,2398,2301,2220,2354,2379,2691,2907,2691,2206,2360,2322,2442,2423,2480,2686,2505,2211,2149,2246,2334,2236,2686,2946,2765,2372,2121,2186,2374,2276,2468,2592,2410,2291,2350,2412,2324,2203,2715,3084,2860,2188,2161,2382,2370,2461,2570,2539,2348,2362,2386,2454,2371,2398,2915,3003,2748,2266,2314,2413,2394,2392,2498,2385,2317,2318,2226,2218,2332,2367,2842,2851,2666,2221,2148,2342,2381,2336,2308,2319,2388,2262,2157,2137,2060,2363,2423,2885,2698,2202,2130,2379,2364,2259,2287,2440,2403,2289,2120,2274,2228,2310,2614,2668,2424,2174,2231,2319,2204,2303,2322,2431,2398,2251,1996,2136,2281,2353,2505,2603,2416,2233,2249,2250,2230,2280,2279,2327,2256,2249,2198,2105,2179,2208,2556,2683,2552,2309,2212,2157,2286,2305,2186,2176,2302,2228,2308,2281,2239,2164,2526,2608,2465,2196,2129,2140,2279,2279,2285,2369,2395,2368,2257,2188,2323,2338,2486,2570,2451,2344,2293,2325,2373,2273,2383,2445,2337,2376,2228,2150,2324,2436,2459,2783,2475,2383,2317,2246,2292,2342,2339,2306,2273,2263,2157,2140,2260,2435,2639,2860,2598,2219,2317,2284,2301,2294,2372,2460,2471,2391,2305,2173,2314,2473,2743,3062,2831,2317,2271,2386,2334,2292,2335,2376,2415,2402,2371,2090,2339,2463,2859,3123,2903,2365,2309,2399,2350,2291,2188,2326,2373,2135,2163,2274,2288,2487,2904,3112,2858,2355,2302,2313,2268,2398,2199,2258,2347,2165,2258,2260,2249,2391,2935,2854,2656,2287,2295,2207,2401,2395,2288,2303,2379,2256,2304,2338,2330,2079,2649,2866,2653,2256,2167,2214,2319,2363,2267,2267,2303,2379,2364,2366,2427,2292,2624,2897,2691,2298,2261,2239,2365,2398,2396,2340,2337,2374,2337,2312,2351,2285,2664,2731,2588,2282,2105,2305,2312,2277,2416,2314,2317,2150,2252,2128,2253,2297,2528,3127,2899,2330,2214,2259,2261,2322,2300,2325,2362,2302,2272,2133,2178,2271,2896,3565,3339,2447,2396,2296,2255,2315,2347,2442,2468,2402,2325,2059,2313,2354,3344,3624,3400,2414,2381,2298,2304,2239,2315,2437,2405,2227,2354,2275,2392,2522,3411,3427,3191,2357,2479,2395,2405,2342,2217,2152,2297,2359,2305,2378,2347,2434,3215,3119,2887,2351,2410,2403,2431,2319,2250,2408,2359,2341,2353,2310,2384,2227,2913,3173,3002,2263,2198,2153,2272,2251,2312,2499,2414,2251,2290,2268,2398,2409,2897,3495,3283,2306,2251,2163,2373,2324,2262,2529,2498,2169,2396,2311,2163,2402,3265,3869,3652,2515,2415,2125,2324,2443,2744,3013,2909,2374,2307,2272,2315,2603,3647,4047,3832,2722,2505,2324,2385,2517,3002,3237,3098,2497,2436,2322,2351,2765,3829,3958,3737,2629,2425,2277,2296,2346,2857,3068,2909,2343,2338,2339,2414,2646,3732,3626,3408,2427,2279,2232,2407,2309,2227,2384,2357,2262,2286,2357,2289,2397,3405,3095,2852,2351,2231,2166,2255,2296,2334,2416,2362,2314,2337,2350,2239,2202,2907,3369,3157,2367,2277,2189,2147,2208,2250,2340,2303,2247,2251,2179,2232,2232,3149,3499,3276,2258,2215,2080,2088,2225,2301,2374,2258,2218,2298,2219,2094,2403,3287,3337,3101,2161,2175,2054,2280,2110,2325,2400,2205,2225,2261,2199,2184,2255,3131,3075,2843,1986,2205,2215,2313,2209,2208,2158,2104,2201,2293,2272,2081,2116,2862,2883,2656,2017,2093,2259,2179,2125,2071,1906,2021,2060,2206,2203,2173,2070,2648,2683,2490,1996,2120,2020,1873,2107,2051,2005,1983,1977,2039,1942,2076,2047,2395,2378,2196,2025,2184,2141,1961,2000,1971,2010,1915,1889,1972,1990,1934,2053,2258,2311,2170,2045,2078,2043,2047,2043,1962,2019,1773,1963,1946,1919,2026,2168,2206,2304,2202,1953,2015,1981,1953,1980,2060,1972,1935,1922,1981,1883,2019,2077,2132
,,,,,,,,,,,,,,,,,,,,,,,,,,,,,,,,,,,,,,,,,,,,,,,,,,,,,,,,,,,,,,,,,,,,,,,,,,,,,,,,,,,,,,,,,,,,,,,,,,,,,,,,,,,,,,,,,,,,,,,,,,,,,,,,,,,,,,,,,,,,,,,,,,,,,,,,,,,,,,,,,,,,,,,,,,,,,,,,,,,,,,,,,,,,,,,,,,,,,,,,,,,,,,,,,,,,,,,,,,,,,,,,,,,,,,,,,,,,,,,,,,,,,,,,,,,,,,,,,,,,,,,,,,,,,,,,,,,,,,,,,,,,,,,,,,,,,,,,,,,,,,,,,,,,,,,,,,,,,,,,,,,,,,,,,,,,,,,,,,,,,,,,,,,,,,,,,,,,,,,,,,,,,,,,,,,,,,,,,,,,,,,,,,,,,,,,,,,,,,,,,,,,,,,,,,,,,,,,,,,,,,,,,,,,,,,,,,,,,,,,,,,,,,,,,,,,,,,,,,,,,,,,,,,,,,,,,,,,,,,,,,,,,,,,,,,,,,,,,,,,,,,,,,,,,,,,,,,,,,,,,,,,,,,,,,,,,,,,,,,,,,,,,,,,,,,,,,,,,,,,,,,,,,,,,,,,,,,,,,,,,,,,,,,,,,,,,,,,,,,,,,,,,,,,,,,,,,,,,,,,,,,,,,,,,,,,,,,,,,,,,,,,,,,,,,,,,,,,,,,,,,,,,,,,,,,,,,,,,,,,,,,,,,,,,,,,,,,,,,,,,,,,,,,,,,,,,,,,,,,,,,,,,,,,,,,,,,,,,,,,,,,,,,,,,,,,,,,,,,,,,,,,,,,,,,,,,,,,,,,,,,,,,,,,,,,,,,,,,,,,,,,,,,,,,,,,,,,,,,,,,,,,,,,,,,,,,,,,,,,,,,,,,,,,,,,,,,,,,,,,,,,,,,,,,,,,,,,,,,,,,,,,,,,,,,,,,,,,,,,,,,,,,,,,,,,,,,,,,,,,,,,,,,,,,,,,,,,,,,,,,,,,,,,,,,,,,,,,,,,,,,,,,,,,,,,,,,,,,,,,,,,,,,,,,,,,,,,,,,,,,,,,,,,,,,,,,,,,,,,,,,,,,,,,,,,,,,,,,,,,,,,,,,,,,,,,,,,,,,,,,,,,,,,,,,,,,,,,,,,,,,,,,,,,,,,,,,,,,,,,,,,,,,,,,,,,,,,,,,,,,,,,,,,,,,,,,,,,,,,,,,,,,,,,,,,,,,,,,,,,,,,,,,,,,,,,,,,,,,,,,,,,,,,,,,,,,,,,,,,,,,,,,,,,,,,,,,,,,,,,,,,,,,,,,,,,,,,,,,,,,,,,,,,,,,,,,,,,,,,,,,,,,,,,,,,,,,,,,,,,,,,,,,,,,,,,,,,,,,,,,,,,,,,,,,,,,,,,,,,,,,,,,,,,,,,,,,,,,,,,,,,,,,,,,,,,,,,,,,,,,,,,,,,,,,,,,,,,,,,,,,,,,,,,,,,,,,,,,,,,,,,,,,,,,,,,,,,,,,,,,,,,,,,,,,,,,,,,,,,,,,,,,,,,,,,,,,,,,,,,,,,,,,,,,,,,,,,,,,,,,,,,,,,,,,,,,,,,,,,,,,,,,,,,,,,,,,,,,,,,,,,,,,,,,,,,,,,,,,,,,,,,,,,,,,,,,,,,,,,,,,,,,,,,,,,,,,,,,,,,,,,,,,,,,,,,,,,,,,,,,,,,,,,,,,,,,,,,,,,,,,,,,,,,,,,,,,,,,,,,,,,,,,,,,,,,,,,,,,,,,,,,,,,,,,,,,,,,,,,,,,,,,,,,,,,,,,,,,,,,,,,,,,,,,,,,,,,,,,,,,,,,,,,,,,,,,,,,,,,,,,,,,,,,,,,,,,,,,,,,,,,,,,,,,,,,,,,,,,,,,,,,,,,,,,,,,,,,,,,,,,,,,,,,,,,,,,,,,,,,,,,,,,,,,,,,,,,,,,,,,,,,,,,,,,,,,,,,,,,,,,,,,,,,,,,,,,,,,,,,,,,,,,,,,,,,,,,,,,,,,,,,,,,,,,,,,,,,,,,,,,,,,,,,,,,,,,,,,,,,,,,,,,,,,,,,,,,,,,,,,,,,,,,,,,,,,,,,,,,,,,,,,,,,,,,,,,,,,,,,,,,,,,,,,,,,,,,,,,,,,,,,,,,,,,,,,,,,,,,,,,,,,,,
,,,,,,,,,,,,,,,,,,,,,,,,,,,,,,,,,,,,,,,,,,,,,,,,,,,,,,,,,,,,,,,,,,,,,,,,,,,,,,,,,,,,,,,,,,,,,,,,,,,,,,,,,,,,,,,,,,,,,,,,,,,,,,,,,,,,,,,,,,,,,,,,,,,,,,,,,,,,,,,,,,,,,,,,,,,,,,,,,,,,,,,,,,,,,,,,,,,,,,,,,,,,,,,,,,,,,,,,,,,,,,,,,,,,,,,,,,,,,,,,,,,,,,,,,,,,,,,,,,,,,,,,,,,,,,,,,,,,,,,,,,,,,,,,,,,,,,,,,,,,,,,,,,,,,,,,,,,,,,,,,,,,,,,,,,,,,,,,,,,,,,,,,,,,,,,,,,,,,,,,,,,,,,,,,,,,,,,,,,,,,,,,,,,,,,,,,,,,,,,,,,,,,,,,,,,,,,,,,,,,,,,,,,,,,,,,,,,,,,,,,,,,,,,,,,,,,,,,,,,,,,,,,,,,,,,,,,,,,,,,,,,,,,,,,,,,,,,,,,,,,,,,,,,,,,,,,,,,,,,,,,,,,,,,,,,,,,,,,,,,,,,,,,,,,,,,,,,,,,,,,,,,,,,,,,,,,,,,,,,,,,,,,,,,,,,,,,,,,,,,,,,,,,,,,,,,,,,,,,,,,,,,,,,,,,,,,,,,,,,,,,,,,,,,,,,,,,,,,,,,,,,,,,,,,,,,,,,,,,,,,,,,,,,,,,,,,,,,,,,,,,,,,,,,,,,,,,,,,,,,,,,,,,,,,,,,,,,,,,,,,,,,,,,,,,,,,,,,,,,,,,,,,,,,,,,,,,,,,,,,,,,,,,,,,,,,,,,,,,,,,,,,,,,,,,,,,,,,,,,,,,,,,,,,,,,,,,,,,,,,,,,,,,,,,,,,,,,,,,,,,,,,,,,,,,,,,,,,,,,,,,,,,,,,,,,,,,,,,,,,,,,,,,,,,,,,,,,,,,,,,,,,,,,,,,,,,,,,,,,,,,,,,,,,,,,,,,,,,,,,,,,,,,,,,,,,,,,,,,,,,,,,,,,,,,,,,,,,,,,,,,,,,,,,,,,,,,,,,,,,,,,,,,,,,,,,,,,,,,,,,,,,,,,,,,,,,,,,,,,,,,,,,,,,,,,,,,,,,,,,,,,,,,,,,,,,,,,,,,,,,,,,,,,,,,,,,,,,,,,,,,,,,,,,,,,,,,,,,,,,,,,,,,,,,,,,,,,,,,,,,,,,,,,,,,,,,,,,,,,,,,,,,,,,,,,,,,,,,,,,,,,,,,,,,,,,,,,,,,,,,,,,,,,,,,,,,,,,,,,,,,,,,,,,,,,,,,,,,,,,,,,,,,,,,,,,,,,,,,,,,,,,,,,,,,,,,,,,,,,,,,,,,,,,,,,,,,,,,,,,,,,,,,,,,,,,,,,,,,,,,,,,,,,,,,,,,,,,,,,,,,,,,,,,,,,,,,,,,,,,,,,,,,,,,,,,,,,,,,,,,,,,,,,,,,,,,,,,,,,,,,,,,,,,,,,,,,,,,,,,,,,,,,,,,,,,,,,,,,,,,,,,,,,,,,,,,,,,,,,,,,,,,,,,,,,,,,,,,,,,,,,,,,,,,,,,,,,,,,,,,,,,,,,,,,,,,,,,,,,,,,,,,,,,,,,,,,,,,,,,,,,,,,,,,,,,,,,,,,,,,,,,,,,,,,,,,,,,,,,,,,,,,,,,,,,,,,,,,,,,,,,,,,,,,,,,,,,,,,,,,,,,,,,,,,,,,,,,,,,,,,,,,,,,,,,,,,,,,,,,,,,,,,,,,,,,,,,,,,,,,,,,,,,,,,,,,,,,,,,,,,,,,,,,,,,,,,,,,,,,,,,,,,,,,,,,,,,,,,,,,,,,,,,,,,,,,,,,,,,,,,,,,,,,,,,,,,,,,,,,,,,,,,,,,,,,,,,,,,,,,,,,,,,,,,,,,,,,,,,,,,,,,,,,,,,,,,,,,,,,,,,,,,,,,,,,,,,,,,,,,,,,,,,,,,,,,,,,,,,,,,,,,,,,,,,,,,,,,,,,,,,,,,,,,,,,,,,,,,,,,,,,,,,,,,,,,,,,,,,,,,,,,,,,,,,,,,,,,,,,,,,,,,,,,,,,,,,,,,,,,,,,,,,,,,,,,,,,,,,,,,,,,,,,,,,,,,,,,,,,,,,,,,,
,,,,,,,,,,,,,,,,,,,,,,,,,,,,,,,,,,,,,,,,,,,,,,,,,,,,,,,,,,,,,,,,,,,,,,,,,,,,,,,,,,,,,,,,,,,,,,,,,,,,,,,,,,,,,,,,,,,,,,,,,,,,,,,,,,,,,,,,,,,,,,,,,,,,,,,,,,,,,,,,,,,,,,,,,,,,,,,,,,,,,,,,,,,,,,,,,,,,,,,,,,,,,,,,,,,,,,,,,,,,,,,,,,,,,,,,,,,,,,,,,,,,,,,,,,,,,,,,,,,,,,,,,,,,,,,,,,,,,,,,,,,,,,,,,,,,,,,,,,,,,,,,,,,,,,,,,,,,,,,,,,,,,,,,,,,,,,,,,,,,,,,,,,,,,,,,,,,,,,,,,,,,,,,,,,,,,,,,,,,,,,,,,,,,,,,,,,,,,,,,,,,,,,,,,,,,,,,,,,,,,,,,,,,,,,,,,,,,,,,,,,,,,,,,,,,,,,,,,,,,,,,,,,,,,,,,,,,,,,,,,,,,,,,,,,,,,,,,,,,,,,,,,,,,,,,,,,,,,,,,,,,,,,,,,,,,,,,,,,,,,,,,,,,,,,,,,,,,,,,,,,,,,,,,,,,,,,,,,,,,,,,,,,,,,,,,,,,,,,,,,,,,,,,,,,,,,,,,,,,,,,,,,,,,,,,,,,,,,,,,,,,,,,,,,,,,,,,,,,,,,,,,,,,,,,,,,,,,,,,,,,,,,,,,,,,,,,,,,,,,,,,,,,,,,,,,,,,,,,,,,,,,,,,,,,,,,,,,,,,,,,,,,,,,,,,,,,,,,,,,,,,,,,,,,,,,,,,,,,,,,,,,,,,,,,,,,,,,,,,,,,,,,,,,,,,,,,,,,,,,,,,,,,,,,,,,,,,,,,,,,,,,,,,,,,,,,,,,,,,,,,,,,,,,,,,,,,,,,,,,,,,,,,,,,,,,,,,,,,,,,,,,,,,,,,,,,,,,,,,,,,,,,,,,,,,,,,,,,,,,,,,,,,,,,,,,,,,,,,,,,,,,,,,,,,,,,,,,,,,,,,,,,,,,,,,,,,,,,,,,,,,,,,,,,,,,,,,,,,,,,,,,,,,,,,,,,,,,,,,,,,,,,,,,,,,,,,,,,,,,,,,,,,,,,,,,,,,,,,,,,,,,,,,,,,,,,,,,,,,,,,,,,,,,,,,,,,,,,,,,,,,,,,,,,,,,,,,,,,,,,,,,,,,,,,,,,,,,,,,,,,,,,,,,,,,,,,,,,,,,,,,,,,,,,,,,,,,,,,,,,,,,,,,,,,,,,,,,,,,,,,,,,,,,,,,,,,,,,,,,,,,,,,,,,,,,,,,,,,,,,,,,,,,,,,,,,,,,,,,,,,,,,,,,,,,,,,,,,,,,,,,,,,,,,,,,,,,,,,,,,,,,,,,,,,,,,,,,,,,,,,,,,,,,,,,,,,,,,,,,,,,,,,,,,,,,,,,,,,,,,,,,,,,,,,,,,,,,,,,,,,,,,,,,,,,,,,,,,,,,,,,,,,,,,,,,,,,,,,,,,,,,,,,,,,,,,,,,,,,,,,,,,,,,,,,,,,,,,,,,,,,,,,,,,,,,,,,,,,,,,,,,,,,,,,,,,,,,,,,,,,,,,,,,,,,,,,,,,,,,,,,,,,,,,,,,,,,,,,,,,,,,,,,,,,,,,,,,,,,,,,,,,,,,,,,,,,,,,,,,,,,,,,,,,,,,,,,,,,,,,,,,,,,,,,,,,,,,,,,,,,,,,,,,,,,,,,,,,,,,,,,,,,,,,,,,,,,,,,,,,,,,,,,,,,,,,,,,,,,,,,,,,,,,,,,,,,,,,,,,,,,,,,,,,,,,,,,,,,,,,,,,,,,,,,,,,,,,,,,,,,,,,,,,,,,,,,,,,,,,,,,,,,,,,,,,,,,,,,,,,,,,,,,,,,,,,,,,,,,,,,,,,,,,,,,,,,,,,,,,,,,,,,,,,,,,,,,,,,,,,,,,,,,,,,,,,,,,,,,,,,,,,,,,,,,,,,,,,,,,,,,,,,,,,,,,,,,,,,,,,,,,,,,,,,,,,,,,,,,,,,,,,,,,,,,,,,,,,,,,,,,,,,,,,,,,,,,,,,,,,,,,,,,,,,,,,,,,,,,,,,,,,,,,,,,,,,,,,,,,,,,,,,,,,,,,,,,,,,,,,,,,,,,
,,,,,,,,,,,,,,,,,,,,,,,,,,,,,,,,,,,,,,,,,,,,,,,,,,,,,,,,,,,,,,,,,,,,,,,,,,,,,,,,,,,,,,,,,,,,,,,,,,,,,,,,,,,,,,,,,,,,,,,,,,,,,,,,,,,,,,,,,,,,,,,,,,,,,,,,,,,,,,,,,,,,,,,,,,,,,,,,,,,,,,,,,,,,,,,,,,,,,,,,,,,,,,,,,,,,,,,,,,,,,,,,,,,,,,,,,,,,,,,,,,,,,,,,,,,,,,,,,,,,,,,,,,,,,,,,,,,,,,,,,,,,,,,,,,,,,,,,,,,,,,,,,,,,,,,,,,,,,,,,,,,,,,,,,,,,,,,,,,,,,,,,,,,,,,,,,,,,,,,,,,,,,,,,,,,,,,,,,,,,,,,,,,,,,,,,,,,,,,,,,,,,,,,,,,,,,,,,,,,,,,,,,,,,,,,,,,,,,,,,,,,,,,,,,,,,,,,,,,,,,,,,,,,,,,,,,,,,,,,,,,,,,,,,,,,,,,,,,,,,,,,,,,,,,,,,,,,,,,,,,,,,,,,,,,,,,,,,,,,,,,,,,,,,,,,,,,,,,,,,,,,,,,,,,,,,,,,,,,,,,,,,,,,,,,,,,,,,,,,,,,,,,,,,,,,,,,,,,,,,,,,,,,,,,,,,,,,,,,,,,,,,,,,,,,,,,,,,,,,,,,,,,,,,,,,,,,,,,,,,,,,,,,,,,,,,,,,,,,,,,,,,,,,,,,,,,,,,,,,,,,,,,,,,,,,,,,,,,,,,,,,,,,,,,,,,,,,,,,,,,,,,,,,,,,,,,,,,,,,,,,,,,,,,,,,,,,,,,,,,,,,,,,,,,,,,,,,,,,,,,,,,,,,,,,,,,,,,,,,,,,,,,,,,,,,,,,,,,,,,,,,,,,,,,,,,,,,,,,,,,,,,,,,,,,,,,,,,,,,,,,,,,,,,,,,,,,,,,,,,,,,,,,,,,,,,,,,,,,,,,,,,,,,,,,,,,,,,,,,,,,,,,,,,,,,,,,,,,,,,,,,,,,,,,,,,,,,,,,,,,,,,,,,,,,,,,,,,,,,,,,,,,,,,,,,,,,,,,,,,,,,,,,,,,,,,,,,,,,,,,,,,,,,,,,,,,,,,,,,,,,,,,,,,,,,,,,,,,,,,,,,,,,,,,,,,,,,,,,,,,,,,,,,,,,,,,,,,,,,,,,,,,,,,,,,,,,,,,,,,,,,,,,,,,,,,,,,,,,,,,,,,,,,,,,,,,,,,,,,,,,,,,,,,,,,,,,,,,,,,,,,,,,,,,,,,,,,,,,,,,,,,,,,,,,,,,,,,,,,,,,,,,,,,,,,,,,,,,,,,,,,,,,,,,,,,,,,,,,,,,,,,,,,,,,,,,,,,,,,,,,,,,,,,,,,,,,,,,,,,,,,,,,,,,,,,,,,,,,,,,,,,,,,,,,,,,,,,,,,,,,,,,,,,,,,,,,,,,,,,,,,,,,,,,,,,,,,,,,,,,,,,,,,,,,,,,,,,,,,,,,,,,,,,,,,,,,,,,,,,,,,,,,,,,,,,,,,,,,,,,,,,,,,,,,,,,,,,,,,,,,,,,,,,,,,,,,,,,,,,,,,,,,,,,,,,,,,,,,,,,,,,,,,,,,,,,,,,,,,,,,,,,,,,,,,,,,,,,,,,,,,,,,,,,,,,,,,,,,,,,,,,,,,,,,,,,,,,,,,,,,,,,,,,,,,,,,,,,,,,,,,,,,,,,,,,,,,,,,,,,,,,,,,,,,,,,,,,,,,,,,,,,,,,,,,,,,,,,,,,,,,,,,,,,,,,,,,,,,,,,,,,,,,,,,,,,,,,,,,,,,,,,,,,,,,,,,,,,,,,,,,,,,,,,,,,,,,,,,,,,,,,,,,,,,,,,,,,,,,,,,,,,,,,,,,,,,,,,,,,,,,,,,,,,,,,,,,,,,,,,,,,,,,,,,,,,,,,,,,,,,,,,,,,,,,,,,,,,,,,,,,,,,,,,,,,,,,,,,,,,,,,,,,,,,,,,,,,,,,,,,,,,,,,,,,,,,,,,,,,,,,,,,,,,,,,,,,,,,,,,,,,,,,,,,,,,,,,,,,,,,,,,,,,,,,,,,,,,,,,,,,,,,,,,,,,,,,,,,,,,,,,,,,,,,,,,,,,,,,,,,,,,,,
,,,,,,,,,,,,,,,,,,,,,,,,,,,,,,,,,,,,,,,,,,,,,,,,,,,,,,,,,,,,,,,,,,,,,,,,,,,,,,,,,,,,,,,,,,,,,,,,,,,,,,,,,,,,,,,,,,,,,,,,,,,,,,,,,,,,,,,,,,,,,,,,,,,,,,,,,,,,,,,,,,,,,,,,,,,,,,,,,,,,,,,,,,,,,,,,,,,,,,,,,,,,,,,,,,,,,,,,,,,,,,,,,,,,,,,,,,,,,,,,,,,,,,,,,,,,,,,,,,,,,,,,,,,,,,,,,,,,,,,,,,,,,,,,,,,,,,,,,,,,,,,,,,,,,,,,,,,,,,,,,,,,,,,,,,,,,,,,,,,,,,,,,,,,,,,,,,,,,,,,,,,,,,,,,,,,,,,,,,,,,,,,,,,,,,,,,,,,,,,,,,,,,,,,,,,,,,,,,,,,,,,,,,,,,,,,,,,,,,,,,,,,,,,,,,,,,,,,,,,,,,,,,,,,,,,,,,,,,,,,,,,,,,,,,,,,,,,,,,,,,,,,,,,,,,,,,,,,,,,,,,,,,,,,,,,,,,,,,,,,,,,,,,,,,,,,,,,,,,,,,,,,,,,,,,,,,,,,,,,,,,,,,,,,,,,,,,,,,,,,,,,,,,,,,,,,,,,,,,,,,,,,,,,,,,,,,,,,,,,,,,,,,,,,,,,,,,,,,,,,,,,,,,,,,,,,,,,,,,,,,,,,,,,,,,,,,,,,,,,,,,,,,,,,,,,,,,,,,,,,,,,,,,,,,,,,,,,,,,,,,,,,,,,,,,,,,,,,,,,,,,,,,,,,,,,,,,,,,,,,,,,,,,,,,,,,,,,,,,,,,,,,,,,,,,,,,,,,,,,,,,,,,,,,,,,,,,,,,,,,,,,,,,,,,,,,,,,,,,,,,,,,,,,,,,,,,,,,,,,,,,,,,,,,,,,,,,,,,,,,,,,,,,,,,,,,,,,,,,,,,,,,,,,,,,,,,,,,,,,,,,,,,,,,,,,,,,,,,,,,,,,,,,,,,,,,,,,,,,,,,,,,,,,,,,,,,,,,,,,,,,,,,,,,,,,,,,,,,,,,,,,,,,,,,,,,,,,,,,,,,,,,,,,,,,,,,,,,,,,,,,,,,,,,,,,,,,,,,,,,,,,,,,,,,,,,,,,,,,,,,,,,,,,,,,,,,,,,,,,,,,,,,,,,,,,,,,,,,,,,,,,,,,,,,,,,,,,,,,,,,,,,,,,,,,,,,,,,,,,,,,,,,,,,,,,,,,,,,,,,,,,,,,,,,,,,,,,,,,,,,,,,,,,,,,,,,,,,,,,,,,,,,,,,,,,,,,,,,,,,,,,,,,,,,,,,,,,,,,,,,,,,,,,,,,,,,,,,,,,,,,,,,,,,,,,,,,,,,,,,,,,,,,,,,,,,,,,,,,,,,,,,,,,,,,,,,,,,,,,,,,,,,,,,,,,,,,,,,,,,,,,,,,,,,,,,,,,,,,,,,,,,,,,,,,,,,,,,,,,,,,,,,,,,,,,,,,,,,,,,,,,,,,,,,,,,,,,,,,,,,,,,,,,,,,,,,,,,,,,,,,,,,,,,,,,,,,,,,,,,,,,,,,,,,,,,,,,,,,,,,,,,,,,,,,,,,,,,,,,,,,,,,,,,,,,,,,,,,,,,,,,,,,,,,,,,,,,,,,,,,,,,,,,,,,,,,,,,,,,,,,,,,,,,,,,,,,,,,,,,,,,,,,,,,,,,,,,,,,,,,,,,,,,,,,,,,,,,,,,,,,,,,,,,,,,,,,,,,,,,,,,,,,,,,,,,,,,,,,,,,,,,,,,,,,,,,,,,,,,,,,,,,,,,,,,,,,,,,,,,,,,,,,,,,,,,,,,,,,,,,,,,,,,,,,,,,,,,,,,,,,,,,,,,,,,,,,,,,,,,,,,,,,,,,,,,,,,,,,,,,,,,,,,,,,,,,,,,,,,,,,,,,,,,,,,,,,,,,,,,,,,,,,,,,,,,,,,,,,,,,,,,,,,,,,,,,,,,,,,,,,,,,,,,,,,,,,,,,,,,,,,,,,,,,,,,,,,,,,,,,,,,,,,,,,,,,,,,,,,,,,,,,,,,,,,,,,,,,,,,,,,,,,,,,,,,,,,,,,,,,,,,,,,,,,,,,,,,,,,,,,,,,,,,,,,,,,,,,,,,,,,,,,,
3419,3183,2489,2508,2479,2386,2380,2295,2164,2295,2380,2386,2479,2508,2489,3183,3709,3490,2462,2512,2302,2460,2387,2343,2278,2288,2325,2377,2502,2575,2556,3488,4076,3857,2721,2478,2403,2448,2412,2314,2355,2298,2306,2248,2348,2565,2712,3856,4210,3988,2866,2437,2502,2258,2368,2364,2407,2249,2273,2254,2250,2638,2834,3988,4018,3796,2746,2456,2484,2268,2321,2347,2331,2306,2202,2279,2129,2481,2708,3800,3727,3497,2531,2296,2252,2171,2163,2190,2400,2432,2352,2381,2254,2212,2539,3511,3512,3280,2367,2251,2169,2351,2274,2156,2419,2371,2333,2307,2314,2213,2214,3289,3821,3589,2348,2369,2298,2359,2195,2208,2424,2279,2120,2156,2311,2327,2315,3595,4009,3779,2653,2380,2265,2420,2302,2290,2253,2241,2313,2255,2366,2401,2644,3785,3881,3659,2559,2276,2102,2280,2268,2282,2212,2285,2420,2332,2310,2326,2591,3661,3487,3271,2421,2186,2221,2269,2276,2341,2192,2205,2244,2247,2267,2198,2427,3263,3124,2922,2366,2238,2268,2407,2394,2408,2371,2329,2286,2316,2179,2193,2326,2925,3159,3073,2795,2342,2393,2476,2539,2564,2521,2481,2404,2359,2378,2365,2754,3004,3926,3511,3822,3613,3481,3405,3553,3435,3571,3594,3340,3201,3506,3344,3157,3788,4518,4082,4119,3982,3869,4018,4063,4050,4175,4118,3734,3492,3952,3810,3999,4406,4647,4348,3911,3895,3852,4188,4089,4361,4384,4227,3842,3365,4002,3936,4238,4552,4437,4204,3509,3685,3387,4060,3985,4329,4280,3996,3542,3306,3763,3858,4086,4361,4530,4286,3462,3590,3216,3747,3824,4013,3911,3453,3252,3012,3463,3564,3678,4330,4617,4389,3178,3256,3032,3320,3454,3570,3438,3085,2928,2857,3226,3144,3397,4396,4805,4581,3398,3130,2819,2981,3054,3098,3048,2913,2822,2767,2864,3150,3430,4587,4705,4480,3395,3020,2705,2636,2712,2792,2779,2734,2693,2777,2714,2985,3318,4484,4270,4054,3383,2953,2463,2709,2646,2708,2889,2702,2651,2557,2576,3028,3082,4047,3768,3621,3259,2872,2523,2822,2796,2709,2932,2888,2610,2450,2611,2803,2811,3543,3462,3303,2968,2555,2482,2757,2773,2614,2775,2744,2555,2577,2706,2612,2522,3281,3471,3256,2632,2451,2463,2686,2674,2575,2543,2410,2513,2496,2660,2634,2590,3257,3654,3441,2407,2394,2500,2626,2432,2496,2387,2450,2206,2269,2483,2587,2547,3423,3652,3446,2662,2343,2569,2600,2470,2502,2513,2439,2487,2207,2418,2516,2728,3418,3121,3077,3037,2657,2585,2608,2715,2699,2707,2892,2893,2372,2400,2508,2928,2981,3193,3137,3044,2660,2445,2447,2751,2718,2832,2956,2888,2611,2632,2603,2887,3081,2858,2957,2787,2577,2597,2353,2644,2612,2791,2821,2672,2593,2737,2611,2561,2835,2790,2928,2755,2405,2518,2359,2559,2435,2572,2656,2666,2581,2576,2550,2688,2714,2860,2857,2484,2452,2366,2405,2610,2610,2503,2692,2732,2364,2500,2578,2656,2681,2919,2922,2837,2463,2360,2485,2561,2534,2736,2873,2712,2340,2411,2499,2559,2770,2739,2764,2826,2558,2390,2547,2580,2669,2803,2781,2601,2300,2444,2502,2520,2677,2844,2696,2746,2485,2343,2516,2409,2567,2599,2474,2509,2404,2476,2479,2521,2673,3111,2833,2698,2491,2490,2385,2476,2442,2232,2526,2485,2414,2375,2368,2559,2895,3419,3202,2553,2397,2511,2344,2427,2473,2559,2727,2588,2552,2406,2436,2605,3194,3463,3227,2951,2405,2444,2299,2159,2434,2633,2725,2619,2443,2230,2350,2508,3234,3218,3002,2845,2466,2456,2428,2184,2459,2519,2514,2329,2365,2110,2215,2355,2991,2786,2633,2580,2441,2396,2310,2194,2343,2356,2470,2365,2391,2323,2328,2348,2566,2792,2677,2431,2453,2340,2385,2352,2502,2454,2591,2471,2263,2287,2228,2270,2648,2976,2785,2541,2499,2467,2512,2588,2645,2547,2423,2500,2395,2359,2338,2194,2777,3012,2807,2578,2389,2371,2418,2558,2466,2458,2461,2490,2416,2405,2504,2501,2769,2750,2731,2603,2491,2398,2384,2466,2421,2395,2594,2608,2483,2452,2536,2523,2512,2668,2705,2459,2422,2318,2334,2359,2444,2400,2539,2505,2310,2291,2410,2312,2447,2585,2555,2391,2455,2306,2213,2190,2339,2421,2419,2434,2393,2376,2482,2204,2294,2538,2614,2439,2453,2176,2314,2268,2254,2342,2354,2320,2253,2402,2511,2308,2280,2557,2545,2348,2334,2146,2360,2238,2372,2269,2426,2423,2370,2428,2470,2392,2429,2645,2655,2389,2327,2202,2307,2305,2470,2225,2520,2440,2395,2436,2422,2409,2500,2690,2644,2480,2347,2230,2349,2430,2600,2576,2415,2285,2365,2370,2359,2383,2343,2597,2531,2329,2277,2378,2398,2433,2574,2614,2468,2421,2439,2392,2326,2433,2455,2771,2702,2342,2366,2360,2329,2380,2447,2492,2435,2287,2406,2405,2403,2336,2597,2951,2768,2341,2291,2326,2346,2524,2600,2531,2374,2380,2442,2400,2354,2308,2714,2877,2705,2359,2239,2243,2474,2596,2630,2419,2327,2425,2448,2325,2334,2388,2734,2872,2738,2496,2339,2326,2498,2565,2528,2377,2356,2381,2390,2337,2233,2234,2673,2730,2641,2482,2335,2210,2411,2437,2408,2327,2462,2382,2293,2293,2224,2194,2518,2637,2514,2395,2303,2216,2139,2397,2405,2369,2380,2302,2201,2251,2394,2231,2403,2628,2630,2452,2433,2344,2324,2424,2340,2360,2204,2212,2179,2321,2291,2337,2464,2760,2688,2378,2391,2305,2373,2362,2322,2248,2221,2180,2045,2310,2321,2366,2502,2748,2565,2330,2383,2352,2310,2380,2310,2231,2271,2254,2240,2300,2341,2434,2574,2857,2640,2345,2381,2384,2456,2210,2234,2286,2387,2387,2361,2380,2297,2462,2669,2764,2538,2290,2379,2399,2432,2382,2439,2366,2373,2385,2412,2390,2364,2357,2590,2619,2471,2293,2390,2282,2329,2387,2451,2444,2433,2234,2163,2294,2240,2300,2598,3332,3122,2500,2419,2295,2237,2402,2388,2415,2496,2346,2378,2310,2308,2401,3103,3829,3613,2713,2308,2281,2440,2436,2506,2668,2580,2433,2295,2381,2260,2490,3596,4082,3850,2894,2419,2547,2676,2618,3025,3104,2840,2460,2500,2601,2652,2775,3868,4110,3879,2886,2614,2604,2800,2929,3194,3157,2853,2612,2637,2656,2835,2894,3892,4112,3888,2712,2677,2532,2595,2816,3046,2853,2770,2490,2480,2581,2679,2901,3890,4149,3923,2737,2622,2349,2459,2354,2505,2671,2620,2474,2587,2606,2654,2764,3921,3766,3544,2453,2448,2477,2548,2296,2466,2452,2336,2463,2542,2587,2565,2481,3535,3297,3045,2141,2224,2421,2447,2305,2421,2408,2329,2235,2531,2607,2495,2444,3097,3130,2858,2273,2393,2364,2245,2355,2270,2318,2288,2357,2433,2531,2411,2420,2933,2781,2607,2336,2427,2432,2413,2371,2240,2481,2528,2271,2292,2432,2384,2247,2665,2871,2707,2405,2365,2368,2435,2382,2285,2536,2486,2317,2219,2205,2212,2408,2672,2794,2611,2277,2352,2231,2445,2351,2261,2395,2205,2265,2149,2347,2323,2439,2686,2720,2500,2247,2330,2276,2288,2188,2228,2412,2358,2306,2290,2358,2452,2222,2472,2748,2719,2617,2292,2136,2194,2292,2358,2512,2408,2372,2356,2436,2450,2337,2557,2907,2817,2797,2387,2200,2088,2006,2308,2435,2407,2363,2290,2395,2350,2374,2789,2961,2864,2741,2450,2305,2311,2441,2456,2627,2650,2458,2430,2350,2367,2471,2841,2915,2889,2679,2495,2281,2511,2588,2739,2798,2810,2526,2510,2512,2283,2471,2768,3040,2780,2600,2472,2179,2470,2603,2709,2748,2693,2523,2502,2507,2432,2600,2848,3365,3145,2584,2402,2299,2471,2516,2430,2704,2593,2459,2536,2423,2399,2546,3146,3383,3177,2433,2238,2331,2316,2389,2460,2550,2522,2372,2425,2382,2434,2407,3150,3196,3017,2410,2280,2428,2354,2491,2599,2630,2758,2685,2547,2471,2400,2505,2961,3066,2918,2713,2389,2299,2375,2609,2793,2828,2844,2765,2625,2482,2471,2364,2925,2974,2791,2719,2411,2377,2335,2456,2686,2753,2661,2520,2382,2228,2382,2470,2888,2854,2770,2752,2487,2369,2354,2343,2523,2517,2456,2386,2325,2319,2383,2488,2748,2831,2725,2620,2409,2423,2389,2164,2423,2410,2458,2429,2362,2327,2331,2301,2523,2833,2716,2486,2235,2422,2461,2407,2396,2237,2437,2425,2413,2435,2311,2310,2603,2903,2774,2410,2365,2288,2487,2395,2196,2332,2425,2460,2424,2411,2266,2310,2692,2816,2710,2470,2315,2474,2500,2221,2387,2510,2642,2585,2244,2200,2344,2354,2643,2818,2591,2370,2352,2296,2366,2279,2281,2413,2452,2350,2323,2380,2358,2284,2681,2694,2553,2316,2334,2328,2305,2408,2313,2461,2398,2255,2312,2381,2283,2327,2670,2550,2408,2310,2372,2385,2443,2450,2263,2316,2216,2232,2318,2265,2312,2284,2564,2525,2275,2261,2290,2316,2294,2438,2344,2402,2365,2368,2418,2363,2240,2266,2348,2462,2432,2435,2432,2390,2345,2450,2443,2503,2438,2386,2465,2361,2428,2415,2255,2578,2432,2367,2395,2447,2366,2460,2448,2457,2409,2311,2293,2252,2375,2283,2369,2570,2523,2444,2436,2446,2392,2495,2465,2321,2338,2344,2413,2356,2299,2278,2510,2714,2524,2366,2269,2338,2409,2474,2456,2340,2317,2488,2414,2344,2411,2396,2619,2924,2752,2362,2257,2271,2444,2360,2170,2314,2386,2413,2316,2387,2440,2263,2724,3064,2760,2409,2259,2340,2483,2342,2356,2298,2337,2213,2211,2356,2418,2399,2855,3147,2904,2424,2163,2298,2433,2407,2343,2275,2216,2326,2327,2288,2378,2374,2949,3143,2943,2342,2211,2339,2417,2437,2331,2355,2405,2374,2416,2378,2429,2403,2894,2944,2780,2414,2334,2335,2285,2384,2275,2328,2256,2293,2378,2307,2387,2393,2720,2888,2556,2340,2426,2180,2168,2361,2339,2254,2177,2381,2340,2393,2458,2273,2691,2944,2723,2260,2392,2354,2297,2258,2249,2184,2108,2275,2338,2380,2418,2345,2674,2773,2588,2267,2248,2290,2381,2317,2289,2237,2326,2432,2316,2093,2243,2275,2519,3135,2899,2288,2318,2385,2330,2142,2399,2313,2336,2493,2394,2214,2269,2284,2912,3571,3342,2290,2270,2347,2261,2195,2251,2219,2458,2519,2434,2292,2242,2355,3356,3631,3406,2415,2313,2447,2405,2383,2391,2312,2387,2406,2381,2239,2209,2506,3419,3412,3195,2450,2506,2504,2350,2360,2382,2371,2427,2434,2291,2175,2285,2390,3182,3112,2919,2434,2343,2374,2295,2240,2257,2345,2369,2385,2291,2344,2310,2380,2866,3174,2971,2493,2275,2272,2370,2253,2339,2431,2425,2308,2210,2255,2155,2411,2978,3485,3259,2454,2235,2463,2357,2239,2396,2434,2354,2314,2242,2328,2206,2508,3288,3863,3638,2531,2171,2412,2269,2364,2710,2957,2845,2345,2218,2246,2301,2565,3643,4046,3825,2680,2455,2459,2526,2591,2973,3185,3060,2556,2540,2392,2394,2830,3833,3955,3729,2573,2470,2435,2585,2497,2884,3032,2906,2528,2477,2355,2348,2767,3735,3620,3386,2326,2405,2314,2430,2375,2469,2451,2373,2280,2238,2291,2268,2452,3394,3058,2833,2391,2450,2194,2312,2286,2296,2381,2235,2265,2211,2237,2238,2422,2791,3354,3129,2439,2407,2334,2279,2319,2382,2442,2357,2323,2233,2242,2218,2345,3137,3497,3275,2403,2223,2190,2189,2302,2201,2260,2332,2142,2212,2164,2241,2344,3274,3338,3127,2251,2156,2152,2198,2209,2230,2266,2161,2149,2102,2227,2112,2287,3117,3087,2864,2197,2140,2257,2295,2246,2176,2082,2221,2150,2158,2123,2092,2127,2882,2884,2623,2243,2195,2091,2067,2105,2100,2072,2170,2183,2232,2054,2067,2021,2668,2705,2503,2144,2274,2149,2037,2033,2166,2137,2048,2189,2139,1972,1973,1904,2493,2342,2126,2047,2140,2190,2070,2089,2133,2021,1976,1893,2030,2113,2039,1904,2218,2187,1926,2004,2010,2180,2143,2085,1998,1979,2062,1848,2076,2044,1881,1949,2044,2257,2132,2008,1925,2103,2076,2032,2082,2101,2022,2000,1909,1922,2023,2004,1966
,,,,,,,,,,,,,,,,,,,,,,,,,,,,,,,,,,,,,,,,,,,,,,,,,,,,,,,,,,,,,,,,,,,,,,,,,,,,,,,,,,,,,,,,,,,,,,,,,,,,,,,,,,,,,,,,,,,,,,,,,,,,,,,,,,,,,,,,,,,,,,,,,,,,,,,,,,,,,,,,,,,,,,,,,,,,,,,,,,,,,,,,,,,,,,,,,,,,,,,,,,,,,,,,,,,,,,,,,,,,,,,,,,,,,,,,,,,,,,,,,,,,,,,,,,,,,,,,,,,,,,,,,,,,,,,,,,,,,,,,,,,,,,,,,,,,,,,,,,,,,,,,,,,,,,,,,,,,,,,,,,,,,,,,,,,,,,,,,,,,,,,,,,,,,,,,,,,,,,,,,,,,,,,,,,,,,,,,,,,,,,,,,,,,,,,,,,,,,,,,,,,,,,,,,,,,,,,,,,,,,,,,,,,,,,,,,,,,,,,,,,,,,,,,,,,,,,,,,,,,,,,,,,,,,,,,,,,,,,,,,,,,,,,,,,,,,,,,,,,,,,,,,,,,,,,,,,,,,,,,,,,,,,,,,,,,,,,,,,,,,,,,,,,,,,,,,,,,,,,,,,,,,,,,,,,,,,,,,,,,,,,,,,,,,,,,,,,,,,,,,,,,,,,,,,,,,,,,,,,,,,,,,,,,,,,,,,,,,,,,,,,,,,,,,,,,,,,,,,,,,,,,,,,,,,,,,,,,,,,,,,,,,,,,,,,,,,,,,,,,,,,,,,,,,,,,,,,,,,,,,,,,,,,,,,,,,,,,,,,,,,,,,,,,,,,,,,,,,,,,,,,,,,,,,,,,,,,,,,,,,,,,,,,,,,,,,,,,,,,,,,,,,,,,,,,,,,,,,,,,,,,,,,,,,,,,,,,,,,,,,,,,,,,,,,,,,,,,,,,,,,,,,,,,,,,,,,,,,,,,,,,,,,,,,,,,,,,,,,,,,,,,,,,,,,,,,,,,,,,,,,,,,,,,,,,,,,,,,,,,,,,,,,,,,,,,,,,,,,,,,,,,,,,,,,,,,,,,,,,,,,,,,,,,,,,,,,,,,,,,,,,,,,,,,,,,,,,,,,,,,,,,,,,,,,,,,,,,,,,,,,,,,,,,,,,,,,,,,,,,,,,,,,,,,,,,,,,,,,,,,,,,,,,,,,,,,,,,,,,,,,,,,,,,,,,,,,,,,,,,,,,,,,,,,,,,,,,,,,,,,,,,,,,,,,,,,,,,,,,,,,,,,,,,,,,,,,,,,,,,,,,,,,,,,,,,,,,,,,,,,,,,,,,,,,,,,,,,,,,,,,,,,,,,,,,,,,,,,,,,,,,,,,,,,,,,,,,,,,,,,,,,,,,,,,,,,,,,,,,,,,,,,,,,,,,,,,,,,,,,,,,,,,,,,,,,,,,,,,,,,,,,,,,,,,,,,,,,,,,,,,,,,,,,,,,,,,,,,,,,,,,,,,,,,,,,,,,,,,,,,,,,,,,,,,,,,,,,,,,,,,,,,,,,,,,,,,,,,,,,,,,,,,,,,,,,,,,,,,,,,,,,,,,,,,,,,,,,,,,,,,,,,,,,,,,,,,,,,,,,,,,,,,,,,,,,,,,,,,,,,,,,,,,,,,,,,,,,,,,,,,,,,,,,,,,,,,,,,,,,,,,,,,,,,,,,,,,,,,,,,,,,,,,,,,,,,,,,,,,,,,,,,,,,,,,,,,,,,,,,,,,,,,,,,,,,,,,,,,,,,,,,,,,,,,,,,,,,,,,,,,,,,,,,,,,,,,,,,,,,,,,,,,,,,,,,,,,,,,,,,,,,,,,,,,,,,,,,,,,,,,,,,,,,,,,,,,,,,,,,,,,,,,,,,,,,,,,,,,,,,,,,,,,,,,,,,,,,,,,,,,,,,,,,,,,,,,,,,,,,,,,,,,,,,,,,,,,,,,,,,,,,,,,,,,,,,,,,,,,,,,,,,,,,,,,,,,,,,,,,,,,,,,,,,,,,,,,,,,,,,,,,,,,,,,,,,,,,,,,,,,,,,,,,,,,,,,,,,,,,,,,,,,,,,,,,,,,,,,,,,,,,,,,,,,,,,,,,,,,,,,,,,,,,,,,,,,,,,,,,,,,,,,,,,,,,,,,,,,,,,,,,,,,,,,,,,,,,,,,,,,,,,,,,,,,,,,,,,,,,,,,,,,,,,,,,,,,,,,,,,,,,,,,
,,,,,,,,,,,,,,,,,,,,,,,,,,,,,,,,,,,,,,,,,,,,,,,,,,,,,,,,,,,,,,,,,,,,,,,,,,,,,,,,,,,,,,,,,,,,,,,,,,,,,,,,,,,,,,,,,,,,,,,,,,,,,,,,,,,,,,,,,,,,,,,,,,,,,,,,,,,,,,,,,,,,,,,,,,,,,,,,,,,,,,,,,,,,,,,,,,,,,,,,,,,,,,,,,,,,,,,,,,,,,,,,,,,,,,,,,,,,,,,,,,,,,,,,,,,,,,,,,,,,,,,,,,,,,,,,,,,,,,,,,,,,,,,,,,,,,,,,,,,,,,,,,,,,,,,,,,,,,,,,,,,,,,,,,,,,,,,,,,,,,,,,,,,,,,,,,,,,,,,,,,,,,,,,,,,,,,,,,,,,,,,,,,,,,,,,,,,,,,,,,,,,,,,,,,,,,,,,,,,,,,,,,,,,,,,,,,,,,,,,,,,,,,,,,,,,,,,,,,,,,,,,,,,,,,,,,,,,,,,,,,,,,,,,,,,,,,,,,,,,,,,,,,,,,,,,,,,,,,,,,,,,,,,,,,,,,,,,,,,,,,,,,,,,,,,,,,,,,,,,,,,,,,,,,,,,,,,,,,,,,,,,,,,,,,,,,,,,,,,,,,,,,,,,,,,,,,,,,,,,,,,,,,,,,,,,,,,,,,,,,,,,,,,,,,,,,,,,,,,,,,,,,,,,,,,,,,,,,,,,,,,,,,,,,,,,,,,,,,,,,,,,,,,,,,,,,,,,,,,,,,,,,,,,,,,,,,,,,,,,,,,,,,,,,,,,,,,,,,,,,,,,,,,,,,,,,,,,,,,,,,,,,,,,,,,,,,,,,,,,,,,,,,,,,,,,,,,,,,,,,,,,,,,,,,,,,,,,,,,,,,,,,,,,,,,,,,,,,,,,,,,,,,,,,,,,,,,,,,,,,,,,,,,,,,,,,,,,,,,,,,,,,,,,,,,,,,,,,,,,,,,,,,,,,,,,,,,,,,,,,,,,,,,,,,,,,,,,,,,,,,,,,,,,,,,,,,,,,,,,,,,,,,,,,,,,,,,,,,,,,,,,,,,,,,,,,,,,,,,,,,,,,,,,,,,,,,,,,,,,,,,,,,,,,,,,,,,,,,,,,,,,,,,,,,,,,,,,,,,,,,,,,,,,,,,,,,,,,,,,,,,,,,,,,,,,,,,,,,,,,,,,,,,,,,,,,,,,,,,,,,,,,,,,,,,,,,,,,,,,,,,,,,,,,,,,,,,,,,,,,,,,,,,,,,,,,,,,,,,,,,,,,,,,,,,,,,,,,,,,,,,,,,,,,,,,,,,,,,,,,,,,,,,,,,,,,,,,,,,,,,,,,,,,,,,,,,,,,,,,,,,,,,,,,,,,,,,,,,,,,,,,,,,,,,,,,,,,,,,,,,,,,,,,,,,,,,,,,,,,,,,,,,,,,,,,,,,,,,,,,,,,,,,,,,,,,,,,,,,,,,,,,,,,,,,,,,,,,,,,,,,,,,,,,,,,,,,,,,,,,,,,,,,,,,,,,,,,,,,,,,,,,,,,,,,,,,,,,,,,,,,,,,,,,,,,,,,,,,,,,,,,,,,,,,,,,,,,,,,,,,,,,,,,,,,,,,,,,,,,,,,,,,,,,,,,,,,,,,,,,,,,,,,,,,,,,,,,,,,,,,,,,,,,,,,,,,,,,,,,,,,,,,,,,,,,,,,,,,,,,,,,,,,,,,,,,,,,,,,,,,,,,,,,,,,,,,,,,,,,,,,,,,,,,,,,,,,,,,,,,,,,,,,,,,,,,,,,,,,,,,,,,,,,,,,,,,,,,,,,,,,,,,,,,,,,,,,,,,,,,,,,,,,,,,,,,,,,,,,,,,,,,,,,,,,,,,,,,,,,,,,,,,,,,,,,,,,,,,,,,,,,,,,,,,,,,,,,,,,,,,,,,,,,,,,,,,,,,,,,,,,,,,,,,,,,,,,,,,,,,,,,,,,,,,,,,,,,,,,,,,,,,,,,,,,,,,,,,,,,,,,,,,,,,,,,,,,,,,,,,,,,,,,,,,,,,,,,,,,,,,,,,,,,,,,,,,,,,,,,,,,,,,,,,,,,,,,,,,,,,,,,,,,,,,,,,,,,,,,,,,,,,,,,,,,,,,,,,,,,,,,,,,,,,,,,,,,,,,,,,,,,,,,,,,,,,,,,,,,,,,,,,,,
,,,,,,,,,,,,,,,,,,,,,,,,,,,,,,,,,,,,,,,,,,,,,,,,,,,,,,,,,,,,,,,,,,,,,,,,,,,,,,,,,,,,,,,,,,,,,,,,,,,,,,,,,,,,,,,,,,,,,,,,,,,,,,,,,,,,,,,,,,,,,,,,,,,,,,,,,,,,,,,,,,,,,,,,,,,,,,,,,,,,,,,,,,,,,,,,,,,,,,,,,,,,,,,,,,,,,,,,,,,,,,,,,,,,,,,,,,,,,,,,,,,,,,,,,,,,,,,,,,,,,,,,,,,,,,,,,,,,,,,,,,,,,,,,,,,,,,,,,,,,,,,,,,,,,,,,,,,,,,,,,,,,,,,,,,,,,,,,,,,,,,,,,,,,,,,,,,,,,,,,,,,,,,,,,,,,,,,,,,,,,,,,,,,,,,,,,,,,,,,,,,,,,,,,,,,,,,,,,,,,,,,,,,,,,,,,,,,,,,,,,,,,,,,,,,,,,,,,,,,,,,,,,,,,,,,,,,,,,,,,,,,,,,,,,,,,,,,,,,,,,,,,,,,,,,,,,,,,,,,,,,,,,,,,,,,,,,,,,,,,,,,,,,,,,,,,,,,,,,,,,,,,,,,,,,,,,,,,,,,,,,,,,,,,,,,,,,,,,,,,,,,,,,,,,,,,,,,,,,,,,,,,,,,,,,,,,,,,,,,,,,,,,,,,,,,,,,,,,,,,,,,,,,,,,,,,,,,,,,,,,,,,,,,,,,,,,,,,,,,,,,,,,,,,,,,,,,,,,,,,,,,,,,,,,,,,,,,,,,,,,,,,,,,,,,,,,,,,,,,,,,,,,,,,,,,,,,,,,,,,,,,,,,,,,,,,,,,,,,,,,,,,,,,,,,,,,,,,,,,,,,,,,,,,,,,,,,,,,,,,,,,,,,,,,,,,,,,,,,,,,,,,,,,,,,,,,,,,,,,,,,,,,,,,,,,,,,,,,,,,,,,,,,,,,,,,,,,,,,,,,,,,,,,,,,,,,,,,,,,,,,,,,,,,,,,,,,,,,,,,,,,,,,,,,,,,,,,,,,,,,,,,,,,,,,,,,,,,,,,,,,,,,,,,,,,,,,,,,,,,,,,,,,,,,,,,,,,,,,,,,,,,,,,,,,,,,,,,,,,,,,,,,,,,,,,,,,,,,,,,,,,,,,,,,,,,,,,,,,,,,,,,,,,,,,,,,,,,,,,,,,,,,,,,,,,,,,,,,,,,,,,,,,,,,,,,,,,,,,,,,,,,,,,,,,,,,,,,,,,,,,,,,,,,,,,,,,,,,,,,,,,,,,,,,,,,,,,,,,,,,,,,,,,,,,,,,,,,,,,,,,,,,,,,,,,,,,,,,,,,,,,,,,,,,,,,,,,,,,,,,,,,,,,,,,,,,,,,,,,,,,,,,,,,,,,,,,,,,,,,,,,,,,,,,,,,,,,,,,,,,,,,,,,,,,,,,,,,,,,,,,,,,,,,,,,,,,,,,,,,,,,,,,,,,,,,,,,,,,,,,,,,,,,,,,,,,,,,,,,,,,,,,,,,,,,,,,,,,,,,,,,,,,,,,,,,,,,,,,,,,,,,,,,,,,,,,,,,,,,,,,,,,,,,,,,,,,,,,,,,,,,,,,,,,,,,,,,,,,,,,,,,,,,,,,,,,,,,,,,,,,,,,,,,,,,,,,,,,,,,,,,,,,,,,,,,,,,,,,,,,,,,,,,,,,,,,,,,,,,,,,,,,,,,,,,,,,,,,,,,,,,,,,,,,,,,,,,,,,,,,,,,,,,,,,,,,,,,,,,,,,,,,,,,,,,,,,,,,,,,,,,,,,,,,,,,,,,,,,,,,,,,,,,,,,,,,,,,,,,,,,,,,,,,,,,,,,,,,,,,,,,,,,,,,,,,,,,,,,,,,,,,,,,,,,,,,,,,,,,,,,,,,,,,,,,,,,,,,,,,,,,,,,,,,,,,,,,,,,,,,,,,,,,,,,,,,,,,,,,,,,,,,,,,,,,,,,,,,,,,,,,,,,,,,,,,,,,,,,,,,,,,,,,,,,,,,,,,,,,,,,,,,,,,,,,,,,,,,,,,,,,,,,,,,,,,,,,,,,,,,,,,,,,,,,,,,,,,,,,,,,,,,,,,,,,,,,,,,,,,,,,,,,,,,,,,,,,,,,,,,,,,,,,,,,,,,,,,,,,,,,,,,,,,,,,,,,,,,,,,,,,,,,,
,,,,,,,,,,,,,,,,,,,,,,,,,,,,,,,,,,,,,,,,,,,,,,,,,,,,,,,,,,,,,,,,,,,,,,,,,,,,,,,,,,,,,,,,,,,,,,,,,,,,,,,,,,,,,,,,,,,,,,,,,,,,,,,,,,,,,,,,,,,,,,,,,,,,,,,,,,,,,,,,,,,,,,,,,,,,,,,,,,,,,,,,,,,,,,,,,,,,,,,,,,,,,,,,,,,,,,,,,,,,,,,,,,,,,,,,,,,,,,,,,,,,,,,,,,,,,,,,,,,,,,,,,,,,,,,,,,,,,,,,,,,,,,,,,,,,,,,,,,,,,,,,,,,,,,,,,,,,,,,,,,,,,,,,,,,,,,,,,,,,,,,,,,,,,,,,,,,,,,,,,,,,,,,,,,,,,,,,,,,,,,,,,,,,,,,,,,,,,,,,,,,,,,,,,,,,,,,,,,,,,,,,,,,,,,,,,,,,,,,,,,,,,,,,,,,,,,,,,,,,,,,,,,,,,,,,,,,,,,,,,,,,,,,,,,,,,,,,,,,,,,,,,,,,,,,,,,,,,,,,,,,,,,,,,,,,,,,,,,,,,,,,,,,,,,,,,,,,,,,,,,,,,,,,,,,,,,,,,,,,,,,,,,,,,,,,,,,,,,,,,,,,,,,,,,,,,,,,,,,,,,,,,,,,,,,,,,,,,,,,,,,,,,,,,,,,,,,,,,,,,,,,,,,,,,,,,,,,,,,,,,,,,,,,,,,,,,,,,,,,,,,,,,,,,,,,,,,,,,,,,,,,,,,,,,,,,,,,,,,,,,,,,,,,,,,,,,,,,,,,,,,,,,,,,,,,,,,,,,,,,,,,,,,,,,,,,,,,,,,,,,,,,,,,,,,,,,,,,,,,,,,,,,,,,,,,,,,,,,,,,,,,,,,,,,,,,,,,,,,,,,,,,,,,,,,,,,,,,,,,,,,,,,,,,,,,,,,,,,,,,,,,,,,,,,,,,,,,,,,,,,,,,,,,,,,,,,,,,,,,,,,,,,,,,,,,,,,,,,,,,,,,,,,,,,,,,,,,,,,,,,,,,,,,,,,,,,,,,,,,,,,,,,,,,,,,,,,,,,,,,,,,,,,,,,,,,,,,,,,,,,,,,,,,,,,,,,,,,,,,,,,,,,,,,,,,,,,,,,,,,,,,,,,,,,,,,,,,,,,,,,,,,,,,,,,,,,,,,,,,,,,,,,,,,,,,,,,,,,,,,,,,,,,,,,,,,,,,,,,,,,,,,,,,,,,,,,,,,,,,,,,,,,,,,,,,,,,,,,,,,,,,,,,,,,,,,,,,,,,,,,,,,,,,,,,,,,,,,,,,,,,,,,,,,,,,,,,,,,,,,,,,,,,,,,,,,,,,,,,,,,,,,,,,,,,,,,,,,,,,,,,,,,,,,,,,,,,,,,,,,,,,,,,,,,,,,,,,,,,,,,,,,,,,,,,,,,,,,,,,,,,,,,,,,,,,,,,,,,,,,,,,,,,,,,,,,,,,,,,,,,,,,,,,,,,,,,,,,,,,,,,,,,,,,,,,,,,,,,,,,,,,,,,,,,,,,,,,,,,,,,,,,,,,,,,,,,,,,,,,,,,,,,,,,,,,,,,,,,,,,,,,,,,,,,,,,,,,,,,,,,,,,,,,,,,,,,,,,,,,,,,,,,,,,,,,,,,,,,,,,,,,,,,,,,,,,,,,,,,,,,,,,,,,,,,,,,,,,,,,,,,,,,,,,,,,,,,,,,,,,,,,,,,,,,,,,,,,,,,,,,,,,,,,,,,,,,,,,,,,,,,,,,,,,,,,,,,,,,,,,,,,,,,,,,,,,,,,,,,,,,,,,,,,,,,,,,,,,,,,,,,,,,,,,,,,,,,,,,,,,,,,,,,,,,,,,,,,,,,,,,,,,,,,,,,,,,,,,,,,,,,,,,,,,,,,,,,,,,,,,,,,,,,,,,,,,,,,,,,,,,,,,,,,,,,,,,,,,,,,,,,,,,,,,,,,,,,,,,,,,,,,,,,,,,,,,,,,,,,,,,,,,,,,,,,,,,,,,,,,,,,,,,,,,,,,,,,,,,,,,,,,,,,,,,,,,,,,,,,,,,,,,,,,,,,,,,,,,,,,,,,,,,,,,,,,,,,,,,,,,,,,,,,,,,,,,,,,,,,,,,,,,,,,,,,,,,,,,,,,,,,,,,,,,,,,,,,,,,,,,,,,,,,
,,,,,,,,,,,,,,,,,,,,,,,,,,,,,,,,,,,,,,,,,,,,,,,,,,,,,,,,,,,,,,,,,,,,,,,,,,,,,,,,,,,,,,,,,,,,,,,,,,,,,,,,,,,,,,,,,,,,,,,,,,,,,,,,,,,,,,,,,,,,,,,,,,,,,,,,,,,,,,,,,,,,,,,,,,,,,,,,,,,,,,,,,,,,,,,,,,,,,,,,,,,,,,,,,,,,,,,,,,,,,,,,,,,,,,,,,,,,,,,,,,,,,,,,,,,,,,,,,,,,,,,,,,,,,,,,,,,,,,,,,,,,,,,,,,,,,,,,,,,,,,,,,,,,,,,,,,,,,,,,,,,,,,,,,,,,,,,,,,,,,,,,,,,,,,,,,,,,,,,,,,,,,,,,,,,,,,,,,,,,,,,,,,,,,,,,,,,,,,,,,,,,,,,,,,,,,,,,,,,,,,,,,,,,,,,,,,,,,,,,,,,,,,,,,,,,,,,,,,,,,,,,,,,,,,,,,,,,,,,,,,,,,,,,,,,,,,,,,,,,,,,,,,,,,,,,,,,,,,,,,,,,,,,,,,,,,,,,,,,,,,,,,,,,,,,,,,,,,,,,,,,,,,,,,,,,,,,,,,,,,,,,,,,,,,,,,,,,,,,,,,,,,,,,,,,,,,,,,,,,,,,,,,,,,,,,,,,,,,,,,,,,,,,,,,,,,,,,,,,,,,,,,,,,,,,,,,,,,,,,,,,,,,,,,,,,,,,,,,,,,,,,,,,,,,,,,,,,,,,,,,,,,,,,,,,,,,,,,,,,,,,,,,,,,,,,,,,,,,,,,,,,,,,,,,,,,,,,,,,,,,,,,,,,,,,,,,,,,,,,,,,,,,,,,,,,,,,,,,,,,,,,,,,,,,,,,,,,,,,,,,,,,,,,,,,,,,,,,,,,,,,,,,,,,,,,,,,,,,,,,,,,,,,,,,,,,,,,,,,,,,,,,,,,,,,,,,,,,,,,,,,,,,,,,,,,,,,,,,,,,,,,,,,,,,,,,,,,,,,,,,,,,,,,,,,,,,,,,,,,,,,,,,,,,,,,,,,,,,,,,,,,,,,,,,,,,,,,,,,,,,,,,,,,,,,,,,,,,,,,,,,,,,,,,,,,,,,,,,,,,,,,,,,,,,,,,,,,,,,,,,,,,,,,,,,,,,,,,,,,,,,,,,,,,,,,,,,,,,,,,,,,,,,,,,,,,,,,,,,,,,,,,,,,,,,,,,,,,,,,,,,,,,,,,,,,,,,,,,,,,,,,,,,,,,,,,,,,,,,,,,,,,,,,,,,,,,,,,,,,,,,,,,,,,,,,,,,,,,,,,,,,,,,,,,,,,,,,,,,,,,,,,,,,,,,,,,,,,,,,,,,,,,,,,,,,,,,,,,,,,,,,,,,,,,,,,,,,,,,,,,,,,,,,,,,,,,,,,,,,,,,,,,,,,,,,,,,,,,,,,,,,,,,,,,,,,,,,,,,,,,,,,,,,,,,,,,,,,,,,,,,,,,,,,,,,,,,,,,,,,,,,,,,,,,,,,,,,,,,,,,,,,,,,,,,,,,,,,,,,,,,,,,,,,,,,,,,,,,,,,,,,,,,,,,,,,,,,,,,,,,,,,,,,,,,,,,,,,,,,,,,,,,,,,,,,,,,,,,,,,,,,,,,,,,,,,,,,,,,,,,,,,,,,,,,,,,,,,,,,,,,,,,,,,,,,,,,,,,,,,,,,,,,,,,,,,,,,,,,,,,,,,,,,,,,,,,,,,,,,,,,,,,,,,,,,,,,,,,,,,,,,,,,,,,,,,,,,,,,,,,,,,,,,,,,,,,,,,,,,,,,,,,,,,,,,,,,,,,,,,,,,,,,,,,,,,,,,,,,,,,,,,,,,,,,,,,,,,,,,,,,,,,,,,,,,,,,,,,,,,,,,,,,,,,,,,,,,,,,,,,,,,,,,,,,,,,,,,,,,,,,,,,,,,,,,,,,,,,,,,,,,,,,,,,,,,,,,,,,,,,,,,,,,,,,,,,,,,,,,,,,,,,,,,,,,,,,,,,,,,,,,,,,,,,,,,,,,,,,,,,,,,,,,,,,,,,,,,,,,,,,,,,,,,,,,,,,,,,,,,,,,,,,,,,,,,,,,,,,,,,,,,,,,,,,,,,,,,,,,,,,,,,,,,,,,,,,,,,,,,,,,,,,,,,,,,,,,,,,,,,,,,,,
3470,3279,2631,2325,2397,2358,2310,2268,2182,2268,2310,2358,2397,2325,2631,3279,3700,3464,2489,2281,2317,2373,2292,2312,2316,2364,2425,2396,2249,2337,2535,3482,4075,3854,2741,2308,2328,2331,2317,2356,2369,2341,2397,2351,2397,2417,2716,3853,4208,3986,2863,2475,2417,2260,2191,2326,2323,2327,2282,2345,2387,2466,2870,3986,4013,3787,2639,2448,2385,2127,2311,2238,2357,2272,2281,2383,2319,2402,2676,3792,3741,3521,2549,2403,2195,2174,2410,2456,2368,2156,2319,2397,2328,2316,2434,3513,3504,3276,2290,2261,2284,2389,2493,2448,2366,2263,2300,2329,2438,2319,2381,3284,3821,3597,2490,2271,2184,2397,2375,2352,2304,2136,2271,2334,2259,2233,2485,3595,4008,3781,2665,2402,2378,2370,2399,2256,2092,2158,2270,2365,2257,2485,2527,3781,3879,3657,2536,2392,2416,2402,2386,2226,2212,2091,2296,2377,2387,2344,2400,3655,3472,3244,2418,2302,2299,2180,2273,2310,2224,2189,2292,2248,2351,2419,2405,3242,3106,2901,2085,2129,2380,2308,2307,2293,2361,2378,2306,2397,2353,2213,2336,2868,3247,3148,2737,2367,2295,2308,2552,2691,2671,2590,2338,2246,2356,2381,2498,2978,3856,3645,3451,3204,3285,3436,3397,3500,3519,3585,2978,3231,3188,3236,3094,3635,4473,4198,3497,3780,3616,3957,4082,4024,4006,4041,3653,3786,3734,3749,3683,4277,4622,4448,4141,4003,3690,4100,4283,4307,4198,4162,3926,3960,3901,3799,4001,4424,4412,4322,4122,3853,3488,3918,4159,4211,4167,4054,3893,3834,3754,3666,3838,4148,4531,4288,3683,3231,3136,3535,3774,3888,3861,3638,3460,3326,3330,3489,3261,4305,4613,4391,3327,2950,2975,2981,3291,3478,3370,3078,3152,3029,3107,3197,3267,4384,4805,4587,3473,3126,2967,2828,2912,3045,3021,2917,2846,2872,2972,3108,3382,4580,4702,4483,3377,2925,2848,2869,2698,2794,2898,2551,2602,2773,2796,3023,3273,4474,4269,4050,3052,2879,2879,2839,2593,2731,2871,2836,2762,2822,2762,2740,2920,4042,3771,3508,2945,2571,2835,2806,2631,2780,2968,2974,2811,2764,2553,2454,2658,3534,3482,3180,2938,2598,2697,2642,2536,2716,2783,2769,2660,2687,2589,2585,2652,3323,3446,3220,2848,2591,2572,2542,2540,2503,2735,2644,2641,2763,2712,2678,2664,3233,3646,3425,2738,2540,2452,2373,2487,2400,2628,2297,2460,2570,2572,2413,2513,3412,3648,3417,2696,2620,2534,2404,2510,2640,2619,2573,2536,2473,2462,2333,2537,3420,3249,3234,2821,2784,2724,2655,2589,2668,2783,2831,2920,2698,2577,2681,2717,2988,3247,3147,2703,2806,2762,2803,2804,2675,2868,2980,3029,2734,2755,2851,2552,2943,2823,2787,2901,2765,2591,2727,2795,2810,2787,2858,2911,2742,2736,2759,2387,2544,2744,2786,2973,2785,2677,2598,2606,2727,2709,2721,2826,2773,2628,2551,2438,2731,2674,2853,2996,2785,2665,2535,2465,2649,2723,2758,2787,2625,2561,2422,2400,2788,2885,2976,2880,2696,2526,2507,2464,2542,2733,2761,2704,2443,2556,2609,2438,2678,2901,2773,2712,2654,2514,2409,2553,2689,2699,2666,2527,2493,2648,2664,2534,2640,2906,2651,2589,2463,2381,2353,2515,2563,2614,2647,2359,2459,2469,2431,2449,2728,3122,2828,2721,2501,2336,2258,2468,2493,2530,2678,2492,2407,2229,2365,2478,2918,3415,3128,2776,2482,2511,2342,2382,2543,2391,2647,2631,2389,2291,2288,2436,3202,3450,3208,2851,2460,2576,2498,2382,2572,2388,2472,2494,2489,2475,2355,2384,3235,3197,3036,3022,2665,2342,2354,2289,2410,2501,2686,2717,2488,2376,2432,2399,2960,2706,2905,2974,2727,2484,2433,2372,2453,2556,2627,2755,2514,2416,2394,2483,2630,2824,2832,2893,2595,2476,2412,2513,2340,2464,2628,2526,2476,2439,2452,2406,2656,2940,2739,2632,2514,2500,2493,2577,2497,2211,2425,2220,2293,2329,2349,2318,2711,2976,2700,2535,2489,2384,2406,2444,2283,2301,2483,2348,2321,2345,2309,2438,2746,2781,2646,2272,2414,2253,2501,2296,2270,2382,2429,2419,2474,2427,2383,2444,2622,2614,2445,2447,2304,2383,2488,2407,2349,2512,2487,2467,2499,2438,2422,2361,2576,2495,2520,2701,2414,2384,2331,2327,2403,2417,2417,2331,2386,2428,2355,2341,2494,2557,2557,2651,2494,2321,2417,2382,2435,2462,2423,2357,2340,2303,2416,2445,2371,2597,2566,2544,2445,2253,2357,2351,2442,2415,2386,2286,2294,2284,2361,2430,2443,2785,2549,2440,2395,2320,2438,2275,2318,2458,2310,2239,2212,2328,2330,2409,2632,2695,2527,2454,2426,2344,2344,2351,2454,2384,2286,2289,2318,2413,2386,2355,2591,2612,2464,2347,2440,2402,2314,2485,2628,2600,2443,2393,2375,2358,2347,2252,2500,2791,2596,2416,2377,2455,2353,2473,2586,2555,2481,2361,2281,2307,2325,2163,2570,2977,2786,2584,2394,2236,2263,2386,2338,2407,2296,2291,2247,2296,2272,2347,2771,2915,2743,2495,2411,2268,2249,2343,2448,2409,2515,2409,2292,2280,2381,2414,2786,2886,2634,2311,2338,2348,2282,2318,2468,2439,2427,2496,2349,2362,2400,2377,2675,2758,2579,2524,2410,2290,2350,2342,2267,2341,2464,2403,2343,2325,2431,2399,2490,2571,2444,2499,2249,2335,2234,2399,2344,2313,2315,2363,2337,2387,2402,2350,2444,2590,2524,2387,2319,2375,2359,2257,2246,2306,2325,2306,2352,2387,2306,2393,2499,2603,2513,2337,2328,2354,2398,2254,2396,2450,2330,2339,2445,2474,2368,2302,2427,2797,2650,2400,2307,2230,2423,2353,2390,2405,2336,2349,2418,2419,2298,2241,2579,2830,2683,2398,2294,2171,2294,2266,2381,2434,2307,2144,2331,2446,2271,2174,2603,2713,2477,2448,2447,2360,2323,2269,2383,2402,2346,2179,2258,2319,2062,2285,2600,2569,2449,2389,2316,2271,2353,2204,2283,2432,2299,2364,2405,2335,2381,2373,2392,3332,3129,2277,2283,2380,2343,2400,2392,2457,2463,2442,2427,2274,2479,2452,3088,3834,3621,2648,2293,2482,2466,2469,2358,2481,2616,2540,2451,2441,2423,2551,3613,4079,3837,2972,2607,2673,2652,2418,2927,3049,2782,2721,2667,2794,2484,2857,3867,4113,3887,2965,2724,2721,2827,2666,3101,3222,3017,2900,2877,2879,2573,2967,3897,4109,3879,2722,2672,2592,2695,2576,2963,3060,2956,2809,2742,2635,2574,2889,3890,4146,3918,2755,2548,2539,2424,2201,2565,2724,2684,2540,2585,2619,2498,2921,3925,3751,3521,2563,2414,2609,2551,2189,2390,2545,2486,2448,2509,2658,2507,2555,3526,3293,3086,2450,2279,2369,2426,2407,2336,2295,2418,2392,2376,2530,2482,2348,3064,3098,2880,2434,2193,2210,2357,2401,2428,2435,2260,2304,2315,2422,2348,2457,2868,2702,2504,2162,2125,2197,2265,2290,2337,2413,2445,2384,2343,2326,2362,2390,2622,2905,2739,2249,2218,2040,2173,2419,2455,2484,2526,2303,2356,2317,2327,2241,2698,2811,2659,2257,2317,2093,2311,2410,2489,2494,2301,2218,2180,2133,2320,2318,2580,2707,2531,2378,2419,2362,2357,2398,2425,2433,2156,2119,2264,2318,2365,2276,2548,2755,2542,2461,2342,2332,2283,2373,2350,2420,2238,2271,2219,2311,2264,2209,2547,2960,2805,2426,2243,2359,2278,2408,2296,2450,2399,2411,2259,2265,2292,2352,2711,2986,2781,2347,2480,2549,2514,2600,2676,2793,2739,2489,2381,2180,2337,2326,2764,2884,2860,2652,2604,2610,2595,2579,2728,2859,2832,2585,2526,2394,2480,2586,2720,3074,2802,2562,2532,2466,2553,2567,2561,2721,2742,2585,2530,2488,2443,2559,2929,3377,3140,2633,2583,2419,2423,2387,2402,2663,2657,2430,2355,2395,2401,2406,3184,3367,3193,2648,2535,2262,2161,2314,2325,2443,2465,2235,2306,2381,2420,2488,3079,3181,2991,2513,2319,2368,2273,2390,2517,2574,2578,2243,2196,2284,2416,2366,2955,3040,2827,2551,2484,2331,2360,2555,2693,2745,2712,2383,2374,2363,2555,2557,2894,2987,2771,2656,2417,2262,2347,2472,2668,2705,2643,2496,2479,2370,2475,2559,2871,2758,2732,2728,2335,2417,2244,2182,2320,2513,2412,2444,2519,2476,2438,2459,2700,2957,2811,2720,2340,2434,2291,2064,2305,2394,2453,2425,2403,2419,2444,2353,2743,2946,2963,2856,2559,2428,2267,2139,2081,2241,2464,2407,2292,2320,2343,2415,2691,2928,2861,2918,2652,2308,2277,2400,2401,2433,2492,2538,2356,2341,2310,2509,2653,2882,2784,2714,2468,2245,2309,2383,2342,2495,2505,2504,2363,2286,2385,2426,2643,2813,2664,2640,2453,2341,2373,2220,2339,2406,2421,2407,2463,2458,2471,2304,2573,2666,2592,2483,2392,2361,2211,2256,2383,2386,2352,2339,2416,2336,2342,2362,2393,2573,2505,2443,2360,2365,2371,2324,2332,2322,2411,2421,2461,2412,2329,2401,2486,2607,2388,2499,2354,2353,2310,2364,2336,2240,2420,2324,2393,2307,2329,2254,2530,2575,2578,2661,2516,2433,2348,2381,2269,2177,2286,2356,2370,2297,2364,2366,2556,2720,2691,2488,2503,2449,2262,2314,2340,2478,2404,2376,2348,2397,2361,2335,2533,2659,2701,2614,2341,2345,2320,2325,2373,2438,2367,2402,2266,2347,2423,2431,2490,2802,2742,2627,2442,2394,2407,2313,2356,2305,2274,2395,2393,2238,2225,2326,2546,2843,2734,2492,2271,2266,2263,2370,2272,2191,2273,2363,2355,2345,2252,2109,2597,3035,2777,2287,2302,2309,2267,2215,2286,2109,2419,2362,2219,2356,2372,2217,2824,3114,2872,2349,2409,2454,2318,2288,2290,2115,2372,2412,2367,2321,2254,2364,2870,3134,2833,2363,2347,2415,2341,2391,2418,2295,2325,2259,2217,2116,2367,2318,2917,2889,2720,2355,2406,2388,2348,2376,2340,2174,2300,2160,2159,2351,2423,2351,2686,2931,2723,2229,2316,2231,2289,2300,2334,2319,2252,2195,2324,2308,2291,2322,2692,2906,2685,2355,2366,2169,2357,2401,2455,2318,2277,2310,2335,2267,2380,2336,2560,2690,2396,2347,2370,2332,2284,2320,2292,2247,2273,2274,2436,2365,2370,2317,2463,3124,2887,2224,2215,2358,2348,2223,2339,2338,2400,2357,2427,2449,2396,2333,2886,3569,3348,2333,2233,2302,2272,2313,2213,2333,2411,2414,2254,2322,2269,2315,3347,3626,3411,2450,2352,2327,2280,2205,2291,2356,2399,2390,2300,2421,2399,2396,3402,3409,3189,2395,2283,2223,2399,2249,2282,2405,2394,2427,2299,2201,2333,2455,3191,3108,2889,2248,2266,2274,2402,2381,2466,2481,2444,2450,2293,2353,2257,2393,2891,3180,2964,2261,2190,2377,2348,2462,2387,2372,2273,2347,2310,2299,2258,2284,2960,3490,3259,2469,2201,2356,2405,2437,2373,2396,2434,2389,2328,2357,2426,2345,3266,3868,3645,2601,2373,2213,2334,2422,2715,2963,2876,2397,2160,2246,2424,2624,3652,4047,3826,2667,2455,2379,2212,2421,2899,3159,3076,2391,2244,2241,2388,2719,3831,3953,3728,2579,2339,2262,2341,2251,2651,2964,2884,2512,2322,2222,2409,2594,3725,3614,3389,2457,2380,2246,2212,2242,2271,2485,2471,2330,2277,2306,2377,2434,3383,3076,2843,2352,2250,2192,2242,2115,2408,2498,2474,2297,2106,2379,2359,2168,2849,3352,3116,2075,2295,2219,2286,2267,2496,2523,2435,2336,2205,2284,2182,2255,3149,3496,3271,2340,2260,2124,2231,2223,2387,2450,2364,2241,2180,2258,2045,2286,3281,3336,3125,2344,2212,2199,2231,2215,2185,2110,2198,2177,2239,2234,2143,2288,3116,3087,2870,2215,2128,2282,2349,2277,2144,2082,2131,2226,2067,2192,2144,2177,2849,2887,2664,2170,2267,2182,2104,2159,2184,2125,2121,2094,2106,2175,2188,2122,2620,2614,2440,2175,2240,2138,2189,2077,2156,2029,2198,2172,2210,2148,2111,2083,2283,2344,2224,2095,2092,2026,2094,2096,2061,1922,2056,1982,2058,2102,2099,2145,2250,2272,2081,2021,2057,2021,2114,2120,1994,2062,2076,2045,1896,1947,1949,2108,2179,2359,2184,2110,2111,2065,2035,2059,1952,1873,2001,2043,1759,1866,1977,2100,2194
,,,,,,,,,,,,,,,,,,,,,,,,,,,,,,,,,,,,,,,,,,,,,,,,,,,,,,,,,,,,,,,,,,,,,,,,,,,,,,,,,,,,,,,,,,,,,,,,,,,,,,,,,,,,,,,,,,,,,,,,,,,,,,,,,,,,,,,,,,,,,,,,,,,,,,,,,,,,,,,,,,,,,,,,,,,,,,,,,,,,,,,,,,,,,,,,,,,,,,,,,,,,,,,,,,,,,,,,,,,,,,,,,,,,,,,,,,,,,,,,,,,,,,,,,,,,,,,,,,,,,,,,,,,,,,,,,,,,,,,,,,,,,,,,,,,,,,,,,,,,,,,,,,,,,,,,,,,,,,,,,,,,,,,,,,,,,,,,,,,,,,,,,,,,,,,,,,,,,,,,,,,,,,,,,,,,,,,,,,,,,,,,,,,,,,,,,,,,,,,,,,,,,,,,,,,,,,,,,,,,,,,,,,,,,,,,,,,,,,,,,,,,,,,,,,,,,,,,,,,,,,,,,,,,,,,,,,,,,,,,,,,,,,,,,,,,,,,,,,,,,,,,,,,,,,,,,,,,,,,,,,,,,,,,,,,,,,,,,,,,,,,,,,,,,,,,,,,,,,,,,,,,,,,,,,,,,,,,,,,,,,,,,,,,,,,,,,,,,,,,,,,,,,,,,,,,,,,,,,,,,,,,,,,,,,,,,,,,,,,,,,,,,,,,,,,,,,,,,,,,,,,,,,,,,,,,,,,,,,,,,,,,,,,,,,,,,,,,,,,,,,,,,,,,,,,,,,,,,,,,,,,,,,,,,,,,,,,,,,,,,,,,,,,,,,,,,,,,,,,,,,,,,,,,,,,,,,,,,,,,,,,,,,,,,,,,,,,,,,,,,,,,,,,,,,,,,,,,,,,,,,,,,,,,,,,,,,,,,,,,,,,,,,,,,,,,,,,,,,,,,,,,,,,,,,,,,,,,,,,,,,,,,,,,,,,,,,,,,,,,,,,,,,,,,,,,,,,,,,,,,,,,,,,,,,,,,,,,,,,,,,,,,,,,,,,,,,,,,,,,,,,,,,,,,,,,,,,,,,,,,,,,,,,,,,,,,,,,,,,,,,,,,,,,,,,,,,,,,,,,,,,,,,,,,,,,,,,,,,,,,,,,,,,,,,,,,,,,,,,,,,,,,,,,,,,,,,,,,,,,,,,,,,,,,,,,,,,,,,,,,,,,,,,,,,,,,,,,,,,,,,,,,,,,,,,,,,,,,,,,,,,,,,,,,,,,,,,,,,,,,,,,,,,,,,,,,,,,,,,,,,,,,,,,,,,,,,,,,,,,,,,,,,,,,,,,,,,,,,,,,,,,,,,,,,,,,,,,,,,,,,,,,,,,,,,,,,,,,,,,,,,,,,,,,,,,,,,,,,,,,,,,,,,,,,,,,,,,,,,,,,,,,,,,,,,,,,,,,,,,,,,,,,,,,,,,,,,,,,,,,,,,,,,,,,,,,,,,,,,,,,,,,,,,,,,,,,,,,,,,,,,,,,,,,,,,,,,,,,,,,,,,,,,,,,,,,,,,,,,,,,,,,,,,,,,,,,,,,,,,,,,,,,,,,,,,,,,,,,,,,,,,,,,,,,,,,,,,,,,,,,,,,,,,,,,,,,,,,,,,,,,,,,,,,,,,,,,,,,,,,,,,,,,,,,,,,,,,,,,,,,,,,,,,,,,,,,,,,,,,,,,,,,,,,,,,,,,,,,,,,,,,,,,,,,,,,,,,,,,,,,,,,,,,,,,,,,,,,,,,,,,,,,,,,,,,,,,,,,,,,,,,,,,,,,,,,,,,,,,,,,,,,,,,,,,,,,,,,,,,,,,,,,,,,,,,,,,,,,,,,,,,,,,,,,,,,,,,,,,,,,,,,,,,,,,,,,,,,,,,,,,,,,,,,,,,,,,,,,,,,,,,,,,,,,,,,,,,,,,,,,,,,,,,,,,,,,,,,,,,,,,,,,,,,,,,,,,,,,,,,,,,,,,,,,,,,,,,,,,,,,,,,,,,,,,,,,,,,,,,,,,,,,,,,,,,,,,,,,,,,,,,,,,,,,,,,,,,,,,,,,,,,,,,,,,,,,,,,,,,,,,,,,,,,,,,,,,,,,,,,,,,,,,,,,,,,,,,,,,,,,,,,,,,,,,,,,,,,,,,,,,,,,,,,,,,,,,,,,,,,,,,,,,,,,,,,,,,,,,,,,,,,,,,,,,,,,,,,,,,,,,,,,,
,,,,,,,,,,,,,,,,,,,,,,,,,,,,,,,,,,,,,,,,,,,,,,,,,,,,,,,,,,,,,,,,,,,,,,,,,,,,,,,,,,,,,,,,,,,,,,,,,,,,,,,,,,,,,,,,,,,,,,,,,,,,,,,,,,,,,,,,,,,,,,,,,,,,,,,,,,,,,,,,,,,,,,,,,,,,,,,,,,,,,,,,,,,,,,,,,,,,,,,,,,,,,,,,,,,,,,,,,,,,,,,,,,,,,,,,,,,,,,,,,,,,,,,,,,,,,,,,,,,,,,,,,,,,,,,,,,,,,,,,,,,,,,,,,,,,,,,,,,,,,,,,,,,,,,,,,,,,,,,,,,,,,,,,,,,,,,,,,,,,,,,,,,,,,,,,,,,,,,,,,,,,,,,,,,,,,,,,,,,,,,,,,,,,,,,,,,,,,,,,,,,,,,,,,,,,,,,,,,,,,,,,,,,,,,,,,,,,,,,,,,,,,,,,,,,,,,,,,,,,,,,,,,,,,,,,,,,,,,,,,,,,,,,,,,,,,,,,,,,,,,,,,,,,,,,,,,,,,,,,,,,,,,,,,,,,,,,,,,,,,,,,,,,,,,,,,,,,,,,,,,,,,,,,,,,,,,,,,,,,,,,,,,,,,,,,,,,,,,,,,,,,,,,,,,,,,,,,,,,,,,,,,,,,,,,,,,,,,,,,,,,,,,,,,,,,,,,,,,,,,,,,,,,,,,,,,,,,,,,,,,,,,,,,,,,,,,,,,,,,,,,,,,,,,,,,,,,,,,,,,,,,,,,,,,,,,,,,,,,,,,,,,,,,,,,,,,,,,,,,,,,,,,,,,,,,,,,,,,,,,,,,,,,,,,,,,,,,,,,,,,,,,,,,,,,,,,,,,,,,,,,,,,,,,,,,,,,,,,,,,,,,,,,,,,,,,,,,,,,,,,,,,,,,,,,,,,,,,,,,,,,,,,,,,,,,,,,,,,,,,,,,,,,,,,,,,,,,,,,,,,,,,,,,,,,,,,,,,,,,,,,,,,,,,,,,,,,,,,,,,,,,,,,,,,,,,,,,,,,,,,,,,,,,,,,,,,,,,,,,,,,,,,,,,,,,,,,,,,,,,,,,,,,,,,,,,,,,,,,,,,,,,,,,,,,,,,,,,,,,,,,,,,,,,,,,,,,,,,,,,,,,,,,,,,,,,,,,,,,,,,,,,,,,,,,,,,,,,,,,,,,,,,,,,,,,,,,,,,,,,,,,,,,,,,,,,,,,,,,,,,,,,,,,,,,,,,,,,,,,,,,,,,,,,,,,,,,,,,,,,,,,,,,,,,,,,,,,,,,,,,,,,,,,,,,,,,,,,,,,,,,,,,,,,,,,,,,,,,,,,,,,,,,,,,,,,,,,,,,,,,,,,,,,,,,,,,,,,,,,,,,,,,,,,,,,,,,,,,,,,,,,,,,,,,,,,,,,,,,,,,,,,,,,,,,,,,,,,,,,,,,,,,,,,,,,,,,,,,,,,,,,,,,,,,,,,,,,,,,,,,,,,,,,,,,,,,,,,,,,,,,,,,,,,,,,,,,,,,,,,,,,,,,,,,,,,,,,,,,,,,,,,,,,,,,,,,,,,,,,,,,,,,,,,,,,,,,,,,,,,,,,,,,,,,,,,,,,,,,,,,,,,,,,,,,,,,,,,,,,,,,,,,,,,,,,,,,,,,,,,,,,,,,,,,,,,,,,,,,,,,,,,,,,,,,,,,,,,,,,,,,,,,,,,,,,,,,,,,,,,,,,,,,,,,,,,,,,,,,,,,,,,,,,,,,,,,,,,,,,,,,,,,,,,,,,,,,,,,,,,,,,,,,,,,,,,,,,,,,,,,,,,,,,,,,,,,,,,,,,,,,,,,,,,,,,,,,,,,,,,,,,,,,,,,,,,,,,,,,,,,,,,,,,,,,,,,,,,,,,,,,,,,,,,,,,,,,,,,,,,,,,,,,,,,,,,,,,,,,,,,,,,,,,,,,,,,,,,,,,,,,,,,,,,,,,,,,,,,,,,,,,,,,,,,,,,,,,,,,,,,,,,,,,,,,,,,,,,,,,,,,,,,,,,,,,,,,,,,,,,,,,,,,,,,,,,,,,,,,,,,,,,,,,,,,,,,,,,,,,,,,,,,,,,,,,,,,,,,,,,,,,,,,,,,,,,,,,,,,,,,,,,,,,,,,,,,,,,,,,,,,,,,,,,,,,,,,,,,,,,,,,,,,
,,,,,,,,,,,,,,,,,,,,,,,,,,,,,,,,,,,,,,,,,,,,,,,,,,,,,,,,,,,,,,,,,,,,,,,,,,,,,,,,,,,,,,,,,,,,,,,,,,,,,,,,,,,,,,,,,,,,,,,,,,,,,,,,,,,,,,,,,,,,,,,,,,,,,,,,,,,,,,,,,,,,,,,,,,,,,,,,,,,,,,,,,,,,,,,,,,,,,,,,,,,,,,,,,,,,,,,,,,,,,,,,,,,,,,,,,,,,,,,,,,,,,,,,,,,,,,,,,,,,,,,,,,,,,,,,,,,,,,,,,,,,,,,,,,,,,,,,,,,,,,,,,,,,,,,,,,,,,,,,,,,,,,,,,,,,,,,,,,,,,,,,,,,,,,,,,,,,,,,,,,,,,,,,,,,,,,,,,,,,,,,,,,,,,,,,,,,,,,,,,,,,,,,,,,,,,,,,,,,,,,,,,,,,,,,,,,,,,,,,,,,,,,,,,,,,,,,,,,,,,,,,,,,,,,,,,,,,,,,,,,,,,,,,,,,,,,,,,,,,,,,,,,,,,,,,,,,,,,,,,,,,,,,,,,,,,,,,,,,,,,,,,,,,,,,,,,,,,,,,,,,,,,,,,,,,,,,,,,,,,,,,,,,,,,,,,,,,,,,,,,,,,,,,,,,,,,,,,,,,,,,,,,,,,,,,,,,,,,,,,,,,,,,,,,,,,,,,,,,,,,,,,,,,,,,,,,,,,,,,,,,,,,,,,,,,,,,,,,,,,,,,,,,,,,,,,,,,,,,,,,,,,,,,,,,,,,,,,,,,,,,,,,,,,,,,,,,,,,,,,,,,,,,,,,,,,,,,,,,,,,,,,,,,,,,,,,,,,,,,,,,,,,,,,,,,,,,,,,,,,,,,,,,,,,,,,,,,,,,,,,,,,,,,,,,,,,,,,,,,,,,,,,,,,,,,,,,,,,,,,,,,,,,,,,,,,,,,,,,,,,,,,,,,,,,,,,,,,,,,,,,,,,,,,,,,,,,,,,,,,,,,,,,,,,,,,,,,,,,,,,,,,,,,,,,,,,,,,,,,,,,,,,,,,,,,,,,,,,,,,,,,,,,,,,,,,,,,,,,,,,,,,,,,,,,,,,,,,,,,,,,,,,,,,,,,,,,,,,,,,,,,,,,,,,,,,,,,,,,,,,,,,,,,,,,,,,,,,,,,,,,,,,,,,,,,,,,,,,,,,,,,,,,,,,,,,,,,,,,,,,,,,,,,,,,,,,,,,,,,,,,,,,,,,,,,,,,,,,,,,,,,,,,,,,,,,,,,,,,,,,,,,,,,,,,,,,,,,,,,,,,,,,,,,,,,,,,,,,,,,,,,,,,,,,,,,,,,,,,,,,,,,,,,,,,,,,,,,,,,,,,,,,,,,,,,,,,,,,,,,,,,,,,,,,,,,,,,,,,,,,,,,,,,,,,,,,,,,,,,,,,,,,,,,,,,,,,,,,,,,,,,,,,,,,,,,,,,,,,,,,,,,,,,,,,,,,,,,,,,,,,,,,,,,,,,,,,,,,,,,,,,,,,,,,,,,,,,,,,,,,,,,,,,,,,,,,,,,,,,,,,,,,,,,,,,,,,,,,,,,,,,,,,,,,,,,,,,,,,,,,,,,,,,,,,,,,,,,,,,,,,,,,,,,,,,,,,,,,,,,,,,,,,,,,,,,,,,,,,,,,,,,,,,,,,,,,,,,,,,,,,,,,,,,,,,,,,,,,,,,,,,,,,,,,,,,,,,,,,,,,,,,,,,,,,,,,,,,,,,,,,,,,,,,,,,,,,,,,,,,,,,,,,,,,,,,,,,,,,,,,,,,,,,,,,,,,,,,,,,,,,,,,,,,,,,,,,,,,,,,,,,,,,,,,,,,,,,,,,,,,,,,,,,,,,,,,,,,,,,,,,,,,,,,,,,,,,,,,,,,,,,,,,,,,,,,,,,,,,,,,,,,,,,,,,,,,,,,,,,,,,,,,,,,,,,,,,,,,,,,,,,,,,,,,,,,,,,,,,,,,,,,,,,,,,,,,,,,,,,,,,,,,,,,,,,,,,,,,,,,,,,,,,,,,,,,,,,,,,,,,,,,,,,,,,,,,,,,,,,,,,,,,,,,,,,,,,,,,,,,,,,,,,,,,,,,,,,,,,,,,,,,,,,,,,,,,,,,,,,,,,,,,,,,,,,,,,,,,,,,,,,,,,,,,,,,,,,,,,,,,,,,,,
,,,,,,,,,,,,,,,,,,,,,,,,,,,,,,,,,,,,,,,,,,,,,,,,,,,,,,,,,,,,,,,,,,,,,,,,,,,,,,,,,,,,,,,,,,,,,,,,,,,,,,,,,,,,,,,,,,,,,,,,,,,,,,,,,,,,,,,,,,,,,,,,,,,,,,,,,,,,,,,,,,,,,,,,,,,,,,,,,,,,,,,,,,,,,,,,,,,,,,,,,,,,,,,,,,,,,,,,,,,,,,,,,,,,,,,,,,,,,,,,,,,,,,,,,,,,,,,,,,,,,,,,,,,,,,,,,,,,,,,,,,,,,,,,,,,,,,,,,,,,,,,,,,,,,,,,,,,,,,,,,,,,,,,,,,,,,,,,,,,,,,,,,,,,,,,,,,,,,,,,,,,,,,,,,,,,,,,,,,,,,,,,,,,,,,,,,,,,,,,,,,,,,,,,,,,,,,,,,,,,,,,,,,,,,,,,,,,,,,,,,,,,,,,,,,,,,,,,,,,,,,,,,,,,,,,,,,,,,,,,,,,,,,,,,,,,,,,,,,,,,,,,,,,,,,,,,,,,,,,,,,,,,,,,,,,,,,,,,,,,,,,,,,,,,,,,,,,,,,,,,,,,,,,,,,,,,,,,,,,,,,,,,,,,,,,,,,,,,,,,,,,,,,,,,,,,,,,,,,,,,,,,,,,,,,,,,,,,,,,,,,,,,,,,,,,,,,,,,,,,,,,,,,,,,,,,,,,,,,,,,,,,,,,,,,,,,,,,,,,,,,,,,,,,,,,,,,,,,,,,,,,,,,,,,,,,,,,,,,,,,,,,,,,,,,,,,,,,,,,,,,,,,,,,,,,,,,,,,,,,,,,,,,,,,,,,,,,,,,,,,,,,,,,,,,,,,,,,,,,,,,,,,,,,,,,,,,,,,,,,,,,,,,,,,,,,,,,,,,,,,,,,,,,,,,,,,,,,,,,,,,,,,,,,,,,,,,,,,,,,,,,,,,,,,,,,,,,,,,,,,,,,,,,,,,,,,,,,,,,,,,,,,,,,,,,,,,,,,,,,,,,,,,,,,,,,,,,,,,,,,,,,,,,,,,,,,,,,,,,,,,,,,,,,,,,,,,,,,,,,,,,,,,,,,,,,,,,,,,,,,,,,,,,,,,,,,,,,,,,,,,,,,,,,,,,,,,,,,,,,,,,,,,,,,,,,,,,,,,,,,,,,,,,,,,,,,,,,,,,,,,,,,,,,,,,,,,,,,,,,,,,,,,,,,,,,,,,,,,,,,,,,,,,,,,,,,,,,,,,,,,,,,,,,,,,,,,,,,,,,,,,,,,,,,,,,,,,,,,,,,,,,,,,,,,,,,,,,,,,,,,,,,,,,,,,,,,,,,,,,,,,,,,,,,,,,,,,,,,,,,,,,,,,,,,,,,,,,,,,,,,,,,,,,,,,,,,,,,,,,,,,,,,,,,,,,,,,,,,,,,,,,,,,,,,,,,,,,,,,,,,,,,,,,,,,,,,,,,,,,,,,,,,,,,,,,,,,,,,,,,,,,,,,,,,,,,,,,,,,,,,,,,,,,,,,,,,,,,,,,,,,,,,,,,,,,,,,,,,,,,,,,,,,,,,,,,,,,,,,,,,,,,,,,,,,,,,,,,,,,,,,,,,,,,,,,,,,,,,,,,,,,,,,,,,,,,,,,,,,,,,,,,,,,,,,,,,,,,,,,,,,,,,,,,,,,,,,,,,,,,,,,,,,,,,,,,,,,,,,,,,,,,,,,,,,,,,,,,,,,,,,,,,,,,,,,,,,,,,,,,,,,,,,,,,,,,,,,,,,,,,,,,,,,,,,,,,,,,,,,,,,,,,,,,,,,,,,,,,,,,,,,,,,,,,,,,,,,,,,,,,,,,,,,,,,,,,,,,,,,,,,,,,,,,,,,,,,,,,,,,,,,,,,,,,,,,,,,,,,,,,,,,,,,,,,,,,,,,,,,,,,,,,,,,,,,,,,,,,,,,,,,,,,,,,,,,,,,,,,,,,,,,,,,,,,,,,,,,,,,,,,,,,,,,,,,,,,,,,,,,,,,,,,,,,,,,,,,,,,,,,,,,,,,,,,,,,,,,,,,,,,,,,,,,,,,,,,,,,,,,,,,,,,,,,,,,,,,,,,,,,,,,,,,,,,,,,,,,,,,,,,,,,,,,,,,,,,,,,,,,,,,,,,,,,,,,,,,,,,,,,,,,,,,,,,,,,,,,,,,,,,,,,,
,,,,,,,,,,,,,,,,,,,,,,,,,,,,,,,,,,,,,,,,,,,,,,,,,,,,,,,,,,,,,,,,,,,,,,,,,,,,,,,,,,,,,,,,,,,,,,,,,,,,,,,,,,,,,,,,,,,,,,,,,,,,,,,,,,,,,,,,,,,,,,,,,,,,,,,,,,,,,,,,,,,,,,,,,,,,,,,,,,,,,,,,,,,,,,,,,,,,,,,,,,,,,,,,,,,,,,,,,,,,,,,,,,,,,,,,,,,,,,,,,,,,,,,,,,,,,,,,,,,,,,,,,,,,,,,,,,,,,,,,,,,,,,,,,,,,,,,,,,,,,,,,,,,,,,,,,,,,,,,,,,,,,,,,,,,,,,,,,,,,,,,,,,,,,,,,,,,,,,,,,,,,,,,,,,,,,,,,,,,,,,,,,,,,,,,,,,,,,,,,,,,,,,,,,,,,,,,,,,,,,,,,,,,,,,,,,,,,,,,,,,,,,,,,,,,,,,,,,,,,,,,,,,,,,,,,,,,,,,,,,,,,,,,,,,,,,,,,,,,,,,,,,,,,,,,,,,,,,,,,,,,,,,,,,,,,,,,,,,,,,,,,,,,,,,,,,,,,,,,,,,,,,,,,,,,,,,,,,,,,,,,,,,,,,,,,,,,,,,,,,,,,,,,,,,,,,,,,,,,,,,,,,,,,,,,,,,,,,,,,,,,,,,,,,,,,,,,,,,,,,,,,,,,,,,,,,,,,,,,,,,,,,,,,,,,,,,,,,,,,,,,,,,,,,,,,,,,,,,,,,,,,,,,,,,,,,,,,,,,,,,,,,,,,,,,,,,,,,,,,,,,,,,,,,,,,,,,,,,,,,,,,,,,,,,,,,,,,,,,,,,,,,,,,,,,,,,,,,,,,,,,,,,,,,,,,,,,,,,,,,,,,,,,,,,,,,,,,,,,,,,,,,,,,,,,,,,,,,,,,,,,,,,,,,,,,,,,,,,,,,,,,,,,,,,,,,,,,,,,,,,,,,,,,,,,,,,,,,,,,,,,,,,,,,,,,,,,,,,,,,,,,,,,,,,,,,,,,,,,,,,,,,,,,,,,,,,,,,,,,,,,,,,,,,,,,,,,,,,,,,,,,,,,,,,,,,,,,,,,,,,,,,,,,,,,,,,,,,,,,,,,,,,,,,,,,,,,,,,,,,,,,,,,,,,,,,,,,,,,,,,,,,,,,,,,,,,,,,,,,,,,,,,,,,,,,,,,,,,,,,,,,,,,,,,,,,,,,,,,,,,,,,,,,,,,,,,,,,,,,,,,,,,,,,,,,,,,,,,,,,,,,,,,,,,,,,,,,,,,,,,,,,,,,,,,,,,,,,,,,,,,,,,,,,,,,,,,,,,,,,,,,,,,,,,,,,,,,,,,,,,,,,,,,,,,,,,,,,,,,,,,,,,,,,,,,,,,,,,,,,,,,,,,,,,,,,,,,,,,,,,,,,,,,,,,,,,,,,,,,,,,,,,,,,,,,,,,,,,,,,,,,,,,,,,,,,,,,,,,,,,,,,,,,,,,,,,,,,,,,,,,,,,,,,,,,,,,,,,,,,,,,,,,,,,,,,,,,,,,,,,,,,,,,,,,,,,,,,,,,,,,,,,,,,,,,,,,,,,,,,,,,,,,,,,,,,,,,,,,,,,,,,,,,,,,,,,,,,,,,,,,,,,,,,,,,,,,,,,,,,,,,,,,,,,,,,,,,,,,,,,,,,,,,,,,,,,,,,,,,,,,,,,,,,,,,,,,,,,,,,,,,,,,,,,,,,,,,,,,,,,,,,,,,,,,,,,,,,,,,,,,,,,,,,,,,,,,,,,,,,,,,,,,,,,,,,,,,,,,,,,,,,,,,,,,,,,,,,,,,,,,,,,,,,,,,,,,,,,,,,,,,,,,,,,,,,,,,,,,,,,,,,,,,,,,,,,,,,,,,,,,,,,,,,,,,,,,,,,,,,,,,,,,,,,,,,,,,,,,,,,,,,,,,,,,,,,,,,,,,,,,,,,,,,,,,,,,,,,,,,,,,,,,,,,,,,,,,,,,,,,,,,,,,,,,,,,,,,,,,,,,,,,,,,,,,,,,,,,,,,,,,,,,,,,,,,,,,,,,,,,,,,,,,,,,,,,,,,,,,,,,,,,,,,,,,,,,,,,,,,,,,,,,,,,,,,,,,,,,,,,,,,,,,,,,,,,,,,,,,,,,,,,,,,,,,,,,,,,,,,,,,,,,
3403,3186,2610,2545,2551,2469,2322,2287,2086,2287,2322,2469,2551,2545,2610,3186,3692,3457,2482,2455,2419,2355,2361,2351,2263,2451,2404,2381,2262,2423,2457,3478,4074,3854,2734,2400,2288,2317,2315,2309,2309,2519,2397,2316,2367,2323,2731,3854,4208,3985,2875,2400,2433,2225,2322,2307,2379,2479,2236,2236,2454,2369,2887,3986,4016,3793,2707,2313,2398,2356,2299,2419,2386,2461,2263,2254,2370,2337,2733,3797,3742,3511,2391,2326,2282,2294,2183,2357,2306,2401,2334,2369,2312,2295,2595,3525,3501,3285,2438,2442,2356,2310,2210,2096,2264,2221,2355,2385,2337,2300,2437,3263,3823,3601,2547,2421,2307,2265,2362,2212,2202,2249,2329,2409,2411,2390,2500,3596,4011,3788,2679,2412,2364,2194,2332,2200,2286,2324,2333,2372,2281,2474,2677,3786,3885,3664,2547,2240,2358,2306,2253,2187,2155,2307,2189,2351,2150,2368,2571,3662,3487,3277,2432,2268,2345,2321,2290,2364,2156,2290,2304,2233,2310,2176,2406,3263,3110,2868,2286,2296,2070,2241,2462,2538,2269,2388,2321,2212,2187,2222,2155,2905,3051,2936,2594,2418,2658,2564,2603,2542,2542,2544,2476,2250,2405,2472,2523,2908,3986,3760,3691,3229,3445,3109,3323,3608,3310,3529,3345,3504,3598,3315,3503,3815,4541,4199,4091,3622,3586,3351,3988,4154,4083,4154,3537,3917,4016,3636,4015,4407,4648,4287,4069,3758,3779,3887,4117,4201,4193,4327,3929,3893,4067,3767,4101,4535,4316,4062,3745,3578,3845,3843,3916,4067,4033,4176,3908,3292,3795,3680,3791,4180,4501,4279,3443,3134,3516,3562,3720,3779,3751,3744,3534,2996,3321,3259,3485,4260,4610,4384,3216,3101,3060,3156,3370,3439,3369,3247,3001,2826,3036,3070,3368,4393,4805,4579,3333,3184,2883,2793,3079,3154,3111,2892,2810,2747,2900,3103,3492,4587,4704,4476,3233,3086,2675,2703,2807,2811,2868,2769,2614,2564,2737,3067,3355,4480,4268,4039,2847,2844,2511,2660,2737,2705,2603,2698,2787,2812,2765,2907,3012,4035,3775,3551,2644,2724,2624,2751,2884,2813,2733,2767,2776,2736,2670,2727,2906,3533,3507,3249,2634,2436,2434,2541,2828,2774,2824,2726,2525,2560,2448,2448,2670,3336,3456,3235,2456,2424,2464,2416,2716,2732,2761,2561,2463,2481,2453,2421,2702,3245,3649,3436,2613,2370,2439,2466,2549,2541,2601,2430,2318,2466,2372,2449,2566,3419,3641,3433,2659,2432,2741,2777,2577,2288,2402,2387,2477,2554,2515,2684,2685,3407,3240,3106,2716,2579,2885,2974,2793,2861,2986,2947,2642,2756,2836,2897,2876,3084,3185,3066,2824,2711,2723,2801,2782,2962,3072,3020,2686,2646,2869,2908,2850,3072,2783,2800,2680,2726,2606,2588,2696,2881,2750,2731,2463,2643,2712,2753,2617,2722,2863,2726,2537,2543,2571,2465,2617,2842,2873,2722,2498,2506,2609,2626,2670,2780,2974,2780,2535,2458,2567,2395,2348,2653,2730,2642,2557,2454,2480,2491,2502,2805,3092,3002,2664,2418,2437,2408,2284,2730,2783,2756,2751,2567,2615,2536,2544,2969,3006,2917,2675,2440,2389,2420,2381,2697,2803,2794,2734,2506,2538,2535,2605,2942,2995,2792,2471,2346,2245,2340,2309,2501,2607,2606,2441,2252,2311,2469,2480,2844,3141,2912,2449,2509,2467,2374,2432,2419,2444,2424,2477,2334,2352,2484,2334,2926,3411,3180,2399,2416,2395,2354,2367,2337,2536,2424,2488,2266,2357,2492,2363,3201,3437,3208,2454,2346,2403,2433,2307,2362,2368,2321,2287,2341,2346,2340,2325,3225,3166,2957,2311,2469,2293,2371,2350,2568,2743,2743,2494,2335,2285,2186,2402,2964,3020,2985,2532,2567,2332,2375,2453,2794,3023,3003,2681,2330,2468,2453,2281,2731,2963,2987,2609,2565,2289,2492,2461,2672,2896,2942,2637,2445,2553,2420,2184,2620,2982,2902,2653,2275,2386,2464,2370,2425,2585,2709,2559,2416,2427,2261,2110,2750,2958,2855,2448,2143,2217,2376,2331,2417,2549,2549,2386,2446,2399,2282,2257,2727,2847,2769,2358,2113,2318,2329,2233,2335,2565,2585,2354,2379,2350,2193,2209,2574,2893,2797,2418,2353,2358,2268,2324,2333,2576,2677,2260,2353,2443,2335,2339,2500,2745,2620,2407,2399,2363,2324,2321,2239,2446,2431,2094,2352,2420,2295,2371,2413,2641,2569,2480,2293,2293,2382,2250,2318,2350,2446,2213,2338,2354,2404,2225,2467,2742,2575,2442,2262,2272,2369,2367,2352,2357,2375,2292,2316,2283,2322,2244,2521,2843,2686,2370,2378,2366,2371,2459,2428,2442,2303,2241,2326,2190,2314,2332,2644,2793,2582,2414,2369,2309,2285,2303,2533,2644,2469,2266,2386,2103,2232,2317,2628,2726,2552,2485,2399,2373,2293,2265,2445,2704,2585,2402,2375,2279,2203,2329,2580,2773,2634,2406,2366,2436,2252,2336,2495,2670,2553,2397,2228,2185,2340,2330,2623,2986,2821,2360,2243,2286,2336,2272,2525,2549,2431,2338,2253,2264,2364,2519,2805,2858,2754,2339,2231,2127,2253,2390,2394,2393,2387,2268,2437,2432,2366,2510,2774,2847,2521,2332,2299,2289,2331,2479,2389,2386,2458,2369,2363,2370,2283,2348,2679,2812,2596,2381,2422,2376,2351,2486,2358,2223,2433,2424,2314,2287,2209,2100,2643,2637,2443,2400,2385,2353,2488,2469,2197,2058,2294,2400,2340,2240,2253,2344,2440,2700,2468,2410,2180,2329,2422,2465,2309,2176,2280,2392,2439,2273,2251,2307,2550,2781,2573,2365,2282,2251,2348,2270,2220,2334,2363,2373,2370,2418,2272,2154,2648,2735,2481,2379,2294,2181,2285,2237,2194,2382,2396,2186,2200,2352,2403,2248,2551,2822,2609,2396,2190,2197,2259,2253,2327,2433,2352,2243,2148,2354,2357,2421,2619,2660,2509,2373,2217,2230,2062,2317,2293,2310,2332,2219,2263,2410,2391,2440,2573,2588,2432,2321,2233,2270,2227,2126,2221,2290,2426,2372,2294,2340,2329,2436,2652,3329,3089,2424,2394,2374,2339,2260,2294,2302,2486,2436,2214,2290,2298,2338,3107,3826,3602,2644,2470,2412,2302,2262,2335,2566,2345,2437,2335,2334,2408,2631,3594,4083,3847,2811,2717,2665,2632,2502,2911,3089,2856,2569,2554,2581,2475,2918,3877,4112,3888,2881,2701,2768,2771,2746,3110,3226,2972,2656,2662,2734,2670,2845,3893,4116,3881,2736,2434,2635,2647,2753,2991,3084,2856,2555,2552,2712,2668,2975,3905,4149,3920,2747,2484,2315,2390,2516,2605,2720,2521,2462,2443,2575,2484,2853,3930,3765,3539,2363,2402,2482,2389,2313,2406,2390,2426,2390,2451,2680,2535,2463,3522,3286,2995,2316,2272,2477,2387,2378,2254,2440,2333,2336,2511,2635,2508,2393,3088,3099,2922,2391,2120,2446,2501,2455,2369,2420,2414,2358,2364,2451,2370,2323,2786,2781,2614,2276,2249,2490,2502,2379,2401,2587,2494,2389,2449,2379,2278,2349,2654,2947,2729,2194,2216,2358,2349,2363,2450,2586,2410,2395,2320,2406,2372,2314,2706,2783,2638,2279,2312,2355,2346,2452,2403,2441,2425,2240,2304,2315,2331,2364,2636,2728,2606,2400,2348,2353,2344,2357,2366,2320,2322,2338,2436,2244,2185,2378,2518,2767,2589,2263,2122,2312,2205,2317,2425,2478,2423,2422,2408,2239,2202,2252,2560,2929,2678,2248,2271,2287,2066,2183,2387,2423,2325,2367,2282,2294,2314,2346,2720,2932,2697,2425,2350,2407,2176,2252,2418,2652,2549,2065,2460,2516,2403,2367,2749,2851,2772,2664,2478,2510,2380,2454,2789,2847,2630,2402,2537,2582,2449,2443,2653,3066,2907,2621,2391,2510,2342,2502,2834,2852,2581,2381,2373,2439,2355,2334,2843,3311,3162,2326,2359,2427,2373,2480,2610,2648,2428,2400,2236,2452,2490,2415,3103,3351,3067,2440,2477,2336,2375,2326,2384,2400,2219,2445,2264,2250,2493,2401,3158,3124,2922,2438,2500,2271,2334,2369,2443,2492,2433,2458,2137,2149,2443,2367,2874,3057,2851,2496,2530,2400,2449,2385,2627,2624,2529,2604,2461,2320,2434,2431,2829,3047,2816,2515,2574,2483,2396,2503,2705,2645,2338,2531,2476,2353,2507,2485,2887,2981,2726,2455,2480,2446,2402,2517,2584,2535,2395,2289,2263,2238,2373,2459,2785,2925,2731,2260,2218,2365,2286,2393,2413,2431,2335,2525,2361,2290,2421,2441,2684,2858,2588,2408,2432,2333,2192,2319,2289,2401,2370,2591,2413,2357,2473,2388,2674,2937,2759,2443,2414,2249,2185,2152,2280,2416,2540,2477,2473,2422,2462,2435,2643,2954,2786,2580,2327,2171,2292,2394,2513,2738,2724,2606,2431,2412,2415,2422,2664,2960,2820,2657,2372,2268,2329,2437,2498,2651,2562,2502,2372,2291,2225,2229,2712,2859,2720,2541,2423,2308,2293,2345,2336,2285,2435,2337,2220,2278,2333,2351,2551,2730,2652,2388,2349,2331,2440,2395,2227,2228,2200,2317,2271,2232,2187,2275,2595,2658,2588,2250,2339,2394,2487,2397,2209,2366,2365,2270,2284,2259,2154,2224,2477,2600,2528,2140,2324,2439,2479,2468,2431,2444,2376,2189,2069,2145,2230,2163,2382,2644,2586,2307,2385,2317,2350,2459,2306,2300,2290,2295,2360,2227,2293,2299,2513,2768,2599,2405,2289,2337,2342,2377,2271,2204,2288,2338,2518,2434,2337,2371,2498,2756,2482,2425,2308,2360,2394,2377,2272,2295,2321,2335,2472,2449,2343,2321,2562,3012,2809,2237,2258,2238,2390,2440,2310,2240,2293,2199,2255,2322,2321,2295,2769,3052,2866,2406,2349,2369,2411,2355,2319,2235,2259,2305,2277,2279,2252,2186,2850,3068,2876,2368,2299,2320,2341,2357,2456,2100,2319,2336,2271,2291,2320,2150,2861,3131,2848,2319,2341,2307,2261,2449,2459,2392,2331,2393,2391,2379,2345,2343,2958,2925,2677,2216,2427,2459,2416,2416,2359,2451,2305,2379,2270,2335,2357,2411,2740,2901,2724,2324,2396,2442,2250,2230,2389,2280,2288,2328,2285,2383,2351,2388,2601,2916,2735,2170,2413,2391,2219,2232,2136,2079,2236,2346,2309,2366,2351,2306,2697,2704,2585,2306,2394,2288,2193,2168,2067,2212,2294,2313,2311,2270,2309,2284,2472,3138,2931,2366,2440,2275,2248,2155,2282,2415,2432,2284,2299,2399,2327,2406,2919,3570,3340,2361,2310,2266,2070,2103,2254,2363,2419,2441,2337,2344,2219,2371,3359,3628,3396,2344,2326,2269,2176,2239,2299,2295,2480,2425,2387,2295,2225,2295,3413,3412,3158,2324,2272,2310,2286,2269,2431,2313,2440,2312,2311,2320,2224,2265,3199,3119,2896,2329,2205,2331,2292,2349,2411,2397,2390,2338,2283,2269,2218,2225,2910,3173,2972,2269,2239,2392,2333,2375,2312,2460,2423,2403,2313,2221,2212,2245,2872,3501,3280,2212,2288,2348,2374,2419,2303,2313,2340,2486,2343,2322,2223,2227,3265,3864,3643,2574,2343,2433,2556,2443,2639,2993,2907,2474,2350,2441,2268,2550,3642,4044,3827,2743,2503,2601,2587,2604,2893,3202,3103,2610,2312,2491,2259,2716,3825,3950,3728,2640,2506,2532,2454,2531,2682,3052,2949,2393,2313,2255,2364,2624,3724,3617,3391,2412,2356,2250,2330,2187,2474,2589,2537,2346,2396,2220,2369,2327,3392,3080,2839,2252,2334,2196,2232,2252,2346,2425,2391,2310,2225,2256,2244,2322,2888,3358,3124,2341,2223,2285,2271,2249,2395,2399,2374,2259,2254,2319,2252,2406,3143,3493,3261,2373,2172,2251,2249,2169,2334,2327,2323,2245,2211,2289,2234,2217,3264,3340,3123,2236,2174,2184,2232,2204,2239,2254,2054,2091,2102,2201,2185,2244,3123,3096,2888,2165,2229,2254,2268,2262,2109,2252,2158,2039,2111,2192,2125,2060,2873,2880,2643,2145,1966,2003,2028,2169,2167,2079,2085,2126,2189,2098,2169,2162,2671,2683,2419,2039,1995,2161,2167,2062,2116,2140,2123,2129,2012,2017,2142,2061,2498,2355,2102,2028,2049,2084,2120,2002,2035,1923,2016,2115,2104,2131,2143,2178,2327,2198,2214,2048,2005,1981,2016,2099,2096,2023,2079,2020,1988,1991,2136,2128,2150,2325,2173,1958,2034,2045,2000,2019,2024,2075,2143,2032,1958,1999,2063,2135,2017
,,,,,,,,,,,,,,,,,,,,,,,,,,,,,,,,,,,,,,,,,,,,,,,,,,,,,,,,,,,,,,,,,,,,,,,,,,,,,,,,,,,,,,,,,,,,,,,,,,,,,,,,,,,,,,,,,,,,,,,,,,,,,,,,,,,,,,,,,,,,,,,,,,,,,,,,,,,,,,,,,,,,,,,,,,,,,,,,,,,,,,,,,,,,,,,,,,,,,,,,,,,,,,,,,,,,,,,,,,,,,,,,,,,,,,,,,,,,,,,,,,,,,,,,,,,,,,,,,,,,,,,,,,,,,,,,,,,,,,,,,,,,,,,,,,,,,,,,,,,,,,,,,,,,,,,,,,,,,,,,,,,,,,,,,,,,,,,,,,,,,,,,,,,,,,,,,,,,,,,,,,,,,,,,,,,,,,,,,,,,,,,,,,,,,,,,,,,,,,,,,,,,,,,,,,,,,,,,,,,,,,,,,,,,,,,,,,,,,,,,,,,,,,,,,,,,,,,,,,,,,,,,,,,,,,,,,,,,,,,,,,,,,,,,,,,,,,,,,,,,,,,,,,,,,,,,,,,,,,,,,,,,,,,,,,,,,,,,,,,,,,,,,,,,,,,,,,,,,,,,,,,,,,,,,,,,,,,,,,,,,,,,,,,,,,,,,,,,,,,,,,,,,,,,,,,,,,,,,,,,,,,,,,,,,,,,,,,,,,,,,,,,,,,,,,,,,,,,,,,,,,,,,,,,,,,,,,,,,,,,,,,,,,,,,,,,,,,,,,,,,,,,,,,,,,,,,,,,,,,,,,,,,,,,,,,,,,,,,,,,,,,,,,,,,,,,,,,,,,,,,,,,,,,,,,,,,,,,,,,,,,,,,,,,,,,,,,,,,,,,,,,,,,,,,,,,,,,,,,,,,,,,,,,,,,,,,,,,,,,,,,,,,,,,,,,,,,,,,,,,,,,,,,,,,,,,,,,,,,,,,,,,,,,,,,,,,,,,,,,,,,,,,,,,,,,,,,,,,,,,,,,,,,,,,,,,,,,,,,,,,,,,,,,,,,,,,,,,,,,,,,,,,,,,,,,,,,,,,,,,,,,,,,,,,,,,,,,,,,,,,,,,,,,,,,,,,,,,,,,,,,,,,,,,,,,,,,,,,,,,,,,,,,,,,,,,,,,,,,,,,,,,,,,,,,,,,,,,,,,,,,,,,,,,,,,,,,,,,,,,,,,,,,,,,,,,,,,,,,,,,,,,,,,,,,,,,,,,,,,,,,,,,,,,,,,,,,,,,,,,,,,,,,,,,,,,,,,,,,,,,,,,,,,,,,,,,,,,,,,,,,,,,,,,,,,,,,,,,,,,,,,,,,,,,,,,,,,,,,,,,,,,,,,,,,,,,,,,,,,,,,,,,,,,,,,,,,,,,,,,,,,,,,,,,,,,,,,,,,,,,,,,,,,,,,,,,,,,,,,,,,,,,,,,,,,,,,,,,,,,,,,,,,,,,,,,,,,,,,,,,,,,,,,,,,,,,,,,,,,,,,,,,,,,,,,,,,,,,,,,,,,,,,,,,,,,,,,,,,,,,,,,,,,,,,,,,,,,,,,,,,,,,,,,,,,,,,,,,,,,,,,,,,,,,,,,,,,,,,,,,,,,,,,,,,,,,,,,,,,,,,,,,,,,,,,,,,,,,,,,,,,,,,,,,,,,,,,,,,,,,,,,,,,,,,,,,,,,,,,,,,,,,,,,,,,,,,,,,,,,,,,,,,,,,,,,,,,,,,,,,,,,,,,,,,,,,,,,,,,,,,,,,,,,,,,,,,,,,,,,,,,,,,,,,,,,,,,,,,,,,,,,,,,,,,,,,,,,,,,,,,,,,,,,,,,,,,,,,,,,,,,,,,,,,,,,,,,,,,,,,,,,,,,,,,,,,,,,,,,,,,,,,,,,,,,,,,,,,,,,,,,,,,,,,,,,,,,,,,,,,,,,,,,,,,,,,,,,,,,,,,,,,,,,,,,,,,,,,,,,,,,,,,,,,,,,,,,,,,,,,,,,,,,,,,,,,,,,,,,,,,,,,,,,,,,,,,,,,,,,,,,,,,,,,,,,,,,,,,,,,,,,,,,,,,,,,,,,,,,,,,,,,,,,,,,,,,,,,,,,,,,,,,,,,,,,,,,,,,,,,,,,,,,,,,,,,,,,,,,,,,,,,,,,,,,,,,,,,,,,,,,,,,,,,,,,,,,,,,,,,,,,,,,,,,,,,,,,,,,,,,,,,,,
,,,,,,,,,,,,,,,,,,,,,,,,,,,,,,,,,,,,,,,,,,,,,,,,,,,,,,,,,,,,,,,,,,,,,,,,,,,,,,,,,,,,,,,,,,,,,,,,,,,,,,,,,,,,,,,,,,,,,,,,,,,,,,,,,,,,,,,,,,,,,,,,,,,,,,,,,,,,,,,,,,,,,,,,,,,,,,,,,,,,,,,,,,,,,,,,,,,,,,,,,,,,,,,,,,,,,,,,,,,,,,,,,,,,,,,,,,,,,,,,,,,,,,,,,,,,,,,,,,,,,,,,,,,,,,,,,,,,,,,,,,,,,,,,,,,,,,,,,,,,,,,,,,,,,,,,,,,,,,,,,,,,,,,,,,,,,,,,,,,,,,,,,,,,,,,,,,,,,,,,,,,,,,,,,,,,,,,,,,,,,,,,,,,,,,,,,,,,,,,,,,,,,,,,,,,,,,,,,,,,,,,,,,,,,,,,,,,,,,,,,,,,,,,,,,,,,,,,,,,,,,,,,,,,,,,,,,,,,,,,,,,,,,,,,,,,,,,,,,,,,,,,,,,,,,,,,,,,,,,,,,,,,,,,,,,,,,,,,,,,,,,,,,,,,,,,,,,,,,,,,,,,,,,,,,,,,,,,,,,,,,,,,,,,,,,,,,,,,,,,,,,,,,,,,,,,,,,,,,,,,,,,,,,,,,,,,,,,,,,,,,,,,,,,,,,,,,,,,,,,,,,,,,,,,,,,,,,,,,,,,,,,,,,,,,,,,,,,,,,,,,,,,,,,,,,,,,,,,,,,,,,,,,,,,,,,,,,,,,,,,,,,,,,,,,,,,,,,,,,,,,,,,,,,,,,,,,,,,,,,,,,,,,,,,,,,,,,,,,,,,,,,,,,,,,,,,,,,,,,,,,,,,,,,,,,,,,,,,,,,,,,,,,,,,,,,,,,,,,,,,,,,,,,,,,,,,,,,,,,,,,,,,,,,,,,,,,,,,,,,,,,,,,,,,,,,,,,,,,,,,,,,,,,,,,,,,,,,,,,,,,,,,,,,,,,,,,,,,,,,,,,,,,,,,,,,,,,,,,,,,,,,,,,,,,,,,,,,,,,,,,,,,,,,,,,,,,,,,,,,,,,,,,,,,,,,,,,,,,,,,,,,,,,,,,,,,,,,,,,,,,,,,,,,,,,,,,,,,,,,,,,,,,,,,,,,,,,,,,,,,,,,,,,,,,,,,,,,,,,,,,,,,,,,,,,,,,,,,,,,,,,,,,,,,,,,,,,,,,,,,,,,,,,,,,,,,,,,,,,,,,,,,,,,,,,,,,,,,,,,,,,,,,,,,,,,,,,,,,,,,,,,,,,,,,,,,,,,,,,,,,,,,,,,,,,,,,,,,,,,,,,,,,,,,,,,,,,,,,,,,,,,,,,,,,,,,,,,,,,,,,,,,,,,,,,,,,,,,,,,,,,,,,,,,,,,,,,,,,,,,,,,,,,,,,,,,,,,,,,,,,,,,,,,,,,,,,,,,,,,,,,,,,,,,,,,,,,,,,,,,,,,,,,,,,,,,,,,,,,,,,,,,,,,,,,,,,,,,,,,,,,,,,,,,,,,,,,,,,,,,,,,,,,,,,,,,,,,,,,,,,,,,,,,,,,,,,,,,,,,,,,,,,,,,,,,,,,,,,,,,,,,,,,,,,,,,,,,,,,,,,,,,,,,,,,,,,,,,,,,,,,,,,,,,,,,,,,,,,,,,,,,,,,,,,,,,,,,,,,,,,,,,,,,,,,,,,,,,,,,,,,,,,,,,,,,,,,,,,,,,,,,,,,,,,,,,,,,,,,,,,,,,,,,,,,,,,,,,,,,,,,,,,,,,,,,,,,,,,,,,,,,,,,,,,,,,,,,,,,,,,,,,,,,,,,,,,,,,,,,,,,,,,,,,,,,,,,,,,,,,,,,,,,,,,,,,,,,,,,,,,,,,,,,,,,,,,,,,,,,,,,,,,,,,,,,,,,,,,,,,,,,,,,,,,,,,,,,,,,,,,,,,,,,,,,,,,,,,,,,,,,,,,,,,,,,,,,,,,,,,,,,,,,,,,,,,,,,,,,,,,,,,,,,,,,,,,,,,,,,,,,,,,,,,,,,,,,,,,,,,,,,,,,,,,,,,,,,,,,,,,,,,,,,,,,,,,,,,,,,,,,,,,,,,,,,,,,,,,,,,,,,,,,,,,,,,,,,,,,,,,,,,,,,,,,,,,,,,,,,,,,,,,,
,,,,,,,,,,,,,,,,,,,,,,,,,,,,,,,,,,,,,,,,,,,,,,,,,,,,,,,,,,,,,,,,,,,,,,,,,,,,,,,,,,,,,,,,,,,,,,,,,,,,,,,,,,,,,,,,,,,,,,,,,,,,,,,,,,,,,,,,,,,,,,,,,,,,,,,,,,,,,,,,,,,,,,,,,,,,,,,,,,,,,,,,,,,,,,,,,,,,,,,,,,,,,,,,,,,,,,,,,,,,,,,,,,,,,,,,,,,,,,,,,,,,,,,,,,,,,,,,,,,,,,,,,,,,,,,,,,,,,,,,,,,,,,,,,,,,,,,,,,,,,,,,,,,,,,,,,,,,,,,,,,,,,,,,,,,,,,,,,,,,,,,,,,,,,,,,,,,,,,,,,,,,,,,,,,,,,,,,,,,,,,,,,,,,,,,,,,,,,,,,,,,,,,,,,,,,,,,,,,,,,,,,,,,,,,,,,,,,,,,,,,,,,,,,,,,,,,,,,,,,,,,,,,,,,,,,,,,,,,,,,,,,,,,,,,,,,,,,,,,,,,,,,,,,,,,,,,,,,,,,,,,,,,,,,,,,,,,,,,,,,,,,,,,,,,,,,,,,,,,,,,,,,,,,,,,,,,,,,,,,,,,,,,,,,,,,,,,,,,,,,,,,,,,,,,,,,,,,,,,,,,,,,,,,,,,,,,,,,,,,,,,,,,,,,,,,,,,,,,,,,,,,,,,,,,,,,,,,,,,,,,,,,,,,,,,,,,,,,,,,,,,,,,,,,,,,,,,,,,,,,,,,,,,,,,,,,,,,,,,,,,,,,,,,,,,,,,,,,,,,,,,,,,,,,,,,,,,,,,,,,,,,,,,,,,,,,,,,,,,,,,,,,,,,,,,,,,,,,,,,,,,,,,,,,,,,,,,,,,,,,,,,,,,,,,,,,,,,,,,,,,,,,,,,,,,,,,,,,,,,,,,,,,,,,,,,,,,,,,,,,,,,,,,,,,,,,,,,,,,,,,,,,,,,,,,,,,,,,,,,,,,,,,,,,,,,,,,,,,,,,,,,,,,,,,,,,,,,,,,,,,,,,,,,,,,,,,,,,,,,,,,,,,,,,,,,,,,,,,,,,,,,,,,,,,,,,,,,,,,,,,,,,,,,,,,,,,,,,,,,,,,,,,,,,,,,,,,,,,,,,,,,,,,,,,,,,,,,,,,,,,,,,,,,,,,,,,,,,,,,,,,,,,,,,,,,,,,,,,,,,,,,,,,,,,,,,,,,,,,,,,,,,,,,,,,,,,,,,,,,,,,,,,,,,,,,,,,,,,,,,,,,,,,,,,,,,,,,,,,,,,,,,,,,,,,,,,,,,,,,,,,,,,,,,,,,,,,,,,,,,,,,,,,,,,,,,,,,,,,,,,,,,,,,,,,,,,,,,,,,,,,,,,,,,,,,,,,,,,,,,,,,,,,,,,,,,,,,,,,,,,,,,,,,,,,,,,,,,,,,,,,,,,,,,,,,,,,,,,,,,,,,,,,,,,,,,,,,,,,,,,,,,,,,,,,,,,,,,,,,,,,,,,,,,,,,,,,,,,,,,,,,,,,,,,,,,,,,,,,,,,,,,,,,,,,,,,,,,,,,,,,,,,,,,,,,,,,,,,,,,,,,,,,,,,,,,,,,,,,,,,,,,,,,,,,,,,,,,,,,,,,,,,,,,,,,,,,,,,,,,,,,,,,,,,,,,,,,,,,,,,,,,,,,,,,,,,,,,,,,,,,,,,,,,,,,,,,,,,,,,,,,,,,,,,,,,,,,,,,,,,,,,,,,,,,,,,,,,,,,,,,,,,,,,,,,,,,,,,,,,,,,,,,,,,,,,,,,,,,,,,,,,,,,,,,,,,,,,,,,,,,,,,,,,,,,,,,,,,,,,,,,,,,,,,,,,,,,,,,,,,,,,,,,,,,,,,,,,,,,,,,,,,,,,,,,,,,,,,,,,,,,,,,,,,,,,,,,,,,,,,,,,,,,,,,,,,,,,,,,,,,,,,,,,,,,,,,,,,,,,,,,,,,,,,,,,,,,,,,,,,,,,,,,,,,,,,,,,,,,,,,,,,,,,,,,,,,,,,,,,,,,,,,,,,,,,,,,,,,,,,,,,,,,,,,,,,,,,,,,,,,,,,,,,,,,,,,,,,,,,,,,,,,,,,,,,,,,,,,,,,,,,,,,,,,,,,,,,,,,,,,,,,,,,,,,,,,,,,,,,,,,,,,
,,,,,,,,,,,,,,,,,,,,,,,,,,,,,,,,,,,,,,,,,,,,,,,,,,,,,,,,,,,,,,,,,,,,,,,,,,,,,,,,,,,,,,,,,,,,,,,,,,,,,,,,,,,,,,,,,,,,,,,,,,,,,,,,,,,,,,,,,,,,,,,,,,,,,,,,,,,,,,,,,,,,,,,,,,,,,,,,,,,,,,,,,,,,,,,,,,,,,,,,,,,,,,,,,,,,,,,,,,,,,,,,,,,,,,,,,,,,,,,,,,,,,,,,,,,,,,,,,,,,,,,,,,,,,,,,,,,,,,,,,,,,,,,,,,,,,,,,,,,,,,,,,,,,,,,,,,,,,,,,,,,,,,,,,,,,,,,,,,,,,,,,,,,,,,,,,,,,,,,,,,,,,,,,,,,,,,,,,,,,,,,,,,,,,,,,,,,,,,,,,,,,,,,,,,,,,,,,,,,,,,,,,,,,,,,,,,,,,,,,,,,,,,,,,,,,,,,,,,,,,,,,,,,,,,,,,,,,,,,,,,,,,,,,,,,,,,,,,,,,,,,,,,,,,,,,,,,,,,,,,,,,,,,,,,,,,,,,,,,,,,,,,,,,,,,,,,,,,,,,,,,,,,,,,,,,,,,,,,,,,,,,,,,,,,,,,,,,,,,,,,,,,,,,,,,,,,,,,,,,,,,,,,,,,,,,,,,,,,,,,,,,,,,,,,,,,,,,,,,,,,,,,,,,,,,,,,,,,,,,,,,,,,,,,,,,,,,,,,,,,,,,,,,,,,,,,,,,,,,,,,,,,,,,,,,,,,,,,,,,,,,,,,,,,,,,,,,,,,,,,,,,,,,,,,,,,,,,,,,,,,,,,,,,,,,,,,,,,,,,,,,,,,,,,,,,,,,,,,,,,,,,,,,,,,,,,,,,,,,,,,,,,,,,,,,,,,,,,,,,,,,,,,,,,,,,,,,,,,,,,,,,,,,,,,,,,,,,,,,,,,,,,,,,,,,,,,,,,,,,,,,,,,,,,,,,,,,,,,,,,,,,,,,,,,,,,,,,,,,,,,,,,,,,,,,,,,,,,,,,,,,,,,,,,,,,,,,,,,,,,,,,,,,,,,,,,,,,,,,,,,,,,,,,,,,,,,,,,,,,,,,,,,,,,,,,,,,,,,,,,,,,,,,,,,,,,,,,,,,,,,,,,,,,,,,,,,,,,,,,,,,,,,,,,,,,,,,,,,,,,,,,,,,,,,,,,,,,,,,,,,,,,,,,,,,,,,,,,,,,,,,,,,,,,,,,,,,,,,,,,,,,,,,,,,,,,,,,,,,,,,,,,,,,,,,,,,,,,,,,,,,,,,,,,,,,,,,,,,,,,,,,,,,,,,,,,,,,,,,,,,,,,,,,,,,,,,,,,,,,,,,,,,,,,,,,,,,,,,,,,,,,,,,,,,,,,,,,,,,,,,,,,,,,,,,,,,,,,,,,,,,,,,,,,,,,,,,,,,,,,,,,,,,,,,,,,,,,,,,,,,,,,,,,,,,,,,,,,,,,,,,,,,,,,,,,,,,,,,,,,,,,,,,,,,,,,,,,,,,,,,,,,,,,,,,,,,,,,,,,,,,,,,,,,,,,,,,,,,,,,,,,,,,,,,,,,,,,,,,,,,,,,,,,,,,,,,,,,,,,,,,,,,,,,,,,,,,,,,,,,,,,,,,,,,,,,,,,,,,,,,,,,,,,,,,,,,,,,,,,,,,,,,,,,,,,,,,,,,,,,,,,,,,,,,,,,,,,,,,,,,,,,,,,,,,,,,,,,,,,,,,,,,,,,,,,,,,,,,,,,,,,,,,,,,,,,,,,,,,,,,,,,,,,,,,,,,,,,,,,,,,,,,,,,,,,,,,,,,,,,,,,,,,,,,,,,,,,,,,,,,,,,,,,,,,,,,,,,,,,,,,,,,,,,,,,,,,,,,,,,,,,,,,,,,,,,,,,,,,,,,,,,,,,,,,,,,,,,,,,,,,,,,,,,,,,,,,,,,,,,,,,,,,,,,,,,,,,,,,,,,,,,,,,,,,,,,,,,,,,,,,,,,,,,,,,,,,,,,,,,,,,,,,,,,,,,,,,,,,,,,,,,,,,,,,,,,,,,,,,,,,,,,,,,,,,,,,,,,,,,,,,,,,,,,,,,,,,,,,,,,,,,,,,,,,,,,,,,,,,,,,,,,,,,,,,,,,,,,,,,,,,,,,,,,,,,,,,,,,,,,,,,,,
,,,,,,,,,,,,,,,,,,,,,,,,,,,,,,,,,,,,,,,,,,,,,,,,,,,,,,,,,,,,,,,,,,,,,,,,,,,,,,,,,,,,,,,,,,,,,,,,,,,,,,,,,,,,,,,,,,,,,,,,,,,,,,,,,,,,,,,,,,,,,,,,,,,,,,,,,,,,,,,,,,,,,,,,,,,,,,,,,,,,,,,,,,,,,,,,,,,,,,,,,,,,,,,,,,,,,,,,,,,,,,,,,,,,,,,,,,,,,,,,,,,,,,,,,,,,,,,,,,,,,,,,,,,,,,,,,,,,,,,,,,,,,,,,,,,,,,,,,,,,,,,,,,,,,,,,,,,,,,,,,,,,,,,,,,,,,,,,,,,,,,,,,,,,,,,,,,,,,,,,,,,,,,,,,,,,,,,,,,,,,,,,,,,,,,,,,,,,,,,,,,,,,,,,,,,,,,,,,,,,,,,,,,,,,,,,,,,,,,,,,,,,,,,,,,,,,,,,,,,,,,,,,,,,,,,,,,,,,,,,,,,,,,,,,,,,,,,,,,,,,,,,,,,,,,,,,,,,,,,,,,,,,,,,,,,,,,,,,,,,,,,,,,,,,,,,,,,,,,,,,,,,,,,,,,,,,,,,,,,,,,,,,,,,,,,,,,,,,,,,,,,,,,,,,,,,,,,,,,,,,,,,,,,,,,,,,,,,,,,,,,,,,,,,,,,,,,,,,,,,,,,,,,,,,,,,,,,,,,,,,,,,,,,,,,,,,,,,,,,,,,,,,,,,,,,,,,,,,,,,,,,,,,,,,,,,,,,,,,,,,,,,,,,,,,,,,,,,,,,,,,,,,,,,,,,,,,,,,,,,,,,,,,,,,,,,,,,,,,,,,,,,,,,,,,,,,,,,,,,,,,,,,,,,,,,,,,,,,,,,,,,,,,,,,,,,,,,,,,,,,,,,,,,,,,,,,,,,,,,,,,,,,,,,,,,,,,,,,,,,,,,,,,,,,,,,,,,,,,,,,,,,,,,,,,,,,,,,,,,,,,,,,,,,,,,,,,,,,,,,,,,,,,,,,,,,,,,,,,,,,,,,,,,,,,,,,,,,,,,,,,,,,,,,,,,,,,,,,,,,,,,,,,,,,,,,,,,,,,,,,,,,,,,,,,,,,,,,,,,,,,,,,,,,,,,,,,,,,,,,,,,,,,,,,,,,,,,,,,,,,,,,,,,,,,,,,,,,,,,,,,,,,,,,,,,,,,,,,,,,,,,,,,,,,,,,,,,,,,,,,,,,,,,,,,,,,,,,,,,,,,,,,,,,,,,,,,,,,,,,,,,,,,,,,,,,,,,,,,,,,,,,,,,,,,,,,,,,,,,,,,,,,,,,,,,,,,,,,,,,,,,,,,,,,,,,,,,,,,,,,,,,,,,,,,,,,,,,,,,,,,,,,,,,,,,,,,,,,,,,,,,,,,,,,,,,,,,,,,,,,,,,,,,,,,,,,,,,,,,,,,,,,,,,,,,,,,,,,,,,,,,,,,,,,,,,,,,,,,,,,,,,,,,,,,,,,,,,,,,,,,,,,,,,,,,,,,,,,,,,,,,,,,,,,,,,,,,,,,,,,,,,,,,,,,,,,,,,,,,,,,,,,,,,,,,,,,,,,,,,,,,,,,,,,,,,,,,,,,,,,,,,,,,,,,,,,,,,,,,,,,,,,,,,,,,,,,,,,,,,,,,,,,,,,,,,,,,,,,,,,,,,,,,,,,,,,,,,,,,,,,,,,,,,,,,,,,,,,,,,,,,,,,,,,,,,,,,,,,,,,,,,,,,,,,,,,,,,,,,,,,,,,,,,,,,,,,,,,,,,,,,,,,,,,,,,,,,,,,,,,,,,,,,,,,,,,,,,,,,,,,,,,,,,,,,,,,,,,,,,,,,,,,,,,,,,,,,,,,,,,,,,,,,,,,,,,,,,,,,,,,,,,,,,,,,,,,,,,,,,,,,,,,,,,,,,,,,,,,,,,,,,,,,,,,,,,,,,,,,,,,,,,,,,,,,,,,,,,,,,,,,,,,,,,,,,,,,,,,,,,,,,,,,,,,,,,,,,,,,,,,,,,,,,,,,,,,,,,,,,,,,,,,,,,,,,,,,,,,,,,,,,,,,,,,,,,,,,,,,,,,,,,,,,,,,,,,,,,,,,,,,,,,,,,,,,,,,,,,,,,,,,,,,,,,,,,,,,,,,,,,,,,,,,,,,,,,,,,,,,,,,,,,,
3428,3227,2527,2330,2262,2329,2342,2251,2304,2251,2342,2329,2262,2330,2527,3227,3694,3474,2458,2217,2244,2340,2331,2341,2340,2296,2327,2333,2233,2232,2467,3480,4078,3858,2785,2391,2236,2357,2278,2298,2297,2304,2318,2220,2382,2388,2771,3859,4211,3989,2876,2424,2328,2448,2271,2160,2177,2184,2208,2259,2339,2545,2852,3988,4019,3797,2577,2269,2346,2396,2380,2208,2197,2149,2126,2285,2335,2354,2676,3798,3739,3521,2412,2284,2342,2346,2340,2306,2213,2205,2263,2252,2176,2245,2511,3501,3506,3293,2310,2332,2368,2318,2321,2320,2377,2204,2280,2306,2218,2257,2366,3294,3823,3602,2600,2300,2503,2251,2113,2340,2357,2259,2120,2128,2239,2278,2517,3599,4010,3785,2753,2236,2477,2141,2283,2261,2464,2304,2210,2183,2267,2451,2637,3786,3880,3662,2605,2349,2342,2325,2250,2287,2380,2207,2106,2228,2243,2421,2463,3655,3472,3241,2147,2402,2297,2351,2466,2444,2313,2291,2170,2168,2052,2324,2307,3236,3098,2886,2248,2219,2237,2343,2386,2269,2322,2391,2175,1999,2106,2295,2261,2860,3111,2944,2790,2555,2439,2513,2543,2384,2343,2546,2732,2693,2392,2116,2562,2909,3967,3990,3811,3535,3376,3359,3136,3387,3285,3599,3572,3307,3249,3197,3535,3516,4492,4426,4191,4029,3778,3925,3811,3783,3588,3920,3812,3594,3597,3740,4070,4075,4588,4454,4237,4173,3935,4137,4064,3754,3844,3945,3974,4016,3835,3810,4121,4179,4316,3945,3962,3995,3888,4065,3984,3871,3913,3672,3851,3948,3778,3605,3713,4012,4518,4294,3154,3693,3609,3735,3640,3684,3680,3317,3351,3556,3479,3394,3202,4274,4615,4388,3270,3375,3240,3278,3209,3344,3278,3175,3225,3272,3044,2896,3455,4401,4806,4581,3434,3086,2988,2962,2929,3004,3086,3029,2964,2992,2925,3069,3539,4592,4706,4479,3343,2944,2859,2619,2670,2529,2720,2668,2653,2836,2847,2941,3424,4484,4269,4047,2930,2611,2780,2783,2682,2660,2723,2754,2539,2513,2677,2867,3167,4048,3765,3554,2657,2608,2599,2681,2797,2580,2733,2712,2551,2764,2718,2858,2999,3525,3529,3295,2621,2464,2522,2712,2815,2695,2687,2606,2501,2623,2625,2634,2670,3306,3464,3228,2412,2275,2425,2618,2727,2632,2681,2618,2516,2417,2353,2379,2683,3245,3641,3427,2403,2248,2281,2578,2619,2615,2610,2533,2565,2305,2326,2375,2676,3404,3647,3426,2751,2540,2619,2616,2593,2326,2432,2567,2545,2370,2379,2400,2603,3416,3227,3100,3064,2675,2899,2667,2605,2679,2466,2705,2777,2633,2487,2705,2602,3018,3095,2831,3053,2751,2970,2673,2574,2841,2676,2650,2805,2677,2494,2786,2805,2914,2958,2724,2694,2563,2788,2573,2565,2832,2630,2557,2689,2642,2596,2652,2672,2801,2777,2702,2503,2410,2554,2468,2379,2674,2605,2688,2810,2478,2611,2581,2363,2607,2835,2785,2621,2397,2399,2459,2307,2503,2515,2534,2780,2545,2626,2544,2518,2713,2993,2998,2854,2540,2506,2542,2401,2407,2619,2729,2777,2685,2518,2591,2698,2830,2964,2958,2773,2542,2491,2579,2368,2591,2720,2584,2567,2600,2539,2597,2674,2576,3001,2884,2510,2354,2368,2406,2400,2583,2522,2396,2441,2424,2326,2445,2549,2773,3178,2943,2390,2311,2352,2387,2369,2426,2412,2395,2438,2295,2282,2360,2442,3025,3427,3197,2373,2380,2472,2473,2454,2449,2325,2347,2346,2343,2284,2432,2377,3225,3454,3226,2358,2362,2483,2464,2373,2304,2311,2367,2424,2302,2353,2507,2412,3231,3197,2974,2445,2243,2311,2386,2315,2331,2603,2581,2524,2521,2384,2436,2520,2973,2857,2726,2737,2500,2390,2429,2430,2686,2872,2705,2423,2483,2584,2544,2501,2705,2906,2905,2797,2509,2313,2397,2322,2679,2952,2856,2526,2366,2490,2450,2383,2721,2934,2870,2613,2363,2427,2435,2375,2651,2948,2932,2699,2402,2351,2377,2368,2705,2978,2818,2510,2248,2388,2493,2556,2569,2704,2687,2474,2329,2393,2258,2134,2757,2743,2535,2382,2406,2407,2505,2599,2509,2271,2196,2253,2337,2425,2343,2048,2563,2734,2392,2375,2374,2375,2467,2564,2386,2426,2492,2469,2314,2294,2337,2283,2580,2746,2439,2396,2380,2387,2323,2471,2438,2486,2466,2378,2271,2349,2147,2333,2563,2623,2364,2346,2326,2325,2291,2284,2475,2370,2427,2391,2351,2347,2127,2248,2616,2811,2500,2207,2316,2375,2191,2123,2389,2383,2479,2412,2310,2314,2239,2344,2719,2863,2656,2244,2387,2401,2315,2343,2337,2396,2375,2275,2310,2459,2436,2274,2624,2724,2547,2303,2351,2321,2362,2372,2320,2377,2290,2204,2293,2426,2490,2409,2516,2683,2548,2400,2353,2346,2198,2330,2376,2483,2401,2240,2378,2403,2427,2334,2462,2924,2742,2451,2325,2144,2268,2323,2459,2445,2367,2300,2166,2295,2365,2295,2742,3046,2830,2522,2386,2313,2253,2239,2431,2351,2378,2329,2265,2270,2423,2439,2864,2914,2673,2378,2330,2314,2312,2335,2388,2450,2461,2332,2323,2330,2434,2472,2748,2859,2648,2213,2156,2163,2253,2235,2413,2268,2333,2383,2044,2245,2387,2489,2696,2767,2685,2393,2208,2285,2220,2123,2293,2264,2383,2401,2283,2170,2351,2257,2651,2811,2642,2416,2314,2328,2187,2253,2173,2209,2297,2350,2274,2178,2410,2382,2647,2750,2572,2430,2427,2414,2336,2178,2205,2211,2285,2345,2312,2238,2305,2256,2568,2690,2477,2355,2348,2337,2351,2195,2233,2292,2316,2335,2245,2213,2223,2163,2588,2775,2542,2295,2295,2252,2352,2327,2404,2417,2337,2225,2202,2237,2345,2277,2531,2772,2544,2282,2332,2249,2360,2338,2253,2454,2423,2213,2139,2232,2216,2270,2538,2605,2362,2336,2344,2318,2338,2267,2198,2463,2442,2350,2261,2291,2334,2259,2336,2539,2445,2417,2334,2355,2275,2243,2214,2432,2314,2288,2433,2331,2409,2435,2480,3323,3119,2301,2350,2410,2338,2266,2174,2392,2271,2312,2392,2416,2482,2293,3091,3827,3613,2604,2281,2437,2372,2317,2415,2612,2578,2441,2407,2319,2376,2589,3592,4084,3862,2821,2691,2341,2696,2724,2830,3015,2939,2530,2639,2530,2646,2734,3855,4108,3887,2795,2729,2609,2842,2846,2993,3216,3093,2711,2692,2697,2781,2782,3873,4116,3880,2770,2587,2677,2729,2711,2988,3094,2939,2468,2451,2527,2507,2875,3903,4151,3919,2665,2593,2642,2452,2635,2804,2800,2628,2216,2476,2554,2525,2843,3931,3770,3544,2483,2450,2579,2416,2431,2564,2496,2516,2286,2548,2633,2470,2541,3546,3292,3059,2474,2359,2330,2127,2389,2496,2480,2449,2348,2432,2603,2456,2403,3070,3121,2860,2449,2368,2337,2363,2448,2472,2484,2400,2360,2267,2412,2404,2455,2888,2831,2687,2288,2389,2389,2402,2472,2436,2362,2323,2194,2203,2203,2164,2437,2544,2853,2640,2319,2368,2314,2383,2494,2401,2377,2343,2251,2234,2256,2322,2393,2733,2576,2546,2257,2354,2314,2253,2358,2418,2367,2280,2234,2309,2246,2411,2315,2560,2589,2417,2187,2342,2317,2317,2413,2347,2304,2344,2249,2249,2266,2374,2363,2397,2741,2596,2353,2390,2335,2316,2365,2263,2408,2393,2419,2297,2381,2402,2189,2563,2962,2728,2470,2310,2325,2384,2356,2275,2366,2460,2382,2399,2292,2373,2332,2737,2864,2800,2489,2555,2400,2458,2575,2559,2482,2370,2527,2565,2407,2227,2394,2707,2774,2586,2419,2471,2412,2623,2787,2796,2687,2402,2318,2628,2551,2205,2372,2530,3062,2826,2479,2408,2511,2643,2737,2768,2659,2442,2299,2528,2493,2387,2376,2771,3384,3171,2507,2366,2461,2494,2431,2495,2518,2454,2356,2367,2315,2244,2405,3150,3306,3084,2530,2378,2374,2401,2256,2400,2503,2490,2335,2326,2346,2306,2370,3079,3152,2923,2594,2547,2413,2431,2335,2483,2459,2476,2439,2351,2409,2381,2367,2940,2988,2811,2538,2548,2437,2403,2420,2685,2679,2564,2543,2301,2508,2459,2451,2698,2890,2661,2325,2494,2349,2395,2460,2641,2565,2566,2552,2275,2491,2472,2419,2746,2864,2553,2407,2353,2374,2396,2409,2345,2427,2445,2446,2268,2377,2428,2270,2704,2881,2694,2400,2367,2369,2409,2368,2507,2439,2168,2261,2173,2340,2365,2290,2614,3024,2826,2478,2529,2421,2463,2434,2686,2688,2325,1945,2289,2285,2414,2541,2796,3119,2912,2503,2504,2424,2504,2392,2723,2772,2537,2210,2262,2378,2493,2651,2923,2990,2742,2237,2082,2297,2344,2334,2664,2756,2579,2281,2289,2322,2323,2414,2841,2849,2624,2265,2142,2410,2416,2318,2501,2564,2574,2459,2280,2238,2334,2212,2710,2758,2616,2343,2308,2327,2307,2361,2303,2191,2401,2478,2363,2313,2438,2397,2606,2753,2341,2402,2412,2344,2309,2311,2229,2249,2285,2216,2434,2294,2445,2440,2546,2715,2490,2395,2166,2344,2272,2257,2323,2327,2300,2253,2450,2251,2394,2163,2476,2720,2570,2444,2375,2346,2357,2331,2264,2440,2310,2309,2321,2208,2309,2430,2568,2938,2676,2450,2338,2366,2379,2162,2303,2442,2311,2263,2222,2320,2228,2351,2775,2868,2662,2310,2323,2314,2229,2330,2191,2188,2172,2394,2436,2295,2299,2287,2685,2775,2602,2313,2360,2279,2371,2404,2145,2353,2315,2452,2446,2335,2266,2250,2520,2873,2762,2447,2414,2362,2354,2339,2239,2358,2376,2337,2407,2325,2254,2344,2695,2983,2790,2487,2202,2383,2334,2231,2356,2249,2233,2318,2385,2366,2302,2243,2795,3103,2898,2482,2366,2290,2282,2244,2236,2180,2054,2124,2170,2299,2351,2311,2838,3132,2913,2389,2318,2351,2342,2209,2293,2226,2035,2224,2191,2220,2281,2280,2902,2865,2700,2325,2204,2318,2349,2161,2146,2151,2188,2248,2264,2237,2223,2278,2670,2929,2701,2363,2276,2159,2214,2075,2241,2225,2002,2286,2283,2303,2321,2212,2667,2932,2745,2370,2208,2195,2156,2129,2243,2189,2221,2267,2240,2309,2335,2129,2692,2704,2566,2347,2269,2329,2229,2218,2090,2313,2313,2273,2261,2326,2285,2139,2508,3129,2925,2354,2363,2305,2366,2381,2297,2381,2285,2280,2204,2169,2211,2306,2886,3564,3344,2405,2304,2300,2355,2302,2231,2296,2256,2205,2241,2275,2192,2197,3344,3624,3400,2387,2200,2300,2102,2207,2344,2275,2254,2268,2212,2292,2309,2413,3402,3409,3198,2443,2248,2251,2351,2267,2326,2417,2340,2228,2243,2321,2183,2365,3178,3114,2901,2308,2265,2330,2424,2374,2310,2473,2330,2248,2168,2314,2210,2215,2888,3155,2944,2399,2419,2289,2418,2363,2243,2395,2353,2435,2340,2199,2258,2421,2987,3482,3248,2401,2496,2399,2366,2397,2262,2471,2405,2435,2293,2300,2256,2494,3283,3866,3636,2399,2430,2484,2477,2361,2498,2860,2831,2369,2429,2349,2359,2617,3650,4046,3823,2677,2242,2613,2462,2458,2780,3038,3033,2525,2451,2340,2323,2762,3835,3954,3727,2631,2322,2522,2349,2376,2610,2927,2904,2552,2425,2321,2441,2666,3734,3613,3386,2325,2348,2310,2308,2322,2468,2658,2576,2429,2392,2315,2443,2506,3390,3074,2854,2206,2317,2268,2347,2221,2225,2449,2451,2339,2331,2311,2377,2404,2860,3358,3151,2247,2249,2232,2340,2306,2231,2400,2390,2308,2131,2164,2268,2317,3130,3498,3282,2312,2119,2155,2156,2130,2149,2352,2290,2149,2223,2160,2192,2215,3270,3334,3114,2263,2282,2245,2223,2073,2184,2279,2065,2102,2212,2090,2174,2231,3115,3072,2852,2128,1958,2124,2039,2063,2153,2096,1946,1983,2221,2214,1941,2082,2855,2881,2698,2169,2174,2123,2172,2161,2156,2192,2051,2037,2147,2202,2118,2128,2653,2720,2536,2049,2065,2091,2099,2162,2143,2198,2139,2048,2061,2169,2143,2120,2514,2336,2190,1996,1911,2022,1987,2149,2217,2257,2171,2066,1966,2144,2112,2140,2210,2341,2174,2007,1979,1978,2062,2089,1961,1947,2165,2137,2110,1994,2132,2128,2224,2335,2102,2027,2041,1931,1731,1909,2023,1963,1975,2062,1984,1865,1921,2084,2129
,,,,,,,,,,,,,,,,,,,,,,,,,,,,,,,,,,,,,,,,,,,,,,,,,,,,,,,,,,,,,,,,,,,,,,,,,,,,,,,,,,,,,,,,,,,,,,,,,,,,,,,,,,,,,,,,,,,,,,,,,,,,,,,,,,,,,,,,,,,,,,,,,,,,,,,,,,,,,,,,,,,,,,,,,,,,,,,,,,,,,,,,,,,,,,,,,,,,,,,,,,,,,,,,,,,,,,,,,,,,,,,,,,,,,,,,,,,,,,,,,,,,,,,,,,,,,,,,,,,,,,,,,,,,,,,,,,,,,,,,,,,,,,,,,,,,,,,,,,,,,,,,,,,,,,,,,,,,,,,,,,,,,,,,,,,,,,,,,,,,,,,,,,,,,,,,,,,,,,,,,,,,,,,,,,,,,,,,,,,,,,,,,,,,,,,,,,,,,,,,,,,,,,,,,,,,,,,,,,,,,,,,,,,,,,,,,,,,,,,,,,,,,,,,,,,,,,,,,,,,,,,,,,,,,,,,,,,,,,,,,,,,,,,,,,,,,,,,,,,,,,,,,,,,,,,,,,,,,,,,,,,,,,,,,,,,,,,,,,,,,,,,,,,,,,,,,,,,,,,,,,,,,,,,,,,,,,,,,,,,,,,,,,,,,,,,,,,,,,,,,,,,,,,,,,,,,,,,,,,,,,,,,,,,,,,,,,,,,,,,,,,,,,,,,,,,,,,,,,,,,,,,,,,,,,,,,,,,,,,,,,,,,,,,,,,,,,,,,,,,,,,,,,,,,,,,,,,,,,,,,,,,,,,,,,,,,,,,,,,,,,,,,,,,,,,,,,,,,,,,,,,,,,,,,,,,,,,,,,,,,,,,,,,,,,,,,,,,,,,,,,,,,,,,,,,,,,,,,,,,,,,,,,,,,,,,,,,,,,,,,,,,,,,,,,,,,,,,,,,,,,,,,,,,,,,,,,,,,,,,,,,,,,,,,,,,,,,,,,,,,,,,,,,,,,,,,,,,,,,,,,,,,,,,,,,,,,,,,,,,,,,,,,,,,,,,,,,,,,,,,,,,,,,,,,,,,,,,,,,,,,,,,,,,,,,,,,,,,,,,,,,,,,,,,,,,,,,,,,,,,,,,,,,,,,,,,,,,,,,,,,,,,,,,,,,,,,,,,,,,,,,,,,,,,,,,,,,,,,,,,,,,,,,,,,,,,,,,,,,,,,,,,,,,,,,,,,,,,,,,,,,,,,,,,,,,,,,,,,,,,,,,,,,,,,,,,,,,,,,,,,,,,,,,,,,,,,,,,,,,,,,,,,,,,,,,,,,,,,,,,,,,,,,,,,,,,,,,,,,,,,,,,,,,,,,,,,,,,,,,,,,,,,,,,,,,,,,,,,,,,,,,,,,,,,,,,,,,,,,,,,,,,,,,,,,,,,,,,,,,,,,,,,,,,,,,,,,,,,,,,,,,,,,,,,,,,,,,,,,,,,,,,,,,,,,,,,,,,,,,,,,,,,,,,,,,,,,,,,,,,,,,,,,,,,,,,,,,,,,,,,,,,,,,,,,,,,,,,,,,,,,,,,,,,,,,,,,,,,,,,,,,,,,,,,,,,,,,,,,,,,,,,,,,,,,,,,,,,,,,,,,,,,,,,,,,,,,,,,,,,,,,,,,,,,,,,,,,,,,,,,,,,,,,,,,,,,,,,,,,,,,,,,,,,,,,,,,,,,,,,,,,,,,,,,,,,,,,,,,,,,,,,,,,,,,,,,,,,,,,,,,,,,,,,,,,,,,,,,,,,,,,,,,,,,,,,,,,,,,,,,,,,,,,,,,,,,,,,,,,,,,,,,,,,,,,,,,,,,,,,,,,,,,,,,,,,,,,,,,,,,,,,,,,,,,,,,,,,,,,,,,,,,,,,,,,,,,,,,,,,,,,,,,,,,,,,,,,,,,,,,,,,,,,,,,,,,,,,,,,,,,,,,,,,,,,,,,,,,,,,,,,,,,,,,,,,,,,,,,,,,,,,,,,,,,,,,,,,,,,,,,,,,,,,,,,,,,,,,,,,,,,,,,,,,,,,,,,,,,,,,,,,,,,,,,,,,,,,,,,,,,,,,,,,,,,,,,,,,,,,,,,,,,,,,,,,,,,,,,,,,,,,,,,,,,,,,,,,,,,,,,,,,,,,,,,,,,,,,,,,,,,,,,,,,,,,,,,,,,,,,,,,,,,,,,,,,,,,,,,,,,,,,,,,,,,,,,,,,,,,,,,,,,
,,,,,,,,,,,,,,,,,,,,,,,,,,,,,,,,,,,,,,,,,,,,,,,,,,,,,,,,,,,,,,,,,,,,,,,,,,,,,,,,,,,,,,,,,,,,,,,,,,,,,,,,,,,,,,,,,,,,,,,,,,,,,,,,,,,,,,,,,,,,,,,,,,,,,,,,,,,,,,,,,,,,,,,,,,,,,,,,,,,,,,,,,,,,,,,,,,,,,,,,,,,,,,,,,,,,,,,,,,,,,,,,,,,,,,,,,,,,,,,,,,,,,,,,,,,,,,,,,,,,,,,,,,,,,,,,,,,,,,,,,,,,,,,,,,,,,,,,,,,,,,,,,,,,,,,,,,,,,,,,,,,,,,,,,,,,,,,,,,,,,,,,,,,,,,,,,,,,,,,,,,,,,,,,,,,,,,,,,,,,,,,,,,,,,,,,,,,,,,,,,,,,,,,,,,,,,,,,,,,,,,,,,,,,,,,,,,,,,,,,,,,,,,,,,,,,,,,,,,,,,,,,,,,,,,,,,,,,,,,,,,,,,,,,,,,,,,,,,,,,,,,,,,,,,,,,,,,,,,,,,,,,,,,,,,,,,,,,,,,,,,,,,,,,,,,,,,,,,,,,,,,,,,,,,,,,,,,,,,,,,,,,,,,,,,,,,,,,,,,,,,,,,,,,,,,,,,,,,,,,,,,,,,,,,,,,,,,,,,,,,,,,,,,,,,,,,,,,,,,,,,,,,,,,,,,,,,,,,,,,,,,,,,,,,,,,,,,,,,,,,,,,,,,,,,,,,,,,,,,,,,,,,,,,,,,,,,,,,,,,,,,,,,,,,,,,,,,,,,,,,,,,,,,,,,,,,,,,,,,,,,,,,,,,,,,,,,,,,,,,,,,,,,,,,,,,,,,,,,,,,,,,,,,,,,,,,,,,,,,,,,,,,,,,,,,,,,,,,,,,,,,,,,,,,,,,,,,,,,,,,,,,,,,,,,,,,,,,,,,,,,,,,,,,,,,,,,,,,,,,,,,,,,,,,,,,,,,,,,,,,,,,,,,,,,,,,,,,,,,,,,,,,,,,,,,,,,,,,,,,,,,,,,,,,,,,,,,,,,,,,,,,,,,,,,,,,,,,,,,,,,,,,,,,,,,,,,,,,,,,,,,,,,,,,,,,,,,,,,,,,,,,,,,,,,,,,,,,,,,,,,,,,,,,,,,,,,,,,,,,,,,,,,,,,,,,,,,,,,,,,,,,,,,,,,,,,,,,,,,,,,,,,,,,,,,,,,,,,,,,,,,,,,,,,,,,,,,,,,,,,,,,,,,,,,,,,,,,,,,,,,,,,,,,,,,,,,,,,,,,,,,,,,,,,,,,,,,,,,,,,,,,,,,,,,,,,,,,,,,,,,,,,,,,,,,,,,,,,,,,,,,,,,,,,,,,,,,,,,,,,,,,,,,,,,,,,,,,,,,,,,,,,,,,,,,,,,,,,,,,,,,,,,,,,,,,,,,,,,,,,,,,,,,,,,,,,,,,,,,,,,,,,,,,,,,,,,,,,,,,,,,,,,,,,,,,,,,,,,,,,,,,,,,,,,,,,,,,,,,,,,,,,,,,,,,,,,,,,,,,,,,,,,,,,,,,,,,,,,,,,,,,,,,,,,,,,,,,,,,,,,,,,,,,,,,,,,,,,,,,,,,,,,,,,,,,,,,,,,,,,,,,,,,,,,,,,,,,,,,,,,,,,,,,,,,,,,,,,,,,,,,,,,,,,,,,,,,,,,,,,,,,,,,,,,,,,,,,,,,,,,,,,,,,,,,,,,,,,,,,,,,,,,,,,,,,,,,,,,,,,,,,,,,,,,,,,,,,,,,,,,,,,,,,,,,,,,,,,,,,,,,,,,,,,,,,,,,,,,,,,,,,,,,,,,,,,,,,,,,,,,,,,,,,,,,,,,,,,,,,,,,,,,,,,,,,,,,,,,,,,,,,,,,,,,,,,,,,,,,,,,,,,,,,,,,,,,,,,,,,,,,,,,,,,,,,,,,,,,,,,,,,,,,,,,,,,,,,,,,,,,,,,,,,,,,,,,,,,,,,,,,,,,,,,,,,,,,,,,,,,,,,,,,,,,,,,,,,,,,,,,,,,,,,,,,,,,,,,,,,,,,,,,,,,,,,,,,,,,,,,,,,,,,,,,,,,,,,,,,,,,,,,,,,,,,,,,,,,,,,,,,,,,,,,,,,,,,,,,,,,,,,,,,,,,,,,,,,,,,,,,,,,,,
,,,,,,,,,,,,,,,,,,,,,,,,,,,,,,,,,,,,,,,,,,,,,,,,,,,,,,,,,,,,,,,,,,,,,,,,,,,,,,,,,,,,,,,,,,,,,,,,,,,,,,,,,,,,,,,,,,,,,,,,,,,,,,,,,,,,,,,,,,,,,,,,,,,,,,,,,,,,,,,,,,,,,,,,,,,,,,,,,,,,,,,,,,,,,,,,,,,,,,,,,,,,,,,,,,,,,,,,,,,,,,,,,,,,,,,,,,,,,,,,,,,,,,,,,,,,,,,,,,,,,,,,,,,,,,,,,,,,,,,,,,,,,,,,,,,,,,,,,,,,,,,,,,,,,,,,,,,,,,,,,,,,,,,,,,,,,,,,,,,,,,,,,,,,,,,,,,,,,,,,,,,,,,,,,,,,,,,,,,,,,,,,,,,,,,,,,,,,,,,,,,,,,,,,,,,,,,,,,,,,,,,,,,,,,,,,,,,,,,,,,,,,,,,,,,,,,,,,,,,,,,,,,,,,,,,,,,,,,,,,,,,,,,,,,,,,,,,,,,,,,,,,,,,,,,,,,,,,,,,,,,,,,,,,,,,,,,,,,,,,,,,,,,,,,,,,,,,,,,,,,,,,,,,,,,,,,,,,,,,,,,,,,,,,,,,,,,,,,,,,,,,,,,,,,,,,,,,,,,,,,,,,,,,,,,,,,,,,,,,,,,,,,,,,,,,,,,,,,,,,,,,,,,,,,,,,,,,,,,,,,,,,,,,,,,,,,,,,,,,,,,,,,,,,,,,,,,,,,,,,,,,,,,,,,,,,,,,,,,,,,,,,,,,,,,,,,,,,,,,,,,,,,,,,,,,,,,,,,,,,,,,,,,,,,,,,,,,,,,,,,,,,,,,,,,,,,,,,,,,,,,,,,,,,,,,,,,,,,,,,,,,,,,,,,,,,,,,,,,,,,,,,,,,,,,,,,,,,,,,,,,,,,,,,,,,,,,,,,,,,,,,,,,,,,,,,,,,,,,,,,,,,,,,,,,,,,,,,,,,,,,,,,,,,,,,,,,,,,,,,,,,,,,,,,,,,,,,,,,,,,,,,,,,,,,,,,,,,,,,,,,,,,,,,,,,,,,,,,,,,,,,,,,,,,,,,,,,,,,,,,,,,,,,,,,,,,,,,,,,,,,,,,,,,,,,,,,,,,,,,,,,,,,,,,,,,,,,,,,,,,,,,,,,,,,,,,,,,,,,,,,,,,,,,,,,,,,,,,,,,,,,,,,,,,,,,,,,,,,,,,,,,,,,,,,,,,,,,,,,,,,,,,,,,,,,,,,,,,,,,,,,,,,,,,,,,,,,,,,,,,,,,,,,,,,,,,,,,,,,,,,,,,,,,,,,,,,,,,,,,,,,,,,,,,,,,,,,,,,,,,,,,,,,,,,,,,,,,,,,,,,,,,,,,,,,,,,,,,,,,,,,,,,,,,,,,,,,,,,,,,,,,,,,,,,,,,,,,,,,,,,,,,,,,,,,,,,,,,,,,,,,,,,,,,,,,,,,,,,,,,,,,,,,,,,,,,,,,,,,,,,,,,,,,,,,,,,,,,,,,,,,,,,,,,,,,,,,,,,,,,,,,,,,,,,,,,,,,,,,,,,,,,,,,,,,,,,,,,,,,,,,,,,,,,,,,,,,,,,,,,,,,,,,,,,,,,,,,,,,,,,,,,,,,,,,,,,,,,,,,,,,,,,,,,,,,,,,,,,,,,,,,,,,,,,,,,,,,,,,,,,,,,,,,,,,,,,,,,,,,,,,,,,,,,,,,,,,,,,,,,,,,,,,,,,,,,,,,,,,,,,,,,,,,,,,,,,,,,,,,,,,,,,,,,,,,,,,,,,,,,,,,,,,,,,,,,,,,,,,,,,,,,,,,,,,,,,,,,,,,,,,,,,,,,,,,,,,,,,,,,,,,,,,,,,,,,,,,,,,,,,,,,,,,,,,,,,,,,,,,,,,,,,,,,,,,,,,,,,,,,,,,,,,,,,,,,,,,,,,,,,,,,,,,,,,,,,,,,,,,,,,,,,,,,,,,,,,,,,,,,,,,,,,,,,,,,,,,,,,,,,,,,,,,,,,,,,,,,,,,,,,,,,,,,,,,,,,,,,,,,,,,,,,,,,,,,,,,,,,,,,,,,,,,,,,,,,,,,,,,,,,,,,,,,,,,,,,,,,,,,,,,,,,,,,,,,,,,,,,,,,,,,,,,,,,,,,,,,,,,,,,,,,,
,,,,,,,,,,,,,,,,,,,,,,,,,,,,,,,,,,,,,,,,,,,,,,,,,,,,,,,,,,,,,,,,,,,,,,,,,,,,,,,,,,,,,,,,,,,,,,,,,,,,,,,,,,,,,,,,,,,,,,,,,,,,,,,,,,,,,,,,,,,,,,,,,,,,,,,,,,,,,,,,,,,,,,,,,,,,,,,,,,,,,,,,,,,,,,,,,,,,,,,,,,,,,,,,,,,,,,,,,,,,,,,,,,,,,,,,,,,,,,,,,,,,,,,,,,,,,,,,,,,,,,,,,,,,,,,,,,,,,,,,,,,,,,,,,,,,,,,,,,,,,,,,,,,,,,,,,,,,,,,,,,,,,,,,,,,,,,,,,,,,,,,,,,,,,,,,,,,,,,,,,,,,,,,,,,,,,,,,,,,,,,,,,,,,,,,,,,,,,,,,,,,,,,,,,,,,,,,,,,,,,,,,,,,,,,,,,,,,,,,,,,,,,,,,,,,,,,,,,,,,,,,,,,,,,,,,,,,,,,,,,,,,,,,,,,,,,,,,,,,,,,,,,,,,,,,,,,,,,,,,,,,,,,,,,,,,,,,,,,,,,,,,,,,,,,,,,,,,,,,,,,,,,,,,,,,,,,,,,,,,,,,,,,,,,,,,,,,,,,,,,,,,,,,,,,,,,,,,,,,,,,,,,,,,,,,,,,,,,,,,,,,,,,,,,,,,,,,,,,,,,,,,,,,,,,,,,,,,,,,,,,,,,,,,,,,,,,,,,,,,,,,,,,,,,,,,,,,,,,,,,,,,,,,,,,,,,,,,,,,,,,,,,,,,,,,,,,,,,,,,,,,,,,,,,,,,,,,,,,,,,,,,,,,,,,,,,,,,,,,,,,,,,,,,,,,,,,,,,,,,,,,,,,,,,,,,,,,,,,,,,,,,,,,,,,,,,,,,,,,,,,,,,,,,,,,,,,,,,,,,,,,,,,,,,,,,,,,,,,,,,,,,,,,,,,,,,,,,,,,,,,,,,,,,,,,,,,,,,,,,,,,,,,,,,,,,,,,,,,,,,,,,,,,,,,,,,,,,,,,,,,,,,,,,,,,,,,,,,,,,,,,,,,,,,,,,,,,,,,,,,,,,,,,,,,,,,,,,,,,,,,,,,,,,,,,,,,,,,,,,,,,,,,,,,,,,,,,,,,,,,,,,,,,,,,,,,,,,,,,,,,,,,,,,,,,,,,,,,,,,,,,,,,,,,,,,,,,,,,,,,,,,,,,,,,,,,,,,,,,,,,,,,,,,,,,,,,,,,,,,,,,,,,,,,,,,,,,,,,,,,,,,,,,,,,,,,,,,,,,,,,,,,,,,,,,,,,,,,,,,,,,,,,,,,,,,,,,,,,,,,,,,,,,,,,,,,,,,,,,,,,,,,,,,,,,,,,,,,,,,,,,,,,,,,,,,,,,,,,,,,,,,,,,,,,,,,,,,,,,,,,,,,,,,,,,,,,,,,,,,,,,,,,,,,,,,,,,,,,,,,,,,,,,,,,,,,,,,,,,,,,,,,,,,,,,,,,,,,,,,,,,,,,,,,,,,,,,,,,,,,,,,,,,,,,,,,,,,,,,,,,,,,,,,,,,,,,,,,,,,,,,,,,,,,,,,,,,,,,,,,,,,,,,,,,,,,,,,,,,,,,,,,,,,,,,,,,,,,,,,,,,,,,,,,,,,,,,,,,,,,,,,,,,,,,,,,,,,,,,,,,,,,,,,,,,,,,,,,,,,,,,,,,,,,,,,,,,,,,,,,,,,,,,,,,,,,,,,,,,,,,,,,,,,,,,,,,,,,,,,,,,,,,,,,,,,,,,,,,,,,,,,,,,,,,,,,,,,,,,,,,,,,,,,,,,,,,,,,,,,,,,,,,,,,,,,,,,,,,,,,,,,,,,,,,,,,,,,,,,,,,,,,,,,,,,,,,,,,,,,,,,,,,,,,,,,,,,,,,,,,,,,,,,,,,,,,,,,,,,,,,,,,,,,,,,,,,,,,,,,,,,,,,,,,,,,,,,,,,,,,,,,,,,,,,,,,,,,,,,,,,,,,,,,,,,,,,,,,,,,,,,,,,,,,,,,,,,,,,,,,,,,,,,,,,,,,,,,,,,,,,,,,,,,,,,,,,,,,,,,,,,,,,,,,,,,,,,,,,,,,,,,,,,,,,,,,,,,,,,,,,,,,,,,,,,,,,,,,,,,,,,,,,,,,,,,,,,,,,,,,,,,,,,
,,,,,,,,,,,,,,,,,,,,,,,,,,,,,,,,,,,,,,,,,,,,,,,,,,,,,,,,,,,,,,,,,,,,,,,,,,,,,,,,,,,,,,,,,,,,,,,,,,,,,,,,,,,,,,,,,,,,,,,,,,,,,,,,,,,,,,,,,,,,,,,,,,,,,,,,,,,,,,,,,,,,,,,,,,,,,,,,,,,,,,,,,,,,,,,,,,,,,,,,,,,,,,,,,,,,,,,,,,,,,,,,,,,,,,,,,,,,,,,,,,,,,,,,,,,,,,,,,,,,,,,,,,,,,,,,,,,,,,,,,,,,,,,,,,,,,,,,,,,,,,,,,,,,,,,,,,,,,,,,,,,,,,,,,,,,,,,,,,,,,,,,,,,,,,,,,,,,,,,,,,,,,,,,,,,,,,,,,,,,,,,,,,,,,,,,,,,,,,,,,,,,,,,,,,,,,,,,,,,,,,,,,,,,,,,,,,,,,,,,,,,,,,,,,,,,,,,,,,,,,,,,,,,,,,,,,,,,,,,,,,,,,,,,,,,,,,,,,,,,,,,,,,,,,,,,,,,,,,,,,,,,,,,,,,,,,,,,,,,,,,,,,,,,,,,,,,,,,,,,,,,,,,,,,,,,,,,,,,,,,,,,,,,,,,,,,,,,,,,,,,,,,,,,,,,,,,,,,,,,,,,,,,,,,,,,,,,,,,,,,,,,,,,,,,,,,,,,,,,,,,,,,,,,,,,,,,,,,,,,,,,,,,,,,,,,,,,,,,,,,,,,,,,,,,,,,,,,,,,,,,,,,,,,,,,,,,,,,,,,,,,,,,,,,,,,,,,,,,,,,,,,,,,,,,,,,,,,,,,,,,,,,,,,,,,,,,,,,,,,,,,,,,,,,,,,,,,,,,,,,,,,,,,,,,,,,,,,,,,,,,,,,,,,,,,,,,,,,,,,,,,,,,,,,,,,,,,,,,,,,,,,,,,,,,,,,,,,,,,,,,,,,,,,,,,,,,,,,,,,,,,,,,,,,,,,,,,,,,,,,,,,,,,,,,,,,,,,,,,,,,,,,,,,,,,,,,,,,,,,,,,,,,,,,,,,,,,,,,,,,,,,,,,,,,,,,,,,,,,,,,,,,,,,,,,,,,,,,,,,,,,,,,,,,,,,,,,,,,,,,,,,,,,,,,,,,,,,,,,,,,,,,,,,,,,,,,,,,,,,,,,,,,,,,,,,,,,,,,,,,,,,,,,,,,,,,,,,,,,,,,,,,,,,,,,,,,,,,,,,,,,,,,,,,,,,,,,,,,,,,,,,,,,,,,,,,,,,,,,,,,,,,,,,,,,,,,,,,,,,,,,,,,,,,,,,,,,,,,,,,,,,,,,,,,,,,,,,,,,,,,,,,,,,,,,,,,,,,,,,,,,,,,,,,,,,,,,,,,,,,,,,,,,,,,,,,,,,,,,,,,,,,,,,,,,,,,,,,,,,,,,,,,,,,,,,,,,,,,,,,,,,,,,,,,,,,,,,,,,,,,,,,,,,,,,,,,,,,,,,,,,,,,,,,,,,,,,,,,,,,,,,,,,,,,,,,,,,,,,,,,,,,,,,,,,,,,,,,,,,,,,,,,,,,,,,,,,,,,,,,,,,,,,,,,,,,,,,,,,,,,,,,,,,,,,,,,,,,,,,,,,,,,,,,,,,,,,,,,,,,,,,,,,,,,,,,,,,,,,,,,,,,,,,,,,,,,,,,,,,,,,,,,,,,,,,,,,,,,,,,,,,,,,,,,,,,,,,,,,,,,,,,,,,,,,,,,,,,,,,,,,,,,,,,,,,,,,,,,,,,,,,,,,,,,,,,,,,,,,,,,,,,,,,,,,,,,,,,,,,,,,,,,,,,,,,,,,,,,,,,,,,,,,,,,,,,,,,,,,,,,,,,,,,,,,,,,,,,,,,,,,,,,,,,,,,,,,,,,,,,,,,,,,,,,,,,,,,,,,,,,,,,,,,,,,,,,,,,,,,,,,,,,,,,,,,,,,,,,,,,,,,,,,,,,,,,,,,,,,,,,,,,,,,,,,,,,,,,,,,,,,,,,,,,,,,,,,,,,,,,,,,,,,,,,,,,,,,,,,,,,,,,,,,,,,,,,,,,,,,,,,,,,,,,,,,,,,,,,,,,,,,,,,,,,,,,,,,,,,,,,,,,,,,,,,,,,,,,,,,,,,,,,,,,,,,,,,,,,,,,,,,,,,,,,,,,,,,,,,,,,,,,,,
3444,3231,2532,2406,2451,2399,2345,2339,1990,2339,2345,2399,2451,2406,2532,3231,3704,3477,2472,2321,2398,2140,2273,2350,2270,2356,2291,2359,2307,2337,2433,3477,4076,3858,2796,2420,2322,2328,2257,2210,2190,2374,2238,2331,2350,2471,2745,3854,4209,3989,2925,2408,2507,2392,2334,2349,2175,2321,2347,2379,2364,2583,2888,3987,4016,3798,2766,2339,2484,2343,2380,2359,2349,2268,2348,2283,2283,2492,2715,3796,3742,3521,2532,2328,2262,2174,2326,2418,2282,2214,2170,2136,2300,2306,2355,3523,3505,3285,2237,2249,2179,1967,2244,2275,2180,2235,2186,2246,2290,2277,2363,3272,3823,3604,2554,2266,2347,2352,2232,2168,1979,2242,2226,2203,2315,2204,2497,3595,4011,3788,2733,2257,2352,2409,2377,2323,2260,2289,2328,2172,2284,2214,2682,3785,3882,3666,2628,2150,2310,2478,2419,2334,2299,2333,2291,2271,2164,2110,2574,3660,3483,3268,2300,2245,2344,2391,2313,2264,2362,2315,2245,2261,2109,2112,2280,3254,3134,2928,2384,2398,2320,2356,2279,2234,2289,2196,2234,2260,2159,2133,2399,2850,3111,2922,2558,2357,2488,2318,2504,2539,2561,2322,2333,2269,2449,2452,2476,2943,4085,4068,3794,3395,3092,3265,3244,3494,3519,3631,3478,3412,3429,3327,3469,3677,4539,4524,4278,3806,3434,3740,3954,4016,4014,4140,4017,3826,3915,3786,3988,4062,4591,4574,4348,3898,3813,3828,4106,4186,4130,4248,4078,3941,4027,3828,4098,4016,4158,4078,4038,3883,3821,3806,4028,4031,3927,4001,3757,3876,3825,3523,3858,3929,4503,4249,3569,3508,3508,3415,3779,3735,3508,3399,3236,3524,3376,3130,3236,4284,4613,4390,3341,3120,3072,3145,3143,3448,3237,3228,3180,3153,3161,2735,3244,4387,4804,4586,3498,3115,2919,3033,3116,3125,3123,3014,2814,2925,2898,3007,3468,4584,4702,4483,3386,2996,2796,2738,2775,2812,2838,2592,2579,2728,2709,2964,3369,4477,4261,4035,2920,2758,2748,2696,2603,2773,2794,2810,2767,2749,2685,2732,2902,4038,3783,3575,2721,2588,2697,2668,2584,2785,2857,2735,2711,2654,2597,2605,2817,3573,3553,3326,2526,2426,2559,2589,2650,2765,2597,2442,2447,2382,2583,2576,2639,3351,3428,3193,2374,2447,2522,2492,2547,2581,2686,2711,2587,2393,2612,2507,2523,3226,3633,3395,2393,2417,2488,2437,2441,2501,2628,2644,2491,2387,2479,2496,2607,3425,3635,3390,2523,2461,2461,2429,2485,2334,2436,2378,2366,2415,2532,2579,2619,3423,3232,3045,2864,2677,2627,2628,2385,2584,2696,2635,2578,2721,2768,2760,2688,3062,3089,2943,2943,2818,2672,2630,2625,2769,2734,2601,2610,2660,2658,2704,2796,2939,2825,2697,2629,2565,2614,2568,2639,2742,2649,2531,2683,2395,2521,2647,2800,2926,2811,2808,2543,2589,2549,2540,2480,2684,2657,2507,2690,2320,2452,2561,2623,2805,2858,2674,2553,2493,2478,2489,2475,2612,2643,2561,2607,2474,2351,2285,2456,2797,2947,2958,2760,2503,2523,2494,2513,2418,2541,2641,2743,2565,2409,2515,2672,2806,2954,2960,2754,2487,2488,2547,2439,2415,2540,2722,2707,2496,2410,2477,2633,2682,3001,2949,2638,2369,2292,2442,2435,2416,2404,2569,2526,2358,2281,2282,2374,2653,3112,2937,2563,2428,2240,2209,2410,2456,2348,2537,2546,2288,2379,2248,2152,2859,3407,3185,2473,2399,2362,2242,2478,2430,2369,2522,2412,2238,2394,2256,2359,3174,3451,3220,2411,2349,2395,2307,2422,2338,2371,2454,2270,2314,2323,2326,2473,3223,3134,2970,2357,2411,2439,2474,2436,2310,2489,2354,2400,2390,2421,2401,2415,2949,3076,2867,2359,2432,2377,2420,2415,2535,2814,2491,2430,2582,2569,2433,2401,2835,3118,2866,2459,2484,2493,2434,2462,2764,2990,2774,2509,2558,2441,2438,2454,2909,3107,2847,2350,2478,2443,2480,2372,2728,2943,2785,2622,2615,2516,2464,2496,2960,2942,2804,2393,2446,2455,2390,2380,2568,2727,2522,2469,2405,2333,2290,2407,2707,2883,2692,2376,2444,2487,2333,2280,2410,2577,2439,2425,2336,2312,2332,2106,2690,2718,2528,2472,2394,2313,2322,2332,2368,2539,2514,2532,2526,2294,2460,2445,2651,2770,2486,2390,2306,2413,2376,2264,2258,2305,2403,2386,2449,2331,2400,2433,2627,2577,2442,2331,2320,2430,2342,2342,2204,2228,2468,2449,2406,2382,2373,2198,2420,2733,2508,2289,2274,2406,2306,2327,2308,2276,2435,2386,2272,2305,2318,2281,2589,2852,2613,2282,2285,2198,2234,2314,2296,2270,2364,2319,2315,2316,2390,2423,2690,2711,2567,2410,2306,2398,2322,2462,2380,2423,2417,2520,2484,2342,2329,2469,2675,2631,2478,2500,2256,2454,2405,2551,2484,2513,2390,2461,2490,2404,2401,2514,2678,2814,2458,2426,2384,2395,2463,2517,2513,2423,2416,2260,2363,2434,2382,2431,2679,2969,2724,2225,2299,2413,2346,2338,2432,2367,2475,2423,2327,2321,2329,2404,2732,2898,2648,2368,2294,2250,2303,2398,2493,2440,2474,2359,2360,2255,2251,2335,2618,2862,2631,2202,2281,2123,2241,2326,2477,2444,2346,2151,2248,2397,2370,2151,2654,2771,2550,2317,2248,2229,2130,2255,2486,2388,2351,2289,2073,2263,2295,2132,2531,2698,2524,2404,2252,2319,2326,2296,2336,2357,2199,2220,2186,2268,2252,2307,2373,2729,2558,2266,2283,2307,2167,2360,2323,2223,2199,2130,2078,2224,2168,2260,2574,2678,2573,2256,2410,2407,2115,2304,2399,2311,2283,2283,2161,2168,2206,2116,2464,2756,2579,2306,2288,2215,2240,2245,2355,2276,2231,2327,2330,2253,2136,2061,2526,2725,2509,2311,2199,2162,2317,2186,2384,2455,2262,2282,2385,2301,2244,2227,2437,2574,2409,2299,2161,2239,2202,2282,2315,2434,2426,2459,2429,2312,2132,2270,2374,2472,2308,2237,2251,2182,2177,2233,2297,2386,2386,2464,2320,2238,2218,2148,2372,3326,3115,2241,2313,2338,2330,2239,2283,2284,2332,2309,2264,2267,2269,2221,3087,3834,3628,2557,2381,2275,2330,2401,2309,2519,2559,2366,2382,2391,2423,2549,3593,4084,3865,2801,2720,2561,2712,2755,2822,2960,2787,2777,2779,2641,2750,2752,3837,4113,3897,2818,2633,2618,2896,2936,2985,3153,3070,2916,2795,2609,2904,2939,3862,4115,3881,2813,2395,2535,2720,2814,2934,3060,3013,2792,2610,2672,2795,2902,3899,4152,3917,2706,2559,2246,2508,2461,2714,2796,2690,2535,2514,2614,2679,2750,3930,3770,3536,2417,2313,2347,2158,2503,2535,2496,2421,2410,2383,2596,2491,2581,3546,3294,3102,2296,2147,2255,2210,2376,2349,2386,2384,2353,2157,2364,2435,2418,3011,3132,2932,2286,2232,2245,2294,2295,2201,2410,2411,2394,2352,2270,2404,2314,2885,2845,2618,2296,2152,2273,2250,2318,2276,2448,2494,2444,2420,2262,2305,2298,2690,2892,2730,2211,2166,2304,2286,2262,2232,2489,2411,2457,2253,2097,2187,2296,2732,2853,2714,2352,2369,2328,2387,2388,2385,2447,2375,2301,2297,2278,2247,2284,2665,2741,2554,2355,2276,2317,2346,2415,2357,2289,2228,2268,2209,2272,2207,2251,2485,2705,2486,2228,2202,2313,2353,2381,2349,2366,2350,2250,2274,2336,2239,2363,2536,2918,2706,2337,2186,2352,2386,2234,2382,2389,2500,2372,2298,2275,2268,2448,2768,2902,2835,2625,2385,2382,2412,2614,2762,2742,2624,2345,2385,2330,2265,2569,2789,2852,2783,2704,2469,2466,2517,2737,2727,2790,2698,2437,2523,2537,2461,2616,2802,3110,2970,2609,2374,2349,2452,2517,2451,2556,2466,2394,2530,2548,2452,2483,2882,3388,3172,2415,2408,2406,2330,2249,2554,2555,2482,2457,2499,2440,2410,2453,3152,3329,3135,2355,2348,2461,2403,2329,2500,2622,2542,2448,2378,2271,2210,2263,3096,3106,2842,2370,2367,2246,2341,2303,2573,2664,2544,2330,2400,2320,2354,2476,2895,3105,2979,2530,2389,2126,2172,2440,2720,2776,2651,2269,2524,2469,2520,2637,2866,3040,2885,2413,2232,2346,2357,2421,2551,2733,2657,2279,2474,2430,2510,2540,2863,2950,2730,2345,2291,2298,2400,2380,2498,2469,2445,2272,2101,2358,2451,2382,2764,2910,2668,2197,2293,2346,2405,2411,2421,2472,2319,2247,2329,2378,2438,2353,2729,3112,2932,2447,2349,2315,2408,2422,2651,2687,2476,2371,2329,2282,2378,2449,2810,3021,2888,2468,2067,2390,2358,2397,2660,2719,2617,2361,2253,2300,2259,2482,2826,2941,2652,2321,2215,2302,2342,2464,2641,2759,2646,2444,2355,2395,2334,2213,2740,2948,2776,2248,2211,2207,2300,2423,2489,2573,2513,2493,2350,2243,2414,2326,2699,2942,2703,2283,2251,2211,2315,2372,2398,2439,2397,2388,2299,2272,2386,2364,2763,2865,2523,2250,2273,2177,2263,2223,2520,2551,2418,2386,2368,2334,2348,2393,2698,2801,2543,2263,2265,2172,2221,2327,2487,2557,2394,2341,2274,2412,2347,2334,2703,2857,2531,2272,2295,2440,2288,2308,2335,2406,2307,2297,2272,2452,2508,2449,2759,2913,2617,2311,2285,2429,2261,2306,2173,2353,2271,2135,2308,2323,2344,2361,2799,2823,2551,2330,2312,2354,2337,2386,2315,2456,2338,2409,2314,2272,2291,2382,2680,2616,2372,2166,2166,2322,2339,2381,2264,2473,2372,2376,2322,2284,2390,2384,2587,2926,2713,2271,2124,2189,2297,2251,2170,2464,2318,2262,2272,2453,2494,2477,2739,3096,2883,2269,2238,2269,2248,2287,2232,2237,2278,2177,2074,2344,2488,2408,2877,3160,2941,2293,2334,2324,2416,2374,2243,2107,2277,2270,2312,2306,2337,2253,2934,3109,2881,2304,2235,2324,2463,2509,2379,2274,2304,2334,2338,2315,2161,2318,2901,2933,2716,2218,2276,2342,2347,2353,2321,2362,2292,2289,2318,2305,2171,2240,2746,2884,2700,2146,2237,2248,2202,2226,2271,2342,2312,2367,2260,2275,2244,2209,2638,2841,2604,2045,2255,2303,2303,2270,2392,2367,2422,2443,2311,2408,2372,2237,2612,2721,2489,2274,2274,2276,2291,2409,2418,2407,2451,2377,2256,2378,2359,2340,2536,3135,2919,2395,2161,2180,2226,2381,2338,2415,2448,2309,2044,2364,2409,2398,2907,3565,3341,2374,2394,2324,2269,2290,2342,2373,2433,2326,2202,2324,2384,2455,3348,3629,3410,2365,2456,2280,2247,2133,2285,2406,2381,2414,2242,2256,2348,2459,3412,3423,3195,2410,2278,2176,2255,1991,2307,2255,2230,2377,2118,2377,2336,2429,3203,3126,2899,2338,2290,2270,2431,2302,2363,2412,2179,2233,2151,2333,2307,2345,2920,3203,2985,2359,2399,2189,2306,2385,2356,2288,2367,2367,2379,2433,2430,2402,2989,3516,3289,2350,2449,2396,2330,2375,2195,2347,2414,2297,2335,2438,2470,2401,3291,3863,3635,2511,2391,2424,2201,2272,2473,2829,2845,2469,2400,2380,2406,2636,3645,4044,3823,2702,2430,2366,2200,2352,2753,3078,3058,2620,2380,2342,2339,2741,3829,3952,3726,2624,2301,2324,2275,2269,2815,3023,2901,2449,2218,2230,2264,2551,3728,3617,3395,2370,2259,2168,2125,2302,2593,2674,2505,2362,2216,2317,2319,2338,3387,3078,2874,2103,2135,2184,2225,2244,2203,2282,2287,2232,2083,2192,2172,2227,2839,3354,3147,2275,2243,2202,2304,2175,2320,2256,2190,2191,2049,2016,2285,2328,3130,3493,3279,2319,2155,2175,2286,2293,2348,2219,2214,2173,2220,2226,2322,2310,3263,3318,3100,2174,2159,2146,2160,2205,2254,2197,2180,2168,2231,2313,2315,2319,3081,3066,2838,2121,2145,2045,2038,2050,1912,1995,2097,2160,2107,2115,2205,2229,2832,2875,2673,2001,2014,2068,2137,2142,2021,1984,2035,1983,2053,2009,2168,2170,2634,2672,2463,1967,2011,2158,2067,2051,1982,2159,2045,1871,2006,1960,1816,1990,2468,2386,2082,2021,2103,1831,2021,2091,2031,2155,2025,1864,2035,2058,1993,1972,2179,2258,2068,2011,2006,1937,1922,1954,1880,2116,2006,1887,1930,1944,2078,2004,2036,2262,1998,2078,1938,1936,1950,1941,2091,1991,1926,2113,2049,1954,1880,1934,2089
,,,,,,,,,,,,,,,,,,,,,,,,,,,,,,,,,,,,,,,,,,,,,,,,,,,,,,,,,,,,,,,,,,,,,,,,,,,,,,,,,,,,,,,,,,,,,,,,,,,,,,,,,,,,,,,,,,,,,,,,,,,,,,,,,,,,,,,,,,,,,,,,,,,,,,,,,,,,,,,,,,,,,,,,,,,,,,,,,,,,,,,,,,,,,,,,,,,,,,,,,,,,,,,,,,,,,,,,,,,,,,,,,,,,,,,,,,,,,,,,,,,,,,,,,,,,,,,,,,,,,,,,,,,,,,,,,,,,,,,,,,,,,,,,,,,,,,,,,,,,,,,,,,,,,,,,,,,,,,,,,,,,,,,,,,,,,,,,,,,,,,,,,,,,,,,,,,,,,,,,,,,,,,,,,,,,,,,,,,,,,,,,,,,,,,,,,,,,,,,,,,,,,,,,,,,,,,,,,,,,,,,,,,,,,,,,,,,,,,,,,,,,,,,,,,,,,,,,,,,,,,,,,,,,,,,,,,,,,,,,,,,,,,,,,,,,,,,,,,,,,,,,,,,,,,,,,,,,,,,,,,,,,,,,,,,,,,,,,,,,,,,,,,,,,,,,,,,,,,,,,,,,,,,,,,,,,,,,,,,,,,,,,,,,,,,,,,,,,,,,,,,,,,,,,,,,,,,,,,,,,,,,,,,,,,,,,,,,,,,,,,,,,,,,,,,,,,,,,,,,,,,,,,,,,,,,,,,,,,,,,,,,,,,,,,,,,,,,,,,,,,,,,,,,,,,,,,,,,,,,,,,,,,,,,,,,,,,,,,,,,,,,,,,,,,,,,,,,,,,,,,,,,,,,,,,,,,,,,,,,,,,,,,,,,,,,,,,,,,,,,,,,,,,,,,,,,,,,,,,,,,,,,,,,,,,,,,,,,,,,,,,,,,,,,,,,,,,,,,,,,,,,,,,,,,,,,,,,,,,,,,,,,,,,,,,,,,,,,,,,,,,,,,,,,,,,,,,,,,,,,,,,,,,,,,,,,,,,,,,,,,,,,,,,,,,,,,,,,,,,,,,,,,,,,,,,,,,,,,,,,,,,,,,,,,,,,,,,,,,,,,,,,,,,,,,,,,,,,,,,,,,,,,,,,,,,,,,,,,,,,,,,,,,,,,,,,,,,,,,,,,,,,,,,,,,,,,,,,,,,,,,,,,,,,,,,,,,,,,,,,,,,,,,,,,,,,,,,,,,,,,,,,,,,,,,,,,,,,,,,,,,,,,,,,,,,,,,,,,,,,,,,,,,,,,,,,,,,,,,,,,,,,,,,,,,,,,,,,,,,,,,,,,,,,,,,,,,,,,,,,,,,,,,,,,,,,,,,,,,,,,,,,,,,,,,,,,,,,,,,,,,,,,,,,,,,,,,,,,,,,,,,,,,,,,,,,,,,,,,,,,,,,,,,,,,,,,,,,,,,,,,,,,,,,,,,,,,,,,,,,,,,,,,,,,,,,,,,,,,,,,,,,,,,,,,,,,,,,,,,,,,,,,,,,,,,,,,,,,,,,,,,,,,,,,,,,,,,,,,,,,,,,,,,,,,,,,,,,,,,,,,,,,,,,,,,,,,,,,,,,,,,,,,,,,,,,,,,,,,,,,,,,,,,,,,,,,,,,,,,,,,,,,,,,,,,,,,,,,,,,,,,,,,,,,,,,,,,,,,,,,,,,,,,,,,,,,,,,,,,,,,,,,,,,,,,,,,,,,,,,,,,,,,,,,,,,,,,,,,,,,,,,,,,,,,,,,,,,,,,,,,,,,,,,,,,,,,,,,,,,,,,,,,,,,,,,,,,,,,,,,,,,,,,,,,,,,,,,,,,,,,,,,,,,,,,,,,,,,,,,,,,,,,,,,,,,,,,,,,,,,,,,,,,,,,,,,,,,,,,,,,,,,,,,,,,,,,,,,,,,,,,,,,,,,,,,,,,,,,,,,,,,,,,,,,,,,,,,,,,,,,,,,,,,,,,,,,,,,,,,,,,,,,,,,,,,,,,,,,,,,,,,,,,,,,,,,,,,,,,,,,,,,,,,,,,,,,,,,,,,,,,,,,,,,,,,,,,,,,,,,,,,,,,,,,,,,,,,,,,,,,,,,,,,,,,,,,,,,,,,,,,,,,,,,,,,,,,,,,,,,,,,,,,,,,,,,,,,,,,,,,,,,,,,,,,,,,,,,,,,,,,,,,,,,,,,,,,,,,,,,,,,,,,,,,,,,,,,,,,,,,,,,,
,,,,,,,,,,,,,,,,,,,,,,,,,,,,,,,,,,,,,,,,,,,,,,,,,,,,,,,,,,,,,,,,,,,,,,,,,,,,,,,,,,,,,,,,,,,,,,,,,,,,,,,,,,,,,,,,,,,,,,,,,,,,,,,,,,,,,,,,,,,,,,,,,,,,,,,,,,,,,,,,,,,,,,,,,,,,,,,,,,,,,,,,,,,,,,,,,,,,,,,,,,,,,,,,,,,,,,,,,,,,,,,,,,,,,,,,,,,,,,,,,,,,,,,,,,,,,,,,,,,,,,,,,,,,,,,,,,,,,,,,,,,,,,,,,,,,,,,,,,,,,,,,,,,,,,,,,,,,,,,,,,,,,,,,,,,,,,,,,,,,,,,,,,,,,,,,,,,,,,,,,,,,,,,,,,,,,,,,,,,,,,,,,,,,,,,,,,,,,,,,,,,,,,,,,,,,,,,,,,,,,,,,,,,,,,,,,,,,,,,,,,,,,,,,,,,,,,,,,,,,,,,,,,,,,,,,,,,,,,,,,,,,,,,,,,,,,,,,,,,,,,,,,,,,,,,,,,,,,,,,,,,,,,,,,,,,,,,,,,,,,,,,,,,,,,,,,,,,,,,,,,,,,,,,,,,,,,,,,,,,,,,,,,,,,,,,,,,,,,,,,,,,,,,,,,,,,,,,,,,,,,,,,,,,,,,,,,,,,,,,,,,,,,,,,,,,,,,,,,,,,,,,,,,,,,,,,,,,,,,,,,,,,,,,,,,,,,,,,,,,,,,,,,,,,,,,,,,,,,,,,,,,,,,,,,,,,,,,,,,,,,,,,,,,,,,,,,,,,,,,,,,,,,,,,,,,,,,,,,,,,,,,,,,,,,,,,,,,,,,,,,,,,,,,,,,,,,,,,,,,,,,,,,,,,,,,,,,,,,,,,,,,,,,,,,,,,,,,,,,,,,,,,,,,,,,,,,,,,,,,,,,,,,,,,,,,,,,,,,,,,,,,,,,,,,,,,,,,,,,,,,,,,,,,,,,,,,,,,,,,,,,,,,,,,,,,,,,,,,,,,,,,,,,,,,,,,,,,,,,,,,,,,,,,,,,,,,,,,,,,,,,,,,,,,,,,,,,,,,,,,,,,,,,,,,,,,,,,,,,,,,,,,,,,,,,,,,,,,,,,,,,,,,,,,,,,,,,,,,,,,,,,,,,,,,,,,,,,,,,,,,,,,,,,,,,,,,,,,,,,,,,,,,,,,,,,,,,,,,,,,,,,,,,,,,,,,,,,,,,,,,,,,,,,,,,,,,,,,,,,,,,,,,,,,,,,,,,,,,,,,,,,,,,,,,,,,,,,,,,,,,,,,,,,,,,,,,,,,,,,,,,,,,,,,,,,,,,,,,,,,,,,,,,,,,,,,,,,,,,,,,,,,,,,,,,,,,,,,,,,,,,,,,,,,,,,,,,,,,,,,,,,,,,,,,,,,,,,,,,,,,,,,,,,,,,,,,,,,,,,,,,,,,,,,,,,,,,,,,,,,,,,,,,,,,,,,,,,,,,,,,,,,,,,,,,,,,,,,,,,,,,,,,,,,,,,,,,,,,,,,,,,,,,,,,,,,,,,,,,,,,,,,,,,,,,,,,,,,,,,,,,,,,,,,,,,,,,,,,,,,,,,,,,,,,,,,,,,,,,,,,,,,,,,,,,,,,,,,,,,,,,,,,,,,,,,,,,,,,,,,,,,,,,,,,,,,,,,,,,,,,,,,,,,,,,,,,,,,,,,,,,,,,,,,,,,,,,,,,,,,,,,,,,,,,,,,,,,,,,,,,,,,,,,,,,,,,,,,,,,,,,,,,,,,,,,,,,,,,,,,,,,,,,,,,,,,,,,,,,,,,,,,,,,,,,,,,,,,,,,,,,,,,,,,,,,,,,,,,,,,,,,,,,,,,,,,,,,,,,,,,,,,,,,,,,,,,,,,,,,,,,,,,,,,,,,,,,,,,,,,,,,,,,,,,,,,,,,,,,,,,,,,,,,,,,,,,,,,,,,,,,,,,,,,,,,,,,,,,,,,,,,,,,,,,,,,,,,,,,,,,,,,,,,,,,,,,,,,,,,,,,,,,,,,,,,,,,,,,,,,,,,,,,,,,,,,,,,,,,,,,,,,,,,,,,,,,,,,,,,,,,,,,,,,,,,,,,,,,,,,,,,,,,,,,,,,,,,,,,,,,,,,,,,,,,,,,,,,,,,,,,,,,,,,,,,,,,,,,,,,,,,,,,
,,,,,,,,,,,,,,,,,,,,,,,,,,,,,,,,,,,,,,,,,,,,,,,,,,,,,,,,,,,,,,,,,,,,,,,,,,,,,,,,,,,,,,,,,,,,,,,,,,,,,,,,,,,,,,,,,,,,,,,,,,,,,,,,,,,,,,,,,,,,,,,,,,,,,,,,,,,,,,,,,,,,,,,,,,,,,,,,,,,,,,,,,,,,,,,,,,,,,,,,,,,,,,,,,,,,,,,,,,,,,,,,,,,,,,,,,,,,,,,,,,,,,,,,,,,,,,,,,,,,,,,,,,,,,,,,,,,,,,,,,,,,,,,,,,,,,,,,,,,,,,,,,,,,,,,,,,,,,,,,,,,,,,,,,,,,,,,,,,,,,,,,,,,,,,,,,,,,,,,,,,,,,,,,,,,,,,,,,,,,,,,,,,,,,,,,,,,,,,,,,,,,,,,,,,,,,,,,,,,,,,,,,,,,,,,,,,,,,,,,,,,,,,,,,,,,,,,,,,,,,,,,,,,,,,,,,,,,,,,,,,,,,,,,,,,,,,,,,,,,,,,,,,,,,,,,,,,,,,,,,,,,,,,,,,,,,,,,,,,,,,,,,,,,,,,,,,,,,,,,,,,,,,,,,,,,,,,,,,,,,,,,,,,,,,,,,,,,,,,,,,,,,,,,,,,,,,,,,,,,,,,,,,,,,,,,,,,,,,,,,,,,,,,,,,,,,,,,,,,,,,,,,,,,,,,,,,,,,,,,,,,,,,,,,,,,,,,,,,,,,,,,,,,,,,,,,,,,,,,,,,,,,,,,,,,,,,,,,,,,,,,,,,,,,,,,,,,,,,,,,,,,,,,,,,,,,,,,,,,,,,,,,,,,,,,,,,,,,,,,,,,,,,,,,,,,,,,,,,,,,,,,,,,,,,,,,,,,,,,,,,,,,,,,,,,,,,,,,,,,,,,,,,,,,,,,,,,,,,,,,,,,,,,,,,,,,,,,,,,,,,,,,,,,,,,,,,,,,,,,,,,,,,,,,,,,,,,,,,,,,,,,,,,,,,,,,,,,,,,,,,,,,,,,,,,,,,,,,,,,,,,,,,,,,,,,,,,,,,,,,,,,,,,,,,,,,,,,,,,,,,,,,,,,,,,,,,,,,,,,,,,,,,,,,,,,,,,,,,,,,,,,,,,,,,,,,,,,,,,,,,,,,,,,,,,,,,,,,,,,,,,,,,,,,,,,,,,,,,,,,,,,,,,,,,,,,,,,,,,,,,,,,,,,,,,,,,,,,,,,,,,,,,,,,,,,,,,,,,,,,,,,,,,,,,,,,,,,,,,,,,,,,,,,,,,,,,,,,,,,,,,,,,,,,,,,,,,,,,,,,,,,,,,,,,,,,,,,,,,,,,,,,,,,,,,,,,,,,,,,,,,,,,,,,,,,,,,,,,,,,,,,,,,,,,,,,,,,,,,,,,,,,,,,,,,,,,,,,,,,,,,,,,,,,,,,,,,,,,,,,,,,,,,,,,,,,,,,,,,,,,,,,,,,,,,,,,,,,,,,,,,,,,,,,,,,,,,,,,,,,,,,,,,,,,,,,,,,,,,,,,,,,,,,,,,,,,,,,,,,,,,,,,,,,,,,,,,,,,,,,,,,,,,,,,,,,,,,,,,,,,,,,,,,,,,,,,,,,,,,,,,,,,,,,,,,,,,,,,,,,,,,,,,,,,,,,,,,,,,,,,,,,,,,,,,,,,,,,,,,,,,,,,,,,,,,,,,,,,,,,,,,,,,,,,,,,,,,,,,,,,,,,,,,,,,,,,,,,,,,,,,,,,,,,,,,,,,,,,,,,,,,,,,,,,,,,,,,,,,,,,,,,,,,,,,,,,,,,,,,,,,,,,,,,,,,,,,,,,,,,,,,,,,,,,,,,,,,,,,,,,,,,,,,,,,,,,,,,,,,,,,,,,,,,,,,,,,,,,,,,,,,,,,,,,,,,,,,,,,,,,,,,,,,,,,,,,,,,,,,,,,,,,,,,,,,,,,,,,,,,,,,,,,,,,,,,,,,,,,,,,,,,,,,,,,,,,,,,,,,,,,,,,,,,,,,,,,,,,,,,,,,,,,,,,,,,,,,,,,,,,,,,,,,,,,,,,,,,,,,,,,,,,,,,,,,,,,,,,,,,,,,,,,,,,,,,,,,,,,,,,,,,,,,,,,,,,,,,,,,,,,,,,,,,,,,,,,,,,,,,,,,,,,,,,,,,,,,,,,,,,,,,,,
,,,,,,,,,,,,,,,,,,,,,,,,,,,,,,,,,,,,,,,,,,,,,,,,,,,,,,,,,,,,,,,,,,,,,,,,,,,,,,,,,,,,,,,,,,,,,,,,,,,,,,,,,,,,,,,,,,,,,,,,,,,,,,,,,,,,,,,,,,,,,,,,,,,,,,,,,,,,,,,,,,,,,,,,,,,,,,,,,,,,,,,,,,,,,,,,,,,,,,,,,,,,,,,,,,,,,,,,,,,,,,,,,,,,,,,,,,,,,,,,,,,,,,,,,,,,,,,,,,,,,,,,,,,,,,,,,,,,,,,,,,,,,,,,,,,,,,,,,,,,,,,,,,,,,,,,,,,,,,,,,,,,,,,,,,,,,,,,,,,,,,,,,,,,,,,,,,,,,,,,,,,,,,,,,,,,,,,,,,,,,,,,,,,,,,,,,,,,,,,,,,,,,,,,,,,,,,,,,,,,,,,,,,,,,,,,,,,,,,,,,,,,,,,,,,,,,,,,,,,,,,,,,,,,,,,,,,,,,,,,,,,,,,,,,,,,,,,,,,,,,,,,,,,,,,,,,,,,,,,,,,,,,,,,,,,,,,,,,,,,,,,,,,,,,,,,,,,,,,,,,,,,,,,,,,,,,,,,,,,,,,,,,,,,,,,,,,,,,,,,,,,,,,,,,,,,,,,,,,,,,,,,,,,,,,,,,,,,,,,,,,,,,,,,,,,,,,,,,,,,,,,,,,,,,,,,,,,,,,,,,,,,,,,,,,,,,,,,,,,,,,,,,,,,,,,,,,,,,,,,,,,,,,,,,,,,,,,,,,,,,,,,,,,,,,,,,,,,,,,,,,,,,,,,,,,,,,,,,,,,,,,,,,,,,,,,,,,,,,,,,,,,,,,,,,,,,,,,,,,,,,,,,,,,,,,,,,,,,,,,,,,,,,,,,,,,,,,,,,,,,,,,,,,,,,,,,,,,,,,,,,,,,,,,,,,,,,,,,,,,,,,,,,,,,,,,,,,,,,,,,,,,,,,,,,,,,,,,,,,,,,,,,,,,,,,,,,,,,,,,,,,,,,,,,,,,,,,,,,,,,,,,,,,,,,,,,,,,,,,,,,,,,,,,,,,,,,,,,,,,,,,,,,,,,,,,,,,,,,,,,,,,,,,,,,,,,,,,,,,,,,,,,,,,,,,,,,,,,,,,,,,,,,,,,,,,,,,,,,,,,,,,,,,,,,,,,,,,,,,,,,,,,,,,,,,,,,,,,,,,,,,,,,,,,,,,,,,,,,,,,,,,,,,,,,,,,,,,,,,,,,,,,,,,,,,,,,,,,,,,,,,,,,,,,,,,,,,,,,,,,,,,,,,,,,,,,,,,,,,,,,,,,,,,,,,,,,,,,,,,,,,,,,,,,,,,,,,,,,,,,,,,,,,,,,,,,,,,,,,,,,,,,,,,,,,,,,,,,,,,,,,,,,,,,,,,,,,,,,,,,,,,,,,,,,,,,,,,,,,,,,,,,,,,,,,,,,,,,,,,,,,,,,,,,,,,,,,,,,,,,,,,,,,,,,,,,,,,,,,,,,,,,,,,,,,,,,,,,,,,,,,,,,,,,,,,,,,,,,,,,,,,,,,,,,,,,,,,,,,,,,,,,,,,,,,,,,,,,,,,,,,,,,,,,,,,,,,,,,,,,,,,,,,,,,,,,,,,,,,,,,,,,,,,,,,,,,,,,,,,,,,,,,,,,,,,,,,,,,,,,,,,,,,,,,,,,,,,,,,,,,,,,,,,,,,,,,,,,,,,,,,,,,,,,,,,,,,,,,,,,,,,,,,,,,,,,,,,,,,,,,,,,,,,,,,,,,,,,,,,,,,,,,,,,,,,,,,,,,,,,,,,,,,,,,,,,,,,,,,,,,,,,,,,,,,,,,,,,,,,,,,,,,,,,,,,,,,,,,,,,,,,,,,,,,,,,,,,,,,,,,,,,,,,,,,,,,,,,,,,,,,,,,,,,,,,,,,,,,,,,,,,,,,,,,,,,,,,,,,,,,,,,,,,,,,,,,,,,,,,,,,,,,,,,,,,,,,,,,,,,,,,,,,,,,,,,,,,,,,,,,,,,,,,,,,,,,,,,,,,,,,,,,,,,,,,,,,,,,,,,,,,,,,,,,,,,,,,,,,,,,,,,,,,,,,,,,,,,,,,,,,,,,,,,,,,,,,,,,,,,,,,,,,,,,,,,,,,,,,,,,,,,,,,,,,,,,,,,,,,,,,,,,,
,,,,,,,,,,,,,,,,,,,,,,,,,,,,,,,,,,,,,,,,,,,,,,,,,,,,,,,,,,,,,,,,,,,,,,,,,,,,,,,,,,,,,,,,,,,,,,,,,,,,,,,,,,,,,,,,,,,,,,,,,,,,,,,,,,,,,,,,,,,,,,,,,,,,,,,,,,,,,,,,,,,,,,,,,,,,,,,,,,,,,,,,,,,,,,,,,,,,,,,,,,,,,,,,,,,,,,,,,,,,,,,,,,,,,,,,,,,,,,,,,,,,,,,,,,,,,,,,,,,,,,,,,,,,,,,,,,,,,,,,,,,,,,,,,,,,,,,,,,,,,,,,,,,,,,,,,,,,,,,,,,,,,,,,,,,,,,,,,,,,,,,,,,,,,,,,,,,,,,,,,,,,,,,,,,,,,,,,,,,,,,,,,,,,,,,,,,,,,,,,,,,,,,,,,,,,,,,,,,,,,,,,,,,,,,,,,,,,,,,,,,,,,,,,,,,,,,,,,,,,,,,,,,,,,,,,,,,,,,,,,,,,,,,,,,,,,,,,,,,,,,,,,,,,,,,,,,,,,,,,,,,,,,,,,,,,,,,,,,,,,,,,,,,,,,,,,,,,,,,,,,,,,,,,,,,,,,,,,,,,,,,,,,,,,,,,,,,,,,,,,,,,,,,,,,,,,,,,,,,,,,,,,,,,,,,,,,,,,,,,,,,,,,,,,,,,,,,,,,,,,,,,,,,,,,,,,,,,,,,,,,,,,,,,,,,,,,,,,,,,,,,,,,,,,,,,,,,,,,,,,,,,,,,,,,,,,,,,,,,,,,,,,,,,,,,,,,,,,,,,,,,,,,,,,,,,,,,,,,,,,,,,,,,,,,,,,,,,,,,,,,,,,,,,,,,,,,,,,,,,,,,,,,,,,,,,,,,,,,,,,,,,,,,,,,,,,,,,,,,,,,,,,,,,,,,,,,,,,,,,,,,,,,,,,,,,,,,,,,,,,,,,,,,,,,,,,,,,,,,,,,,,,,,,,,,,,,,,,,,,,,,,,,,,,,,,,,,,,,,,,,,,,,,,,,,,,,,,,,,,,,,,,,,,,,,,,,,,,,,,,,,,,,,,,,,,,,,,,,,,,,,,,,,,,,,,,,,,,,,,,,,,,,,,,,,,,,,,,,,,,,,,,,,,,,,,,,,,,,,,,,,,,,,,,,,,,,,,,,,,,,,,,,,,,,,,,,,,,,,,,,,,,,,,,,,,,,,,,,,,,,,,,,,,,,,,,,,,,,,,,,,,,,,,,,,,,,,,,,,,,,,,,,,,,,,,,,,,,,,,,,,,,,,,,,,,,,,,,,,,,,,,,,,,,,,,,,,,,,,,,,,,,,,,,,,,,,,,,,,,,,,,,,,,,,,,,,,,,,,,,,,,,,,,,,,,,,,,,,,,,,,,,,,,,,,,,,,,,,,,,,,,,,,,,,,,,,,,,,,,,,,,,,,,,,,,,,,,,,,,,,,,,,,,,,,,,,,,,,,,,,,,,,,,,,,,,,,,,,,,,,,,,,,,,,,,,,,,,,,,,,,,,,,,,,,,,,,,,,,,,,,,,,,,,,,,,,,,,,,,,,,,,,,,,,,,,,,,,,,,,,,,,,,,,,,,,,,,,,,,,,,,,,,,,,,,,,,,,,,,,,,,,,,,,,,,,,,,,,,,,,,,,,,,,,,,,,,,,,,,,,,,,,,,,,,,,,,,,,,,,,,,,,,,,,,,,,,,,,,,,,,,,,,,,,,,,,,,,,,,,,,,,,,,,,,,,,,,,,,,,,,,,,,,,,,,,,,,,,,,,,,,,,,,,,,,,,,,,,,,,,,,,,,,,,,,,,,,,,,,,,,,,,,,,,,,,,,,,,,,,,,,,,,,,,,,,,,,,,,,,,,,,,,,,,,,,,,,,,,,,,,,,,,,,,,,,,,,,,,,,,,,,,,,,,,,,,,,,,,,,,,,,,,,,,,,,,,,,,,,,,,,,,,,,,,,,,,,,,,,,,,,,,,,,,,,,,,,,,,,,,,,,,,,,,,,,,,,,,,,,,,,,,,,,,,,,,,,,,,,,,,,,,,,,,,,,,,,,,,,,,,,,,,,,,,,,,,,,,,,,,,,,,,,,,,,,,,,,,,,,,,,,,,,,,,,,,,,,,,,,,,,,,,,,,,,,,,,,,,,,,,,,,,,,,,,,,,,,,,,,,,,,,,,,,,,,,,,,,,,,,,,,,,
3463,3230,2419,2237,2404,2383,2294,2121,1891,2121,2294,2382,2404,2237,2419,3230,3707,3485,2535,2316,2249,2251,2192,2126,2192,2217,2343,2380,2418,2370,2183,3484,4075,3857,2798,2321,2394,2180,2252,2226,2195,2323,2274,2268,2375,2434,2635,3851,4209,3986,2882,2461,2404,2366,2225,2278,2261,2233,2371,2336,2334,2576,2812,3986,4014,3795,2707,2430,2359,2426,2255,2339,2321,2294,2296,2251,2293,2400,2663,3792,3748,3521,2424,2370,2268,2237,2224,2319,2232,2282,2250,2299,2251,2286,2526,3530,3513,3293,2176,2291,2260,2211,2125,2243,2228,2179,2327,2360,2250,2265,2319,3287,3822,3596,2383,2412,2376,2348,2261,2258,2204,2184,2262,2336,2120,2294,2501,3595,4007,3780,2595,2241,2440,2228,2310,2312,2286,2244,2331,2396,2297,2367,2623,3783,3878,3656,2537,2070,2310,2325,2363,2319,2419,2332,2237,2232,2349,2254,2511,3660,3468,3236,2492,2204,2329,2313,2353,2263,2361,2301,2215,2177,2235,2326,2470,3261,3156,2952,2439,2323,2275,2393,2366,2390,2455,2438,2335,2284,2261,2257,2401,2909,3094,2871,2602,2448,2565,2516,2579,2470,2502,2552,2458,2508,2575,2596,2574,2859,4073,3789,3661,3220,3374,3071,3417,3673,3760,3750,3542,3208,3428,3308,3589,3979,4588,4363,3989,3755,3520,3555,3724,4114,4253,4228,3977,3546,3782,3683,4005,4443,4658,4463,3732,3809,3765,3930,4027,4141,4312,4282,3959,3767,3869,3563,4006,4492,4394,4157,3902,3642,3800,3953,4099,4012,3992,3871,3752,3664,3653,3687,3759,4284,4542,4296,3595,3389,3496,3634,3846,3783,3595,3638,3601,3203,3004,3395,3357,4346,4614,4387,3341,3142,3062,3152,3379,3388,3261,3253,3196,2767,2934,2986,3298,4390,4805,4580,3389,3158,2937,3039,3107,3164,3109,2915,2853,2751,2907,2934,3547,4590,4703,4476,3290,3058,2731,2848,2814,2701,2766,2623,2535,2715,2859,2896,3483,4485,4268,4042,2906,2712,2657,2627,2799,2811,2872,2680,2477,2443,2797,2958,3156,4050,3769,3539,2516,2523,2718,2645,2810,2602,2678,2620,2547,2363,2578,2833,2814,3545,3513,3308,2513,2379,2519,2599,2679,2468,2516,2566,2486,2500,2512,2608,2696,3316,3392,3208,2430,2339,2445,2503,2603,2394,2593,2529,2562,2540,2578,2687,2673,2951,3642,3424,2290,2399,2445,2216,2408,2519,2466,2494,2552,2408,2463,2547,2561,3404,3653,3442,2611,2572,2431,2533,2606,2572,2446,2523,2487,2203,2517,2615,2485,3418,3222,3004,3012,2706,2851,2940,3007,3040,2977,2843,2795,2736,2775,2884,2832,3063,3106,3196,3113,2745,2931,3040,3131,3106,3015,2805,2801,2885,2764,2690,2895,3071,3088,3092,2940,2665,2718,2876,3000,2895,2751,2652,2595,2777,2810,2779,2580,2945,2799,2573,2630,2551,2522,2544,2696,2706,2663,2659,2381,2533,2549,2448,2399,2662,2846,2725,2573,2464,2432,2378,2574,2695,2728,2655,2541,2409,2327,2285,2329,2533,3016,2808,2709,2400,2501,2483,2607,2817,2828,2758,2538,2399,2442,2442,2494,2787,3054,2892,2668,2492,2579,2613,2650,2758,2765,2740,2512,2417,2438,2532,2657,2912,2976,2706,2413,2387,2415,2455,2487,2675,2606,2577,2414,2386,2409,2456,2543,2840,3146,2951,2281,2349,2369,2297,2323,2564,2493,2421,2194,2401,2416,2442,2370,2930,3416,3189,2399,2348,2414,2356,2213,2454,2391,2437,2305,2342,2432,2464,2228,3196,3438,3209,2498,2441,2411,2401,2217,2516,2615,2539,2420,2295,2400,2478,2542,3222,3152,2944,2572,2586,2562,2559,2643,2938,3014,2796,2384,2426,2641,2576,2675,2993,2929,2764,2632,2513,2556,2573,2647,2905,3038,2919,2601,2509,2721,2596,2677,2843,2947,2705,2583,2500,2401,2454,2231,2418,2803,2854,2669,2609,2527,2385,2593,2853,3003,2866,2513,2423,2430,2531,2339,2517,2698,2677,2651,2558,2441,2324,2539,2777,3077,2935,2440,2450,2444,2413,2358,2397,2622,2521,2472,2346,2344,2450,2380,2796,3013,2876,2458,2273,2338,2366,2285,2147,2390,2367,2403,2279,2411,2428,2267,2746,2855,2617,2375,2241,2289,2312,2220,2335,2271,2408,2341,2314,2356,2350,2205,2605,2837,2654,2381,2168,2313,2220,2187,2366,2492,2302,2223,2259,2257,2409,2222,2548,2729,2488,2334,2104,2356,2331,2215,2515,2606,2342,2323,2326,2255,2369,2197,2495,2796,2660,2365,2255,2202,2303,2180,2330,2480,2189,2322,2335,2310,2379,2176,2609,2840,2682,2318,2288,2265,2315,2236,2355,2426,2410,2320,2228,2282,2373,2300,2668,2743,2530,2311,2282,2293,2382,2479,2597,2570,2424,2266,2252,2329,2401,2163,2587,2703,2529,2258,2251,2236,2422,2535,2600,2482,2350,2242,2190,2293,2357,2255,2622,2915,2708,2237,2210,2095,2322,2492,2478,2305,2338,2306,2171,2283,2407,2185,2705,3025,2789,2323,2436,2377,2296,2332,2229,2424,2463,2411,2154,2269,2307,2397,2842,2841,2608,2345,2434,2520,2448,2369,2388,2494,2421,2396,2228,2244,2202,2285,2705,2769,2608,2308,2318,2446,2361,2267,2501,2506,2337,2338,2254,2395,2364,2296,2498,2813,2634,2357,2406,2429,2259,2327,2373,2347,2280,2258,2311,2258,2292,2169,2576,2707,2443,2311,2306,2304,2325,2353,2305,2228,2257,2233,2339,2245,2313,2194,2501,2751,2524,2466,2378,2253,2337,2299,2397,2358,2121,2317,2373,2345,2331,2286,2586,2763,2572,2452,2417,2353,2358,2272,2389,2442,2327,2373,2404,2482,2444,2341,2597,2673,2407,2337,2384,2442,2316,2196,2253,2415,2280,2331,2285,2378,2411,2349,2536,2781,2525,2107,2337,2369,2202,2249,2410,2450,2344,2342,2263,2388,2299,2255,2608,2603,2451,2179,2273,2320,2242,2203,2393,2439,2319,2365,2293,2307,2309,2271,2399,2509,2471,2117,2324,2364,2288,2355,2281,2311,2381,2378,2258,2317,2220,2371,2382,3318,3082,2024,2211,2315,2325,2362,2295,2467,2341,2141,2312,2227,2341,2397,3104,3830,3630,2739,2297,2371,2360,2363,2173,2408,2397,2341,2432,2480,2286,2568,3573,4091,3866,2959,2586,2538,2601,2813,2860,2793,2656,2709,2590,2609,2692,2848,3876,4114,3892,2725,2729,2515,2663,3025,3008,3019,2808,2743,2453,2647,2745,3046,3898,4116,3884,2705,2553,2416,2715,2935,2884,3015,2740,2493,2201,2564,2561,3119,3914,4152,3923,2716,2350,2481,2567,2652,2602,2798,2680,2421,2381,2486,2552,2956,3937,3776,3551,2466,2500,2470,2436,2399,2312,2489,2468,2432,2551,2485,2455,2611,3561,3310,3107,2200,2380,2387,2314,2268,2270,2261,2328,2409,2476,2390,2142,2220,3054,3161,2952,2281,2382,2447,2464,2310,2135,2348,2400,2278,2413,2386,2202,2130,2949,2734,2605,2164,2346,2480,2483,2383,2353,2540,2509,2219,2401,2329,2252,2348,2641,2918,2716,2261,2231,2387,2277,2270,2321,2440,2382,2280,2397,2240,2324,2356,2680,2870,2638,2197,2340,2268,2359,2312,2300,2401,2401,2308,2106,2207,2265,2258,2684,2701,2612,2244,2415,2315,2487,2430,2294,2225,2292,2251,2278,2413,2388,2281,2525,2767,2609,2062,2322,2356,2430,2394,2310,2396,2434,2312,2276,2337,2220,2190,2568,2883,2680,2276,2334,2334,2374,2312,2265,2401,2423,2164,2257,2394,2407,2334,2663,2879,2718,2383,2517,2507,2436,2296,2414,2461,2318,2374,2552,2570,2449,2460,2707,2876,2630,2497,2706,2720,2576,2475,2628,2744,2577,2499,2601,2533,2389,2561,2780,3029,2804,2308,2392,2541,2477,2485,2696,2704,2433,2374,2381,2463,2444,2582,2765,3350,3124,2322,2126,2340,2365,2468,2581,2624,2433,2319,2343,2402,2450,2425,3136,3337,3089,2175,2129,2345,2308,2303,2288,2401,2222,2423,2364,2356,2331,2300,3102,3118,2850,2339,2435,2385,2318,2234,2418,2438,2444,2298,2282,2358,2317,2194,2937,3016,2889,2492,2448,2442,2298,2308,2609,2645,2497,2489,2311,2415,2503,2461,2760,3014,2834,2510,2457,2204,2230,2393,2548,2559,2433,2406,2169,2213,2447,2416,2770,2985,2805,2437,2320,2393,2349,2299,2355,2258,2212,2284,2270,2232,2432,2503,2751,3209,2947,2404,2272,2401,2424,2352,2548,2680,2540,2342,2250,2518,2497,2456,3036,3330,3101,2502,2390,2348,2468,2496,2583,2867,2582,2393,2266,2538,2514,2448,3167,3288,3085,2422,2413,2269,2352,2495,2723,2849,2561,2266,2311,2478,2399,2499,3121,2967,2759,2341,2371,2400,2396,2469,2700,2799,2584,2274,2309,2281,2143,2343,2797,2856,2594,2373,2330,2332,2378,2349,2626,2709,2498,2104,2157,2134,2197,2289,2640,2893,2684,2254,2170,2290,2370,2358,2451,2332,2421,2394,2392,2280,2350,2327,2716,2997,2765,2406,2245,2369,2316,2360,2437,2358,2272,2402,2395,2363,2282,2389,2830,2886,2706,2330,2276,2370,2381,2372,2464,2383,2331,2291,2293,2288,2209,2420,2764,2655,2549,2218,2281,2428,2439,2362,2469,2349,2390,2328,2255,2234,2238,2225,2470,2652,2472,2254,2380,2390,2388,2269,2350,2330,2369,2341,2265,2163,2228,2215,2509,2628,2523,2440,2249,2260,2309,2248,2267,2291,2433,2268,2284,2269,2223,2343,2477,2761,2531,2248,2311,2286,2216,2264,2307,2310,2304,2253,2441,2443,2194,2227,2591,2917,2754,2322,2281,2333,2298,2459,2483,2364,2215,2340,2470,2269,2313,2303,2705,3086,2869,2334,2139,2317,2407,2445,2447,2291,2183,2323,2352,2304,2196,2328,2839,3138,2947,2397,2388,2392,2341,2312,2366,2250,2273,2255,2265,2378,2381,2342,2905,3143,2943,2374,2333,2157,2286,2320,2348,2357,2377,2350,2246,2363,2420,2265,2911,2828,2736,2237,2157,2304,2356,2400,2386,2372,2337,2364,2300,2234,2355,2260,2646,2890,2722,2181,2275,2358,2324,2294,2339,2185,2292,2367,2312,2335,2380,2255,2617,2912,2723,2215,2205,2206,2296,2255,2362,2361,2242,2364,2228,2374,2225,2224,2677,2683,2442,2347,2260,2224,2230,2262,2435,2462,2351,2267,2301,2213,2234,2340,2472,3119,2900,2348,2228,2209,2372,2410,2505,2475,2334,2200,2251,2203,2139,2266,2875,3564,3347,2382,2257,2115,2326,2365,2404,2497,2413,2186,2385,2326,2244,2339,3334,3631,3420,2433,2369,2279,2207,2212,2241,2446,2425,2336,2376,2274,2209,2498,3406,3432,3218,2461,2350,2357,2307,2264,2379,2411,2420,2343,2231,2196,2266,2438,3222,3119,2909,2239,2394,2413,2283,2270,2378,2434,2337,2361,2119,2151,2217,2292,2892,3157,2924,2192,2338,2354,2319,2261,2396,2184,2270,2255,2330,2212,2153,2273,2940,3484,3266,2397,2423,2407,2268,2351,2379,2380,2371,2325,2278,2194,2186,2275,3256,3865,3645,2530,2493,2531,2377,2363,2566,2901,2882,2475,2285,2287,2339,2572,3644,4046,3827,2735,2446,2446,2393,2332,2773,3083,3072,2636,2274,2339,2501,2717,3829,3955,3725,2554,2357,2169,2483,2303,2667,3025,2913,2501,2266,2366,2519,2699,3737,3619,3386,2332,2254,2337,2334,2364,2577,2738,2603,2238,2247,2246,2317,2455,3401,3099,2870,2092,2068,2140,2034,2254,2276,2367,2251,2276,2168,2265,2113,2270,2902,3357,3140,2125,2120,2274,2291,2181,2171,2276,2253,2286,2284,2233,2168,2147,3124,3494,3276,2220,2226,2216,2278,2273,2257,2244,2234,2184,2082,2271,2137,2222,3265,3330,3119,2222,2165,2058,2281,2271,2286,2189,2230,2154,2254,2329,2235,2276,3101,3072,2864,2172,2174,1979,2027,2119,2111,2137,2158,2049,2074,2115,1955,2050,2850,2881,2617,2140,2203,2092,2083,2101,2100,2105,1943,1799,2036,2067,1918,2050,2687,2649,2348,2037,2168,2066,2095,2143,2108,1917,2029,1878,2040,1902,1887,2047,2450,2359,2158,1928,1962,2021,1976,2128,2054,1973,2042,1944,2004,1922,1912,2040,2250,2321,2207,2040,1994,2033,2055,1965,1800,1847,1868,1946,1988,1964,1759,1886,2083,2388,2215,2107,2013,1950,2012,1976,1997,1898,1933,1841,1882,1925,1925,1927,2148
,,,,,,,,,,,,,,,,,,,,,,,,,,,,,,,,,,,,,,,,,,,,,,,,,,,,,,,,,,,,,,,,,,,,,,,,,,,,,,,,,,,,,,,,,,,,,,,,,,,,,,,,,,,,,,,,,,,,,,,,,,,,,,,,,,,,,,,,,,,,,,,,,,,,,,,,,,,,,,,,,,,,,,,,,,,,,,,,,,,,,,,,,,,,,,,,,,,,,,,,,,,,,,,,,,,,,,,,,,,,,,,,,,,,,,,,,,,,,,,,,,,,,,,,,,,,,,,,,,,,,,,,,,,,,,,,,,,,,,,,,,,,,,,,,,,,,,,,,,,,,,,,,,,,,,,,,,,,,,,,,,,,,,,,,,,,,,,,,,,,,,,,,,,,,,,,,,,,,,,,,,,,,,,,,,,,,,,,,,,,,,,,,,,,,,,,,,,,,,,,,,,,,,,,,,,,,,,,,,,,,,,,,,,,,,,,,,,,,,,,,,,,,,,,,,,,,,,,,,,,,,,,,,,,,,,,,,,,,,,,,,,,,,,,,,,,,,,,,,,,,,,,,,,,,,,,,,,,,,,,,,,,,,,,,,,,,,,,,,,,,,,,,,,,,,,,,,,,,,,,,,,,,,,,,,,,,,,,,,,,,,,,,,,,,,,,,,,,,,,,,,,,,,,,,,,,,,,,,,,,,,,,,,,,,,,,,,,,,,,,,,,,,,,,,,,,,,,,,,,,,,,,,,,,,,,,,,,,,,,,,,,,,,,,,,,,,,,,,,,,,,,,,,,,,,,,,,,,,,,,,,,,,,,,,,,,,,,,,,,,,,,,,,,,,,,,,,,,,,,,,,,,,,,,,,,,,,,,,,,,,,,,,,,,,,,,,,,,,,,,,,,,,,,,,,,,,,,,,,,,,,,,,,,,,,,,,,,,,,,,,,,,,,,,,,,,,,,,,,,,,,,,,,,,,,,,,,,,,,,,,,,,,,,,,,,,,,,,,,,,,,,,,,,,,,,,,,,,,,,,,,,,,,,,,,,,,,,,,,,,,,,,,,,,,,,,,,,,,,,,,,,,,,,,,,,,,,,,,,,,,,,,,,,,,,,,,,,,,,,,,,,,,,,,,,,,,,,,,,,,,,,,,,,,,,,,,,,,,,,,,,,,,,,,,,,,,,,,,,,,,,,,,,,,,,,,,,,,,,,,,,,,,,,,,,,,,,,,,,,,,,,,,,,,,,,,,,,,,,,,,,,,,,,,,,,,,,,,,,,,,,,,,,,,,,,,,,,,,,,,,,,,,,,,,,,,,,,,,,,,,,,,,,,,,,,,,,,,,,,,,,,,,,,,,,,,,,,,,,,,,,,,,,,,,,,,,,,,,,,,,,,,,,,,,,,,,,,,,,,,,,,,,,,,,,,,,,,,,,,,,,,,,,,,,,,,,,,,,,,,,,,,,,,,,,,,,,,,,,,,,,,,,,,,,,,,,,,,,,,,,,,,,,,,,,,,,,,,,,,,,,,,,,,,,,,,,,,,,,,,,,,,,,,,,,,,,,,,,,,,,,,,,,,,,,,,,,,,,,,,,,,,,,,,,,,,,,,,,,,,,,,,,,,,,,,,,,,,,,,,,,,,,,,,,,,,,,,,,,,,,,,,,,,,,,,,,,,,,,,,,,,,,,,,,,,,,,,,,,,,,,,,,,,,,,,,,,,,,,,,,,,,,,,,,,,,,,,,,,,,,,,,,,,,,,,,,,,,,,,,,,,,,,,,,,,,,,,,,,,,,,,,,,,,,,,,,,,,,,,,,,,,,,,,,,,,,,,,,,,,,,,,,,,,,,,,,,,,,,,,,,,,,,,,,,,,,,,,,,,,,,,,,,,,,,,,,,,,,,,,,,,,,,,,,,,,,,,,,,,,,,,,,,,,,,,,,,,,,,,,,,,,,,,,,,,,,,,,,,,,,,,,,,,,,,,,,,,,,,,,,,,,,,,,,,,,,,,,,,,,,,,,,,,,,,,,,,,,,,,,,,,,,,,,,,,,,,,,,,,,,,,,,,,,,,,,,,,,,,,,,,,,,,,,,,,,,,,,,,,,,,,,,,,,,,,,,,,,,,,,,,,,,,,,,,,,,,,,,,,,,,,,,,,,,,,,,,,,,,,,,,,,,,,,,,,,,,,,,,,,,,,,,,,,,,,,,,,,,,,,,,,,,,,,,,,,,,,,,,,,,,,,,,,,,,,,,,,,,,,,,,,,,,,,,,,,,,,,,,,,,,,,,,,
,,,,,,,,,,,,,,,,,,,,,,,,,,,,,,,,,,,,,,,,,,,,,,,,,,,,,,,,,,,,,,,,,,,,,,,,,,,,,,,,,,,,,,,,,,,,,,,,,,,,,,,,,,,,,,,,,,,,,,,,,,,,,,,,,,,,,,,,,,,,,,,,,,,,,,,,,,,,,,,,,,,,,,,,,,,,,,,,,,,,,,,,,,,,,,,,,,,,,,,,,,,,,,,,,,,,,,,,,,,,,,,,,,,,,,,,,,,,,,,,,,,,,,,,,,,,,,,,,,,,,,,,,,,,,,,,,,,,,,,,,,,,,,,,,,,,,,,,,,,,,,,,,,,,,,,,,,,,,,,,,,,,,,,,,,,,,,,,,,,,,,,,,,,,,,,,,,,,,,,,,,,,,,,,,,,,,,,,,,,,,,,,,,,,,,,,,,,,,,,,,,,,,,,,,,,,,,,,,,,,,,,,,,,,,,,,,,,,,,,,,,,,,,,,,,,,,,,,,,,,,,,,,,,,,,,,,,,,,,,,,,,,,,,,,,,,,,,,,,,,,,,,,,,,,,,,,,,,,,,,,,,,,,,,,,,,,,,,,,,,,,,,,,,,,,,,,,,,,,,,,,,,,,,,,,,,,,,,,,,,,,,,,,,,,,,,,,,,,,,,,,,,,,,,,,,,,,,,,,,,,,,,,,,,,,,,,,,,,,,,,,,,,,,,,,,,,,,,,,,,,,,,,,,,,,,,,,,,,,,,,,,,,,,,,,,,,,,,,,,,,,,,,,,,,,,,,,,,,,,,,,,,,,,,,,,,,,,,,,,,,,,,,,,,,,,,,,,,,,,,,,,,,,,,,,,,,,,,,,,,,,,,,,,,,,,,,,,,,,,,,,,,,,,,,,,,,,,,,,,,,,,,,,,,,,,,,,,,,,,,,,,,,,,,,,,,,,,,,,,,,,,,,,,,,,,,,,,,,,,,,,,,,,,,,,,,,,,,,,,,,,,,,,,,,,,,,,,,,,,,,,,,,,,,,,,,,,,,,,,,,,,,,,,,,,,,,,,,,,,,,,,,,,,,,,,,,,,,,,,,,,,,,,,,,,,,,,,,,,,,,,,,,,,,,,,,,,,,,,,,,,,,,,,,,,,,,,,,,,,,,,,,,,,,,,,,,,,,,,,,,,,,,,,,,,,,,,,,,,,,,,,,,,,,,,,,,,,,,,,,,,,,,,,,,,,,,,,,,,,,,,,,,,,,,,,,,,,,,,,,,,,,,,,,,,,,,,,,,,,,,,,,,,,,,,,,,,,,,,,,,,,,,,,,,,,,,,,,,,,,,,,,,,,,,,,,,,,,,,,,,,,,,,,,,,,,,,,,,,,,,,,,,,,,,,,,,,,,,,,,,,,,,,,,,,,,,,,,,,,,,,,,,,,,,,,,,,,,,,,,,,,,,,,,,,,,,,,,,,,,,,,,,,,,,,,,,,,,,,,,,,,,,,,,,,,,,,,,,,,,,,,,,,,,,,,,,,,,,,,,,,,,,,,,,,,,,,,,,,,,,,,,,,,,,,,,,,,,,,,,,,,,,,,,,,,,,,,,,,,,,,,,,,,,,,,,,,,,,,,,,,,,,,,,,,,,,,,,,,,,,,,,,,,,,,,,,,,,,,,,,,,,,,,,,,,,,,,,,,,,,,,,,,,,,,,,,,,,,,,,,,,,,,,,,,,,,,,,,,,,,,,,,,,,,,,,,,,,,,,,,,,,,,,,,,,,,,,,,,,,,,,,,,,,,,,,,,,,,,,,,,,,,,,,,,,,,,,,,,,,,,,,,,,,,,,,,,,,,,,,,,,,,,,,,,,,,,,,,,,,,,,,,,,,,,,,,,,,,,,,,,,,,,,,,,,,,,,,,,,,,,,,,,,,,,,,,,,,,,,,,,,,,,,,,,,,,,,,,,,,,,,,,,,,,,,,,,,,,,,,,,,,,,,,,,,,,,,,,,,,,,,,,,,,,,,,,,,,,,,,,,,,,,,,,,,,,,,,,,,,,,,,,,,,,,,,,,,,,,,,,,,,,,,,,,,,,,,,,,,,,,,,,,,,,,,,,,,,,,,,,,,,,,,,,,,,,,,,,,,,,,,,,,,,,,,,,,,,,,,,,,,,,,,,,,,,,,,,,,,,,,,,,,,,,,,,,,,,,,,,,,,,,,,,,,,,,,,,,,,,,,,,,,,,,,,,,,,,,,,,,,,,,,,,,,,,,,,,,,,,,,,,,,,
,,,,,,,,,,,,,,,,,,,,,,,,,,,,,,,,,,,,,,,,,,,,,,,,,,,,,,,,,,,,,,,,,,,,,,,,,,,,,,,,,,,,,,,,,,,,,,,,,,,,,,,,,,,,,,,,,,,,,,,,,,,,,,,,,,,,,,,,,,,,,,,,,,,,,,,,,,,,,,,,,,,,,,,,,,,,,,,,,,,,,,,,,,,,,,,,,,,,,,,,,,,,,,,,,,,,,,,,,,,,,,,,,,,,,,,,,,,,,,,,,,,,,,,,,,,,,,,,,,,,,,,,,,,,,,,,,,,,,,,,,,,,,,,,,,,,,,,,,,,,,,,,,,,,,,,,,,,,,,,,,,,,,,,,,,,,,,,,,,,,,,,,,,,,,,,,,,,,,,,,,,,,,,,,,,,,,,,,,,,,,,,,,,,,,,,,,,,,,,,,,,,,,,,,,,,,,,,,,,,,,,,,,,,,,,,,,,,,,,,,,,,,,,,,,,,,,,,,,,,,,,,,,,,,,,,,,,,,,,,,,,,,,,,,,,,,,,,,,,,,,,,,,,,,,,,,,,,,,,,,,,,,,,,,,,,,,,,,,,,,,,,,,,,,,,,,,,,,,,,,,,,,,,,,,,,,,,,,,,,,,,,,,,,,,,,,,,,,,,,,,,,,,,,,,,,,,,,,,,,,,,,,,,,,,,,,,,,,,,,,,,,,,,,,,,,,,,,,,,,,,,,,,,,,,,,,,,,,,,,,,,,,,,,,,,,,,,,,,,,,,,,,,,,,,,,,,,,,,,,,,,,,,,,,,,,,,,,,,,,,,,,,,,,,,,,,,,,,,,,,,,,,,,,,,,,,,,,,,,,,,,,,,,,,,,,,,,,,,,,,,,,,,,,,,,,,,,,,,,,,,,,,,,,,,,,,,,,,,,,,,,,,,,,,,,,,,,,,,,,,,,,,,,,,,,,,,,,,,,,,,,,,,,,,,,,,,,,,,,,,,,,,,,,,,,,,,,,,,,,,,,,,,,,,,,,,,,,,,,,,,,,,,,,,,,,,,,,,,,,,,,,,,,,,,,,,,,,,,,,,,,,,,,,,,,,,,,,,,,,,,,,,,,,,,,,,,,,,,,,,,,,,,,,,,,,,,,,,,,,,,,,,,,,,,,,,,,,,,,,,,,,,,,,,,,,,,,,,,,,,,,,,,,,,,,,,,,,,,,,,,,,,,,,,,,,,,,,,,,,,,,,,,,,,,,,,,,,,,,,,,,,,,,,,,,,,,,,,,,,,,,,,,,,,,,,,,,,,,,,,,,,,,,,,,,,,,,,,,,,,,,,,,,,,,,,,,,,,,,,,,,,,,,,,,,,,,,,,,,,,,,,,,,,,,,,,,,,,,,,,,,,,,,,,,,,,,,,,,,,,,,,,,,,,,,,,,,,,,,,,,,,,,,,,,,,,,,,,,,,,,,,,,,,,,,,,,,,,,,,,,,,,,,,,,,,,,,,,,,,,,,,,,,,,,,,,,,,,,,,,,,,,,,,,,,,,,,,,,,,,,,,,,,,,,,,,,,,,,,,,,,,,,,,,,,,,,,,,,,,,,,,,,,,,,,,,,,,,,,,,,,,,,,,,,,,,,,,,,,,,,,,,,,,,,,,,,,,,,,,,,,,,,,,,,,,,,,,,,,,,,,,,,,,,,,,,,,,,,,,,,,,,,,,,,,,,,,,,,,,,,,,,,,,,,,,,,,,,,,,,,,,,,,,,,,,,,,,,,,,,,,,,,,,,,,,,,,,,,,,,,,,,,,,,,,,,,,,,,,,,,,,,,,,,,,,,,,,,,,,,,,,,,,,,,,,,,,,,,,,,,,,,,,,,,,,,,,,,,,,,,,,,,,,,,,,,,,,,,,,,,,,,,,,,,,,,,,,,,,,,,,,,,,,,,,,,,,,,,,,,,,,,,,,,,,,,,,,,,,,,,,,,,,,,,,,,,,,,,,,,,,,,,,,,,,,,,,,,,,,,,,,,,,,,,,,,,,,,,,,,,,,,,,,,,,,,,,,,,,,,,,,,,,,,,,,,,,,,,,,,,,,,,,,,,,,,,,,,,,,,,,,,,,,,,,,,,,,,,,,,,,,,,,,,,,,,,,,,,,,,,,,,,,,,,,,,,,,,,,,,,,,,,,,,,,,,,,,,,,,,,,,,,,,,,,,,,,,,,,,,,,,,,,,,,,,,,,,,,,,,,,,,,,,,,,,,,,,,,,,,,,,,,,,
,,,,,,,,,,,,,,,,,,,,,,,,,,,,,,,,,,,,,,,,,,,,,,,,,,,,,,,,,,,,,,,,,,,,,,,,,,,,,,,,,,,,,,,,,,,,,,,,,,,,,,,,,,,,,,,,,,,,,,,,,,,,,,,,,,,,,,,,,,,,,,,,,,,,,,,,,,,,,,,,,,,,,,,,,,,,,,,,,,,,,,,,,,,,,,,,,,,,,,,,,,,,,,,,,,,,,,,,,,,,,,,,,,,,,,,,,,,,,,,,,,,,,,,,,,,,,,,,,,,,,,,,,,,,,,,,,,,,,,,,,,,,,,,,,,,,,,,,,,,,,,,,,,,,,,,,,,,,,,,,,,,,,,,,,,,,,,,,,,,,,,,,,,,,,,,,,,,,,,,,,,,,,,,,,,,,,,,,,,,,,,,,,,,,,,,,,,,,,,,,,,,,,,,,,,,,,,,,,,,,,,,,,,,,,,,,,,,,,,,,,,,,,,,,,,,,,,,,,,,,,,,,,,,,,,,,,,,,,,,,,,,,,,,,,,,,,,,,,,,,,,,,,,,,,,,,,,,,,,,,,,,,,,,,,,,,,,,,,,,,,,,,,,,,,,,,,,,,,,,,,,,,,,,,,,,,,,,,,,,,,,,,,,,,,,,,,,,,,,,,,,,,,,,,,,,,,,,,,,,,,,,,,,,,,,,,,,,,,,,,,,,,,,,,,,,,,,,,,,,,,,,,,,,,,,,,,,,,,,,,,,,,,,,,,,,,,,,,,,,,,,,,,,,,,,,,,,,,,,,,,,,,,,,,,,,,,,,,,,,,,,,,,,,,,,,,,,,,,,,,,,,,,,,,,,,,,,,,,,,,,,,,,,,,,,,,,,,,,,,,,,,,,,,,,,,,,,,,,,,,,,,,,,,,,,,,,,,,,,,,,,,,,,,,,,,,,,,,,,,,,,,,,,,,,,,,,,,,,,,,,,,,,,,,,,,,,,,,,,,,,,,,,,,,,,,,,,,,,,,,,,,,,,,,,,,,,,,,,,,,,,,,,,,,,,,,,,,,,,,,,,,,,,,,,,,,,,,,,,,,,,,,,,,,,,,,,,,,,,,,,,,,,,,,,,,,,,,,,,,,,,,,,,,,,,,,,,,,,,,,,,,,,,,,,,,,,,,,,,,,,,,,,,,,,,,,,,,,,,,,,,,,,,,,,,,,,,,,,,,,,,,,,,,,,,,,,,,,,,,,,,,,,,,,,,,,,,,,,,,,,,,,,,,,,,,,,,,,,,,,,,,,,,,,,,,,,,,,,,,,,,,,,,,,,,,,,,,,,,,,,,,,,,,,,,,,,,,,,,,,,,,,,,,,,,,,,,,,,,,,,,,,,,,,,,,,,,,,,,,,,,,,,,,,,,,,,,,,,,,,,,,,,,,,,,,,,,,,,,,,,,,,,,,,,,,,,,,,,,,,,,,,,,,,,,,,,,,,,,,,,,,,,,,,,,,,,,,,,,,,,,,,,,,,,,,,,,,,,,,,,,,,,,,,,,,,,,,,,,,,,,,,,,,,,,,,,,,,,,,,,,,,,,,,,,,,,,,,,,,,,,,,,,,,,,,,,,,,,,,,,,,,,,,,,,,,,,,,,,,,,,,,,,,,,,,,,,,,,,,,,,,,,,,,,,,,,,,,,,,,,,,,,,,,,,,,,,,,,,,,,,,,,,,,,,,,,,,,,,,,,,,,,,,,,,,,,,,,,,,,,,,,,,,,,,,,,,,,,,,,,,,,,,,,,,,,,,,,,,,,,,,,,,,,,,,,,,,,,,,,,,,,,,,,,,,,,,,,,,,,,,,,,,,,,,,,,,,,,,,,,,,,,,,,,,,,,,,,,,,,,,,,,,,,,,,,,,,,,,,,,,,,,,,,,,,,,,,,,,,,,,,,,,,,,,,,,,,,,,,,,,,,,,,,,,,,,,,,,,,,,,,,,,,,,,,,,,,,,,,,,,,,,,,,,,,,,,,,,,,,,,,,,,,,,,,,,,,,,,,,,,,,,,,,,,,,,,,,,,,,,,,,,,,,,,,,,,,,,,,,,,,,,,,,,,,,,,,,,,,,,,,,,,,,,,,,,,,,,,,,,,,,,,,,,,,,,,,,,,,,,,,,,,,,,,,,,,,,,,,,,,,,,,,,,,,,,,,,,,,,,,,,,,,,,,,,,,,,,,,,,,,,,,,,,,,,,,,,,,,,,,,,,,,,,,,,,,,,,,,,,,,,,,,
,,,,,,,,,,,,,,,,,,,,,,,,,,,,,,,,,,,,,,,,,,,,,,,,,,,,,,,,,,,,,,,,,,,,,,,,,,,,,,,,,,,,,,,,,,,,,,,,,,,,,,,,,,,,,,,,,,,,,,,,,,,,,,,,,,,,,,,,,,,,,,,,,,,,,,,,,,,,,,,,,,,,,,,,,,,,,,,,,,,,,,,,,,,,,,,,,,,,,,,,,,,,,,,,,,,,,,,,,,,,,,,,,,,,,,,,,,,,,,,,,,,,,,,,,,,,,,,,,,,,,,,,,,,,,,,,,,,,,,,,,,,,,,,,,,,,,,,,,,,,,,,,,,,,,,,,,,,,,,,,,,,,,,,,,,,,,,,,,,,,,,,,,,,,,,,,,,,,,,,,,,,,,,,,,,,,,,,,,,,,,,,,,,,,,,,,,,,,,,,,,,,,,,,,,,,,,,,,,,,,,,,,,,,,,,,,,,,,,,,,,,,,,,,,,,,,,,,,,,,,,,,,,,,,,,,,,,,,,,,,,,,,,,,,,,,,,,,,,,,,,,,,,,,,,,,,,,,,,,,,,,,,,,,,,,,,,,,,,,,,,,,,,,,,,,,,,,,,,,,,,,,,,,,,,,,,,,,,,,,,,,,,,,,,,,,,,,,,,,,,,,,,,,,,,,,,,,,,,,,,,,,,,,,,,,,,,,,,,,,,,,,,,,,,,,,,,,,,,,,,,,,,,,,,,,,,,,,,,,,,,,,,,,,,,,,,,,,,,,,,,,,,,,,,,,,,,,,,,,,,,,,,,,,,,,,,,,,,,,,,,,,,,,,,,,,,,,,,,,,,,,,,,,,,,,,,,,,,,,,,,,,,,,,,,,,,,,,,,,,,,,,,,,,,,,,,,,,,,,,,,,,,,,,,,,,,,,,,,,,,,,,,,,,,,,,,,,,,,,,,,,,,,,,,,,,,,,,,,,,,,,,,,,,,,,,,,,,,,,,,,,,,,,,,,,,,,,,,,,,,,,,,,,,,,,,,,,,,,,,,,,,,,,,,,,,,,,,,,,,,,,,,,,,,,,,,,,,,,,,,,,,,,,,,,,,,,,,,,,,,,,,,,,,,,,,,,,,,,,,,,,,,,,,,,,,,,,,,,,,,,,,,,,,,,,,,,,,,,,,,,,,,,,,,,,,,,,,,,,,,,,,,,,,,,,,,,,,,,,,,,,,,,,,,,,,,,,,,,,,,,,,,,,,,,,,,,,,,,,,,,,,,,,,,,,,,,,,,,,,,,,,,,,,,,,,,,,,,,,,,,,,,,,,,,,,,,,,,,,,,,,,,,,,,,,,,,,,,,,,,,,,,,,,,,,,,,,,,,,,,,,,,,,,,,,,,,,,,,,,,,,,,,,,,,,,,,,,,,,,,,,,,,,,,,,,,,,,,,,,,,,,,,,,,,,,,,,,,,,,,,,,,,,,,,,,,,,,,,,,,,,,,,,,,,,,,,,,,,,,,,,,,,,,,,,,,,,,,,,,,,,,,,,,,,,,,,,,,,,,,,,,,,,,,,,,,,,,,,,,,,,,,,,,,,,,,,,,,,,,,,,,,,,,,,,,,,,,,,,,,,,,,,,,,,,,,,,,,,,,,,,,,,,,,,,,,,,,,,,,,,,,,,,,,,,,,,,,,,,,,,,,,,,,,,,,,,,,,,,,,,,,,,,,,,,,,,,,,,,,,,,,,,,,,,,,,,,,,,,,,,,,,,,,,,,,,,,,,,,,,,,,,,,,,,,,,,,,,,,,,,,,,,,,,,,,,,,,,,,,,,,,,,,,,,,,,,,,,,,,,,,,,,,,,,,,,,,,,,,,,,,,,,,,,,,,,,,,,,,,,,,,,,,,,,,,,,,,,,,,,,,,,,,,,,,,,,,,,,,,,,,,,,,,,,,,,,,,,,,,,,,,,,,,,,,,,,,,,,,,,,,,,,,,,,,,,,,,,,,,,,,,,,,,,,,,,,,,,,,,,,,,,,,,,,,,,,,,,,,,,,,,,,,,,,,,,,,,,,,,,,,,,,,,,,,,,,,,,,,,,,,,,,,,,,,,,,,,,,,,,,,,,,,,,,,,,,,,,,,,,,,,,,,,,,,,,,,,,,,,,,,,,,,,,,,,,,,,,,,,,,,,,,,,,,,,,,,,,,,,,,,,,,,,,,,,,,,,,,,,,,,,,,,,,,,,,,,,,,,,,,,,,,,,,,,,,,,,,,,,,,,,,,,,
3452,3246,2367,2487,2394,2209,2313,2368,2253,2368,2313,2209,2394,2487,2367,3246,3719,3495,2404,2440,2348,2201,2226,2291,2324,2214,2305,2350,2436,2316,2492,3503,4078,3861,2779,2389,2371,2326,2211,2309,2226,2208,2221,2328,2420,2396,2758,3858,4211,3989,2860,2564,2361,2412,2302,2351,2339,2246,2284,2257,2302,2497,2871,3990,4018,3794,2629,2399,2336,2387,2371,2292,2163,2229,2204,2215,2170,2410,2730,3800,3738,3520,2388,2355,2229,2301,2286,2332,2178,2086,2327,2196,2311,2444,2512,3514,3519,3295,2422,2362,2254,2116,2175,2370,2232,2275,2317,2212,2474,2351,2359,3307,3824,3602,2536,2374,2314,2106,2267,2363,2298,2281,2133,2178,2459,2446,2548,3603,4008,3781,2567,2312,2122,2098,2261,2280,2297,2318,2116,2168,2281,2471,2679,3786,3880,3657,2418,2302,2241,2205,2336,2296,2271,2213,2088,2321,2298,2466,2521,3660,3477,3268,2410,2335,2324,2123,2218,2237,2244,2123,2216,2155,2307,2432,2296,3250,3159,2971,2383,2420,2340,2345,2362,2320,2335,2256,2217,2325,2302,2227,2168,2933,3076,2957,2649,2577,2569,2609,2589,2609,2583,2470,2510,2443,2375,2502,2613,2840,4015,3950,3899,3715,3476,3340,3511,3562,3392,3487,3501,3509,3438,3371,3302,3714,4565,4355,4309,4216,4059,4030,4084,4141,4047,3997,3824,4003,3969,3962,3940,4343,4665,4420,4315,4275,4181,4231,4293,4384,4280,4057,3924,4079,4098,4107,4121,4491,4356,4085,3861,3947,3970,4104,4197,4320,4214,3912,3694,3777,3925,3946,3905,4199,4528,4319,3746,3540,3573,3769,3834,3983,3900,3599,3180,3258,3517,3560,3242,4273,4618,4399,3451,3193,3243,3340,3401,3538,3424,3121,3062,2865,2992,3104,3327,4398,4807,4586,3481,3119,3086,3004,3052,3093,2976,2877,2915,2638,2775,3045,3539,4592,4707,4481,3362,2892,2894,2705,2768,2645,2638,2637,2658,2630,2600,3010,3421,4486,4268,4045,3054,2873,2761,2525,2558,2587,2583,2552,2478,2584,2747,2963,2772,4045,3771,3557,2830,2630,2644,2680,2686,2607,2716,2652,2479,2555,2689,2788,2772,3548,3530,3321,2610,2533,2578,2564,2724,2648,2515,2553,2395,2423,2461,2450,2314,3294,3444,3205,2286,2447,2608,2612,2631,2554,2485,2397,2446,2438,2384,2560,2450,3236,3650,3420,2496,2482,2615,2528,2605,2485,2626,2509,2399,2350,2367,2453,2482,3441,3662,3428,2705,2559,2625,2566,2417,2560,2617,2611,2477,2462,2512,2545,2565,3451,3261,3204,2960,2794,2867,2776,2577,2658,2731,2895,2784,2888,2768,2574,2705,3013,3130,3098,2976,2859,2905,2791,2513,2593,2810,2885,2878,2872,2691,2441,2635,2915,2861,2713,2644,2683,2735,2676,2651,2721,2801,2650,2839,2682,2511,2623,2546,2644,2833,2696,2566,2462,2489,2536,2616,2662,2665,2726,2680,2502,2392,2576,2608,2759,2978,2896,2688,2558,2319,2450,2545,2603,2614,2799,2754,2585,2336,2411,2554,2798,3091,3032,2849,2662,2468,2477,2468,2519,2697,2799,2818,2680,2564,2529,2525,2815,2982,2881,2809,2592,2430,2554,2504,2532,2663,2731,2695,2630,2547,2604,2525,2766,2851,2788,2611,2386,2430,2505,2454,2443,2528,2598,2450,2428,2376,2467,2455,2566,3135,2904,2236,2339,2407,2386,2331,2359,2373,2411,2260,2241,2315,2308,2312,2918,3423,3186,2330,2256,2391,2380,2379,2494,2426,2260,2248,2174,2118,2136,2349,3213,3453,3217,2337,2316,2168,2266,2299,2606,2486,2277,2340,2235,2197,2196,2394,3247,3208,2990,2690,2566,2263,2450,2327,2760,2933,2682,2455,2307,2302,2515,2427,3002,2933,2736,2759,2581,2632,2553,2421,2817,3008,2801,2366,2423,2411,2711,2558,2859,3020,2907,2754,2536,2709,2626,2289,2597,2781,2678,2474,2553,2272,2554,2362,2907,3074,2835,2426,2399,2597,2623,2419,2539,2723,2518,2589,2523,2365,2335,2549,2942,3093,2815,2405,2295,2343,2418,2398,2411,2603,2546,2337,2336,2302,2425,2591,3013,2901,2545,2525,2488,2460,2506,2433,2220,2474,2450,2316,2299,2387,2351,2584,3013,2853,2491,2573,2577,2475,2363,2282,2279,2331,2449,2475,2339,2390,2319,2534,2825,2779,2507,2504,2491,2480,2368,2359,2396,2348,2262,2419,2324,2368,2438,2504,2744,2471,2477,2460,2489,2209,2340,2318,2241,2330,2195,2400,2345,2291,2385,2520,2346,2737,2491,2511,2392,2345,2224,2151,2227,2379,2299,2381,2334,2318,2318,2415,2509,2830,2569,2406,2299,2318,2338,2189,2201,2420,2372,2294,2304,2315,2292,2381,2675,2789,2516,2315,2326,2399,2407,2288,2404,2425,2397,2370,2328,2265,2333,2327,2576,2523,2452,2403,2402,2361,2335,2320,2432,2463,2422,2321,2252,2329,2311,2271,2411,2811,2567,2393,2362,2370,2308,2397,2392,2323,2223,2180,2313,2401,2356,2268,2516,2985,2762,2316,2411,2467,2242,2408,2417,2220,2158,2312,2363,2298,2370,2348,2791,2883,2676,2224,2285,2379,2251,2363,2313,2347,2397,2382,2418,2321,2413,2451,2756,2850,2675,2332,2270,2327,2128,2270,2410,2359,2379,2482,2364,2328,2365,2312,2681,2807,2521,2333,2355,2384,2208,2294,2423,2360,2328,2406,2403,2278,2320,2300,2669,2719,2521,2305,2351,2330,2223,2399,2415,2316,2296,2395,2221,2403,2376,2382,2581,2647,2465,2420,2364,2218,2196,2237,2363,2390,2421,2265,2329,2318,2307,2250,2460,2664,2372,2429,2442,2352,2384,2263,2285,2473,2393,2381,2381,2341,2311,2271,2500,2800,2609,2269,2256,2449,2353,2232,2232,2411,2470,2446,2297,2325,2274,2263,2588,2740,2609,2258,2206,2327,2357,2305,2231,2412,2441,2331,2249,2124,2216,2012,2538,2670,2574,2343,2354,2410,2368,2291,2180,2343,2408,2166,2212,2157,2207,2252,2485,2489,2447,2357,2396,2410,2373,2384,2230,2381,2437,2404,2296,2258,2207,2304,2239,3338,3124,2345,2134,2309,2356,2329,2317,2312,2440,2397,2341,2331,2288,2273,3113,3842,3624,2614,2310,2314,2315,2266,2456,2647,2530,2187,2430,2415,2403,2644,3628,4103,3889,2823,2728,2689,2713,2765,2924,3034,2847,2503,2577,2384,2535,2909,3890,4119,3895,2991,2672,2779,2826,2878,3137,3169,2913,2636,2633,2523,2598,2911,3907,4112,3904,2954,2525,2583,2731,2694,2994,2938,2801,2623,2637,2661,2700,2699,3881,4153,3936,2886,2577,2580,2484,2427,2576,2700,2575,2413,2583,2648,2672,2661,3927,3773,3557,2594,2581,2602,2575,2379,2365,2338,2338,2207,2559,2614,2420,2445,3550,3301,3081,2383,2521,2511,2467,2171,2237,2358,2309,2251,2348,2439,2390,2312,3091,3145,2921,2370,2378,2381,2367,2294,2241,2333,2287,2267,2361,2488,2389,2228,2917,2813,2639,2327,2342,2347,2291,2237,2385,2476,2447,2299,2384,2296,2311,2357,2637,2743,2641,2288,2298,2186,2195,2223,2407,2520,2509,2182,2319,2355,2167,2379,2620,2772,2540,2233,2305,2330,2289,2285,2340,2509,2485,2309,2416,2462,2269,2372,2578,2748,2502,2218,2368,2281,2303,2289,2395,2414,2365,2279,2326,2435,2348,2156,2515,2839,2585,2302,2301,2341,2253,2250,2373,2423,2260,2249,2070,2392,2308,2126,2610,2932,2720,2114,2315,2256,2293,2205,2447,2448,2203,2141,2297,2334,2328,2151,2737,2954,2817,2561,2475,2355,2325,2512,2406,2639,2520,2375,2406,2283,2236,2331,2726,2820,2651,2636,2490,2178,2557,2791,2642,2776,2705,2359,2615,2481,2326,2452,2717,3001,2773,2567,2324,2372,2514,2782,2733,2609,2591,2441,2565,2498,2368,2286,2852,3374,3156,2597,2253,2377,2333,2487,2613,2490,2421,2518,2527,2453,2354,2333,3153,3397,3185,2427,2272,2283,2283,2291,2393,2285,2260,2359,2436,2404,2327,2330,3189,3165,2923,2360,2452,2354,2406,2270,2545,2457,2325,2334,2484,2318,2346,2404,2959,3034,2818,2451,2524,2453,2472,2448,2666,2693,2445,2521,2475,2237,2498,2582,2783,2819,2612,2264,2504,2351,2354,2529,2633,2693,2507,2503,2409,2297,2541,2526,2690,2732,2577,2368,2448,2340,2334,2408,2485,2486,2480,2431,2404,2313,2364,2306,2482,2983,2724,2396,2370,2445,2382,2342,2412,2579,2576,2293,2291,2312,2309,2344,2746,3032,2855,2588,2416,2338,2312,2459,2530,2766,2725,2379,2445,2320,2408,2493,2758,3037,2933,2574,2414,2399,2472,2551,2509,2722,2692,2531,2391,2281,2418,2536,2818,2988,2826,2365,2220,2425,2433,2512,2502,2785,2785,2547,2387,2164,2390,2483,2792,3035,2770,2412,2380,2306,2271,2332,2449,2668,2646,2491,2396,2159,2377,2383,2810,2979,2698,2444,2391,2261,2194,2350,2431,2580,2431,2392,2204,2212,2341,2511,2831,2799,2606,2337,2255,2320,2253,2375,2496,2402,2347,2291,2170,2291,2296,2406,2678,2717,2606,2268,2266,2265,2281,2471,2426,2346,2325,2204,2115,2312,2325,2309,2484,2715,2581,2403,2358,2200,2330,2446,2514,2480,2351,2368,2262,2199,2292,2277,2533,2720,2540,2117,2126,2284,2293,2451,2431,2479,2480,2323,2254,2240,2327,2392,2604,2628,2473,2265,2141,2360,2303,2346,2328,2365,2434,2303,2328,2290,2333,2364,2496,2628,2328,2389,2354,2378,2380,2204,2381,2395,2318,2275,2405,2379,2354,2242,2476,2789,2686,2378,2324,2358,2398,2326,2352,2345,2399,2262,2383,2314,2367,2248,2631,3000,2781,2318,2374,2341,2273,2361,2266,2248,2341,2292,2297,2350,2235,2101,2738,3128,2951,2409,2308,2210,2278,2332,2287,2199,2338,2315,2365,2331,2305,2308,2900,3141,2967,2418,2329,2161,2243,2327,2233,2298,2286,2351,2377,2346,2329,2162,2924,2866,2667,2287,2165,2237,2180,2285,2259,2301,2401,2353,2386,2334,2298,2192,2647,2917,2596,2164,2216,2054,2205,2230,2372,2369,2375,2299,2321,2215,2304,2269,2715,2924,2668,2119,2245,2190,2174,2223,2404,2312,2271,2185,2234,2152,2268,2250,2697,2746,2542,2080,2356,2311,2297,2301,2424,2329,2216,2209,2110,2002,2225,2259,2470,3133,2892,2160,2374,2266,2384,2359,2435,2357,2234,2206,2254,2123,2318,2329,2918,3567,3343,2332,2254,2392,2420,2337,2445,2375,2220,2273,2307,2290,2262,2465,3344,3624,3403,2353,2387,2300,2138,2279,2260,2346,2316,2372,2384,2284,2259,2334,3404,3397,3154,2369,2353,2389,2242,2341,2235,2314,2216,2192,2285,2229,2230,2340,3167,3126,2911,2326,2357,2326,2371,2305,2409,2421,2273,2223,2285,2251,2243,2373,2926,3145,2898,2298,2252,2366,2336,2228,2300,2373,2160,2276,2257,2264,2257,2330,2963,3484,3249,2350,2209,2412,2187,2242,2325,2420,2338,1988,2080,2320,2378,2522,3281,3869,3645,2483,2280,2291,2293,2328,2511,2871,2869,2452,2257,2426,2494,2608,3652,4046,3831,2683,2433,2327,2350,2506,2806,3051,3068,2662,2455,2467,2508,2691,3827,3956,3737,2655,2453,2177,2329,2433,2734,2888,2914,2582,2471,2427,2364,2657,3732,3619,3399,2289,2403,2253,2311,2224,2314,2379,2318,2208,2326,2323,2202,2407,3393,3070,2884,2235,2185,2239,2181,2200,2267,2181,2093,2229,2251,2264,2233,2172,2841,3349,3142,2232,2115,2280,2225,2112,2252,2238,2302,2319,2135,2068,2159,2142,3111,3487,3265,2301,2095,2178,2056,2084,2353,2304,2246,2284,2079,2104,2120,2224,3258,3324,3094,2283,2248,2118,2032,2044,2186,2273,2162,2246,2139,2136,2061,2182,3095,3067,2838,2185,2184,2051,1998,2059,2140,2183,1941,2244,2108,2137,2114,2071,2839,2867,2626,2072,2040,1963,2116,1991,2003,1984,1975,2073,2150,2046,2094,1991,2618,2654,2455,2107,2091,2069,1937,1773,2017,2021,2039,2091,2017,1944,2030,2039,2457,2422,2137,2029,1886,1984,1883,2053,2044,1914,1996,2022,2051,2002,2016,2096,2232,2275,2031,1936,1953,1956,2014,2109,1977,1925,2052,1956,1837,1955,2034,2093,2213,2339,2166,1880,1825,1939,2014,1969,1924,1913,2001,2022,2015,1931,1921,1982,2261
,,,,,,,,,,,,,,,,,,,,,,,,,,,,,,,,,,,,,,,,,,,,,,,,,,,,,,,,,,,,,,,,,,,,,,,,,,,,,,,,,,,,,,,,,,,,,,,,,,,,,,,,,,,,,,,,,,,,,,,,,,,,,,,,,,,,,,,,,,,,,,,,,,,,,,,,,,,,,,,,,,,,,,,,,,,,,,,,,,,,,,,,,,,,,,,,,,,,,,,,,,,,,,,,,,,,,,,,,,,,,,,,,,,,,,,,,,,,,,,,,,,,,,,,,,,,,,,,,,,,,,,,,,,,,,,,,,,,,,,,,,,,,,,,,,,,,,,,,,,,,,,,,,,,,,,,,,,,,,,,,,,,,,,,,,,,,,,,,,,,,,,,,,,,,,,,,,,,,,,,,,,,,,,,,,,,,,,,,,,,,,,,,,,,,,,,,,,,,,,,,,,,,,,,,,,,,,,,,,,,,,,,,,,,,,,,,,,,,,,,,,,,,,,,,,,,,,,,,,,,,,,,,,,,,,,,,,,,,,,,,,,,,,,,,,,,,,,,,,,,,,,,,,,,,,,,,,,,,,,,,,,,,,,,,,,,,,,,,,,,,,,,,,,,,,,,,,,,,,,,,,,,,,,,,,,,,,,,,,,,,,,,,,,,,,,,,,,,,,,,,,,,,,,,,,,,,,,,,,,,,,,,,,,,,,,,,,,,,,,,,,,,,,,,,,,,,,,,,,,,,,,,,,,,,,,,,,,,,,,,,,,,,,,,,,,,,,,,,,,,,,,,,,,,,,,,,,,,,,,,,,,,,,,,,,,,,,,,,,,,,,,,,,,,,,,,,,,,,,,,,,,,,,,,,,,,,,,,,,,,,,,,,,,,,,,,,,,,,,,,,,,,,,,,,,,,,,,,,,,,,,,,,,,,,,,,,,,,,,,,,,,,,,,,,,,,,,,,,,,,,,,,,,,,,,,,,,,,,,,,,,,,,,,,,,,,,,,,,,,,,,,,,,,,,,,,,,,,,,,,,,,,,,,,,,,,,,,,,,,,,,,,,,,,,,,,,,,,,,,,,,,,,,,,,,,,,,,,,,,,,,,,,,,,,,,,,,,,,,,,,,,,,,,,,,,,,,,,,,,,,,,,,,,,,,,,,,,,,,,,,,,,,,,,,,,,,,,,,,,,,,,,,,,,,,,,,,,,,,,,,,,,,,,,,,,,,,,,,,,,,,,,,,,,,,,,,,,,,,,,,,,,,,,,,,,,,,,,,,,,,,,,,,,,,,,,,,,,,,,,,,,,,,,,,,,,,,,,,,,,,,,,,,,,,,,,,,,,,,,,,,,,,,,,,,,,,,,,,,,,,,,,,,,,,,,,,,,,,,,,,,,,,,,,,,,,,,,,,,,,,,,,,,,,,,,,,,,,,,,,,,,,,,,,,,,,,,,,,,,,,,,,,,,,,,,,,,,,,,,,,,,,,,,,,,,,,,,,,,,,,,,,,,,,,,,,,,,,,,,,,,,,,,,,,,,,,,,,,,,,,,,,,,,,,,,,,,,,,,,,,,,,,,,,,,,,,,,,,,,,,,,,,,,,,,,,,,,,,,,,,,,,,,,,,,,,,,,,,,,,,,,,,,,,,,,,,,,,,,,,,,,,,,,,,,,,,,,,,,,,,,,,,,,,,,,,,,,,,,,,,,,,,,,,,,,,,,,,,,,,,,,,,,,,,,,,,,,,,,,,,,,,,,,,,,,,,,,,,,,,,,,,,,,,,,,,,,,,,,,,,,,,,,,,,,,,,,,,,,,,,,,,,,,,,,,,,,,,,,,,,,,,,,,,,,,,,,,,,,,,,,,,,,,,,,,,,,,,,,,,,,,,,,,,,,,,,,,,,,,,,,,,,,,,,,,,,,,,,,,,,,,,,,,,,,,,,,,,,,,,,,,,,,,,,,,,,,,,,,,,,,,,,,,,,,,,,,,,,,,,,,,,,,,,,,,,,,,,,,,,,,,,,,,,,,,,,,,,,,,,,,,,,,,,,,,,,,,,,,,,,,,,,,,,,,,,,,,,,,,,,,,,,,,,,,,,,,,,,,,,,,,,,,,,,,,,,,,,,,,,,,,,,,,,,,,,,,,,,,,,,,,,,,,,,,,,,,,,,,,,,,,,,,,,,,,,,,,,,,,,,,,,,,,,,,,,,,,,,,,,,,,,,,,,,,,,,,,,,,,,,,,,,,,,,,,,,,,,,,,,,,,,,,,,,,,,,,,,,,,,,,,,,,,
,,,,,,,,,,,,,,,,,,,,,,,,,,,,,,,,,,,,,,,,,,,,,,,,,,,,,,,,,,,,,,,,,,,,,,,,,,,,,,,,,,,,,,,,,,,,,,,,,,,,,,,,,,,,,,,,,,,,,,,,,,,,,,,,,,,,,,,,,,,,,,,,,,,,,,,,,,,,,,,,,,,,,,,,,,,,,,,,,,,,,,,,,,,,,,,,,,,,,,,,,,,,,,,,,,,,,,,,,,,,,,,,,,,,,,,,,,,,,,,,,,,,,,,,,,,,,,,,,,,,,,,,,,,,,,,,,,,,,,,,,,,,,,,,,,,,,,,,,,,,,,,,,,,,,,,,,,,,,,,,,,,,,,,,,,,,,,,,,,,,,,,,,,,,,,,,,,,,,,,,,,,,,,,,,,,,,,,,,,,,,,,,,,,,,,,,,,,,,,,,,,,,,,,,,,,,,,,,,,,,,,,,,,,,,,,,,,,,,,,,,,,,,,,,,,,,,,,,,,,,,,,,,,,,,,,,,,,,,,,,,,,,,,,,,,,,,,,,,,,,,,,,,,,,,,,,,,,,,,,,,,,,,,,,,,,,,,,,,,,,,,,,,,,,,,,,,,,,,,,,,,,,,,,,,,,,,,,,,,,,,,,,,,,,,,,,,,,,,,,,,,,,,,,,,,,,,,,,,,,,,,,,,,,,,,,,,,,,,,,,,,,,,,,,,,,,,,,,,,,,,,,,,,,,,,,,,,,,,,,,,,,,,,,,,,,,,,,,,,,,,,,,,,,,,,,,,,,,,,,,,,,,,,,,,,,,,,,,,,,,,,,,,,,,,,,,,,,,,,,,,,,,,,,,,,,,,,,,,,,,,,,,,,,,,,,,,,,,,,,,,,,,,,,,,,,,,,,,,,,,,,,,,,,,,,,,,,,,,,,,,,,,,,,,,,,,,,,,,,,,,,,,,,,,,,,,,,,,,,,,,,,,,,,,,,,,,,,,,,,,,,,,,,,,,,,,,,,,,,,,,,,,,,,,,,,,,,,,,,,,,,,,,,,,,,,,,,,,,,,,,,,,,,,,,,,,,,,,,,,,,,,,,,,,,,,,,,,,,,,,,,,,,,,,,,,,,,,,,,,,,,,,,,,,,,,,,,,,,,,,,,,,,,,,,,,,,,,,,,,,,,,,,,,,,,,,,,,,,,,,,,,,,,,,,,,,,,,,,,,,,,,,,,,,,,,,,,,,,,,,,,,,,,,,,,,,,,,,,,,,,,,,,,,,,,,,,,,,,,,,,,,,,,,,,,,,,,,,,,,,,,,,,,,,,,,,,,,,,,,,,,,,,,,,,,,,,,,,,,,,,,,,,,,,,,,,,,,,,,,,,,,,,,,,,,,,,,,,,,,,,,,,,,,,,,,,,,,,,,,,,,,,,,,,,,,,,,,,,,,,,,,,,,,,,,,,,,,,,,,,,,,,,,,,,,,,,,,,,,,,,,,,,,,,,,,,,,,,,,,,,,,,,,,,,,,,,,,,,,,,,,,,,,,,,,,,,,,,,,,,,,,,,,,,,,,,,,,,,,,,,,,,,,,,,,,,,,,,,,,,,,,,,,,,,,,,,,,,,,,,,,,,,,,,,,,,,,,,,,,,,,,,,,,,,,,,,,,,,,,,,,,,,,,,,,,,,,,,,,,,,,,,,,,,,,,,,,,,,,,,,,,,,,,,,,,,,,,,,,,,,,,,,,,,,,,,,,,,,,,,,,,,,,,,,,,,,,,,,,,,,,,,,,,,,,,,,,,,,,,,,,,,,,,,,,,,,,,,,,,,,,,,,,,,,,,,,,,,,,,,,,,,,,,,,,,,,,,,,,,,,,,,,,,,,,,,,,,,,,,,,,,,,,,,,,,,,,,,,,,,,,,,,,,,,,,,,,,,,,,,,,,,,,,,,,,,,,,,,,,,,,,,,,,,,,,,,,,,,,,,,,,,,,,,,,,,,,,,,,,,,,,,,,,,,,,,,,,,,,,,,,,,,,,,,,,,,,,,,,,,,,,,,,,,,,,,,,,,,,,,,,,,,,,,,,,,,,,,,,,,,,,,,,,,,,,,,,,,,,,,,,,,,,,,,,,,,,,,,,,,,,,,,,,,,,,,,,,,,,,,,,,,,,,,,,,,,,,,,,,,,,,,,,,,,,,,,,,,,,,,,,,,,,,,,,,,,,,,,,,,,,,,,,,,,,,,,,,,,,,,,,,,,,,,,,,,,,,,,,,,,,,,,,,
,,,,,,,,,,,,,,,,,,,,,,,,,,,,,,,,,,,,,,,,,,,,,,,,,,,,,,,,,,,,,,,,,,,,,,,,,,,,,,,,,,,,,,,,,,,,,,,,,,,,,,,,,,,,,,,,,,,,,,,,,,,,,,,,,,,,,,,,,,,,,,,,,,,,,,,,,,,,,,,,,,,,,,,,,,,,,,,,,,,,,,,,,,,,,,,,,,,,,,,,,,,,,,,,,,,,,,,,,,,,,,,,,,,,,,,,,,,,,,,,,,,,,,,,,,,,,,,,,,,,,,,,,,,,,,,,,,,,,,,,,,,,,,,,,,,,,,,,,,,,,,,,,,,,,,,,,,,,,,,,,,,,,,,,,,,,,,,,,,,,,,,,,,,,,,,,,,,,,,,,,,,,,,,,,,,,,,,,,,,,,,,,,,,,,,,,,,,,,,,,,,,,,,,,,,,,,,,,,,,,,,,,,,,,,,,,,,,,,,,,,,,,,,,,,,,,,,,,,,,,,,,,,,,,,,,,,,,,,,,,,,,,,,,,,,,,,,,,,,,,,,,,,,,,,,,,,,,,,,,,,,,,,,,,,,,,,,,,,,,,,,,,,,,,,,,,,,,,,,,,,,,,,,,,,,,,,,,,,,,,,,,,,,,,,,,,,,,,,,,,,,,,,,,,,,,,,,,,,,,,,,,,,,,,,,,,,,,,,,,,,,,,,,,,,,,,,,,,,,,,,,,,,,,,,,,,,,,,,,,,,,,,,,,,,,,,,,,,,,,,,,,,,,,,,,,,,,,,,,,,,,,,,,,,,,,,,,,,,,,,,,,,,,,,,,,,,,,,,,,,,,,,,,,,,,,,,,,,,,,,,,,,,,,,,,,,,,,,,,,,,,,,,,,,,,,,,,,,,,,,,,,,,,,,,,,,,,,,,,,,,,,,,,,,,,,,,,,,,,,,,,,,,,,,,,,,,,,,,,,,,,,,,,,,,,,,,,,,,,,,,,,,,,,,,,,,,,,,,,,,,,,,,,,,,,,,,,,,,,,,,,,,,,,,,,,,,,,,,,,,,,,,,,,,,,,,,,,,,,,,,,,,,,,,,,,,,,,,,,,,,,,,,,,,,,,,,,,,,,,,,,,,,,,,,,,,,,,,,,,,,,,,,,,,,,,,,,,,,,,,,,,,,,,,,,,,,,,,,,,,,,,,,,,,,,,,,,,,,,,,,,,,,,,,,,,,,,,,,,,,,,,,,,,,,,,,,,,,,,,,,,,,,,,,,,,,,,,,,,,,,,,,,,,,,,,,,,,,,,,,,,,,,,,,,,,,,,,,,,,,,,,,,,,,,,,,,,,,,,,,,,,,,,,,,,,,,,,,,,,,,,,,,,,,,,,,,,,,,,,,,,,,,,,,,,,,,,,,,,,,,,,,,,,,,,,,,,,,,,,,,,,,,,,,,,,,,,,,,,,,,,,,,,,,,,,,,,,,,,,,,,,,,,,,,,,,,,,,,,,,,,,,,,,,,,,,,,,,,,,,,,,,,,,,,,,,,,,,,,,,,,,,,,,,,,,,,,,,,,,,,,,,,,,,,,,,,,,,,,,,,,,,,,,,,,,,,,,,,,,,,,,,,,,,,,,,,,,,,,,,,,,,,,,,,,,,,,,,,,,,,,,,,,,,,,,,,,,,,,,,,,,,,,,,,,,,,,,,,,,,,,,,,,,,,,,,,,,,,,,,,,,,,,,,,,,,,,,,,,,,,,,,,,,,,,,,,,,,,,,,,,,,,,,,,,,,,,,,,,,,,,,,,,,,,,,,,,,,,,,,,,,,,,,,,,,,,,,,,,,,,,,,,,,,,,,,,,,,,,,,,,,,,,,,,,,,,,,,,,,,,,,,,,,,,,,,,,,,,,,,,,,,,,,,,,,,,,,,,,,,,,,,,,,,,,,,,,,,,,,,,,,,,,,,,,,,,,,,,,,,,,,,,,,,,,,,,,,,,,,,,,,,,,,,,,,,,,,,,,,,,,,,,,,,,,,,,,,,,,,,,,,,,,,,,,,,,,,,,,,,,,,,,,,,,,,,,,,,,,,,,,,,,,,,,,,,,,,,,,,,,,,,,,,,,,,,,,,,,,,,,,,,,,,,,,,,,,,,,,,,,,,,,,,,,,,,,,,,,,,,,,,,,,,,,,,,,,,,,,,,,,,,,,,,,,,,,,,,,,,,,,,,,,,,,,,,,,,,,,,,,,,,,,,,,,,,,,,,,,,,,,,,,,,
,,,,,,,,,,,,,,,,,,,,,,,,,,,,,,,,,,,,,,,,,,,,,,,,,,,,,,,,,,,,,,,,,,,,,,,,,,,,,,,,,,,,,,,,,,,,,,,,,,,,,,,,,,,,,,,,,,,,,,,,,,,,,,,,,,,,,,,,,,,,,,,,,,,,,,,,,,,,,,,,,,,,,,,,,,,,,,,,,,,,,,,,,,,,,,,,,,,,,,,,,,,,,,,,,,,,,,,,,,,,,,,,,,,,,,,,,,,,,,,,,,,,,,,,,,,,,,,,,,,,,,,,,,,,,,,,,,,,,,,,,,,,,,,,,,,,,,,,,,,,,,,,,,,,,,,,,,,,,,,,,,,,,,,,,,,,,,,,,,,,,,,,,,,,,,,,,,,,,,,,,,,,,,,,,,,,,,,,,,,,,,,,,,,,,,,,,,,,,,,,,,,,,,,,,,,,,,,,,,,,,,,,,,,,,,,,,,,,,,,,,,,,,,,,,,,,,,,,,,,,,,,,,,,,,,,,,,,,,,,,,,,,,,,,,,,,,,,,,,,,,,,,,,,,,,,,,,,,,,,,,,,,,,,,,,,,,,,,,,,,,,,,,,,,,,,,,,,,,,,,,,,,,,,,,,,,,,,,,,,,,,,,,,,,,,,,,,,,,,,,,,,,,,,,,,,,,,,,,,,,,,,,,,,,,,,,,,,,,,,,,,,,,,,,,,,,,,,,,,,,,,,,,,,,,,,,,,,,,,,,,,,,,,,,,,,,,,,,,,,,,,,,,,,,,,,,,,,,,,,,,,,,,,,,,,,,,,,,,,,,,,,,,,,,,,,,,,,,,,,,,,,,,,,,,,,,,,,,,,,,,,,,,,,,,,,,,,,,,,,,,,,,,,,,,,,,,,,,,,,,,,,,,,,,,,,,,,,,,,,,,,,,,,,,,,,,,,,,,,,,,,,,,,,,,,,,,,,,,,,,,,,,,,,,,,,,,,,,,,,,,,,,,,,,,,,,,,,,,,,,,,,,,,,,,,,,,,,,,,,,,,,,,,,,,,,,,,,,,,,,,,,,,,,,,,,,,,,,,,,,,,,,,,,,,,,,,,,,,,,,,,,,,,,,,,,,,,,,,,,,,,,,,,,,,,,,,,,,,,,,,,,,,,,,,,,,,,,,,,,,,,,,,,,,,,,,,,,,,,,,,,,,,,,,,,,,,,,,,,,,,,,,,,,,,,,,,,,,,,,,,,,,,,,,,,,,,,,,,,,,,,,,,,,,,,,,,,,,,,,,,,,,,,,,,,,,,,,,,,,,,,,,,,,,,,,,,,,,,,,,,,,,,,,,,,,,,,,,,,,,,,,,,,,,,,,,,,,,,,,,,,,,,,,,,,,,,,,,,,,,,,,,,,,,,,,,,,,,,,,,,,,,,,,,,,,,,,,,,,,,,,,,,,,,,,,,,,,,,,,,,,,,,,,,,,,,,,,,,,,,,,,,,,,,,,,,,,,,,,,,,,,,,,,,,,,,,,,,,,,,,,,,,,,,,,,,,,,,,,,,,,,,,,,,,,,,,,,,,,,,,,,,,,,,,,,,,,,,,,,,,,,,,,,,,,,,,,,,,,,,,,,,,,,,,,,,,,,,,,,,,,,,,,,,,,,,,,,,,,,,,,,,,,,,,,,,,,,,,,,,,,,,,,,,,,,,,,,,,,,,,,,,,,,,,,,,,,,,,,,,,,,,,,,,,,,,,,,,,,,,,,,,,,,,,,,,,,,,,,,,,,,,,,,,,,,,,,,,,,,,,,,,,,,,,,,,,,,,,,,,,,,,,,,,,,,,,,,,,,,,,,,,,,,,,,,,,,,,,,,,,,,,,,,,,,,,,,,,,,,,,,,,,,,,,,,,,,,,,,,,,,,,,,,,,,,,,,,,,,,,,,,,,,,,,,,,,,,,,,,,,,,,,,,,,,,,,,,,,,,,,,,,,,,,,,,,,,,,,,,,,,,,,,,,,,,,,,,,,,,,,,,,,,,,,,,,,,,,,,,,,,,,,,,,,,,,,,,,,,,,,,,,,,,,,,,,,,,,,,,,,,,,,,,,,,,,,,,,,,,,,,,,,,,,,,,,,,,,,,,,,,,,,,,,,,,,,,,,,,,,,,,,,,,,,,,,,,,,,,,,,,,,,,,,,,,,,,,,,,,,,,,,,,,,,,,,,,,,,,,,,,,,,,,,,,,,,,,,,,,,,,,,,,,,,,,,,,,,,,,,,,,,,,,
,,,,,,,,,,,,,,,,,,,,,,,,,,,,,,,,,,,,,,,,,,,,,,,,,,,,,,,,,,,,,,,,,,,,,,,,,,,,,,,,,,,,,,,,,,,,,,,,,,,,,,,,,,,,,,,,,,,,,,,,,,,,,,,,,,,,,,,,,,,,,,,,,,,,,,,,,,,,,,,,,,,,,,,,,,,,,,,,,,,,,,,,,,,,,,,,,,,,,,,,,,,,,,,,,,,,,,,,,,,,,,,,,,,,,,,,,,,,,,,,,,,,,,,,,,,,,,,,,,,,,,,,,,,,,,,,,,,,,,,,,,,,,,,,,,,,,,,,,,,,,,,,,,,,,,,,,,,,,,,,,,,,,,,,,,,,,,,,,,,,,,,,,,,,,,,,,,,,,,,,,,,,,,,,,,,,,,,,,,,,,,,,,,,,,,,,,,,,,,,,,,,,,,,,,,,,,,,,,,,,,,,,,,,,,,,,,,,,,,,,,,,,,,,,,,,,,,,,,,,,,,,,,,,,,,,,,,,,,,,,,,,,,,,,,,,,,,,,,,,,,,,,,,,,,,,,,,,,,,,,,,,,,,,,,,,,,,,,,,,,,,,,,,,,,,,,,,,,,,,,,,,,,,,,,,,,,,,,,,,,,,,,,,,,,,,,,,,,,,,,,,,,,,,,,,,,,,,,,,,,,,,,,,,,,,,,,,,,,,,,,,,,,,,,,,,,,,,,,,,,,,,,,,,,,,,,,,,,,,,,,,,,,,,,,,,,,,,,,,,,,,,,,,,,,,,,,,,,,,,,,,,,,,,,,,,,,,,,,,,,,,,,,,,,,,,,,,,,,,,,,,,,,,,,,,,,,,,,,,,,,,,,,,,,,,,,,,,,,,,,,,,,,,,,,,,,,,,,,,,,,,,,,,,,,,,,,,,,,,,,,,,,,,,,,,,,,,,,,,,,,,,,,,,,,,,,,,,,,,,,,,,,,,,,,,,,,,,,,,,,,,,,,,,,,,,,,,,,,,,,,,,,,,,,,,,,,,,,,,,,,,,,,,,,,,,,,,,,,,,,,,,,,,,,,,,,,,,,,,,,,,,,,,,,,,,,,,,,,,,,,,,,,,,,,,,,,,,,,,,,,,,,,,,,,,,,,,,,,,,,,,,,,,,,,,,,,,,,,,,,,,,,,,,,,,,,,,,,,,,,,,,,,,,,,,,,,,,,,,,,,,,,,,,,,,,,,,,,,,,,,,,,,,,,,,,,,,,,,,,,,,,,,,,,,,,,,,,,,,,,,,,,,,,,,,,,,,,,,,,,,,,,,,,,,,,,,,,,,,,,,,,,,,,,,,,,,,,,,,,,,,,,,,,,,,,,,,,,,,,,,,,,,,,,,,,,,,,,,,,,,,,,,,,,,,,,,,,,,,,,,,,,,,,,,,,,,,,,,,,,,,,,,,,,,,,,,,,,,,,,,,,,,,,,,,,,,,,,,,,,,,,,,,,,,,,,,,,,,,,,,,,,,,,,,,,,,,,,,,,,,,,,,,,,,,,,,,,,,,,,,,,,,,,,,,,,,,,,,,,,,,,,,,,,,,,,,,,,,,,,,,,,,,,,,,,,,,,,,,,,,,,,,,,,,,,,,,,,,,,,,,,,,,,,,,,,,,,,,,,,,,,,,,,,,,,,,,,,,,,,,,,,,,,,,,,,,,,,,,,,,,,,,,,,,,,,,,,,,,,,,,,,,,,,,,,,,,,,,,,,,,,,,,,,,,,,,,,,,,,,,,,,,,,,,,,,,,,,,,,,,,,,,,,,,,,,,,,,,,,,,,,,,,,,,,,,,,,,,,,,,,,,,,,,,,,,,,,,,,,,,,,,,,,,,,,,,,,,,,,,,,,,,,,,,,,,,,,,,,,,,,,,,,,,,,,,,,,,,,,,,,,,,,,,,,,,,,,,,,,,,,,,,,,,,,,,,,,,,,,,,,,,,,,,,,,,,,,,,,,,,,,,,,,,,,,,,,,,,,,,,,,,,,,,,,,,,,,,,,,,,,,,,,,,,,,,,,,,,,,,,,,,,,,,,,,,,,,,,,,,,,,,,,,,,,,,,,,,,,,,,,,,,,,,,,,,,,,,,,,,,,,,,,,,,,,,,,,,,,,,,,,,,,,,,,,,,,,,,,,,,,,,,,,,,,,,,,,,,,,,,,,,,,,,,,,,,,,,,,,,,,,,,,,,,,,,,,,,,,,,,,,,,,,,,,,,,,,,,,,,,,,,,,,
3478,3257,2495,2363,2409,2487,2396,2335,2213,2335,2396,2487,2409,2363,2495,3257,3693,3466,2447,2155,2185,2341,2228,2144,2267,2335,2262,2357,2308,2240,2409,3472,4075,3854,2735,2390,2181,2356,2249,2179,2277,2235,2358,2264,2310,2218,2712,3852,4209,3985,2817,2521,2171,2302,2231,2284,2139,2238,2384,2410,2267,2553,2841,3986,4017,3792,2610,2452,2205,2255,2222,2161,2211,2186,2134,2415,2315,2454,2702,3798,3733,3506,2350,2361,2183,2025,2177,2212,2206,2194,2298,2360,2331,2270,2444,3501,3499,3267,2336,2110,2225,2288,2249,2130,2067,2204,2360,2384,2282,2159,2299,3271,3819,3597,2511,2139,2275,2359,2362,2265,2199,2284,2344,2402,2305,2230,2388,3591,4007,3781,2656,2107,2269,2338,2323,2368,2172,2167,2168,2158,2278,2239,2630,3782,3880,3661,2571,2211,2242,2301,2314,2310,2171,2084,2179,2276,2204,2281,2588,3660,3477,3250,2436,2308,2281,2271,2189,2284,2253,2229,2279,2347,2328,2282,2348,3260,3178,2998,2410,2269,2210,2307,2334,2336,2349,2393,2346,2315,2379,2317,2383,2927,3117,2937,2566,2458,2370,2296,2495,2624,2585,2595,2402,2329,2454,2635,2703,2874,4031,4077,3855,3339,3076,3303,3451,3358,3113,3576,3490,3455,3493,3226,3265,3649,4522,4488,4287,3876,3503,3702,4055,4012,3676,4015,3854,4008,3988,3632,3997,4145,4610,4529,4307,4021,3733,3791,4189,4231,3910,4025,3805,4172,4066,3878,4209,4174,4256,4116,3947,3857,3751,3734,3962,4135,3855,3716,3765,4008,3749,3789,4054,3891,4516,4267,3438,3481,3518,3546,3541,3802,3609,3379,3432,3531,3155,3278,3574,4296,4617,4397,3275,3253,3206,3237,3143,3327,3315,3022,3010,3038,2973,2956,3334,4390,4805,4585,3452,3122,2965,3051,3124,3231,3147,2842,2831,2781,2669,2983,3508,4587,4701,4480,3341,2904,2837,2817,2889,2908,2900,2677,2675,2647,2782,2918,3396,4479,4261,4035,2795,2746,2719,2654,2675,2911,2989,2935,2876,2782,2651,2860,2983,4031,3759,3536,2709,2616,2612,2652,2590,2949,3010,2901,2795,2685,2689,2803,2882,3538,3545,3318,2579,2494,2495,2447,2650,2776,2659,2684,2585,2529,2458,2533,2716,3354,3452,3225,2454,2420,2436,2242,2504,2656,2646,2655,2523,2464,2421,2551,2546,3232,3651,3421,2362,2319,2223,2078,2313,2561,2620,2479,2352,2357,2388,2494,2568,3445,3658,3418,2615,2416,2335,2167,2354,2591,2603,2542,2376,2426,2425,2506,2463,3446,3235,3077,2826,2484,2480,2530,2546,2646,2793,2836,2720,2664,2503,2577,2707,3034,3171,3043,2797,2606,2548,2461,2428,2673,2939,2925,2856,2624,2436,2496,2714,2856,2820,2747,2578,2581,2459,2453,2515,2707,2894,2706,2650,2382,2324,2415,2591,2711,2829,2780,2544,2491,2422,2461,2328,2635,2749,2570,2710,2625,2541,2512,2582,2666,2900,2848,2576,2407,2419,2311,2338,2589,2715,2533,2594,2527,2431,2491,2567,2692,3043,3011,2690,2402,2555,2539,2482,2505,2639,2737,2732,2433,2120,2439,2502,2676,2837,2896,2581,2363,2502,2466,2544,2509,2501,2702,2727,2482,2355,2432,2630,2642,2940,2774,2451,2347,2321,2257,2457,2418,2357,2478,2510,2277,2386,2329,2474,2687,3117,2836,2378,2325,2325,2290,2341,2307,2390,2383,2448,2224,2433,2393,2320,2898,3420,3190,2273,2335,2431,2288,2179,2301,2355,2443,2368,2268,2395,2403,2348,3199,3468,3248,2561,2335,2280,2262,2364,2520,2538,2446,2388,2139,2255,2322,2522,3252,3228,3123,2869,2583,2298,2525,2626,2762,2918,2648,2397,2234,2368,2562,2847,2997,3169,3104,2881,2631,2429,2643,2661,2730,3003,2844,2435,2143,2373,2490,2886,3017,3316,3162,2715,2356,2341,2571,2652,2705,2737,2769,2348,2316,2203,2321,2694,3135,3218,2966,2556,2468,2436,2446,2550,2672,2666,2642,2212,2324,2349,2292,2446,3051,2892,2749,2478,2456,2484,2423,2285,2300,2473,2423,2249,2346,2394,2255,2448,2645,2779,2666,2383,2407,2409,2264,2365,2581,2518,2356,2405,2423,2410,2217,2205,2541,2814,2681,2344,2290,2321,2247,2402,2478,2417,2295,2375,2429,2366,2395,2265,2528,2653,2575,2351,2385,2161,2294,2453,2443,2301,2199,2333,2244,2214,2402,2386,2296,2884,2729,2330,2362,2105,2171,2396,2477,2312,2292,2353,2170,2311,2297,2283,2665,2938,2801,2360,2225,2127,1993,2339,2546,2525,2316,2383,2335,2414,2386,2393,2694,2776,2652,2235,2259,2122,2190,2287,2548,2593,2449,2409,2366,2320,2278,2459,2542,2849,2693,2358,2358,2340,2279,2319,2474,2562,2560,2454,2364,2395,2345,2404,2605,2852,2717,2306,2160,2262,2167,2343,2388,2394,2500,2415,2383,2228,2331,2361,2642,2852,2711,2278,2135,2183,2347,2402,2369,2333,2398,2308,2349,2331,2148,2260,2616,2967,2769,2259,2228,2319,2365,2326,2236,2376,2374,2289,2057,2294,2266,2237,2765,2917,2759,2307,2310,2347,2422,2456,2438,2384,2321,2349,2291,2360,2425,2451,2776,2867,2672,2309,2368,2372,2373,2421,2273,2345,2358,2255,2338,2480,2421,2490,2541,2796,2498,2237,2331,2216,2363,2391,2367,2224,2311,2248,2231,2388,2402,2439,2691,2732,2459,2377,2254,2349,2371,2446,2366,2247,2230,2220,2274,2268,2308,2301,2597,2692,2430,2286,2191,2222,2299,2325,2240,2144,2262,2257,2332,2301,2336,2344,2548,2644,2487,2291,2149,2297,2320,2367,2326,2323,2318,2413,2382,2282,2344,2404,2562,2702,2529,2292,2269,2373,2367,2419,2425,2406,2434,2330,2229,2210,2282,2347,2523,2773,2551,2117,2163,2284,2329,2422,2401,2440,2352,2257,2207,2278,2281,2186,2582,2672,2533,2051,2237,2349,2365,2340,2401,2460,2377,2188,2275,2257,2230,2168,2531,2637,2465,2216,2283,2283,2214,2284,2436,2490,2260,2193,2313,2247,2110,2217,2503,3328,3117,2423,2284,2228,2236,2390,2418,2376,2248,2190,2217,2320,2284,2396,3108,3835,3608,2510,2266,2277,2278,2388,2299,2571,2555,2347,2441,2349,2431,2439,3612,4094,3871,2756,2449,2587,2562,2697,2657,2980,2961,2863,2773,2605,2735,2717,3864,4115,3889,2792,2649,2752,2746,2867,2812,3191,3135,2948,2821,2760,2898,2930,3887,4107,3901,2950,2548,2650,2611,2716,2895,3037,3013,2736,2703,2704,2819,2921,3875,4152,3937,2927,2355,2401,2526,2417,2727,2823,2717,2325,2528,2644,2543,2831,3922,3775,3558,2554,2372,2468,2446,2290,2527,2662,2618,2437,2474,2636,2482,2566,3542,3323,3092,2218,2349,2356,2228,2193,2240,2419,2420,2332,2423,2488,2289,2292,3099,3120,2863,2323,2385,2382,2082,2223,2226,2398,2390,2348,2311,2327,2371,2265,2886,2775,2669,2437,2294,2394,2179,2324,2285,2410,2430,2370,2316,2244,2341,2335,2568,2850,2598,2291,2310,2370,2452,2442,2398,2582,2533,2238,2204,2081,2150,2256,2742,2765,2554,2333,2228,2303,2345,2447,2349,2399,2258,2208,2266,2175,2151,2381,2669,2704,2550,2357,2164,2146,2334,2395,2401,2229,2172,2257,2280,2170,2217,2312,2420,2727,2603,2302,2162,2247,2209,2356,2425,2474,2419,2331,2239,2160,2252,2403,2514,2973,2771,2440,2324,2246,2276,2416,2342,2330,2384,2237,2347,2324,2336,2336,2772,3062,2927,2588,2570,2383,2542,2712,2723,2779,2729,2419,2351,2416,2335,2432,2882,2954,2909,2675,2648,2415,2660,2783,2736,2930,2893,2515,2513,2533,2531,2641,2808,3062,2906,2437,2469,2228,2564,2572,2301,2743,2733,2545,2280,2327,2501,2536,2921,3379,3158,2438,2169,2195,2429,2326,2245,2457,2461,2406,2234,2340,2514,2480,3129,3320,3063,2398,2299,2301,2268,2170,2349,2336,2415,2402,2252,2156,2372,2393,3136,3110,2880,2383,2377,2345,2352,2253,2314,2523,2620,2470,2338,2288,2346,2454,2867,3054,2868,2406,2378,2321,2335,2200,2531,2690,2723,2527,2328,2353,2313,2330,2793,2926,2810,2320,2295,2209,2328,2221,2568,2713,2634,2446,2327,2316,2339,2351,2690,3006,2850,2321,2303,2330,2374,2230,2457,2404,2425,2310,2379,2391,2306,2359,2734,2963,2799,2372,2391,2407,2280,2294,2246,2359,2402,2341,2418,2322,2349,2520,2734,2875,2571,2584,2442,2454,2190,2263,2305,2717,2661,2386,2369,2318,2623,2691,2670,3083,2910,2621,2437,2330,2107,2248,2569,2788,2654,2416,2367,2325,2588,2632,2858,3079,2827,2505,2374,2383,2261,2316,2615,2746,2645,2404,2417,2308,2370,2355,2901,2964,2657,2405,2373,2430,2357,2453,2539,2642,2588,2471,2426,2320,2197,2361,2801,2980,2775,2280,2361,2359,2223,2335,2411,2520,2435,2422,2368,2270,2252,2397,2719,2875,2690,2330,2291,2319,2329,2369,2403,2534,2423,2383,2465,2396,2339,2353,2560,2545,2403,2296,2322,2372,2382,2286,2238,2467,2430,2257,2428,2329,2368,2328,2532,2684,2472,2306,2371,2380,2425,2348,2248,2391,2365,2343,2193,2079,2281,2419,2600,2631,2438,2189,2260,2178,2386,2305,2310,2313,2309,2373,2259,2131,2228,2375,2579,2755,2500,2239,2229,2276,2285,2294,2267,2244,2341,2283,2189,2285,2225,2347,2646,2878,2668,2277,2263,2331,2340,2222,2272,2382,2309,2284,2172,2261,2362,2325,2665,2911,2655,2340,2283,2316,2326,2266,2279,2315,2280,2253,2282,2289,2331,2308,2681,2977,2748,2345,2192,2124,2280,2327,2314,2297,2279,2353,2362,2311,2187,2239,2754,3047,2798,2268,2335,2222,2218,2376,2426,2263,2231,2400,2446,2280,2321,2366,2838,3066,2874,2190,2337,2230,2221,2326,2375,2262,2236,2398,2457,2402,2306,2381,2850,2818,2604,2271,2351,2220,2244,2101,2389,2418,2366,2209,2425,2439,2479,2403,2603,2845,2591,2283,2424,2372,2242,2366,2409,2414,2395,2284,2278,2286,2466,2444,2651,2867,2638,2231,2359,2437,2367,2323,2243,2413,2288,2409,2431,2223,2147,2284,2656,2704,2563,2221,2056,2279,2278,2256,2286,2261,2176,2364,2428,2382,2197,2276,2518,3125,2912,2184,2140,2033,2162,2282,2367,2235,2319,2342,2316,2248,2383,2269,2890,3569,3351,2359,2238,2240,2063,2171,2224,2204,2277,2139,2338,2359,2437,2278,3346,3635,3418,2381,2329,2348,2294,2284,2302,2366,2294,2225,2331,2237,2390,2274,3415,3412,3183,2278,2312,2263,2273,2352,2450,2303,2291,2154,2277,2204,2358,2433,3181,3143,2907,2220,2286,2218,2215,2255,2266,2311,2170,2191,2370,2401,2356,2476,2969,3179,2967,2310,2323,2204,2264,2240,2262,2371,2271,2076,2247,2399,2361,2414,2974,3499,3286,2301,2443,2391,2300,2314,2394,2436,2457,2201,2215,2437,2328,2444,3277,3863,3642,2569,2366,2397,2262,2423,2741,3005,2892,2482,2117,2256,2369,2497,3640,4044,3827,2715,2398,2509,2306,2538,2971,3183,3090,2632,2102,2274,2412,2659,3824,3955,3733,2624,2349,2485,2408,2524,2884,3011,2796,2464,2128,2331,2341,2598,3727,3623,3398,2352,2345,2394,2346,2267,2409,2494,2488,2316,2314,2313,2136,2331,3398,3092,2895,2235,2060,2220,2156,2032,2240,2392,2333,2163,2244,2326,2082,2153,2875,3350,3129,2293,2139,2268,2247,2168,2154,2358,2159,2093,2198,2328,2260,2232,3137,3495,3266,2314,2268,2208,2265,2149,2331,2387,2237,2106,2252,2309,2227,2225,3271,3328,3098,2227,2196,2214,2262,2243,2233,2191,2125,2099,2110,2229,2264,2141,3101,3074,2841,2198,2180,2134,2195,2199,2138,2272,2047,2000,2055,2024,2124,2081,2843,2860,2648,2045,2018,2168,2146,2025,2105,2104,1887,2063,2091,2130,2084,2171,2618,2638,2451,1989,1974,2069,2165,2105,2024,1877,1757,2043,2123,2117,1991,1888,2387,2296,2160,1939,1863,1873,2040,2048,1807,1934,1983,1972,1919,1980,2016,2122,2115,2354,2158,1818,1930,2001,2021,1902,1917,2039,2143,2054,1741,1788,1953,1893,2196,2306,2100,1803,1984,2100,1995,2032,2111,2110,1928,1885,1771,1772,1855,1980,2119
,,,,,,,,,,,,,,,,,,,,,,,,,,,,,,,,,,,,,,,,,,,,,,,,,,,,,,,,,,,,,,,,,,,,,,,,,,,,,,,,,,,,,,,,,,,,,,,,,,,,,,,,,,,,,,,,,,,,,,,,,,,,,,,,,,,,,,,,,,,,,,,,,,,,,,,,,,,,,,,,,,,,,,,,,,,,,,,,,,,,,,,,,,,,,,,,,,,,,,,,,,,,,,,,,,,,,,,,,,,,,,,,,,,,,,,,,,,,,,,,,,,,,,,,,,,,,,,,,,,,,,,,,,,,,,,,,,,,,,,,,,,,,,,,,,,,,,,,,,,,,,,,,,,,,,,,,,,,,,,,,,,,,,,,,,,,,,,,,,,,,,,,,,,,,,,,,,,,,,,,,,,,,,,,,,,,,,,,,,,,,,,,,,,,,,,,,,,,,,,,,,,,,,,,,,,,,,,,,,,,,,,,,,,,,,,,,,,,,,,,,,,,,,,,,,,,,,,,,,,,,,,,,,,,,,,,,,,,,,,,,,,,,,,,,,,,,,,,,,,,,,,,,,,,,,,,,,,,,,,,,,,,,,,,,,,,,,,,,,,,,,,,,,,,,,,,,,,,,,,,,,,,,,,,,,,,,,,,,,,,,,,,,,,,,,,,,,,,,,,,,,,,,,,,,,,,,,,,,,,,,,,,,,,,,,,,,,,,,,,,,,,,,,,,,,,,,,,,,,,,,,,,,,,,,,,,,,,,,,,,,,,,,,,,,,,,,,,,,,,,,,,,,,,,,,,,,,,,,,,,,,,,,,,,,,,,,,,,,,,,,,,,,,,,,,,,,,,,,,,,,,,,,,,,,,,,,,,,,,,,,,,,,,,,,,,,,,,,,,,,,,,,,,,,,,,,,,,,,,,,,,,,,,,,,,,,,,,,,,,,,,,,,,,,,,,,,,,,,,,,,,,,,,,,,,,,,,,,,,,,,,,,,,,,,,,,,,,,,,,,,,,,,,,,,,,,,,,,,,,,,,,,,,,,,,,,,,,,,,,,,,,,,,,,,,,,,,,,,,,,,,,,,,,,,,,,,,,,,,,,,,,,,,,,,,,,,,,,,,,,,,,,,,,,,,,,,,,,,,,,,,,,,,,,,,,,,,,,,,,,,,,,,,,,,,,,,,,,,,,,,,,,,,,,,,,,,,,,,,,,,,,,,,,,,,,,,,,,,,,,,,,,,,,,,,,,,,,,,,,,,,,,,,,,,,,,,,,,,,,,,,,,,,,,,,,,,,,,,,,,,,,,,,,,,,,,,,,,,,,,,,,,,,,,,,,,,,,,,,,,,,,,,,,,,,,,,,,,,,,,,,,,,,,,,,,,,,,,,,,,,,,,,,,,,,,,,,,,,,,,,,,,,,,,,,,,,,,,,,,,,,,,,,,,,,,,,,,,,,,,,,,,,,,,,,,,,,,,,,,,,,,,,,,,,,,,,,,,,,,,,,,,,,,,,,,,,,,,,,,,,,,,,,,,,,,,,,,,,,,,,,,,,,,,,,,,,,,,,,,,,,,,,,,,,,,,,,,,,,,,,,,,,,,,,,,,,,,,,,,,,,,,,,,,,,,,,,,,,,,,,,,,,,,,,,,,,,,,,,,,,,,,,,,,,,,,,,,,,,,,,,,,,,,,,,,,,,,,,,,,,,,,,,,,,,,,,,,,,,,,,,,,,,,,,,,,,,,,,,,,,,,,,,,,,,,,,,,,,,,,,,,,,,,,,,,,,,,,,,,,,,,,,,,,,,,,,,,,,,,,,,,,,,,,,,,,,,,,,,,,,,,,,,,,,,,,,,,,,,,,,,,,,,,,,,,,,,,,,,,,,,,,,,,,,,,,,,,,,,,,,,,,,,,,,,,,,,,,,,,,,,,,,,,,,,,,,,,,,,,,,,,,,,,,,,,,,,,,,,,,,,,,,,,,,,,,,,,,,,,,,,,,,,,,,,,,,,,,,,,,,,,,,,,,,,,,,,,,,,,,,,,,,,,,,,,,,,,,,,,,,,,,,,,,,,,,,,,,,,,,,,,,,,,,,,,,,,,,,,,,,,,,,,,,,,,,,,,,,,,,,,,,,,,,,,,,,,,,,,,,,,,,,,,,,,,,,,,,,,,,,,,,,,,,,,,,,,,,,,,,,,,,,,,,,,,,,,,,,,,,,,,,,,,,,,,,,,,,,,,,,,,,,,,,,,,,,,,,,,,,,,,,,,,,,,,,,,,,,,,,,,,,,,,
,,,,,,,,,,,,,,,,,,,,,,,,,,,,,,,,,,,,,,,,,,,,,,,,,,,,,,,,,,,,,,,,,,,,,,,,,,,,,,,,,,,,,,,,,,,,,,,,,,,,,,,,,,,,,,,,,,,,,,,,,,,,,,,,,,,,,,,,,,,,,,,,,,,,,,,,,,,,,,,,,,,,,,,,,,,,,,,,,,,,,,,,,,,,,,,,,,,,,,,,,,,,,,,,,,,,,,,,,,,,,,,,,,,,,,,,,,,,,,,,,,,,,,,,,,,,,,,,,,,,,,,,,,,,,,,,,,,,,,,,,,,,,,,,,,,,,,,,,,,,,,,,,,,,,,,,,,,,,,,,,,,,,,,,,,,,,,,,,,,,,,,,,,,,,,,,,,,,,,,,,,,,,,,,,,,,,,,,,,,,,,,,,,,,,,,,,,,,,,,,,,,,,,,,,,,,,,,,,,,,,,,,,,,,,,,,,,,,,,,,,,,,,,,,,,,,,,,,,,,,,,,,,,,,,,,,,,,,,,,,,,,,,,,,,,,,,,,,,,,,,,,,,,,,,,,,,,,,,,,,,,,,,,,,,,,,,,,,,,,,,,,,,,,,,,,,,,,,,,,,,,,,,,,,,,,,,,,,,,,,,,,,,,,,,,,,,,,,,,,,,,,,,,,,,,,,,,,,,,,,,,,,,,,,,,,,,,,,,,,,,,,,,,,,,,,,,,,,,,,,,,,,,,,,,,,,,,,,,,,,,,,,,,,,,,,,,,,,,,,,,,,,,,,,,,,,,,,,,,,,,,,,,,,,,,,,,,,,,,,,,,,,,,,,,,,,,,,,,,,,,,,,,,,,,,,,,,,,,,,,,,,,,,,,,,,,,,,,,,,,,,,,,,,,,,,,,,,,,,,,,,,,,,,,,,,,,,,,,,,,,,,,,,,,,,,,,,,,,,,,,,,,,,,,,,,,,,,,,,,,,,,,,,,,,,,,,,,,,,,,,,,,,,,,,,,,,,,,,,,,,,,,,,,,,,,,,,,,,,,,,,,,,,,,,,,,,,,,,,,,,,,,,,,,,,,,,,,,,,,,,,,,,,,,,,,,,,,,,,,,,,,,,,,,,,,,,,,,,,,,,,,,,,,,,,,,,,,,,,,,,,,,,,,,,,,,,,,,,,,,,,,,,,,,,,,,,,,,,,,,,,,,,,,,,,,,,,,,,,,,,,,,,,,,,,,,,,,,,,,,,,,,,,,,,,,,,,,,,,,,,,,,,,,,,,,,,,,,,,,,,,,,,,,,,,,,,,,,,,,,,,,,,,,,,,,,,,,,,,,,,,,,,,,,,,,,,,,,,,,,,,,,,,,,,,,,,,,,,,,,,,,,,,,,,,,,,,,,,,,,,,,,,,,,,,,,,,,,,,,,,,,,,,,,,,,,,,,,,,,,,,,,,,,,,,,,,,,,,,,,,,,,,,,,,,,,,,,,,,,,,,,,,,,,,,,,,,,,,,,,,,,,,,,,,,,,,,,,,,,,,,,,,,,,,,,,,,,,,,,,,,,,,,,,,,,,,,,,,,,,,,,,,,,,,,,,,,,,,,,,,,,,,,,,,,,,,,,,,,,,,,,,,,,,,,,,,,,,,,,,,,,,,,,,,,,,,,,,,,,,,,,,,,,,,,,,,,,,,,,,,,,,,,,,,,,,,,,,,,,,,,,,,,,,,,,,,,,,,,,,,,,,,,,,,,,,,,,,,,,,,,,,,,,,,,,,,,,,,,,,,,,,,,,,,,,,,,,,,,,,,,,,,,,,,,,,,,,,,,,,,,,,,,,,,,,,,,,,,,,,,,,,,,,,,,,,,,,,,,,,,,,,,,,,,,,,,,,,,,,,,,,,,,,,,,,,,,,,,,,,,,,,,,,,,,,,,,,,,,,,,,,,,,,,,,,,,,,,,,,,,,,,,,,,,,,,,,,,,,,,,,,,,,,,,,,,,,,,,,,,,,,,,,,,,,,,,,,,,,,,,,,,,,,,,,,,,,,,,,,,,,,,,,,,,,,,,,,,,,,,,,,,,,,,,,,,,,,,,,,,,,,,,,,,,,,,,,,,,,,,,,,,,,,,,,,,,,,,,,,,,,,,,,,,,,,,,,,,,,,,,,,,,,,,,,,,,,,,,,,,,,,,,,,,,,,,,,,,,,,,,,,,,,,,,,,,,,,,,,,,,,,,,,,,,,,,,,,,,,,,,,,,,,,,,,,,,,,,,,,,,,,,,,,
,,,,,,,,,,,,,,,,,,,,,,,,,,,,,,,,,,,,,,,,,,,,,,,,,,,,,,,,,,,,,,,,,,,,,,,,,,,,,,,,,,,,,,,,,,,,,,,,,,,,,,,,,,,,,,,,,,,,,,,,,,,,,,,,,,,,,,,,,,,,,,,,,,,,,,,,,,,,,,,,,,,,,,,,,,,,,,,,,,,,,,,,,,,,,,,,,,,,,,,,,,,,,,,,,,,,,,,,,,,,,,,,,,,,,,,,,,,,,,,,,,,,,,,,,,,,,,,,,,,,,,,,,,,,,,,,,,,,,,,,,,,,,,,,,,,,,,,,,,,,,,,,,,,,,,,,,,,,,,,,,,,,,,,,,,,,,,,,,,,,,,,,,,,,,,,,,,,,,,,,,,,,,,,,,,,,,,,,,,,,,,,,,,,,,,,,,,,,,,,,,,,,,,,,,,,,,,,,,,,,,,,,,,,,,,,,,,,,,,,,,,,,,,,,,,,,,,,,,,,,,,,,,,,,,,,,,,,,,,,,,,,,,,,,,,,,,,,,,,,,,,,,,,,,,,,,,,,,,,,,,,,,,,,,,,,,,,,,,,,,,,,,,,,,,,,,,,,,,,,,,,,,,,,,,,,,,,,,,,,,,,,,,,,,,,,,,,,,,,,,,,,,,,,,,,,,,,,,,,,,,,,,,,,,,,,,,,,,,,,,,,,,,,,,,,,,,,,,,,,,,,,,,,,,,,,,,,,,,,,,,,,,,,,,,,,,,,,,,,,,,,,,,,,,,,,,,,,,,,,,,,,,,,,,,,,,,,,,,,,,,,,,,,,,,,,,,,,,,,,,,,,,,,,,,,,,,,,,,,,,,,,,,,,,,,,,,,,,,,,,,,,,,,,,,,,,,,,,,,,,,,,,,,,,,,,,,,,,,,,,,,,,,,,,,,,,,,,,,,,,,,,,,,,,,,,,,,,,,,,,,,,,,,,,,,,,,,,,,,,,,,,,,,,,,,,,,,,,,,,,,,,,,,,,,,,,,,,,,,,,,,,,,,,,,,,,,,,,,,,,,,,,,,,,,,,,,,,,,,,,,,,,,,,,,,,,,,,,,,,,,,,,,,,,,,,,,,,,,,,,,,,,,,,,,,,,,,,,,,,,,,,,,,,,,,,,,,,,,,,,,,,,,,,,,,,,,,,,,,,,,,,,,,,,,,,,,,,,,,,,,,,,,,,,,,,,,,,,,,,,,,,,,,,,,,,,,,,,,,,,,,,,,,,,,,,,,,,,,,,,,,,,,,,,,,,,,,,,,,,,,,,,,,,,,,,,,,,,,,,,,,,,,,,,,,,,,,,,,,,,,,,,,,,,,,,,,,,,,,,,,,,,,,,,,,,,,,,,,,,,,,,,,,,,,,,,,,,,,,,,,,,,,,,,,,,,,,,,,,,,,,,,,,,,,,,,,,,,,,,,,,,,,,,,,,,,,,,,,,,,,,,,,,,,,,,,,,,,,,,,,,,,,,,,,,,,,,,,,,,,,,,,,,,,,,,,,,,,,,,,,,,,,,,,,,,,,,,,,,,,,,,,,,,,,,,,,,,,,,,,,,,,,,,,,,,,,,,,,,,,,,,,,,,,,,,,,,,,,,,,,,,,,,,,,,,,,,,,,,,,,,,,,,,,,,,,,,,,,,,,,,,,,,,,,,,,,,,,,,,,,,,,,,,,,,,,,,,,,,,,,,,,,,,,,,,,,,,,,,,,,,,,,,,,,,,,,,,,,,,,,,,,,,,,,,,,,,,,,,,,,,,,,,,,,,,,,,,,,,,,,,,,,,,,,,,,,,,,,,,,,,,,,,,,,,,,,,,,,,,,,,,,,,,,,,,,,,,,,,,,,,,,,,,,,,,,,,,,,,,,,,,,,,,,,,,,,,,,,,,,,,,,,,,,,,,,,,,,,,,,,,,,,,,,,,,,,,,,,,,,,,,,,,,,,,,,,,,,,,,,,,,,,,,,,,,,,,,,,,,,,,,,,,,,,,,,,,,,,,,,,,,,,,,,,,,,,,,,,,,,,,,,,,,,,,,,,,,,,,,,,,,,,,,,,,,,,,,,,,,,,,,,,,,,,,,,,,,,,,,,,,,,,,,,,,,,,,,,,,,,,,,,,,,,,,,,,,,,,,,,,,,,,,,,,,,,,,,,,,,,,,,,,,,,,,,,,,,,,,,,,,,,,,,,,,,,,,,,,,,,,,,,,,,,,,,,,,,,,,,,,,,,,,,
,,,,,,,,,,,,,,,,,,,,,,,,,,,,,,,,,,,,,,,,,,,,,,,,,,,,,,,,,,,,,,,,,,,,,,,,,,,,,,,,,,,,,,,,,,,,,,,,,,,,,,,,,,,,,,,,,,,,,,,,,,,,,,,,,,,,,,,,,,,,,,,,,,,,,,,,,,,,,,,,,,,,,,,,,,,,,,,,,,,,,,,,,,,,,,,,,,,,,,,,,,,,,,,,,,,,,,,,,,,,,,,,,,,,,,,,,,,,,,,,,,,,,,,,,,,,,,,,,,,,,,,,,,,,,,,,,,,,,,,,,,,,,,,,,,,,,,,,,,,,,,,,,,,,,,,,,,,,,,,,,,,,,,,,,,,,,,,,,,,,,,,,,,,,,,,,,,,,,,,,,,,,,,,,,,,,,,,,,,,,,,,,,,,,,,,,,,,,,,,,,,,,,,,,,,,,,,,,,,,,,,,,,,,,,,,,,,,,,,,,,,,,,,,,,,,,,,,,,,,,,,,,,,,,,,,,,,,,,,,,,,,,,,,,,,,,,,,,,,,,,,,,,,,,,,,,,,,,,,,,,,,,,,,,,,,,,,,,,,,,,,,,,,,,,,,,,,,,,,,,,,,,,,,,,,,,,,,,,,,,,,,,,,,,,,,,,,,,,,,,,,,,,,,,,,,,,,,,,,,,,,,,,,,,,,,,,,,,,,,,,,,,,,,,,,,,,,,,,,,,,,,,,,,,,,,,,,,,,,,,,,,,,,,,,,,,,,,,,,,,,,,,,,,,,,,,,,,,,,,,,,,,,,,,,,,,,,,,,,,,,,,,,,,,,,,,,,,,,,,,,,,,,,,,,,,,,,,,,,,,,,,,,,,,,,,,,,,,,,,,,,,,,,,,,,,,,,,,,,,,,,,,,,,,,,,,,,,,,,,,,,,,,,,,,,,,,,,,,,,,,,,,,,,,,,,,,,,,,,,,,,,,,,,,,,,,,,,,,,,,,,,,,,,,,,,,,,,,,,,,,,,,,,,,,,,,,,,,,,,,,,,,,,,,,,,,,,,,,,,,,,,,,,,,,,,,,,,,,,,,,,,,,,,,,,,,,,,,,,,,,,,,,,,,,,,,,,,,,,,,,,,,,,,,,,,,,,,,,,,,,,,,,,,,,,,,,,,,,,,,,,,,,,,,,,,,,,,,,,,,,,,,,,,,,,,,,,,,,,,,,,,,,,,,,,,,,,,,,,,,,,,,,,,,,,,,,,,,,,,,,,,,,,,,,,,,,,,,,,,,,,,,,,,,,,,,,,,,,,,,,,,,,,,,,,,,,,,,,,,,,,,,,,,,,,,,,,,,,,,,,,,,,,,,,,,,,,,,,,,,,,,,,,,,,,,,,,,,,,,,,,,,,,,,,,,,,,,,,,,,,,,,,,,,,,,,,,,,,,,,,,,,,,,,,,,,,,,,,,,,,,,,,,,,,,,,,,,,,,,,,,,,,,,,,,,,,,,,,,,,,,,,,,,,,,,,,,,,,,,,,,,,,,,,,,,,,,,,,,,,,,,,,,,,,,,,,,,,,,,,,,,,,,,,,,,,,,,,,,,,,,,,,,,,,,,,,,,,,,,,,,,,,,,,,,,,,,,,,,,,,,,,,,,,,,,,,,,,,,,,,,,,,,,,,,,,,,,,,,,,,,,,,,,,,,,,,,,,,,,,,,,,,,,,,,,,,,,,,,,,,,,,,,,,,,,,,,,,,,,,,,,,,,,,,,,,,,,,,,,,,,,,,,,,,,,,,,,,,,,,,,,,,,,,,,,,,,,,,,,,,,,,,,,,,,,,,,,,,,,,,,,,,,,,,,,,,,,,,,,,,,,,,,,,,,,,,,,,,,,,,,,,,,,,,,,,,,,,,,,,,,,,,,,,,,,,,,,,,,,,,,,,,,,,,,,,,,,,,,,,,,,,,,,,,,,,,,,,,,,,,,,,,,,,,,,,,,,,,,,,,,,,,,,,,,,,,,,,,,,,,,,,,,,,,,,,,,,,,,,,,,,,,,,,,,,,,,,,,,,,,,,,,,,,,,,,,,,,,,,,,,,,,,,,,,,,,,,,,,,,,,,,,,,,,,,,,,,,,,,,,,,,,,,,,,,,,,,,,,,,,,,,,,,,,,,,,,,,,,,,,,,,,,,,,,,,,,,,,,,,,,,,,,,,,,,,,,,,,,,,,,,,,,,,,,,,,,,,,,,,,,,,,,,,,,,,,,,,,,,,,,,,,,,
,,,,,,,,,,,,,,,,,,,,,,,,,,,,,,,,,,,,,,,,,,,,,,,,,,,,,,,,,,,,,,,,,,,,,,,,,,,,,,,,,,,,,,,,,,,,,,,,,,,,,,,,,,,,,,,,,,,,,,,,,,,,,,,,,,,,,,,,,,,,,,,,,,,,,,,,,,,,,,,,,,,,,,,,,,,,,,,,,,,,,,,,,,,,,,,,,,,,,,,,,,,,,,,,,,,,,,,,,,,,,,,,,,,,,,,,,,,,,,,,,,,,,,,,,,,,,,,,,,,,,,,,,,,,,,,,,,,,,,,,,,,,,,,,,,,,,,,,,,,,,,,,,,,,,,,,,,,,,,,,,,,,,,,,,,,,,,,,,,,,,,,,,,,,,,,,,,,,,,,,,,,,,,,,,,,,,,,,,,,,,,,,,,,,,,,,,,,,,,,,,,,,,,,,,,,,,,,,,,,,,,,,,,,,,,,,,,,,,,,,,,,,,,,,,,,,,,,,,,,,,,,,,,,,,,,,,,,,,,,,,,,,,,,,,,,,,,,,,,,,,,,,,,,,,,,,,,,,,,,,,,,,,,,,,,,,,,,,,,,,,,,,,,,,,,,,,,,,,,,,,,,,,,,,,,,,,,,,,,,,,,,,,,,,,,,,,,,,,,,,,,,,,,,,,,,,,,,,,,,,,,,,,,,,,,,,,,,,,,,,,,,,,,,,,,,,,,,,,,,,,,,,,,,,,,,,,,,,,,,,,,,,,,,,,,,,,,,,,,,,,,,,,,,,,,,,,,,,,,,,,,,,,,,,,,,,,,,,,,,,,,,,,,,,,,,,,,,,,,,,,,,,,,,,,,,,,,,,,,,,,,,,,,,,,,,,,,,,,,,,,,,,,,,,,,,,,,,,,,,,,,,,,,,,,,,,,,,,,,,,,,,,,,,,,,,,,,,,,,,,,,,,,,,,,,,,,,,,,,,,,,,,,,,,,,,,,,,,,,,,,,,,,,,,,,,,,,,,,,,,,,,,,,,,,,,,,,,,,,,,,,,,,,,,,,,,,,,,,,,,,,,,,,,,,,,,,,,,,,,,,,,,,,,,,,,,,,,,,,,,,,,,,,,,,,,,,,,,,,,,,,,,,,,,,,,,,,,,,,,,,,,,,,,,,,,,,,,,,,,,,,,,,,,,,,,,,,,,,,,,,,,,,,,,,,,,,,,,,,,,,,,,,,,,,,,,,,,,,,,,,,,,,,,,,,,,,,,,,,,,,,,,,,,,,,,,,,,,,,,,,,,,,,,,,,,,,,,,,,,,,,,,,,,,,,,,,,,,,,,,,,,,,,,,,,,,,,,,,,,,,,,,,,,,,,,,,,,,,,,,,,,,,,,,,,,,,,,,,,,,,,,,,,,,,,,,,,,,,,,,,,,,,,,,,,,,,,,,,,,,,,,,,,,,,,,,,,,,,,,,,,,,,,,,,,,,,,,,,,,,,,,,,,,,,,,,,,,,,,,,,,,,,,,,,,,,,,,,,,,,,,,,,,,,,,,,,,,,,,,,,,,,,,,,,,,,,,,,,,,,,,,,,,,,,,,,,,,,,,,,,,,,,,,,,,,,,,,,,,,,,,,,,,,,,,,,,,,,,,,,,,,,,,,,,,,,,,,,,,,,,,,,,,,,,,,,,,,,,,,,,,,,,,,,,,,,,,,,,,,,,,,,,,,,,,,,,,,,,,,,,,,,,,,,,,,,,,,,,,,,,,,,,,,,,,,,,,,,,,,,,,,,,,,,,,,,,,,,,,,,,,,,,,,,,,,,,,,,,,,,,,,,,,,,,,,,,,,,,,,,,,,,,,,,,,,,,,,,,,,,,,,,,,,,,,,,,,,,,,,,,,,,,,,,,,,,,,,,,,,,,,,,,,,,,,,,,,,,,,,,,,,,,,,,,,,,,,,,,,,,,,,,,,,,,,,,,,,,,,,,,,,,,,,,,,,,,,,,,,,,,,,,,,,,,,,,,,,,,,,,,,,,,,,,,,,,,,,,,,,,,,,,,,,,,,,,,,,,,,,,,,,,,,,,,,,,,,,,,,,,,,,,,,,,,,,,,,,,,,,,,,,,,,,,,,,,,,,,,,,,,,,,,,,,,,,,,,,,,,,,,,,,,,,,,,,,,,,,,,,,,,,,,,,,,,,,,,,,,,,,,,,,,,,,,,,,,,,,,,,,,,,,,,,,,,,,,,,,,,,,,,,,,,,,,,,,,,,,,,,,,,,,,,,
3493,3290,2579,2240,2275,2346,2252,2378,2172,2378,2252,2346,2275,2240,2579,3290,3696,3459,2396,2335,2152,2167,2166,2209,2299,2296,2094,2187,2226,2310,2465,3480,4075,3853,2761,2282,2371,2247,2200,2340,2289,2310,2293,2293,2234,2352,2767,3855,4210,3986,2844,2490,2335,2218,2084,2292,2339,2333,2374,2384,2376,2445,2887,3988,4018,3796,2704,2332,2285,2292,2204,2208,2262,2180,2282,2208,2312,2403,2656,3796,3740,3514,2524,2355,2355,2281,2179,2098,2342,2254,2241,2204,2312,2284,2431,3514,3508,3296,2365,2267,2380,2386,2198,2281,2319,2281,2217,2141,2168,2337,2396,3275,3827,3604,2476,2348,2296,2269,2279,2284,2179,2271,2050,2192,2193,2359,2425,3601,4012,3784,2685,2342,2410,2320,2381,2353,2191,2310,2254,2243,2386,2292,2706,3789,3883,3663,2578,2304,2365,2176,2255,2246,2219,2284,2368,2244,2247,2204,2566,3665,3487,3275,2371,2266,2244,2129,2229,2264,2158,2336,2328,2356,2332,2299,2418,3261,3104,2750,2332,2335,2220,2389,2483,2442,2292,2234,2262,2255,2335,2308,2330,2884,3087,2969,2541,2439,2394,2545,2635,2585,2536,2245,2353,2430,2394,2444,2603,2863,4089,3679,3648,3532,3409,3179,3558,3684,3586,3701,3528,3477,3546,3453,3633,4041,4605,4261,4023,3980,3960,3935,4164,4258,4175,4184,4005,3791,3910,4025,4188,4555,4682,4350,4007,4085,4130,4187,4351,4404,4299,4245,4094,3710,3843,4161,4324,4635,4406,4116,3683,3848,4010,4115,4243,4243,4035,3920,3851,3558,3457,3962,4125,4350,4538,4318,3278,3298,3639,3795,3917,3879,3502,3317,3434,3171,3239,3511,3710,4336,4614,4390,3258,3097,3218,3336,3430,3401,3156,3092,3102,2963,2797,3068,3386,4393,4805,4580,3426,3118,2917,2893,2952,3018,3034,2849,2821,2718,2791,3066,3560,4590,4702,4476,3296,3021,2771,2629,2659,2765,2783,2786,2642,2566,2905,3003,3483,4487,4267,4045,2822,2832,2708,2889,2877,2694,2788,2826,2671,2528,2888,3010,3198,4053,3772,3556,2569,2693,2733,2851,2942,2691,2764,2776,2640,2690,2748,2823,2823,3560,3500,3315,2557,2621,2644,2771,2806,2689,2772,2611,2604,2647,2659,2508,2563,3234,3448,3234,2603,2425,2564,2639,2687,2614,2692,2543,2587,2553,2501,2583,2494,3225,3658,3442,2539,2343,2478,2623,2508,2408,2545,2487,2471,2452,2571,2491,2503,3430,3653,3438,2690,2506,2473,2574,2500,2441,2495,2502,2407,2389,2551,2439,2503,3419,3253,3085,2873,2834,2670,2583,2694,2841,2878,2804,2724,2571,2732,2735,2660,3027,3141,3103,3058,2829,2627,2781,3049,3054,2946,2872,2781,2382,2716,2834,2755,3012,3021,3065,2942,2741,2699,2892,3066,3051,2736,2824,2742,2516,2742,2718,2654,2774,2840,2732,2671,2438,2475,2619,2714,2686,2601,2554,2591,2090,2501,2521,2424,2746,2901,2607,2561,2419,2368,2517,2520,2673,2587,2625,2517,2313,2201,2445,2616,2796,3106,2788,2715,2493,2481,2580,2666,2764,2626,2741,2597,2426,2408,2547,2711,2949,3015,2598,2732,2575,2484,2546,2706,2805,2687,2652,2571,2441,2451,2586,2795,2957,2941,2537,2601,2474,2384,2469,2547,2635,2525,2507,2445,2471,2400,2395,2596,2863,3081,2819,2527,2456,2368,2356,2322,2517,2562,2448,2378,2339,2306,2323,2457,2895,3388,3148,2383,2365,2395,2388,2293,2360,2459,2415,2307,2273,2333,2369,2105,3167,3440,3204,2214,2456,2283,2444,2440,2487,2575,2492,2285,2283,2358,2399,2356,3227,3216,2979,2617,2656,2390,2628,2427,2585,2850,2661,2357,2316,2500,2702,2780,3001,3179,2916,2475,2580,2409,2539,2359,2578,2901,2829,2437,2528,2566,2679,2729,3054,3185,2897,2413,2420,2456,2433,2539,2612,2947,2860,2506,2664,2625,2458,2426,3004,3090,2806,2465,2311,2425,2450,2549,2631,2859,2713,2525,2653,2533,2434,2427,2884,3036,2864,2399,2230,2198,2341,2380,2445,2557,2419,2376,2419,2341,2234,2466,2833,2752,2664,2429,2260,2419,2332,2446,2564,2537,2447,2449,2183,2321,2268,2503,2742,2750,2596,2400,2342,2411,2310,2471,2569,2595,2524,2418,2178,2301,2216,2429,2490,2847,2605,2398,2313,2352,2301,2400,2563,2557,2309,2098,2260,2325,2293,2259,2652,2824,2602,2334,2316,2268,2405,2387,2397,2470,2315,2313,2282,2382,2364,2319,2695,2718,2561,2348,2319,2342,2459,2393,2231,2411,2337,2260,2160,2142,2417,2280,2588,2829,2545,2253,2304,2415,2470,2340,2360,2495,2330,2281,2191,2190,2286,2310,2673,2785,2693,2151,2346,2404,2448,2341,2609,2677,2465,2382,2236,2354,2170,2200,2570,2604,2541,2365,2348,2361,2397,2450,2669,2758,2511,2309,2253,2429,2245,2336,2445,2686,2590,2416,2358,2307,2148,2136,2561,2637,2248,2313,2171,2412,2405,2371,2485,2951,2740,2306,2384,2261,2407,2415,2491,2517,2369,2391,2345,2335,2234,2299,2729,2897,2744,2356,2310,2421,2440,2370,2489,2438,2358,2317,2258,2251,2338,2296,2705,2819,2441,2383,2413,2404,2391,2371,2254,2376,2253,2235,2284,2354,2350,2450,2673,2785,2618,2312,2393,2295,2377,2464,2469,2258,2215,2241,2280,2276,2271,2348,2608,2669,2512,2359,2374,2279,2386,2445,2465,2326,2306,2338,2452,2200,2359,2327,2427,2724,2489,2369,2352,2292,2348,2392,2482,2407,2324,2369,2311,2363,2352,2206,2536,2676,2567,2276,2278,2217,2417,2418,2406,2453,2300,2323,2352,2304,2320,2224,2431,2678,2570,2255,2299,2270,2375,2412,2360,2403,2254,2306,2363,2303,2263,2327,2449,2791,2496,2267,2236,2210,2410,2356,2363,2345,2352,2406,2365,2283,2256,2354,2613,2741,2542,2204,2140,2130,2350,2268,2236,2289,2274,2319,2275,2292,2261,2377,2536,2554,2551,2373,2205,2263,2293,2310,2329,2501,2436,2326,2214,2320,2371,2401,2552,3319,3108,2335,2190,2381,2318,2351,2378,2544,2501,2354,2294,2316,2347,2458,3093,3818,3596,2607,2298,2388,2288,2324,2254,2447,2530,2336,2317,2342,2482,2709,3589,4089,3865,2843,2655,2541,2744,2879,3055,2944,2731,2555,2502,2627,2652,3012,3881,4113,3883,2876,2568,2634,2973,3083,3234,2984,2926,2638,2535,2758,2709,3102,3908,4109,3888,2865,2381,2483,2822,2957,3066,3010,2783,2661,2505,2615,2694,2947,3879,4149,3929,2820,2505,2396,2562,2588,2602,2695,2572,2510,2415,2498,2581,2814,3919,3763,3551,2655,2453,2461,2575,2497,2436,2478,2492,2430,2543,2574,2491,2404,3531,3283,3070,2506,2330,2412,2452,2412,2198,2389,2471,2448,2499,2508,2369,2491,3094,3109,2863,2425,2353,2431,2393,2360,2310,2133,2271,2423,2399,2372,2378,2426,2879,2828,2605,2318,2319,2484,2449,2308,2337,2393,2366,2168,2393,2340,2356,2259,2668,2822,2563,2233,2291,2345,2347,2363,2248,2431,2389,2068,2188,2292,2356,2210,2654,2722,2563,2296,2185,2270,2325,2402,2350,2175,2267,2287,2213,2249,2311,2254,2595,2692,2602,2324,2203,2352,2292,2308,2320,2282,2277,2364,2344,2191,2338,2188,2366,2703,2537,2367,2359,2454,2373,2102,2281,2448,2312,2419,2347,2294,2363,2253,2568,2851,2708,2270,2368,2445,2379,2326,2331,2501,2446,2323,2410,2357,2403,2350,2594,2880,2736,2331,2218,2371,2433,2364,2316,2549,2559,2252,2400,2365,2527,2489,2739,2885,2801,2449,2326,2364,2477,2525,2716,2775,2600,2558,2502,2419,2563,2672,2746,3034,2872,2503,2342,2241,2301,2352,2712,2812,2605,2372,2463,2449,2601,2650,2867,3368,3168,2440,2362,2378,2402,2279,2298,2513,2408,2191,2348,2278,2271,2446,3146,3373,3159,2373,2422,2396,2418,2389,2357,2307,2282,2192,2290,2322,2296,2397,3171,3158,2985,2451,2346,2333,2412,2379,2340,2317,2456,2359,2375,2201,2316,2372,2891,3085,2816,2573,2469,2338,2391,2508,2579,2625,2529,2560,2384,2343,2475,2550,2920,2997,2695,2472,2420,2361,2240,2499,2550,2714,2523,2511,2354,2415,2520,2575,2835,2936,2744,2335,2267,2305,2251,2413,2488,2574,2387,2387,2282,2304,2486,2480,2749,3178,2976,2367,2389,2295,2265,2303,2421,2572,2479,2340,2270,2272,2451,2529,2986,3075,2809,2442,2496,2312,2446,2352,2581,2761,2691,2311,2241,2272,2502,2575,2925,3142,2893,2509,2578,2266,2340,2337,2636,2809,2727,2412,2212,2362,2382,2432,2969,3108,2932,2537,2484,2345,2325,2318,2524,2702,2661,2313,2204,2340,2390,2429,2840,2923,2762,2351,2399,2338,2349,2287,2457,2498,2351,2367,2276,2269,2346,2354,2771,2843,2615,2317,2267,2363,2414,2450,2600,2634,2546,2364,2356,2294,2181,2278,2678,2784,2598,2199,2341,2356,2430,2412,2612,2628,2478,2343,2343,2302,2217,2275,2563,2623,2508,2329,2427,2402,2234,2454,2571,2577,2323,2349,2343,2326,2309,2327,2497,2631,2635,2389,2146,2269,2341,2411,2485,2456,2329,2417,2470,2338,2322,2292,2514,2793,2638,2376,2348,2364,2403,2296,2392,2380,2398,2378,2401,2358,2251,2176,2523,2783,2620,2378,2288,2382,2330,2197,2256,2345,2282,2281,2397,2348,2286,2108,2557,2741,2549,2299,2397,2361,2278,2160,2308,2291,2289,2238,2375,2421,2395,2304,2582,2979,2724,2329,2388,2305,2215,2282,2270,2114,2171,2288,2304,2295,2385,2397,2751,3074,2835,2308,2340,2289,2211,2266,2329,2303,2243,2348,2195,2334,2393,2245,2885,3117,2897,2206,2285,2169,2090,2212,2324,2165,2282,2297,2145,2270,2271,2184,2868,3132,2895,2279,2377,2370,2320,2315,2301,2120,2229,2207,2310,2317,2251,2260,2897,2917,2699,2256,2247,2283,2252,2284,2335,2260,2224,2219,2253,2275,2305,2366,2681,2905,2723,2222,2190,2159,2257,2350,2355,2334,2233,2215,2208,2246,2339,2331,2699,2911,2716,2156,2292,2184,2359,2389,2382,2445,2266,2188,2101,2254,2305,2272,2701,2670,2400,2303,2301,2278,2351,2356,2345,2336,2308,2246,2222,2145,2285,2268,2556,3130,2943,2288,2323,2263,2358,2412,2293,2249,2261,2292,2276,2205,2175,2334,2876,3565,3348,2349,2214,2375,2279,2191,2409,2383,2288,2187,2191,2130,2355,2337,3339,3624,3402,2424,2069,2367,2319,2183,2237,2388,2382,2136,2267,2223,2161,2205,3402,3412,3168,2438,2038,2378,2356,2276,2076,2209,2212,2198,2255,2206,2176,2174,3188,3138,2950,2288,2137,2244,2326,2295,2217,2300,2363,2278,2246,2216,2026,2221,2913,3135,2937,2407,2257,2250,2387,2291,2285,2454,2459,2381,2378,2288,2195,2346,2888,3472,3274,2521,2349,2141,2309,2439,2282,2512,2428,2326,2350,2247,2186,2421,3220,3867,3648,2648,2325,2407,2318,2351,2733,3009,2880,2322,2412,2293,2269,2522,3644,4045,3832,2853,2325,2555,2523,2378,2931,3227,3110,2514,2387,2297,2456,2674,3826,3954,3734,2697,2464,2439,2482,2279,2797,3070,2935,2535,2156,2304,2328,2543,3726,3620,3396,2284,2294,2282,2312,2088,2342,2536,2504,2393,2294,2247,2242,2339,3395,3092,2888,2350,2220,2159,2167,2203,2086,2123,2366,2358,2183,2270,2183,2163,2798,3355,3137,2295,2234,2188,2228,2236,2227,2077,2347,2235,2228,2215,2210,2229,3129,3495,3265,2273,2017,2246,2235,2256,2342,2220,2209,2099,2251,2272,2226,2223,3274,3338,3117,2215,2143,2122,2212,2201,2348,2321,2250,2074,2158,2254,2231,2142,3114,3083,2858,2129,2084,2144,1961,2171,2204,2278,2200,1956,2050,2125,2051,2029,2874,2882,2626,2170,2177,1841,1920,2136,2167,2092,2127,2044,2059,1971,2146,2180,2655,2692,2471,2049,2031,1767,1758,2043,2147,2061,2007,2110,2081,2045,2057,2167,2432,2361,2275,2156,2038,1874,2085,2146,2031,2100,2053,2172,2050,2061,2069,2020,2210,2331,2187,1984,1931,1949,1918,1913,1891,2081,2122,2012,1990,1984,1814,1894,2169,2341,2220,2005,2056,2013,2022,2040,1919,2030,1931,1986,2068,1861,1881,1888,2132
