3538,3333,2465,2306,2420,2402,2398,2328,2099,2328,2398,2403,2420,2306,2465,3333,3838,3616,2496,2318,2318,2302,2158,2267,2194,2283,2398,2340,2336,2335,2544,3614,4054,3829,2710,2522,2346,2250,2298,2324,2305,2294,2341,2380,2365,2445,2764,3837,4239,4017,2881,2544,2358,2289,2302,2304,2314,2269,2357,2398,2405,2476,2916,4019,4069,3846,2709,2394,2306,2288,2305,2344,2324,2278,2285,2328,2238,2358,2756,3849,3745,3520,2477,2283,2201,2274,2249,2321,2234,2233,2205,2214,2252,2177,2506,3523,3435,3210,2366,2269,2208,2198,2286,2299,2113,2231,2274,2232,2314,2232,2314,3221,3070,2846,2320,2230,2144,2244,2327,2170,2257,2281,2256,2216,2288,2200,2204,2848,2795,2599,2206,2322,2145,2180,2296,2248,2275,2223,2178,2279,2278,2274,2261,2588,2943,2721,2463,2305,2432,2314,2426,2450,2581,2686,2561,2476,2507,2399,2351,2746,3595,3524,3237,3055,3311,3027,3391,3359,3401,3420,3340,3055,3227,3187,3372,3519,4218,4151,3983,3627,3896,3708,3977,3936,4010,4125,4041,3811,3918,3696,3891,3985,4387,4307,4253,3862,4041,3947,4139,4129,4213,4375,4264,4091,4137,3845,3897,4079,4515,4411,4209,3831,3881,3819,3984,3990,4032,4228,4112,4039,4030,3849,3744,4238,4768,4585,3881,3530,3461,3535,3606,3567,3815,3880,3677,3713,3620,3603,3469,4517,4711,4511,3664,3259,3001,3142,3248,3423,3495,3460,3191,3297,3092,3175,3191,4467,4344,4140,3354,3033,2878,2792,3038,3292,3337,3245,3076,3103,2981,2872,3152,4104,4400,4170,3459,3312,3181,2880,3157,3397,3535,3461,3304,3263,3068,3250,3451,4182,4404,4170,3521,3386,3245,3072,3183,3385,3562,3454,3336,3236,3221,3343,3465,4193,4228,4012,3329,3019,3146,3341,3262,3804,3914,3639,3080,3150,3160,3213,3310,4023,4606,4384,3525,3283,3189,3471,3509,4003,4087,3792,3243,3443,3336,3378,3291,4376,4678,4457,3484,3276,3009,3318,3424,3860,3941,3676,3252,3461,3304,3369,3378,4446,4465,4240,3171,3129,2946,2984,3003,3501,3608,3414,2982,3134,3019,3073,3179,4231,4013,3779,2966,2922,2824,2857,2950,3165,3201,3039,2858,2834,2853,2883,2899,3781,3674,3460,2850,2743,2635,2885,3038,3078,3223,3159,2812,2718,2896,2802,2932,3433,3782,3578,2922,2620,2777,2826,2879,3113,3278,3261,2761,2770,2827,2714,2967,3559,3784,3577,2830,2611,2637,2660,2714,2980,3091,3089,2680,2694,2724,2558,2855,3546,3539,3336,2694,2499,2630,2650,2676,2831,2934,2749,2712,2641,2716,2642,2813,3313,3345,3192,2754,2663,2702,2818,2754,2910,2949,2803,2701,2701,2712,2582,2675,3081,3513,3281,2729,2599,2591,2720,2648,2701,2809,2689,2552,2634,2657,2551,2593,3283,3438,3221,2507,2417,2438,2479,2470,2416,2562,2568,2541,2453,2519,2500,2500,3203,3306,3078,2473,2395,2384,2428,2429,2486,2499,2564,2528,2429,2491,2435,2449,3100,3158,2917,2455,2272,2381,2388,2418,2517,2553,2543,2447,2396,2325,2385,2373,2965,2959,2825,2387,2225,2421,2420,2300,2504,2670,2572,2337,2286,2299,2391,2442,2750,2931,2789,2329,2264,2293,2394,2369,2529,2652,2529,2340,2365,2317,2365,2394,2721,2948,2754,2351,2293,2315,2300,2331,2534,2687,2417,2311,2371,2410,2348,2444,2680,3007,2806,2276,2323,2319,2291,2385,2488,2572,2446,2352,2342,2281,2265,2449,2790,2988,2777,2290,2279,2262,2347,2378,2531,2560,2354,2344,2312,2341,2343,2361,2767,2766,2605,2334,2361,2194,2250,2283,2443,2472,2380,2377,2344,2312,2372,2357,2580,2796,2597,2384,2385,2268,2303,2368,2520,2471,2324,2329,2314,2298,2369,2451,2578,2880,2650,2410,2314,2401,2379,2414,2426,2479,2464,2422,2312,2394,2446,2402,2656,2864,2635,2412,2381,2408,2411,2405,2557,2738,2644,2348,2374,2453,2411,2385,2693,2910,2685,2421,2446,2465,2421,2345,2497,2777,2703,2386,2280,2382,2279,2329,2711,2887,2736,2364,2414,2387,2283,2254,2516,2613,2588,2357,2227,2206,2178,2374,2720,2909,2691,2297,2250,2340,2331,2237,2462,2549,2432,2301,2227,2320,2344,2348,2697,2868,2717,2274,2178,2314,2350,2443,2454,2545,2517,2350,2299,2398,2453,2428,2636,2800,2605,2229,2229,2220,2380,2437,2488,2583,2379,2263,2320,2368,2411,2390,2621,2756,2551,2284,2214,2207,2300,2264,2431,2530,2405,2136,2230,2318,2331,2321,2609,2727,2484,2299,2248,2305,2224,2338,2503,2559,2458,2247,2308,2281,2216,2281,2629,2896,2670,2350,2287,2245,2318,2395,2461,2666,2557,2289,2347,2235,2262,2281,2704,3580,3363,2480,2251,2233,2407,2412,2399,2573,2520,2331,2330,2212,2324,2353,3355,4198,3976,2890,2454,2389,2402,2493,2393,2420,2338,2298,2331,2319,2508,2856,3973,4352,4130,3024,2601,2480,2461,2387,2396,2404,2416,2474,2408,2437,2649,3003,4130,4142,3921,2809,2384,2315,2282,2332,2411,2443,2431,2455,2379,2332,2522,2745,3918,3475,3255,2319,2199,2211,2097,2216,2294,2290,2321,2411,2255,2249,2311,2347,3248,3030,2817,2370,2384,2280,2091,2183,2292,2248,2269,2241,2255,2318,2298,2310,2827,2753,2659,2373,2376,2260,2278,2243,2280,2366,2385,2293,2333,2225,2352,2295,2554,2783,2604,2331,2191,2242,2254,2269,2356,2337,2342,2226,2264,2211,2299,2274,2611,2726,2538,2314,2219,2307,2277,2405,2443,2464,2401,2375,2306,2209,2336,2389,2653,2994,2770,2458,2457,2494,2481,2523,2665,2752,2627,2547,2400,2448,2488,2714,2946,3328,3105,2445,2443,2543,2510,2471,2667,2784,2716,2568,2368,2509,2553,2711,3144,4056,3835,2678,2431,2542,2462,2587,2671,2768,2645,2407,2420,2558,2522,2780,3835,4550,4328,3155,2837,2759,2529,2725,2932,2893,2816,2665,2591,2812,2823,3229,4327,4672,4448,3229,3010,2932,2743,2769,3308,3342,3100,2939,2804,2981,2986,3341,4449,4498,4271,3104,2904,2929,2800,2728,3428,3501,3127,2942,2834,3043,2955,3152,4275,4020,3787,3022,2767,2662,2641,2771,3268,3343,2991,2727,2762,2688,2700,2904,3793,3714,3502,2635,2514,2477,2447,2450,2796,2917,2669,2518,2420,2443,2434,2718,3502,3562,3357,2399,2411,2485,2494,2386,2625,2790,2567,2459,2465,2443,2404,2392,3328,3485,3271,2455,2328,2525,2540,2434,2645,2745,2505,2406,2540,2510,2392,2281,3248,3298,3103,2291,2356,2393,2483,2506,2603,2660,2520,2466,2587,2505,2407,2306,3063,3092,2892,2333,2325,2407,2498,2415,2468,2632,2479,2375,2482,2451,2307,2260,2857,2936,2798,2303,2245,2285,2393,2230,2394,2508,2456,2425,2380,2372,2247,2298,2779,3002,2827,2516,2265,2460,2413,2436,2453,2501,2501,2386,2379,2420,2318,2302,2799,3074,2867,2561,2429,2572,2469,2543,2620,2567,2527,2470,2292,2350,2458,2432,2853,3126,2902,2472,2463,2454,2400,2452,2534,2593,2554,2412,2297,2404,2431,2425,2908,3205,2959,2443,2428,2402,2370,2403,2525,2496,2483,2378,2378,2497,2427,2491,2997,3369,3153,2530,2423,2353,2496,2398,2530,2565,2578,2367,2315,2344,2374,2424,3124,3568,3352,2498,2305,2379,2480,2359,2463,2562,2452,2406,2342,2268,2373,2444,3340,3519,3308,2387,2194,2280,2298,2220,2325,2341,2348,2379,2350,2276,2255,2496,3292,3368,3121,2454,2370,2401,2316,2266,2463,2602,2631,2437,2338,2365,2344,2415,3150,3447,3209,2980,2626,2647,2566,2403,2789,2935,3058,2813,2614,2624,2616,2720,3243,3555,3405,3095,2705,2685,2582,2672,2894,3093,3156,2941,2753,2840,2824,2833,3299,3434,3293,2984,2554,2549,2497,2631,2818,3014,3066,2903,2513,2722,2796,2794,3181,3276,3083,2735,2432,2486,2515,2597,2617,2786,2779,2639,2395,2441,2585,2687,3082,3247,3020,2611,2450,2487,2566,2613,2837,2827,2805,2710,2314,2421,2496,2596,3016,3115,2961,2777,2490,2574,2508,2693,2939,2941,2978,2901,2503,2510,2549,2647,2942,3041,2913,2664,2328,2450,2414,2631,2775,2812,2840,2741,2470,2441,2510,2652,2850,3091,2898,2287,2288,2325,2315,2381,2494,2633,2571,2432,2390,2350,2320,2529,2874,3304,3087,2368,2275,2369,2379,2312,2489,2584,2384,2271,2372,2351,2313,2374,3061,3561,3322,2399,2361,2391,2223,2437,2847,2952,2624,2204,2326,2331,2427,2382,3338,3541,3316,2387,2344,2387,2139,2433,2894,3007,2695,2125,2252,2263,2367,2338,3312,3277,3062,2351,2355,2341,2354,2483,2773,2805,2503,2196,2270,2304,2339,2461,3041,3132,2912,2504,2527,2646,2670,2485,2718,3030,2937,2480,2393,2437,2372,2430,2912,3288,3055,2611,2699,2822,2788,2553,2976,3229,3102,2530,2441,2462,2407,2322,3059,3185,2959,2478,2547,2654,2588,2399,2807,3073,2959,2414,2350,2393,2428,2354,2943,2960,2713,2307,2302,2315,2383,2256,2562,2699,2559,2267,2353,2306,2394,2407,2773,3073,2912,2468,2379,2346,2389,2332,2600,2701,2570,2370,2235,2314,2358,2374,2834,3321,3119,2399,2383,2356,2363,2388,2698,2764,2563,2358,2237,2257,2360,2454,3084,3294,3094,2400,2366,2348,2290,2437,2678,2747,2488,2312,2288,2296,2282,2347,3059,3105,2872,2311,2369,2385,2373,2376,2562,2627,2479,2237,2324,2358,2255,2308,2871,2941,2722,2292,2356,2391,2277,2301,2418,2494,2418,2208,2359,2343,2283,2248,2731,2884,2699,2276,2302,2324,2358,2320,2406,2360,2312,2231,2269,2288,2362,2324,2660,3203,2969,2310,2309,2303,2361,2341,2422,2396,2203,2330,2291,2341,2364,2435,2986,3277,3049,2193,2381,2394,2344,2260,2359,2344,2364,2319,2279,2362,2357,2412,3065,2908,2731,2337,2223,2277,2210,2309,2422,2381,2348,2387,2334,2260,2365,2366,2644,3692,3468,2460,2290,2321,2271,2305,2408,2347,2274,2200,2254,2309,2326,2444,3473,4105,3878,2744,2461,2447,2317,2380,2503,2517,2387,2288,2383,2325,2456,2784,3885,4096,3869,2733,2486,2504,2435,2414,2603,2710,2584,2371,2411,2460,2511,2781,3875,3652,3398,2604,2367,2445,2391,2349,2523,2654,2491,2345,2260,2388,2353,2545,3439,3838,3623,2602,2305,2344,2345,2253,2401,2405,2264,2279,2308,2412,2410,2570,3609,3886,3677,2789,2397,2338,2328,2207,2440,2599,2416,2357,2362,2281,2404,2522,3658,3731,3526,2694,2387,2359,2382,2329,2535,2711,2537,2392,2393,2451,2303,2343,3497,3558,3347,2482,2284,2315,2343,2300,2414,2602,2400,2316,2429,2441,2275,2400,3324,3298,3080,2359,2178,2207,2303,2278,2380,2428,2282,2360,2385,2324,2326,2313,3088,3254,3060,2303,2184,2219,2242,2197,2264,2329,2294,2302,2326,2278,2279,2282,3018,3055,2857,2397,2203,2183,2253,2217,2332,2330,2281,2229,2217,2221,2293,2319,2845,2803,2556,2371,2253,2169,2276,2239,2319,2274,2234,2343,2243,2277,2204,2271,2579,2793,2558,2292,2223,2268,2384,2326,2383,2397,2265,2374,2303,2367,2166,2192,2625,2858,2676,2223,2288,2342,2342,2303,2281,2209,2263,2260,2319,2315,2195,2144,2536,3013,2815,2258,2245,2248,2259,2191,2201,2250,2232,2076,2231,2236,2196,2201,2768,2985,2770,2243,2194,2163,2233,2186,2169,2268,2229,2112,2162,2208,2061,2196,2781,3313,3092,2200,2165,2195,2168,2172,2090,2264,2219,2063,2128,2015,2053,2142,3084,3345,3124,2193,2089,2122,2149,2183,2154,2109,2183,2128,2107,2086,2036,2098,3117,3286,3059,2160,2095,2135,2111,2175,2088,2037,2095,2070,2108,2057,2094,2054,3066,3392,3162,2102,2020,2037,2014,2050,2020,2075,2064,1961,2066,2119,2192,2203,3172,3277,3059,2029,2021,1941,1993,2051,2037,2081,2040,2000,2154,2128,2083,2088,3053,3087,2879,2104,2046,2007,2008,2022,1969,2137,2165,1989,2032,2003,2070,1981,2857,2909,2692,2182,2122,2060,1997,2080,2193,2346,2302,2080,2047,2011,2036,2080,2706
,,,,,,,,,,,,,,,,,,,,,,,,,,,,,,,,,,,,,,,,,,,,,,,,,,,,,,,,,,,,,,,,,,,,,,,,,,,,,,,,,,,,,,,,,,,,,,,,,,,,,,,,,,,,,,,,,,,,,,,,,,,,,,,,,,,,,,,,,,,,,,,,,,,,,,,,,,,,,,,,,,,,,,,,,,,,,,,,,,,,,,,,,,,,,,,,,,,,,,,,,,,,,,,,,,,,,,,,,,,,,,,,,,,,,,,,,,,,,,,,,,,,,,,,,,,,,,,,,,,,,,,,,,,,,,,,,,,,,,,,,,,,,,,,,,,,,,,,,,,,,,,,,,,,,,,,,,,,,,,,,,,,,,,,,,,,,,,,,,,,,,,,,,,,,,,,,,,,,,,,,,,,,,,,,,,,,,,,,,,,,,,,,,,,,,,,,,,,,,,,,,,,,,,,,,,,,,,,,,,,,,,,,,,,,,,,,,,,,,,,,,,,,,,,,,,,,,,,,,,,,,,,,,,,,,,,,,,,,,,,,,,,,,,,,,,,,,,,,,,,,,,,,,,,,,,,,,,,,,,,,,,,,,,,,,,,,,,,,,,,,,,,,,,,,,,,,,,,,,,,,,,,,,,,,,,,,,,,,,,,,,,,,,,,,,,,,,,,,,,,,,,,,,,,,,,,,,,,,,,,,,,,,,,,,,,,,,,,,,,,,,,,,,,,,,,,,,,,,,,,,,,,,,,,,,,,,,,,,,,,,,,,,,,,,,,,,,,,,,,,,,,,,,,,,,,,,,,,,,,,,,,,,,,,,,,,,,,,,,,,,,,,,,,,,,,,,,,,,,,,,,,,,,,,,,,,,,,,,,,,,,,,,,,,,,,,,,,,,,,,,,,,,,,,,,,,,,,,,,,,,,,,,,,,,,,,,,,,,,,,,,,,,,,,,,,,,,,,,,,,,,,,,,,,,,,,,,,,,,,,,,,,,,,,,,,,,,,,,,,,,,,,,,,,,,,,,,,,,,,,,,,,,,,,,,,,,,,,,,,,,,,,,,,,,,,,,,,,,,,,,,,,,,,,,,,,,,,,,,,,,,,,,,,,,,,,,,,,,,,,,,,,,,,,,,,,,,,,,,,,,,,,,,,,,,,,,,,,,,,,,,,,,,,,,,,,,,,,,,,,,,,,,,,,,,,,,,,,,,,,,,,,,,,,,,,,,,,,,,,,,,,,,,,,,,,,,,,,,,,,,,,,,,,,,,,,,,,,,,,,,,,,,,,,,,,,,,,,,,,,,,,,,,,,,,,,,,,,,,,,,,,,,,,,,,,,,,,,,,,,,,,,,,,,,,,,,,,,,,,,,,,,,,,,,,,,,,,,,,,,,,,,,,,,,,,,,,,,,,,,,,,,,,,,,,,,,,,,,,,,,,,,,,,,,,,,,,,,,,,,,,,,,,,,,,,,,,,,,,,,,,,,,,,,,,,,,,,,,,,,,,,,,,,,,,,,,,,,,,,,,,,,,,,,,,,,,,,,,,,,,,,,,,,,,,,,,,,,,,,,,,,,,,,,,,,,,,,,,,,,,,,,,,,,,,,,,,,,,,,,,,,,,,,,,,,,,,,,,,,,,,,,,,,,,,,,,,,,,,,,,,,,,,,,,,,,,,,,,,,,,,,,,,,,,,,,,,,,,,,,,,,,,,,,,,,,,,,,,,,,,,,,,,,,,,,,,,,,,,,,,,,,,,,,,,,,,,,,,,,,,,,,,,,,,,,,,,,,,,,,,,,,,,,,,,,,,,,,,,,,,,,,,,,,,,,,,,,,,,,,,,,,,,,,,,,,,,,,,,,,,,,,,,,,,,,,,,,,,,,,,,,,,,,,,,,,,,,,,,,,,,,,,,,,,,,,,,,,,,,,,,,,,,,,,,,,,,,,,,,,,,,,,,,,,,,,,,,,,,,,,,,,,,,,,,,,,,,,,,,,,,,,,,,,,,,,,,,,,,,,,,,,,,,,,,,,,,,,,,,,,,,,,,,,,,,,,,,,,,,,,,,,,,,,,,,,,,,,,,,,,,,,,,,,,,,,,,,,,,,,,,,,,,,,,,,,,,,,,,,,,,,,,,,,,,,,,,,,,,,,,,,,,,,,,,,,,,,,,,,,,,,,,,,,,,,,,,,,,,,,,,,,,,,,,,,,,,,,,,,,,,,,,,,,,,,,,,,,,,,,,,,,,,,,,,,,,,,,,,,,,,,,,,,,,,,,,,,,,,,,,,,,,,,
,,,,,,,,,,,,,,,,,,,,,,,,,,,,,,,,,,,,,,,,,,,,,,,,,,,,,,,,,,,,,,,,,,,,,,,,,,,,,,,,,,,,,,,,,,,,,,,,,,,,,,,,,,,,,,,,,,,,,,,,,,,,,,,,,,,,,,,,,,,,,,,,,,,,,,,,,,,,,,,,,,,,,,,,,,,,,,,,,,,,,,,,,,,,,,,,,,,,,,,,,,,,,,,,,,,,,,,,,,,,,,,,,,,,,,,,,,,,,,,,,,,,,,,,,,,,,,,,,,,,,,,,,,,,,,,,,,,,,,,,,,,,,,,,,,,,,,,,,,,,,,,,,,,,,,,,,,,,,,,,,,,,,,,,,,,,,,,,,,,,,,,,,,,,,,,,,,,,,,,,,,,,,,,,,,,,,,,,,,,,,,,,,,,,,,,,,,,,,,,,,,,,,,,,,,,,,,,,,,,,,,,,,,,,,,,,,,,,,,,,,,,,,,,,,,,,,,,,,,,,,,,,,,,,,,,,,,,,,,,,,,,,,,,,,,,,,,,,,,,,,,,,,,,,,,,,,,,,,,,,,,,,,,,,,,,,,,,,,,,,,,,,,,,,,,,,,,,,,,,,,,,,,,,,,,,,,,,,,,,,,,,,,,,,,,,,,,,,,,,,,,,,,,,,,,,,,,,,,,,,,,,,,,,,,,,,,,,,,,,,,,,,,,,,,,,,,,,,,,,,,,,,,,,,,,,,,,,,,,,,,,,,,,,,,,,,,,,,,,,,,,,,,,,,,,,,,,,,,,,,,,,,,,,,,,,,,,,,,,,,,,,,,,,,,,,,,,,,,,,,,,,,,,,,,,,,,,,,,,,,,,,,,,,,,,,,,,,,,,,,,,,,,,,,,,,,,,,,,,,,,,,,,,,,,,,,,,,,,,,,,,,,,,,,,,,,,,,,,,,,,,,,,,,,,,,,,,,,,,,,,,,,,,,,,,,,,,,,,,,,,,,,,,,,,,,,,,,,,,,,,,,,,,,,,,,,,,,,,,,,,,,,,,,,,,,,,,,,,,,,,,,,,,,,,,,,,,,,,,,,,,,,,,,,,,,,,,,,,,,,,,,,,,,,,,,,,,,,,,,,,,,,,,,,,,,,,,,,,,,,,,,,,,,,,,,,,,,,,,,,,,,,,,,,,,,,,,,,,,,,,,,,,,,,,,,,,,,,,,,,,,,,,,,,,,,,,,,,,,,,,,,,,,,,,,,,,,,,,,,,,,,,,,,,,,,,,,,,,,,,,,,,,,,,,,,,,,,,,,,,,,,,,,,,,,,,,,,,,,,,,,,,,,,,,,,,,,,,,,,,,,,,,,,,,,,,,,,,,,,,,,,,,,,,,,,,,,,,,,,,,,,,,,,,,,,,,,,,,,,,,,,,,,,,,,,,,,,,,,,,,,,,,,,,,,,,,,,,,,,,,,,,,,,,,,,,,,,,,,,,,,,,,,,,,,,,,,,,,,,,,,,,,,,,,,,,,,,,,,,,,,,,,,,,,,,,,,,,,,,,,,,,,,,,,,,,,,,,,,,,,,,,,,,,,,,,,,,,,,,,,,,,,,,,,,,,,,,,,,,,,,,,,,,,,,,,,,,,,,,,,,,,,,,,,,,,,,,,,,,,,,,,,,,,,,,,,,,,,,,,,,,,,,,,,,,,,,,,,,,,,,,,,,,,,,,,,,,,,,,,,,,,,,,,,,,,,,,,,,,,,,,,,,,,,,,,,,,,,,,,,,,,,,,,,,,,,,,,,,,,,,,,,,,,,,,,,,,,,,,,,,,,,,,,,,,,,,,,,,,,,,,,,,,,,,,,,,,,,,,,,,,,,,,,,,,,,,,,,,,,,,,,,,,,,,,,,,,,,,,,,,,,,,,,,,,,,,,,,,,,,,,,,,,,,,,,,,,,,,,,,,,,,,,,,,,,,,,,,,,,,,,,,,,,,,,,,,,,,,,,,,,,,,,,,,,,,,,,,,,,,,,,,,,,,,,,,,,,,,,,,,,,,,,,,,,,,,,,,,,,,,,,,,,,,,,,,,,,,,,,,,,,,,,,,,,,,,,,,,,,,,,,,,,,,,,,,,,,,,,,,,,,,,,,,,,,,,,,,,,,,,,,,,,,,,,,,,,,,,,,,,,,,,,,,,,,,,,,,,,,,,,,,,,,,,,,,,,,,,,,,,,,,,,,,,,,,,,,,,,,,,,,,,,,,,,,,,,,,,,,,,,,,,,
,,,,,,,,,,,,,,,,,,,,,,,,,,,,,,,,,,,,,,,,,,,,,,,,,,,,,,,,,,,,,,,,,,,,,,,,,,,,,,,,,,,,,,,,,,,,,,,,,,,,,,,,,,,,,,,,,,,,,,,,,,,,,,,,,,,,,,,,,,,,,,,,,,,,,,,,,,,,,,,,,,,,,,,,,,,,,,,,,,,,,,,,,,,,,,,,,,,,,,,,,,,,,,,,,,,,,,,,,,,,,,,,,,,,,,,,,,,,,,,,,,,,,,,,,,,,,,,,,,,,,,,,,,,,,,,,,,,,,,,,,,,,,,,,,,,,,,,,,,,,,,,,,,,,,,,,,,,,,,,,,,,,,,,,,,,,,,,,,,,,,,,,,,,,,,,,,,,,,,,,,,,,,,,,,,,,,,,,,,,,,,,,,,,,,,,,,,,,,,,,,,,,,,,,,,,,,,,,,,,,,,,,,,,,,,,,,,,,,,,,,,,,,,,,,,,,,,,,,,,,,,,,,,,,,,,,,,,,,,,,,,,,,,,,,,,,,,,,,,,,,,,,,,,,,,,,,,,,,,,,,,,,,,,,,,,,,,,,,,,,,,,,,,,,,,,,,,,,,,,,,,,,,,,,,,,,,,,,,,,,,,,,,,,,,,,,,,,,,,,,,,,,,,,,,,,,,,,,,,,,,,,,,,,,,,,,,,,,,,,,,,,,,,,,,,,,,,,,,,,,,,,,,,,,,,,,,,,,,,,,,,,,,,,,,,,,,,,,,,,,,,,,,,,,,,,,,,,,,,,,,,,,,,,,,,,,,,,,,,,,,,,,,,,,,,,,,,,,,,,,,,,,,,,,,,,,,,,,,,,,,,,,,,,,,,,,,,,,,,,,,,,,,,,,,,,,,,,,,,,,,,,,,,,,,,,,,,,,,,,,,,,,,,,,,,,,,,,,,,,,,,,,,,,,,,,,,,,,,,,,,,,,,,,,,,,,,,,,,,,,,,,,,,,,,,,,,,,,,,,,,,,,,,,,,,,,,,,,,,,,,,,,,,,,,,,,,,,,,,,,,,,,,,,,,,,,,,,,,,,,,,,,,,,,,,,,,,,,,,,,,,,,,,,,,,,,,,,,,,,,,,,,,,,,,,,,,,,,,,,,,,,,,,,,,,,,,,,,,,,,,,,,,,,,,,,,,,,,,,,,,,,,,,,,,,,,,,,,,,,,,,,,,,,,,,,,,,,,,,,,,,,,,,,,,,,,,,,,,,,,,,,,,,,,,,,,,,,,,,,,,,,,,,,,,,,,,,,,,,,,,,,,,,,,,,,,,,,,,,,,,,,,,,,,,,,,,,,,,,,,,,,,,,,,,,,,,,,,,,,,,,,,,,,,,,,,,,,,,,,,,,,,,,,,,,,,,,,,,,,,,,,,,,,,,,,,,,,,,,,,,,,,,,,,,,,,,,,,,,,,,,,,,,,,,,,,,,,,,,,,,,,,,,,,,,,,,,,,,,,,,,,,,,,,,,,,,,,,,,,,,,,,,,,,,,,,,,,,,,,,,,,,,,,,,,,,,,,,,,,,,,,,,,,,,,,,,,,,,,,,,,,,,,,,,,,,,,,,,,,,,,,,,,,,,,,,,,,,,,,,,,,,,,,,,,,,,,,,,,,,,,,,,,,,,,,,,,,,,,,,,,,,,,,,,,,,,,,,,,,,,,,,,,,,,,,,,,,,,,,,,,,,,,,,,,,,,,,,,,,,,,,,,,,,,,,,,,,,,,,,,,,,,,,,,,,,,,,,,,,,,,,,,,,,,,,,,,,,,,,,,,,,,,,,,,,,,,,,,,,,,,,,,,,,,,,,,,,,,,,,,,,,,,,,,,,,,,,,,,,,,,,,,,,,,,,,,,,,,,,,,,,,,,,,,,,,,,,,,,,,,,,,,,,,,,,,,,,,,,,,,,,,,,,,,,,,,,,,,,,,,,,,,,,,,,,,,,,,,,,,,,,,,,,,,,,,,,,,,,,,,,,,,,,,,,,,,,,,,,,,,,,,,,,,,,,,,,,,,,,,,,,,,,,,,,,,,,,,,,,,,,,,,,,,,,,,,,,,,,,,,,,,,,,,,,,,,,,,,,,,,,,,,,,,,,,,,,,,,,,,,,,,,,,,,,,,,,,,,,,,,,,,,,,,,,,,,,,,,,,,,,,,,,,,,,,,,,,,,,,,,,,,,,,,,,,,,,,,,,,,,,,,,,,,,,,,,,,,,,,,,,,,,,,
,,,,,,,,,,,,,,,,,,,,,,,,,,,,,,,,,,,,,,,,,,,,,,,,,,,,,,,,,,,,,,,,,,,,,,,,,,,,,,,,,,,,,,,,,,,,,,,,,,,,,,,,,,,,,,,,,,,,,,,,,,,,,,,,,,,,,,,,,,,,,,,,,,,,,,,,,,,,,,,,,,,,,,,,,,,,,,,,,,,,,,,,,,,,,,,,,,,,,,,,,,,,,,,,,,,,,,,,,,,,,,,,,,,,,,,,,,,,,,,,,,,,,,,,,,,,,,,,,,,,,,,,,,,,,,,,,,,,,,,,,,,,,,,,,,,,,,,,,,,,,,,,,,,,,,,,,,,,,,,,,,,,,,,,,,,,,,,,,,,,,,,,,,,,,,,,,,,,,,,,,,,,,,,,,,,,,,,,,,,,,,,,,,,,,,,,,,,,,,,,,,,,,,,,,,,,,,,,,,,,,,,,,,,,,,,,,,,,,,,,,,,,,,,,,,,,,,,,,,,,,,,,,,,,,,,,,,,,,,,,,,,,,,,,,,,,,,,,,,,,,,,,,,,,,,,,,,,,,,,,,,,,,,,,,,,,,,,,,,,,,,,,,,,,,,,,,,,,,,,,,,,,,,,,,,,,,,,,,,,,,,,,,,,,,,,,,,,,,,,,,,,,,,,,,,,,,,,,,,,,,,,,,,,,,,,,,,,,,,,,,,,,,,,,,,,,,,,,,,,,,,,,,,,,,,,,,,,,,,,,,,,,,,,,,,,,,,,,,,,,,,,,,,,,,,,,,,,,,,,,,,,,,,,,,,,,,,,,,,,,,,,,,,,,,,,,,,,,,,,,,,,,,,,,,,,,,,,,,,,,,,,,,,,,,,,,,,,,,,,,,,,,,,,,,,,,,,,,,,,,,,,,,,,,,,,,,,,,,,,,,,,,,,,,,,,,,,,,,,,,,,,,,,,,,,,,,,,,,,,,,,,,,,,,,,,,,,,,,,,,,,,,,,,,,,,,,,,,,,,,,,,,,,,,,,,,,,,,,,,,,,,,,,,,,,,,,,,,,,,,,,,,,,,,,,,,,,,,,,,,,,,,,,,,,,,,,,,,,,,,,,,,,,,,,,,,,,,,,,,,,,,,,,,,,,,,,,,,,,,,,,,,,,,,,,,,,,,,,,,,,,,,,,,,,,,,,,,,,,,,,,,,,,,,,,,,,,,,,,,,,,,,,,,,,,,,,,,,,,,,,,,,,,,,,,,,,,,,,,,,,,,,,,,,,,,,,,,,,,,,,,,,,,,,,,,,,,,,,,,,,,,,,,,,,,,,,,,,,,,,,,,,,,,,,,,,,,,,,,,,,,,,,,,,,,,,,,,,,,,,,,,,,,,,,,,,,,,,,,,,,,,,,,,,,,,,,,,,,,,,,,,,,,,,,,,,,,,,,,,,,,,,,,,,,,,,,,,,,,,,,,,,,,,,,,,,,,,,,,,,,,,,,,,,,,,,,,,,,,,,,,,,,,,,,,,,,,,,,,,,,,,,,,,,,,,,,,,,,,,,,,,,,,,,,,,,,,,,,,,,,,,,,,,,,,,,,,,,,,,,,,,,,,,,,,,,,,,,,,,,,,,,,,,,,,,,,,,,,,,,,,,,,,,,,,,,,,,,,,,,,,,,,,,,,,,,,,,,,,,,,,,,,,,,,,,,,,,,,,,,,,,,,,,,,,,,,,,,,,,,,,,,,,,,,,,,,,,,,,,,,,,,,,,,,,,,,,,,,,,,,,,,,,,,,,,,,,,,,,,,,,,,,,,,,,,,,,,,,,,,,,,,,,,,,,,,,,,,,,,,,,,,,,,,,,,,,,,,,,,,,,,,,,,,,,,,,,,,,,,,,,,,,,,,,,,,,,,,,,,,,,,,,,,,,,,,,,,,,,,,,,,,,,,,,,,,,,,,,,,,,,,,,,,,,,,,,,,,,,,,,,,,,,,,,,,,,,,,,,,,,,,,,,,,,,,,,,,,,,,,,,,,,,,,,,,,,,,,,,,,,,,,,,,,,,,,,,,,,,,,,,,,,,,,,,,,,,,,,,,,,,,,,,,,,,,,,,,,,,,,,,,,,,,,,,,,,,,,,,,,,,,,,,,,,,,,,,,,,,,,,,,,,,,,,,,,,,,,,,,,,,,,,,,,,,,,,,,,,,,,,,,,,,,,,,,,,,,,,,,,,,,,,,,,,,,,,,,,,,,,,,,,,,,,,,,,,,,,,,,,,,,,,,,
,,,,,,,,,,,,,,,,,,,,,,,,,,,,,,,,,,,,,,,,,,,,,,,,,,,,,,,,,,,,,,,,,,,,,,,,,,,,,,,,,,,,,,,,,,,,,,,,,,,,,,,,,,,,,,,,,,,,,,,,,,,,,,,,,,,,,,,,,,,,,,,,,,,,,,,,,,,,,,,,,,,,,,,,,,,,,,,,,,,,,,,,,,,,,,,,,,,,,,,,,,,,,,,,,,,,,,,,,,,,,,,,,,,,,,,,,,,,,,,,,,,,,,,,,,,,,,,,,,,,,,,,,,,,,,,,,,,,,,,,,,,,,,,,,,,,,,,,,,,,,,,,,,,,,,,,,,,,,,,,,,,,,,,,,,,,,,,,,,,,,,,,,,,,,,,,,,,,,,,,,,,,,,,,,,,,,,,,,,,,,,,,,,,,,,,,,,,,,,,,,,,,,,,,,,,,,,,,,,,,,,,,,,,,,,,,,,,,,,,,,,,,,,,,,,,,,,,,,,,,,,,,,,,,,,,,,,,,,,,,,,,,,,,,,,,,,,,,,,,,,,,,,,,,,,,,,,,,,,,,,,,,,,,,,,,,,,,,,,,,,,,,,,,,,,,,,,,,,,,,,,,,,,,,,,,,,,,,,,,,,,,,,,,,,,,,,,,,,,,,,,,,,,,,,,,,,,,,,,,,,,,,,,,,,,,,,,,,,,,,,,,,,,,,,,,,,,,,,,,,,,,,,,,,,,,,,,,,,,,,,,,,,,,,,,,,,,,,,,,,,,,,,,,,,,,,,,,,,,,,,,,,,,,,,,,,,,,,,,,,,,,,,,,,,,,,,,,,,,,,,,,,,,,,,,,,,,,,,,,,,,,,,,,,,,,,,,,,,,,,,,,,,,,,,,,,,,,,,,,,,,,,,,,,,,,,,,,,,,,,,,,,,,,,,,,,,,,,,,,,,,,,,,,,,,,,,,,,,,,,,,,,,,,,,,,,,,,,,,,,,,,,,,,,,,,,,,,,,,,,,,,,,,,,,,,,,,,,,,,,,,,,,,,,,,,,,,,,,,,,,,,,,,,,,,,,,,,,,,,,,,,,,,,,,,,,,,,,,,,,,,,,,,,,,,,,,,,,,,,,,,,,,,,,,,,,,,,,,,,,,,,,,,,,,,,,,,,,,,,,,,,,,,,,,,,,,,,,,,,,,,,,,,,,,,,,,,,,,,,,,,,,,,,,,,,,,,,,,,,,,,,,,,,,,,,,,,,,,,,,,,,,,,,,,,,,,,,,,,,,,,,,,,,,,,,,,,,,,,,,,,,,,,,,,,,,,,,,,,,,,,,,,,,,,,,,,,,,,,,,,,,,,,,,,,,,,,,,,,,,,,,,,,,,,,,,,,,,,,,,,,,,,,,,,,,,,,,,,,,,,,,,,,,,,,,,,,,,,,,,,,,,,,,,,,,,,,,,,,,,,,,,,,,,,,,,,,,,,,,,,,,,,,,,,,,,,,,,,,,,,,,,,,,,,,,,,,,,,,,,,,,,,,,,,,,,,,,,,,,,,,,,,,,,,,,,,,,,,,,,,,,,,,,,,,,,,,,,,,,,,,,,,,,,,,,,,,,,,,,,,,,,,,,,,,,,,,,,,,,,,,,,,,,,,,,,,,,,,,,,,,,,,,,,,,,,,,,,,,,,,,,,,,,,,,,,,,,,,,,,,,,,,,,,,,,,,,,,,,,,,,,,,,,,,,,,,,,,,,,,,,,,,,,,,,,,,,,,,,,,,,,,,,,,,,,,,,,,,,,,,,,,,,,,,,,,,,,,,,,,,,,,,,,,,,,,,,,,,,,,,,,,,,,,,,,,,,,,,,,,,,,,,,,,,,,,,,,,,,,,,,,,,,,,,,,,,,,,,,,,,,,,,,,,,,,,,,,,,,,,,,,,,,,,,,,,,,,,,,,,,,,,,,,,,,,,,,,,,,,,,,,,,,,,,,,,,,,,,,,,,,,,,,,,,,,,,,,,,,,,,,,,,,,,,,,,,,,,,,,,,,,,,,,,,,,,,,,,,,,,,,,,,,,,,,,,,,,,,,,,,,,,,,,,,,,,,,,,,,,,,,,,,,,,,,,,,,,,,,,,,,,,,,,,,,,,,,,,,,,,,,,,,,,,,,,,,,,,,,,,,,,,,,,,,,,,,,,,,,,,,,,,,,,,,,,,,,,,,,,,,,,,,,,,,,,,,,,,,,,,,,,,,,,,,,,,,,,,,,,,,,,,,,,
3470,3294,2510,2383,2458,2399,2369,2422,2323,2422,2369,2399,2458,2383,2510,3294,3841,3617,2575,2326,2386,2356,2337,2371,2403,2352,2199,2300,2373,2332,2621,3618,4057,3833,2715,2493,2340,2389,2365,2350,2279,2285,2304,2350,2288,2422,2737,3837,4239,4019,2871,2642,2289,2369,2304,2280,2228,2218,2348,2395,2406,2588,2857,4017,4070,3850,2734,2510,2337,2333,2256,2269,2256,2327,2312,2340,2396,2516,2676,3847,3742,3520,2515,2305,2442,2391,2257,2238,2283,2332,2325,2322,2347,2432,2477,3513,3433,3215,2369,2245,2400,2453,2312,2182,2203,2226,2318,2350,2345,2362,2343,3211,3037,2809,2241,2174,2274,2312,2207,2153,2229,2231,2205,2274,2348,2279,2216,2815,2783,2650,2339,2319,2298,2192,2247,2251,2296,2316,2320,2345,2347,2300,2282,2611,2905,2773,2458,2401,2320,2355,2536,2605,2372,2520,2499,2432,2359,2255,2399,2690,3717,3651,3367,3142,3019,3076,3437,3528,3341,3249,3272,3133,3101,3208,3374,3479,4229,4250,3968,3846,3648,3573,4046,4124,3762,3794,3867,3827,3783,3776,3816,3986,4362,4404,4152,4017,3834,3756,4209,4248,3940,4184,4203,4028,3952,3934,3978,4275,4530,4313,4001,3764,3756,3734,4034,4020,4045,4214,4206,3925,3865,3834,3989,4353,4767,4535,3529,3463,3493,3566,3729,3785,3781,3888,3913,3679,3653,3621,3753,4557,4707,4472,3370,2997,3214,3109,3329,3312,3335,3360,3466,3403,3268,3214,3523,4494,4345,4108,3162,3015,2932,2945,3054,3221,3386,3197,2987,3061,2994,2931,3187,4129,4398,4151,3271,3305,3227,3132,3260,3512,3607,3409,3173,3048,3055,3219,3412,4170,4392,4151,3263,3320,3228,3157,3314,3612,3665,3451,3271,3136,3145,3261,3384,4162,4216,3981,3129,3076,3007,3064,3171,3836,3929,3597,3134,3065,3047,3068,3063,3996,4606,4381,3387,2905,2924,3129,3340,4012,4088,3751,3065,3007,2857,3087,3336,4390,4684,4462,3507,2811,2839,3121,3252,3850,3937,3714,3132,3006,2976,3076,3410,4467,4475,4253,3321,2840,2867,3011,3118,3510,3597,3492,3023,2916,2854,3017,3259,4255,4029,3814,2968,2828,2875,2855,3048,3238,3318,3222,2813,2775,2908,2980,3063,3812,3717,3482,2755,2744,2777,2813,2971,3166,3157,3156,2841,2776,2803,2842,3004,3507,3753,3565,2778,2819,2792,2739,2969,3174,3292,3224,2900,2846,2617,2836,3014,3544,3778,3578,2730,2694,2636,2581,2701,3042,3071,2989,2728,2671,2515,2680,2874,3514,3533,3311,2591,2574,2547,2618,2710,2887,2891,2772,2613,2698,2596,2628,2738,3268,3326,3120,2560,2564,2660,2657,2714,2799,2920,2777,2738,2713,2672,2703,2859,3135,3510,3288,2474,2504,2576,2603,2738,2725,2881,2678,2657,2610,2574,2509,2697,3273,3436,3210,2510,2397,2417,2483,2581,2697,2691,2633,2489,2400,2372,2284,2481,3217,3329,3090,2458,2398,2416,2389,2450,2672,2711,2640,2460,2370,2383,2401,2553,3107,3114,2912,2557,2462,2445,2385,2521,2692,2661,2632,2462,2322,2460,2507,2593,2959,2980,2778,2595,2526,2417,2390,2417,2618,2738,2641,2368,2317,2444,2563,2599,2819,2949,2761,2394,2417,2325,2299,2328,2567,2608,2502,2316,2318,2336,2308,2468,2703,2903,2703,2312,2318,2351,2336,2344,2607,2616,2456,2380,2403,2343,2275,2369,2710,3024,2831,2375,2295,2244,2303,2382,2528,2655,2563,2406,2432,2332,2354,2438,2818,2986,2803,2507,2367,2332,2338,2445,2473,2540,2533,2405,2383,2284,2282,2401,2809,2853,2629,2360,2322,2451,2408,2282,2391,2410,2461,2442,2317,2322,2233,2405,2675,2781,2575,2324,2320,2440,2408,2404,2394,2412,2392,2412,2336,2297,2301,2377,2628,2853,2715,2344,2257,2287,2286,2431,2497,2454,2424,2467,2416,2282,2282,2371,2636,2779,2629,2360,2416,2416,2369,2360,2518,2669,2553,2527,2458,2386,2359,2428,2576,2959,2828,2528,2457,2387,2410,2456,2508,2714,2535,2516,2383,2460,2400,2543,2695,3004,2817,2484,2390,2238,2320,2470,2413,2569,2557,2435,2339,2375,2387,2439,2750,2851,2682,2320,2277,2220,2204,2406,2490,2586,2544,2242,2340,2317,2348,2399,2658,2786,2639,2432,2398,2408,2309,2323,2570,2543,2557,2406,2412,2400,2304,2443,2554,2634,2509,2474,2529,2410,2336,2315,2498,2581,2504,2336,2322,2313,2270,2319,2497,2729,2647,2487,2492,2346,2349,2401,2478,2481,2434,2368,2175,2358,2294,2313,2560,2802,2675,2459,2370,2322,2385,2446,2480,2466,2305,2324,2272,2319,2317,2323,2590,2898,2676,2440,2324,2342,2249,2435,2452,2601,2414,2295,2299,2413,2357,2261,2714,3581,3356,2387,2336,2347,2371,2331,2507,2553,2459,2473,2348,2361,2381,2423,3365,4198,3977,2861,2525,2400,2282,2374,2493,2492,2437,2466,2393,2321,2375,2884,3973,4351,4130,3032,2639,2493,2428,2399,2505,2599,2496,2430,2424,2369,2600,3004,4129,4142,3921,2816,2501,2410,2352,2309,2493,2606,2515,2400,2313,2275,2502,2786,3919,3466,3239,2290,2308,2260,2283,2276,2367,2490,2486,2384,2301,2327,2328,2336,3243,3033,2781,2231,2250,2273,2237,2283,2254,2378,2409,2321,2320,2320,2288,2262,2804,2720,2589,2322,2331,2280,2260,2249,2382,2372,2423,2321,2292,2325,2285,2147,2490,2674,2579,2416,2316,2240,2331,2262,2265,2393,2474,2301,2268,2324,2325,2245,2549,2751,2506,2378,2277,2182,2347,2411,2085,2462,2505,2435,2408,2343,2263,2293,2616,3004,2833,2616,2552,2345,2517,2538,2254,2711,2748,2547,2468,2411,2387,2483,2746,3334,3118,2682,2615,2362,2493,2492,2326,2722,2688,2548,2383,2408,2510,2448,3097,4055,3835,2765,2480,2403,2456,2554,2563,2633,2546,2443,2300,2376,2502,2737,3831,4549,4327,3178,2913,2604,2623,2706,2974,2979,2843,2646,2632,2578,2803,3224,4327,4673,4450,3291,2973,2887,2892,2792,3354,3442,3160,2858,2851,2759,2851,3349,4452,4501,4275,3109,2853,2797,2909,2906,3465,3569,3286,2917,2720,2744,2854,3183,4279,4024,3807,2915,2588,2365,2706,2751,3267,3382,3102,2679,2526,2625,2665,2819,3802,3736,3527,2635,2393,2381,2473,2340,2836,2965,2686,2379,2365,2493,2460,2553,3525,3562,3342,2455,2368,2537,2449,2354,2709,2871,2592,2310,2330,2438,2407,2483,3344,3496,3264,2495,2408,2493,2437,2337,2680,2860,2593,2311,2373,2414,2477,2476,3282,3281,3079,2489,2409,2488,2384,2391,2653,2767,2525,2428,2417,2393,2388,2445,3117,3111,2904,2393,2415,2432,2418,2399,2553,2638,2525,2336,2387,2340,2285,2321,2902,3039,2830,2318,2346,2336,2324,2469,2483,2557,2465,2380,2289,2271,2320,2290,2718,2953,2765,2388,2396,2310,2313,2530,2572,2535,2463,2345,2151,2293,2371,2298,2743,3114,2887,2459,2539,2396,2336,2550,2672,2591,2477,2369,2298,2407,2352,2482,2944,3231,3024,2392,2495,2363,2321,2529,2664,2617,2462,2342,2329,2331,2400,2580,3057,3250,3011,2468,2497,2411,2379,2542,2530,2578,2464,2230,2441,2401,2372,2562,3082,3380,3173,2490,2553,2473,2507,2549,2563,2668,2690,2312,2512,2469,2476,2505,3161,3528,3321,2500,2469,2471,2497,2446,2486,2590,2611,2291,2467,2501,2464,2471,3310,3510,3285,2409,2402,2339,2409,2403,2386,2389,2301,2271,2346,2326,2445,2391,3287,3363,3100,2563,2382,2181,2422,2457,2512,2512,2498,2345,2304,2355,2484,2553,3171,3521,3297,3009,2727,2495,2632,2752,2841,2872,2897,2694,2667,2676,2661,2706,3322,3564,3460,3126,2853,2629,2712,2909,2992,2883,2977,2769,2706,2781,2853,2861,3333,3473,3341,2951,2752,2447,2546,2783,2883,2836,2842,2724,2661,2698,2714,2698,3232,3269,3118,2833,2691,2537,2423,2619,2678,2633,2664,2620,2532,2539,2463,2609,3048,3205,3015,2731,2611,2406,2412,2352,2527,2606,2581,2479,2538,2486,2483,2613,3011,3310,3105,2720,2612,2541,2461,2402,2717,2827,2709,2644,2632,2593,2647,2722,3102,3271,3070,2621,2456,2454,2435,2517,2741,2831,2661,2524,2605,2509,2531,2655,3090,3107,2890,2456,2398,2356,2357,2374,2575,2558,2390,2279,2381,2340,2371,2538,2961,3410,3171,2369,2292,2286,2389,2334,2561,2673,2541,2272,2308,2314,2296,2373,3195,3623,3390,2319,2294,2298,2319,2302,2776,2900,2677,2288,2262,2312,2303,2436,3405,3570,3357,2413,2269,2326,2350,2382,2812,2920,2597,2280,2331,2274,2285,2339,3338,3320,3123,2427,2298,2323,2374,2386,2648,2739,2510,2417,2374,2263,2313,2333,3100,2991,2810,2432,2372,2398,2366,2415,2633,2821,2750,2481,2338,2248,2358,2372,2711,3168,2976,2409,2436,2376,2379,2396,2664,3067,3002,2462,2228,2322,2259,2302,2922,3018,2785,2272,2347,2252,2231,2111,2556,2916,2834,2341,2204,2261,2253,2376,2805,3028,2791,2328,2314,2216,2286,2204,2450,2496,2480,2400,2263,2330,2420,2491,2839,3108,2887,2366,2265,2301,2360,2390,2609,2691,2560,2478,2402,2422,2448,2418,2904,3314,3099,2371,2241,2333,2361,2446,2745,2782,2611,2457,2368,2309,2335,2433,3083,3267,3042,2288,2314,2265,2371,2391,2749,2783,2638,2403,2366,2208,2343,2403,3061,3073,2892,2376,2357,2324,2344,2320,2550,2648,2559,2412,2292,2209,2373,2359,2831,2896,2694,2355,2402,2322,2256,2373,2448,2428,2428,2408,2303,2296,2352,2379,2612,2921,2725,2230,2268,2322,2300,2341,2368,2386,2329,2327,2335,2278,2414,2388,2646,3203,2987,2365,2308,2374,2373,2390,2386,2411,2361,2300,2393,2303,2359,2353,2985,3262,3034,2294,2330,2379,2332,2215,2255,2226,2265,2252,2331,2190,2290,2385,3053,2921,2734,2216,2256,2178,2352,2292,2276,2333,2361,2351,2340,2308,2287,2238,2663,3690,3460,2373,2258,2149,2299,2388,2420,2461,2424,2362,2351,2253,2322,2403,3467,4105,3878,2661,2539,2366,2268,2352,2414,2515,2458,2322,2315,2303,2347,2798,3883,4097,3867,2677,2545,2350,2345,2312,2633,2722,2631,2495,2484,2311,2436,2837,3877,3653,3438,2620,2468,2298,2369,2279,2619,2722,2628,2527,2527,2439,2385,2549,3426,3829,3607,2620,2317,2286,2240,2278,2356,2463,2522,2469,2360,2478,2364,2436,3598,3882,3665,2695,2203,2288,2315,2342,2473,2625,2542,2365,2298,2349,2450,2447,3655,3729,3507,2553,2304,2269,2264,2224,2542,2617,2563,2328,2334,2372,2376,2436,3510,3557,3337,2454,2298,2320,2324,2298,2506,2665,2553,2300,2321,2320,2263,2316,3336,3319,3090,2355,2355,2297,2338,2392,2467,2458,2466,2317,2301,2267,2246,2398,3105,3236,3025,2263,2375,2301,2362,2383,2363,2352,2263,2250,2277,2322,2355,2402,2995,3037,2843,2403,2346,2370,2278,2241,2301,2299,2299,2320,2337,2356,2262,2292,2775,2836,2598,2306,2375,2295,2097,2309,2264,2310,2244,2308,2283,2282,2314,2271,2646,2841,2677,2290,2346,2307,2200,2238,2344,2355,2299,2270,2287,2224,2286,2290,2613,2862,2642,2194,2297,2276,2269,2229,2221,2296,2321,2316,2317,2333,2315,2265,2666,2973,2738,2276,2313,2278,2302,2247,2327,2362,2320,2246,2243,2338,2277,2258,2766,2985,2777,2270,2219,2272,2191,2200,2381,2426,2261,2154,2213,2273,2179,2187,2783,3315,3092,2250,2271,2197,2218,2186,2321,2450,2331,2238,2226,2260,2214,2218,3092,3336,3108,2263,2230,2074,2086,2194,2151,2286,2215,2228,2262,2173,2186,2234,3117,3303,3073,2247,2116,2056,2111,2186,2065,2087,2171,2227,2184,2154,2150,2134,3084,3410,3192,2223,2094,2108,2068,2162,2079,2080,2142,2122,1978,1958,2111,2130,3189,3292,3086,2218,2131,1959,2042,2077,2017,2065,2036,2001,2066,2074,2043,2166,3058,3195,2974,2226,2091,2042,2110,2109,2045,2098,2107,2056,1974,2042,2088,2085,2977,2971,2750,2175,2065,2082,2086,2040,2253,2318,2251,2154,2101,2046,2109,2209,2772
,,,,,,,,,,,,,,,,,,,,,,,,,,,,,,,,,,,,,,,,,,,,,,,,,,,,,,,,,,,,,,,,,,,,,,,,,,,,,,,,,,,,,,,,,,,,,,,,,,,,,,,,,,,,,,,,,,,,,,,,,,,,,,,,,,,,,,,,,,,,,,,,,,,,,,,,,,,,,,,,,,,,,,,,,,,,,,,,,,,,,,,,,,,,,,,,,,,,,,,,,,,,,,,,,,,,,,,,,,,,,,,,,,,,,,,,,,,,,,,,,,,,,,,,,,,,,,,,,,,,,,,,,,,,,,,,,,,,,,,,,,,,,,,,,,,,,,,,,,,,,,,,,,,,,,,,,,,,,,,,,,,,,,,,,,,,,,,,,,,,,,,,,,,,,,,,,,,,,,,,,,,,,,,,,,,,,,,,,,,,,,,,,,,,,,,,,,,,,,,,,,,,,,,,,,,,,,,,,,,,,,,,,,,,,,,,,,,,,,,,,,,,,,,,,,,,,,,,,,,,,,,,,,,,,,,,,,,,,,,,,,,,,,,,,,,,,,,,,,,,,,,,,,,,,,,,,,,,,,,,,,,,,,,,,,,,,,,,,,,,,,,,,,,,,,,,,,,,,,,,,,,,,,,,,,,,,,,,,,,,,,,,,,,,,,,,,,,,,,,,,,,,,,,,,,,,,,,,,,,,,,,,,,,,,,,,,,,,,,,,,,,,,,,,,,,,,,,,,,,,,,,,,,,,,,,,,,,,,,,,,,,,,,,,,,,,,,,,,,,,,,,,,,,,,,,,,,,,,,,,,,,,,,,,,,,,,,,,,,,,,,,,,,,,,,,,,,,,,,,,,,,,,,,,,,,,,,,,,,,,,,,,,,,,,,,,,,,,,,,,,,,,,,,,,,,,,,,,,,,,,,,,,,,,,,,,,,,,,,,,,,,,,,,,,,,,,,,,,,,,,,,,,,,,,,,,,,,,,,,,,,,,,,,,,,,,,,,,,,,,,,,,,,,,,,,,,,,,,,,,,,,,,,,,,,,,,,,,,,,,,,,,,,,,,,,,,,,,,,,,,,,,,,,,,,,,,,,,,,,,,,,,,,,,,,,,,,,,,,,,,,,,,,,,,,,,,,,,,,,,,,,,,,,,,,,,,,,,,,,,,,,,,,,,,,,,,,,,,,,,,,,,,,,,,,,,,,,,,,,,,,,,,,,,,,,,,,,,,,,,,,,,,,,,,,,,,,,,,,,,,,,,,,,,,,,,,,,,,,,,,,,,,,,,,,,,,,,,,,,,,,,,,,,,,,,,,,,,,,,,,,,,,,,,,,,,,,,,,,,,,,,,,,,,,,,,,,,,,,,,,,,,,,,,,,,,,,,,,,,,,,,,,,,,,,,,,,,,,,,,,,,,,,,,,,,,,,,,,,,,,,,,,,,,,,,,,,,,,,,,,,,,,,,,,,,,,,,,,,,,,,,,,,,,,,,,,,,,,,,,,,,,,,,,,,,,,,,,,,,,,,,,,,,,,,,,,,,,,,,,,,,,,,,,,,,,,,,,,,,,,,,,,,,,,,,,,,,,,,,,,,,,,,,,,,,,,,,,,,,,,,,,,,,,,,,,,,,,,,,,,,,,,,,,,,,,,,,,,,,,,,,,,,,,,,,,,,,,,,,,,,,,,,,,,,,,,,,,,,,,,,,,,,,,,,,,,,,,,,,,,,,,,,,,,,,,,,,,,,,,,,,,,,,,,,,,,,,,,,,,,,,,,,,,,,,,,,,,,,,,,,,,,,,,,,,,,,,,,,,,,,,,,,,,,,,,,,,,,,,,,,,,,,,,,,,,,,,,,,,,,,,,,,,,,,,,,,,,,,,,,,,,,,,,,,,,,,,,,,,,,,,,,,,,,,,,,,,,,,,,,,,,,,,,,,,,,,,,,,,,,,,,,,,,,,,,,,,,,,,,,,,,,,,,,,,,,,,,,,,,,,,,,,,,,,,,,,,,,,,,,,,,,,,,,,,,,,,,,,,,,,,,,,,,,,,,,,,,,,,,,,,,,,,,,,,,,,,,,,,,,,,,,,,,,,,,,,,,,,,,,,,,,,,,,,,,,,,,,,,,,,,,,,,,,,,,,,,,,,,,,,,,,,,,,,,,,,,,,,,,,,,,,,,,,,,,,,,,,,,,,,,,,,,,,,,,,,,,,,,,,,,,,,,,,,,,,,,,,,,,,,,,,,,,,,,,,,,,,,,,,,,,,,,,,,,,,,,,,,,,,,,,,,,
,,,,,,,,,,,,,,,,,,,,,,,,,,,,,,,,,,,,,,,,,,,,,,,,,,,,,,,,,,,,,,,,,,,,,,,,,,,,,,,,,,,,,,,,,,,,,,,,,,,,,,,,,,,,,,,,,,,,,,,,,,,,,,,,,,,,,,,,,,,,,,,,,,,,,,,,,,,,,,,,,,,,,,,,,,,,,,,,,,,,,,,,,,,,,,,,,,,,,,,,,,,,,,,,,,,,,,,,,,,,,,,,,,,,,,,,,,,,,,,,,,,,,,,,,,,,,,,,,,,,,,,,,,,,,,,,,,,,,,,,,,,,,,,,,,,,,,,,,,,,,,,,,,,,,,,,,,,,,,,,,,,,,,,,,,,,,,,,,,,,,,,,,,,,,,,,,,,,,,,,,,,,,,,,,,,,,,,,,,,,,,,,,,,,,,,,,,,,,,,,,,,,,,,,,,,,,,,,,,,,,,,,,,,,,,,,,,,,,,,,,,,,,,,,,,,,,,,,,,,,,,,,,,,,,,,,,,,,,,,,,,,,,,,,,,,,,,,,,,,,,,,,,,,,,,,,,,,,,,,,,,,,,,,,,,,,,,,,,,,,,,,,,,,,,,,,,,,,,,,,,,,,,,,,,,,,,,,,,,,,,,,,,,,,,,,,,,,,,,,,,,,,,,,,,,,,,,,,,,,,,,,,,,,,,,,,,,,,,,,,,,,,,,,,,,,,,,,,,,,,,,,,,,,,,,,,,,,,,,,,,,,,,,,,,,,,,,,,,,,,,,,,,,,,,,,,,,,,,,,,,,,,,,,,,,,,,,,,,,,,,,,,,,,,,,,,,,,,,,,,,,,,,,,,,,,,,,,,,,,,,,,,,,,,,,,,,,,,,,,,,,,,,,,,,,,,,,,,,,,,,,,,,,,,,,,,,,,,,,,,,,,,,,,,,,,,,,,,,,,,,,,,,,,,,,,,,,,,,,,,,,,,,,,,,,,,,,,,,,,,,,,,,,,,,,,,,,,,,,,,,,,,,,,,,,,,,,,,,,,,,,,,,,,,,,,,,,,,,,,,,,,,,,,,,,,,,,,,,,,,,,,,,,,,,,,,,,,,,,,,,,,,,,,,,,,,,,,,,,,,,,,,,,,,,,,,,,,,,,,,,,,,,,,,,,,,,,,,,,,,,,,,,,,,,,,,,,,,,,,,,,,,,,,,,,,,,,,,,,,,,,,,,,,,,,,,,,,,,,,,,,,,,,,,,,,,,,,,,,,,,,,,,,,,,,,,,,,,,,,,,,,,,,,,,,,,,,,,,,,,,,,,,,,,,,,,,,,,,,,,,,,,,,,,,,,,,,,,,,,,,,,,,,,,,,,,,,,,,,,,,,,,,,,,,,,,,,,,,,,,,,,,,,,,,,,,,,,,,,,,,,,,,,,,,,,,,,,,,,,,,,,,,,,,,,,,,,,,,,,,,,,,,,,,,,,,,,,,,,,,,,,,,,,,,,,,,,,,,,,,,,,,,,,,,,,,,,,,,,,,,,,,,,,,,,,,,,,,,,,,,,,,,,,,,,,,,,,,,,,,,,,,,,,,,,,,,,,,,,,,,,,,,,,,,,,,,,,,,,,,,,,,,,,,,,,,,,,,,,,,,,,,,,,,,,,,,,,,,,,,,,,,,,,,,,,,,,,,,,,,,,,,,,,,,,,,,,,,,,,,,,,,,,,,,,,,,,,,,,,,,,,,,,,,,,,,,,,,,,,,,,,,,,,,,,,,,,,,,,,,,,,,,,,,,,,,,,,,,,,,,,,,,,,,,,,,,,,,,,,,,,,,,,,,,,,,,,,,,,,,,,,,,,,,,,,,,,,,,,,,,,,,,,,,,,,,,,,,,,,,,,,,,,,,,,,,,,,,,,,,,,,,,,,,,,,,,,,,,,,,,,,,,,,,,,,,,,,,,,,,,,,,,,,,,,,,,,,,,,,,,,,,,,,,,,,,,,,,,,,,,,,,,,,,,,,,,,,,,,,,,,,,,,,,,,,,,,,,,,,,,,,,,,,,,,,,,,,,,,,,,,,,,,,,,,,,,,,,,,,,,,,,,,,,,,,,,,,,,,,,,,,,,,,,,,,,,,,,,,,,,,,,,,,,,,,,,,,,,,,,,,,,,,,,,,,,,,,,,,,,,,,,,,,,,,,,,,,,,,,,,,,,,,,,,,,,,,,,,,,,,,,,,,,,,,,,,,,,,,,,,,,,,,,,,,,,,,,,,,,,,,,,,,,
,,,,,,,,,,,,,,,,,,,,,,,,,,,,,,,,,,,,,,,,,,,,,,,,,,,,,,,,,,,,,,,,,,,,,,,,,,,,,,,,,,,,,,,,,,,,,,,,,,,,,,,,,,,,,,,,,,,,,,,,,,,,,,,,,,,,,,,,,,,,,,,,,,,,,,,,,,,,,,,,,,,,,,,,,,,,,,,,,,,,,,,,,,,,,,,,,,,,,,,,,,,,,,,,,,,,,,,,,,,,,,,,,,,,,,,,,,,,,,,,,,,,,,,,,,,,,,,,,,,,,,,,,,,,,,,,,,,,,,,,,,,,,,,,,,,,,,,,,,,,,,,,,,,,,,,,,,,,,,,,,,,,,,,,,,,,,,,,,,,,,,,,,,,,,,,,,,,,,,,,,,,,,,,,,,,,,,,,,,,,,,,,,,,,,,,,,,,,,,,,,,,,,,,,,,,,,,,,,,,,,,,,,,,,,,,,,,,,,,,,,,,,,,,,,,,,,,,,,,,,,,,,,,,,,,,,,,,,,,,,,,,,,,,,,,,,,,,,,,,,,,,,,,,,,,,,,,,,,,,,,,,,,,,,,,,,,,,,,,,,,,,,,,,,,,,,,,,,,,,,,,,,,,,,,,,,,,,,,,,,,,,,,,,,,,,,,,,,,,,,,,,,,,,,,,,,,,,,,,,,,,,,,,,,,,,,,,,,,,,,,,,,,,,,,,,,,,,,,,,,,,,,,,,,,,,,,,,,,,,,,,,,,,,,,,,,,,,,,,,,,,,,,,,,,,,,,,,,,,,,,,,,,,,,,,,,,,,,,,,,,,,,,,,,,,,,,,,,,,,,,,,,,,,,,,,,,,,,,,,,,,,,,,,,,,,,,,,,,,,,,,,,,,,,,,,,,,,,,,,,,,,,,,,,,,,,,,,,,,,,,,,,,,,,,,,,,,,,,,,,,,,,,,,,,,,,,,,,,,,,,,,,,,,,,,,,,,,,,,,,,,,,,,,,,,,,,,,,,,,,,,,,,,,,,,,,,,,,,,,,,,,,,,,,,,,,,,,,,,,,,,,,,,,,,,,,,,,,,,,,,,,,,,,,,,,,,,,,,,,,,,,,,,,,,,,,,,,,,,,,,,,,,,,,,,,,,,,,,,,,,,,,,,,,,,,,,,,,,,,,,,,,,,,,,,,,,,,,,,,,,,,,,,,,,,,,,,,,,,,,,,,,,,,,,,,,,,,,,,,,,,,,,,,,,,,,,,,,,,,,,,,,,,,,,,,,,,,,,,,,,,,,,,,,,,,,,,,,,,,,,,,,,,,,,,,,,,,,,,,,,,,,,,,,,,,,,,,,,,,,,,,,,,,,,,,,,,,,,,,,,,,,,,,,,,,,,,,,,,,,,,,,,,,,,,,,,,,,,,,,,,,,,,,,,,,,,,,,,,,,,,,,,,,,,,,,,,,,,,,,,,,,,,,,,,,,,,,,,,,,,,,,,,,,,,,,,,,,,,,,,,,,,,,,,,,,,,,,,,,,,,,,,,,,,,,,,,,,,,,,,,,,,,,,,,,,,,,,,,,,,,,,,,,,,,,,,,,,,,,,,,,,,,,,,,,,,,,,,,,,,,,,,,,,,,,,,,,,,,,,,,,,,,,,,,,,,,,,,,,,,,,,,,,,,,,,,,,,,,,,,,,,,,,,,,,,,,,,,,,,,,,,,,,,,,,,,,,,,,,,,,,,,,,,,,,,,,,,,,,,,,,,,,,,,,,,,,,,,,,,,,,,,,,,,,,,,,,,,,,,,,,,,,,,,,,,,,,,,,,,,,,,,,,,,,,,,,,,,,,,,,,,,,,,,,,,,,,,,,,,,,,,,,,,,,,,,,,,,,,,,,,,,,,,,,,,,,,,,,,,,,,,,,,,,,,,,,,,,,,,,,,,,,,,,,,,,,,,,,,,,,,,,,,,,,,,,,,,,,,,,,,,,,,,,,,,,,,,,,,,,,,,,,,,,,,,,,,,,,,,,,,,,,,,,,,,,,,,,,,,,,,,,,,,,,,,,,,,,,,,,,,,,,,,,,,,,,,,,,,,,,,,,,,,,,,,,,,,,,,,,,,,,,,,,,,,,,,,,,,,,,,,,,,,,,,,,,,,,,,,,,,,,,,,,,,,,,,,,,,,,,,,,,,,,,,,,,,,,,,,,,,,,,,,,,,,,,,,,,,,,,,,,,,,,,,,,,,,,,,,,,,,,,,,,,,,,,,,,,,,,,,,,,,
,,,,,,,,,,,,,,,,,,,,,,,,,,,,,,,,,,,,,,,,,,,,,,,,,,,,,,,,,,,,,,,,,,,,,,,,,,,,,,,,,,,,,,,,,,,,,,,,,,,,,,,,,,,,,,,,,,,,,,,,,,,,,,,,,,,,,,,,,,,,,,,,,,,,,,,,,,,,,,,,,,,,,,,,,,,,,,,,,,,,,,,,,,,,,,,,,,,,,,,,,,,,,,,,,,,,,,,,,,,,,,,,,,,,,,,,,,,,,,,,,,,,,,,,,,,,,,,,,,,,,,,,,,,,,,,,,,,,,,,,,,,,,,,,,,,,,,,,,,,,,,,,,,,,,,,,,,,,,,,,,,,,,,,,,,,,,,,,,,,,,,,,,,,,,,,,,,,,,,,,,,,,,,,,,,,,,,,,,,,,,,,,,,,,,,,,,,,,,,,,,,,,,,,,,,,,,,,,,,,,,,,,,,,,,,,,,,,,,,,,,,,,,,,,,,,,,,,,,,,,,,,,,,,,,,,,,,,,,,,,,,,,,,,,,,,,,,,,,,,,,,,,,,,,,,,,,,,,,,,,,,,,,,,,,,,,,,,,,,,,,,,,,,,,,,,,,,,,,,,,,,,,,,,,,,,,,,,,,,,,,,,,,,,,,,,,,,,,,,,,,,,,,,,,,,,,,,,,,,,,,,,,,,,,,,,,,,,,,,,,,,,,,,,,,,,,,,,,,,,,,,,,,,,,,,,,,,,,,,,,,,,,,,,,,,,,,,,,,,,,,,,,,,,,,,,,,,,,,,,,,,,,,,,,,,,,,,,,,,,,,,,,,,,,,,,,,,,,,,,,,,,,,,,,,,,,,,,,,,,,,,,,,,,,,,,,,,,,,,,,,,,,,,,,,,,,,,,,,,,,,,,,,,,,,,,,,,,,,,,,,,,,,,,,,,,,,,,,,,,,,,,,,,,,,,,,,,,,,,,,,,,,,,,,,,,,,,,,,,,,,,,,,,,,,,,,,,,,,,,,,,,,,,,,,,,,,,,,,,,,,,,,,,,,,,,,,,,,,,,,,,,,,,,,,,,,,,,,,,,,,,,,,,,,,,,,,,,,,,,,,,,,,,,,,,,,,,,,,,,,,,,,,,,,,,,,,,,,,,,,,,,,,,,,,,,,,,,,,,,,,,,,,,,,,,,,,,,,,,,,,,,,,,,,,,,,,,,,,,,,,,,,,,,,,,,,,,,,,,,,,,,,,,,,,,,,,,,,,,,,,,,,,,,,,,,,,,,,,,,,,,,,,,,,,,,,,,,,,,,,,,,,,,,,,,,,,,,,,,,,,,,,,,,,,,,,,,,,,,,,,,,,,,,,,,,,,,,,,,,,,,,,,,,,,,,,,,,,,,,,,,,,,,,,,,,,,,,,,,,,,,,,,,,,,,,,,,,,,,,,,,,,,,,,,,,,,,,,,,,,,,,,,,,,,,,,,,,,,,,,,,,,,,,,,,,,,,,,,,,,,,,,,,,,,,,,,,,,,,,,,,,,,,,,,,,,,,,,,,,,,,,,,,,,,,,,,,,,,,,,,,,,,,,,,,,,,,,,,,,,,,,,,,,,,,,,,,,,,,,,,,,,,,,,,,,,,,,,,,,,,,,,,,,,,,,,,,,,,,,,,,,,,,,,,,,,,,,,,,,,,,,,,,,,,,,,,,,,,,,,,,,,,,,,,,,,,,,,,,,,,,,,,,,,,,,,,,,,,,,,,,,,,,,,,,,,,,,,,,,,,,,,,,,,,,,,,,,,,,,,,,,,,,,,,,,,,,,,,,,,,,,,,,,,,,,,,,,,,,,,,,,,,,,,,,,,,,,,,,,,,,,,,,,,,,,,,,,,,,,,,,,,,,,,,,,,,,,,,,,,,,,,,,,,,,,,,,,,,,,,,,,,,,,,,,,,,,,,,,,,,,,,,,,,,,,,,,,,,,,,,,,,,,,,,,,,,,,,,,,,,,,,,,,,,,,,,,,,,,,,,,,,,,,,,,,,,,,,,,,,,,,,,,,,,,,,,,,,,,,,,,,,,,,,,,,,,,,,,,,,,,,,,,,,,,,,,,,,,,,,,,,,,,,,,,,,,,,,,,,,,,,,,,,,,,,,,,,,,,,,,,,,,,,,,,,,,,,,,,,,,,,,,,,,,,,,,,,,,,,,,,,,,,,,,,,,,,,,,,,,,,,,,,,,,,,,,,,,,,,,,,,,,,,,,,,,,,,,,,,,,,,,,,,
,,,,,,,,,,,,,,,,,,,,,,,,,,,,,,,,,,,,,,,,,,,,,,,,,,,,,,,,,,,,,,,,,,,,,,,,,,,,,,,,,,,,,,,,,,,,,,,,,,,,,,,,,,,,,,,,,,,,,,,,,,,,,,,,,,,,,,,,,,,,,,,,,,,,,,,,,,,,,,,,,,,,,,,,,,,,,,,,,,,,,,,,,,,,,,,,,,,,,,,,,,,,,,,,,,,,,,,,,,,,,,,,,,,,,,,,,,,,,,,,,,,,,,,,,,,,,,,,,,,,,,,,,,,,,,,,,,,,,,,,,,,,,,,,,,,,,,,,,,,,,,,,,,,,,,,,,,,,,,,,,,,,,,,,,,,,,,,,,,,,,,,,,,,,,,,,,,,,,,,,,,,,,,,,,,,,,,,,,,,,,,,,,,,,,,,,,,,,,,,,,,,,,,,,,,,,,,,,,,,,,,,,,,,,,,,,,,,,,,,,,,,,,,,,,,,,,,,,,,,,,,,,,,,,,,,,,,,,,,,,,,,,,,,,,,,,,,,,,,,,,,,,,,,,,,,,,,,,,,,,,,,,,,,,,,,,,,,,,,,,,,,,,,,,,,,,,,,,,,,,,,,,,,,,,,,,,,,,,,,,,,,,,,,,,,,,,,,,,,,,,,,,,,,,,,,,,,,,,,,,,,,,,,,,,,,,,,,,,,,,,,,,,,,,,,,,,,,,,,,,,,,,,,,,,,,,,,,,,,,,,,,,,,,,,,,,,,,,,,,,,,,,,,,,,,,,,,,,,,,,,,,,,,,,,,,,,,,,,,,,,,,,,,,,,,,,,,,,,,,,,,,,,,,,,,,,,,,,,,,,,,,,,,,,,,,,,,,,,,,,,,,,,,,,,,,,,,,,,,,,,,,,,,,,,,,,,,,,,,,,,,,,,,,,,,,,,,,,,,,,,,,,,,,,,,,,,,,,,,,,,,,,,,,,,,,,,,,,,,,,,,,,,,,,,,,,,,,,,,,,,,,,,,,,,,,,,,,,,,,,,,,,,,,,,,,,,,,,,,,,,,,,,,,,,,,,,,,,,,,,,,,,,,,,,,,,,,,,,,,,,,,,,,,,,,,,,,,,,,,,,,,,,,,,,,,,,,,,,,,,,,,,,,,,,,,,,,,,,,,,,,,,,,,,,,,,,,,,,,,,,,,,,,,,,,,,,,,,,,,,,,,,,,,,,,,,,,,,,,,,,,,,,,,,,,,,,,,,,,,,,,,,,,,,,,,,,,,,,,,,,,,,,,,,,,,,,,,,,,,,,,,,,,,,,,,,,,,,,,,,,,,,,,,,,,,,,,,,,,,,,,,,,,,,,,,,,,,,,,,,,,,,,,,,,,,,,,,,,,,,,,,,,,,,,,,,,,,,,,,,,,,,,,,,,,,,,,,,,,,,,,,,,,,,,,,,,,,,,,,,,,,,,,,,,,,,,,,,,,,,,,,,,,,,,,,,,,,,,,,,,,,,,,,,,,,,,,,,,,,,,,,,,,,,,,,,,,,,,,,,,,,,,,,,,,,,,,,,,,,,,,,,,,,,,,,,,,,,,,,,,,,,,,,,,,,,,,,,,,,,,,,,,,,,,,,,,,,,,,,,,,,,,,,,,,,,,,,,,,,,,,,,,,,,,,,,,,,,,,,,,,,,,,,,,,,,,,,,,,,,,,,,,,,,,,,,,,,,,,,,,,,,,,,,,,,,,,,,,,,,,,,,,,,,,,,,,,,,,,,,,,,,,,,,,,,,,,,,,,,,,,,,,,,,,,,,,,,,,,,,,,,,,,,,,,,,,,,,,,,,,,,,,,,,,,,,,,,,,,,,,,,,,,,,,,,,,,,,,,,,,,,,,,,,,,,,,,,,,,,,,,,,,,,,,,,,,,,,,,,,,,,,,,,,,,,,,,,,,,,,,,,,,,,,,,,,,,,,,,,,,,,,,,,,,,,,,,,,,,,,,,,,,,,,,,,,,,,,,,,,,,,,,,,,,,,,,,,,,,,,,,,,,,,,,,,,,,,,,,,,,,,,,,,,,,,,,,,,,,,,,,,,,,,,,,,,,,,,,,,,,,,,,,,,,,,,,,,,,,,,,,,,,,,,,,,,,,,,,,,,,,,,,,,,,,,,,,,,,,,,,,,,,,,,,,,,,,,,,,,,,,,,,,,,,,,,,,,,,,,,,,,,,,,,,,,,,,,,,,,,,,,,,,,,,,,,,,,,,,,,,,,,,,,
3570,3386,2516,2286,2367,2333,2306,2292,2357,2292,2306,2333,2367,2286,2516,3386,3842,3625,2567,2312,2339,2326,2306,2314,2330,2303,2266,2259,2310,2257,2598,3616,4054,3830,2755,2428,2389,2219,2223,2269,2290,2344,2287,2295,2321,2445,2674,3831,4239,4017,2892,2529,2352,2294,2273,2194,2323,2320,2209,2243,2373,2497,2879,4017,4069,3847,2702,2479,2232,2361,2253,2253,2251,2272,2224,2256,2268,2457,2703,3846,3744,3526,2434,2297,2136,2175,2226,2219,2263,2271,2213,2178,2198,2321,2394,3514,3417,3203,2206,2191,2160,2059,2251,2253,2332,2270,2220,2277,2312,2146,2300,3183,3046,2758,2173,2274,2251,2185,2285,2296,2256,2297,2245,2308,2325,2226,2261,2863,2773,2725,2297,2229,2299,2302,2345,2392,2322,2273,2236,2279,2270,2221,2063,2662,2964,2841,2430,2259,2255,2329,2594,2548,2467,2526,2628,2450,2374,2212,2371,2732,3625,3416,3314,3126,2878,3190,3512,3433,3294,3448,3317,3039,2793,2997,3372,3531,4196,4135,3994,3688,3629,3580,4083,3937,3968,4031,3996,3660,3485,3630,3910,3959,4383,4334,4188,3806,3924,3882,4306,4189,4178,4192,4254,3792,3806,3840,4029,4155,4514,4284,3978,3723,3780,3873,4133,4060,4079,4138,4152,3652,3842,3749,3885,4308,4764,4536,3678,3358,3461,3532,3595,3751,3827,3888,3799,3459,3534,3543,3410,4542,4710,4480,3327,3053,3157,3044,3112,3254,3423,3451,3324,3006,3107,3125,3419,4492,4343,4113,2964,2983,2994,2946,3008,3316,3436,3209,2825,2805,2840,2904,3169,4125,4397,4178,3324,3352,3270,3256,3255,3470,3680,3507,3126,3140,3101,3194,3372,4168,4392,4170,3290,3423,3251,3177,3256,3519,3627,3490,3173,3199,3163,3227,3382,4169,4229,4002,3211,3207,3310,3072,2902,3742,3883,3540,3022,3022,3105,3063,3216,3995,4616,4409,3580,3498,3579,3356,3029,3934,4056,3757,3380,3389,3322,3342,3207,4384,4691,4485,3658,3499,3492,3394,3299,3766,3918,3736,3491,3452,3363,3441,3381,4459,4481,4275,3468,3275,3167,3345,3247,3408,3551,3531,3344,3160,3179,3290,3268,4249,4031,3829,3110,2962,2964,3105,3060,3131,3264,3159,3032,2942,2998,2998,3012,3794,3687,3499,2993,2840,2790,2846,3023,3106,3187,3134,2954,2845,2883,2895,2937,3444,3783,3612,2987,2744,2722,2686,3022,3074,3247,3242,2864,2747,2837,2922,2984,3543,3790,3605,2813,2611,2628,2573,2792,2926,3077,3069,2768,2612,2644,2782,2858,3533,3548,3346,2677,2549,2521,2622,2693,2758,2858,2848,2761,2584,2615,2657,2778,3305,3343,3157,2766,2516,2588,2746,2856,2823,2848,2806,2737,2519,2615,2672,2863,3116,3511,3295,2745,2509,2530,2778,2803,2715,2719,2668,2596,2486,2574,2554,2709,3264,3447,3238,2531,2418,2447,2557,2635,2588,2558,2432,2542,2323,2391,2475,2494,3212,3314,3092,2441,2401,2455,2410,2538,2594,2584,2457,2531,2471,2305,2319,2443,3092,3128,2925,2411,2327,2405,2382,2478,2605,2674,2557,2379,2430,2362,2494,2453,2928,3015,2865,2394,2295,2274,2303,2407,2500,2611,2490,2319,2340,2355,2489,2456,2822,3004,2800,2264,2184,2186,2281,2302,2394,2521,2429,2337,2224,2335,2348,2388,2755,2984,2751,2275,2221,2319,2328,2317,2484,2641,2489,2461,2389,2270,2366,2304,2715,3008,2794,2307,2351,2339,2333,2402,2584,2635,2568,2560,2496,2306,2405,2344,2780,3016,2799,2290,2307,2276,2337,2391,2533,2583,2514,2459,2368,2396,2362,2145,2776,2814,2649,2267,2226,2317,2290,2368,2425,2318,2326,2376,2233,2355,2311,2389,2594,2809,2639,2383,2401,2350,2254,2282,2394,2393,2312,2427,2301,2317,2349,2393,2636,2882,2728,2362,2360,2350,2328,2343,2422,2453,2281,2372,2369,2301,2301,2407,2700,2749,2674,2462,2350,2360,2363,2367,2457,2684,2587,2298,2497,2395,2324,2446,2636,2890,2787,2459,2305,2342,2368,2438,2580,2763,2607,2295,2428,2385,2427,2534,2670,2962,2764,2327,2182,2326,2288,2427,2505,2589,2459,2262,2386,2275,2293,2458,2727,2833,2696,2358,2209,2263,2308,2317,2458,2510,2416,2327,2279,2317,2278,2339,2637,2826,2672,2285,2240,2221,2248,2255,2527,2615,2646,2383,2207,2227,2299,2274,2567,2746,2649,2386,2279,2246,2239,2207,2399,2597,2634,2409,2167,2198,2369,2317,2506,2762,2671,2391,2324,2274,2253,2273,2393,2468,2453,2318,2308,2319,2270,2250,2587,2752,2563,2268,2179,2281,2239,2210,2453,2553,2476,2284,2355,2403,2364,2404,2682,3036,2832,2326,2223,2226,2208,2280,2524,2620,2513,2358,2361,2425,2359,2293,2840,3575,3354,2447,2256,2176,2300,2326,2522,2581,2460,2367,2242,2324,2371,2420,3358,4198,3976,2835,2557,2314,2387,2200,2516,2483,2521,2409,2282,2342,2458,2867,3975,4351,4128,2978,2659,2447,2432,2327,2498,2534,2551,2473,2397,2483,2617,3014,4130,4141,3918,2789,2347,2373,2300,2299,2396,2447,2395,2384,2306,2528,2407,2791,3919,3470,3250,2279,2334,2279,2301,2369,2363,2397,2446,2317,2412,2463,2268,2307,3243,3056,2805,2212,2283,2308,2342,2341,2295,2343,2381,2373,2351,2427,2315,2332,2809,2629,2554,2252,2267,2265,2292,2342,2378,2361,2288,2349,2379,2329,2243,2305,2497,2706,2537,2280,2162,2157,2240,2230,2396,2323,2267,2300,2334,2251,2308,2295,2485,2732,2593,2407,2324,2242,2199,2257,2350,2338,2342,2236,2317,2258,2219,2289,2571,3009,2824,2465,2544,2459,2287,2232,2383,2640,2604,2311,2295,2344,2429,2506,2785,3339,3132,2394,2451,2442,2369,2347,2454,2726,2641,2266,2241,2353,2462,2477,3106,4054,3833,2723,2431,2408,2204,2548,2562,2590,2422,2389,2445,2446,2545,2738,3832,4549,4327,3169,2860,2633,2579,2836,2946,2956,2686,2563,2672,2701,2837,3226,4327,4671,4449,3254,3059,2939,2946,2957,3278,3398,3150,2917,2896,2837,2846,3306,4448,4499,4273,3170,2979,3044,3059,3020,3405,3530,3268,2923,2899,2703,2945,3111,4272,4023,3795,2960,2798,2843,2802,2776,3212,3352,3084,2688,2701,2742,2784,2820,3797,3722,3509,2634,2575,2395,2334,2508,2705,2888,2733,2380,2558,2525,2600,2605,3514,3575,3357,2430,2434,2539,2502,2420,2659,2869,2687,2344,2454,2338,2384,2537,3359,3496,3279,2416,2398,2485,2505,2393,2721,2848,2693,2427,2483,2511,2386,2478,3263,3342,3151,2411,2355,2450,2499,2416,2724,2795,2642,2465,2479,2490,2360,2451,3100,3170,2938,2370,2341,2328,2409,2277,2587,2629,2424,2401,2453,2421,2408,2393,2970,3117,2882,2360,2407,2246,2384,2311,2394,2488,2442,2405,2356,2306,2240,2330,2923,3079,2912,2426,2403,2379,2484,2657,2595,2506,2413,2444,2492,2327,2440,2490,2851,3089,2864,2448,2439,2431,2456,2706,2678,2557,2371,2449,2459,2343,2473,2514,2905,3112,2872,2386,2454,2438,2475,2609,2638,2569,2414,2380,2387,2405,2429,2560,2935,3314,3080,2416,2396,2455,2518,2557,2520,2561,2453,2379,2398,2470,2422,2638,3086,3432,3214,2481,2351,2496,2504,2494,2600,2657,2569,2419,2446,2328,2301,2611,3207,3562,3339,2499,2288,2359,2381,2397,2537,2580,2490,2323,2361,2360,2273,2562,3339,3509,3280,2392,2355,2345,2285,2325,2407,2424,2312,2221,2262,2353,2330,2456,3282,3321,3115,2661,2524,2397,2287,2289,2457,2523,2516,2306,2281,2427,2334,2384,3084,3480,3223,3055,2905,2526,2678,2723,2807,2896,2908,2916,2684,2510,2633,2710,3257,3582,3347,3158,3001,2622,2760,2795,2923,2965,3026,3074,2819,2589,2796,2860,3354,3453,3240,3034,2890,2595,2606,2769,2811,2750,2942,2863,2742,2579,2675,2752,3218,3209,3002,2796,2684,2487,2473,2590,2760,2790,2719,2627,2541,2504,2578,2502,3027,3162,2988,2558,2480,2309,2404,2540,2668,2646,2647,2611,2352,2437,2436,2434,2942,3256,3071,2615,2349,2372,2301,2587,2736,2786,2767,2725,2385,2400,2423,2529,3025,3285,3076,2554,2374,2418,2319,2590,2720,2771,2751,2661,2359,2372,2484,2414,3061,3200,3009,2383,2340,2391,2326,2446,2496,2577,2545,2413,2350,2454,2479,2382,2973,3278,3095,2388,2304,2322,2302,2316,2467,2615,2508,2288,2323,2461,2349,2388,3030,3482,3295,2532,2381,2362,2463,2377,2735,2869,2702,2324,2340,2381,2359,2291,3237,3454,3256,2427,2274,2450,2578,2528,2768,2955,2693,2438,2247,2236,2314,2263,3212,3115,2903,2358,2257,2347,2484,2507,2684,2809,2670,2412,2328,2307,2274,2346,2900,3117,2972,2479,2390,2322,2424,2465,2601,2851,2821,2314,2420,2324,2394,2366,2797,3212,3114,2580,2486,2397,2459,2387,2545,3119,3141,2690,2257,2239,2430,2380,2879,3092,2970,2480,2405,2418,2488,2314,2411,3023,3060,2652,2271,2226,2334,2313,2816,3013,2731,2398,2400,2349,2381,2340,2420,2599,2654,2410,2281,2272,2319,2305,2823,3109,2917,2394,2457,2386,2304,2299,2578,2746,2495,2392,2278,2370,2361,2399,2872,3311,3097,2377,2409,2388,2308,2344,2627,2764,2543,2428,2325,2402,2361,2393,3067,3272,3044,2302,2278,2352,2351,2355,2653,2806,2611,2378,2334,2307,2311,2372,3068,3137,2952,2392,2335,2339,2422,2360,2535,2689,2519,2318,2349,2181,2281,2352,2909,2972,2804,2299,2261,2337,2380,2282,2437,2466,2398,2296,2279,2296,2277,2343,2697,2960,2734,2315,2315,2323,2384,2366,2337,2409,2321,2371,2320,2240,2292,2318,2735,3210,2984,2253,2294,2372,2331,2284,2238,2301,2348,2240,2279,2341,2339,2329,3002,3267,3046,2268,2211,2264,2291,2344,2289,2354,2421,2367,2375,2367,2378,2240,3039,2949,2707,2276,2287,2328,2235,2267,2279,2273,2367,2344,2315,2292,2251,2286,2711,3695,3467,2308,2251,2320,2308,2217,2224,2393,2425,2319,2236,2213,2186,2401,3476,4106,3878,2644,2504,2423,2296,2294,2450,2532,2435,2402,2450,2381,2263,2829,3887,4096,3867,2697,2595,2396,2408,2481,2640,2698,2638,2530,2512,2490,2358,2855,3877,3653,3404,2545,2438,2485,2434,2426,2610,2570,2570,2414,2381,2355,2339,2556,3444,3819,3603,2643,2362,2411,2299,2385,2388,2357,2322,2198,2215,2148,2377,2349,3578,3872,3662,2663,2301,2461,2335,2341,2444,2591,2501,2323,2321,2247,2422,2307,3633,3721,3504,2510,2334,2407,2393,2283,2505,2695,2594,2398,2346,2446,2327,2445,3487,3552,3329,2426,2340,2312,2237,2298,2388,2557,2523,2371,2430,2406,2354,2403,3315,3329,3103,2339,2242,2264,2237,2360,2436,2487,2440,2341,2336,2386,2295,2243,3091,3251,3025,2287,2249,2289,2297,2371,2339,2383,2422,2282,2345,2314,2359,2269,3011,3042,2832,2230,2244,2275,2285,2264,2281,2357,2281,2220,2272,2212,2321,2293,2771,2852,2675,2305,2204,2261,2314,2306,2337,2386,2321,2273,2371,2325,2303,2356,2674,2864,2670,2239,2150,2184,2343,2343,2341,2384,2364,2283,2319,2356,2268,2270,2668,2867,2662,2255,2112,2243,2327,2270,2325,2265,2391,2366,2259,2272,2161,2265,2627,2940,2736,2193,2052,2193,2265,2216,2209,2269,2308,2333,2214,2223,2148,2192,2678,3023,2782,2202,2144,2160,2165,2163,2252,2353,2320,2222,2155,2228,2235,2290,2805,3327,3102,2154,2115,2114,2178,2213,2273,2343,2271,2136,2170,2227,2261,2152,3102,3348,3128,2135,2039,2114,2162,2143,2149,2242,2263,2116,2126,2069,2094,2215,3126,3311,3087,2149,2128,2116,2157,2102,2076,2175,2156,2097,2141,2028,2050,2181,3094,3408,3182,2199,2120,2086,2155,2032,2038,2081,2103,2040,2151,2093,2048,2212,3187,3261,3030,2174,2101,2103,2122,1932,1944,2038,2114,2093,2036,1938,1974,2088,3048,3115,2853,2060,1987,1989,1970,1988,1939,2090,2125,2064,1949,1932,2002,2043,2923,3058,2810,2124,2004,1968,2021,2097,2276,2341,2343,2150,1933,1968,1986,2054,2845
,,,,,,,,,,,,,,,,,,,,,,,,,,,,,,,,,,,,,,,,,,,,,,,,,,,,,,,,,,,,,,,,,,,,,,,,,,,,,,,,,,,,,,,,,,,,,,,,,,,,,,,,,,,,,,,,,,,,,,,,,,,,,,,,,,,,,,,,,,,,,,,,,,,,,,,,,,,,,,,,,,,,,,,,,,,,,,,,,,,,,,,,,,,,,,,,,,,,,,,,,,,,,,,,,,,,,,,,,,,,,,,,,,,,,,,,,,,,,,,,,,,,,,,,,,,,,,,,,,,,,,,,,,,,,,,,,,,,,,,,,,,,,,,,,,,,,,,,,,,,,,,,,,,,,,,,,,,,,,,,,,,,,,,,,,,,,,,,,,,,,,,,,,,,,,,,,,,,,,,,,,,,,,,,,,,,,,,,,,,,,,,,,,,,,,,,,,,,,,,,,,,,,,,,,,,,,,,,,,,,,,,,,,,,,,,,,,,,,,,,,,,,,,,,,,,,,,,,,,,,,,,,,,,,,,,,,,,,,,,,,,,,,,,,,,,,,,,,,,,,,,,,,,,,,,,,,,,,,,,,,,,,,,,,,,,,,,,,,,,,,,,,,,,,,,,,,,,,,,,,,,,,,,,,,,,,,,,,,,,,,,,,,,,,,,,,,,,,,,,,,,,,,,,,,,,,,,,,,,,,,,,,,,,,,,,,,,,,,,,,,,,,,,,,,,,,,,,,,,,,,,,,,,,,,,,,,,,,,,,,,,,,,,,,,,,,,,,,,,,,,,,,,,,,,,,,,,,,,,,,,,,,,,,,,,,,,,,,,,,,,,,,,,,,,,,,,,,,,,,,,,,,,,,,,,,,,,,,,,,,,,,,,,,,,,,,,,,,,,,,,,,,,,,,,,,,,,,,,,,,,,,,,,,,,,,,,,,,,,,,,,,,,,,,,,,,,,,,,,,,,,,,,,,,,,,,,,,,,,,,,,,,,,,,,,,,,,,,,,,,,,,,,,,,,,,,,,,,,,,,,,,,,,,,,,,,,,,,,,,,,,,,,,,,,,,,,,,,,,,,,,,,,,,,,,,,,,,,,,,,,,,,,,,,,,,,,,,,,,,,,,,,,,,,,,,,,,,,,,,,,,,,,,,,,,,,,,,,,,,,,,,,,,,,,,,,,,,,,,,,,,,,,,,,,,,,,,,,,,,,,,,,,,,,,,,,,,,,,,,,,,,,,,,,,,,,,,,,,,,,,,,,,,,,,,,,,,,,,,,,,,,,,,,,,,,,,,,,,,,,,,,,,,,,,,,,,,,,,,,,,,,,,,,,,,,,,,,,,,,,,,,,,,,,,,,,,,,,,,,,,,,,,,,,,,,,,,,,,,,,,,,,,,,,,,,,,,,,,,,,,,,,,,,,,,,,,,,,,,,,,,,,,,,,,,,,,,,,,,,,,,,,,,,,,,,,,,,,,,,,,,,,,,,,,,,,,,,,,,,,,,,,,,,,,,,,,,,,,,,,,,,,,,,,,,,,,,,,,,,,,,,,,,,,,,,,,,,,,,,,,,,,,,,,,,,,,,,,,,,,,,,,,,,,,,,,,,,,,,,,,,,,,,,,,,,,,,,,,,,,,,,,,,,,,,,,,,,,,,,,,,,,,,,,,,,,,,,,,,,,,,,,,,,,,,,,,,,,,,,,,,,,,,,,,,,,,,,,,,,,,,,,,,,,,,,,,,,,,,,,,,,,,,,,,,,,,,,,,,,,,,,,,,,,,,,,,,,,,,,,,,,,,,,,,,,,,,,,,,,,,,,,,,,,,,,,,,,,,,,,,,,,,,,,,,,,,,,,,,,,,,,,,,,,,,,,,,,,,,,,,,,,,,,,,,,,,,,,,,,,,,,,,,,,,,,,,,,,,,,,,,,,,,,,,,,,,,,,,,,,,,,,,,,,,,,,,,,,,,,,,,,,,,,,,,,,,,,,,,,,,,,,,,,,,,,,,,,,,,,,,,,,,,,,,,,,,,,,,,,,,,,,,,,,,,,,,,,,,,,,,,,,,,,,,,,,,,,,,,,,,,,,,,,,,,,,,,,,,,,,,,,,,,,,,,,,,,,,,,,,,,,,,,,,,,,,,,,,,,,,,,,,,,,,,,,,,,,,,,,,,,,,,,,,,,,,,,,,,,,,,,,,,,,,,,,,,,,,,,,,,,,,,,,,,,,,,,,,,,,,,,,,,,,,,,,,,,,,,,,,,,,,,,,,,,,,,,,,,,,,,,,,,,,
,,,,,,,,,,,,,,,,,,,,,,,,,,,,,,,,,,,,,,,,,,,,,,,,,,,,,,,,,,,,,,,,,,,,,,,,,,,,,,,,,,,,,,,,,,,,,,,,,,,,,,,,,,,,,,,,,,,,,,,,,,,,,,,,,,,,,,,,,,,,,,,,,,,,,,,,,,,,,,,,,,,,,,,,,,,,,,,,,,,,,,,,,,,,,,,,,,,,,,,,,,,,,,,,,,,,,,,,,,,,,,,,,,,,,,,,,,,,,,,,,,,,,,,,,,,,,,,,,,,,,,,,,,,,,,,,,,,,,,,,,,,,,,,,,,,,,,,,,,,,,,,,,,,,,,,,,,,,,,,,,,,,,,,,,,,,,,,,,,,,,,,,,,,,,,,,,,,,,,,,,,,,,,,,,,,,,,,,,,,,,,,,,,,,,,,,,,,,,,,,,,,,,,,,,,,,,,,,,,,,,,,,,,,,,,,,,,,,,,,,,,,,,,,,,,,,,,,,,,,,,,,,,,,,,,,,,,,,,,,,,,,,,,,,,,,,,,,,,,,,,,,,,,,,,,,,,,,,,,,,,,,,,,,,,,,,,,,,,,,,,,,,,,,,,,,,,,,,,,,,,,,,,,,,,,,,,,,,,,,,,,,,,,,,,,,,,,,,,,,,,,,,,,,,,,,,,,,,,,,,,,,,,,,,,,,,,,,,,,,,,,,,,,,,,,,,,,,,,,,,,,,,,,,,,,,,,,,,,,,,,,,,,,,,,,,,,,,,,,,,,,,,,,,,,,,,,,,,,,,,,,,,,,,,,,,,,,,,,,,,,,,,,,,,,,,,,,,,,,,,,,,,,,,,,,,,,,,,,,,,,,,,,,,,,,,,,,,,,,,,,,,,,,,,,,,,,,,,,,,,,,,,,,,,,,,,,,,,,,,,,,,,,,,,,,,,,,,,,,,,,,,,,,,,,,,,,,,,,,,,,,,,,,,,,,,,,,,,,,,,,,,,,,,,,,,,,,,,,,,,,,,,,,,,,,,,,,,,,,,,,,,,,,,,,,,,,,,,,,,,,,,,,,,,,,,,,,,,,,,,,,,,,,,,,,,,,,,,,,,,,,,,,,,,,,,,,,,,,,,,,,,,,,,,,,,,,,,,,,,,,,,,,,,,,,,,,,,,,,,,,,,,,,,,,,,,,,,,,,,,,,,,,,,,,,,,,,,,,,,,,,,,,,,,,,,,,,,,,,,,,,,,,,,,,,,,,,,,,,,,,,,,,,,,,,,,,,,,,,,,,,,,,,,,,,,,,,,,,,,,,,,,,,,,,,,,,,,,,,,,,,,,,,,,,,,,,,,,,,,,,,,,,,,,,,,,,,,,,,,,,,,,,,,,,,,,,,,,,,,,,,,,,,,,,,,,,,,,,,,,,,,,,,,,,,,,,,,,,,,,,,,,,,,,,,,,,,,,,,,,,,,,,,,,,,,,,,,,,,,,,,,,,,,,,,,,,,,,,,,,,,,,,,,,,,,,,,,,,,,,,,,,,,,,,,,,,,,,,,,,,,,,,,,,,,,,,,,,,,,,,,,,,,,,,,,,,,,,,,,,,,,,,,,,,,,,,,,,,,,,,,,,,,,,,,,,,,,,,,,,,,,,,,,,,,,,,,,,,,,,,,,,,,,,,,,,,,,,,,,,,,,,,,,,,,,,,,,,,,,,,,,,,,,,,,,,,,,,,,,,,,,,,,,,,,,,,,,,,,,,,,,,,,,,,,,,,,,,,,,,,,,,,,,,,,,,,,,,,,,,,,,,,,,,,,,,,,,,,,,,,,,,,,,,,,,,,,,,,,,,,,,,,,,,,,,,,,,,,,,,,,,,,,,,,,,,,,,,,,,,,,,,,,,,,,,,,,,,,,,,,,,,,,,,,,,,,,,,,,,,,,,,,,,,,,,,,,,,,,,,,,,,,,,,,,,,,,,,,,,,,,,,,,,,,,,,,,,,,,,,,,,,,,,,,,,,,,,,,,,,,,,,,,,,,,,,,,,,,,,,,,,,,,,,,,,,,,,,,,,,,,,,,,,,,,,,,,,,,,,,,,,,,,,,,,,,,,,,,,,,,,,,,,,,,,,,,,,,,,,,,,,,,,,,,,,,,,,,,,,,,,,,,,,,,,,,,,,,,,,,,,,,,,,,,,,,,,,,,,,,,,,,,,,,,,,,,,,,,,,,,,,,,,,,,,,,,,,,,,,,,,,,,,,,,,,,,,,,,,,,,,,,,,,
,,,,,,,,,,,,,,,,,,,,,,,,,,,,,,,,,,,,,,,,,,,,,,,,,,,,,,,,,,,,,,,,,,,,,,,,,,,,,,,,,,,,,,,,,,,,,,,,,,,,,,,,,,,,,,,,,,,,,,,,,,,,,,,,,,,,,,,,,,,,,,,,,,,,,,,,,,,,,,,,,,,,,,,,,,,,,,,,,,,,,,,,,,,,,,,,,,,,,,,,,,,,,,,,,,,,,,,,,,,,,,,,,,,,,,,,,,,,,,,,,,,,,,,,,,,,,,,,,,,,,,,,,,,,,,,,,,,,,,,,,,,,,,,,,,,,,,,,,,,,,,,,,,,,,,,,,,,,,,,,,,,,,,,,,,,,,,,,,,,,,,,,,,,,,,,,,,,,,,,,,,,,,,,,,,,,,,,,,,,,,,,,,,,,,,,,,,,,,,,,,,,,,,,,,,,,,,,,,,,,,,,,,,,,,,,,,,,,,,,,,,,,,,,,,,,,,,,,,,,,,,,,,,,,,,,,,,,,,,,,,,,,,,,,,,,,,,,,,,,,,,,,,,,,,,,,,,,,,,,,,,,,,,,,,,,,,,,,,,,,,,,,,,,,,,,,,,,,,,,,,,,,,,,,,,,,,,,,,,,,,,,,,,,,,,,,,,,,,,,,,,,,,,,,,,,,,,,,,,,,,,,,,,,,,,,,,,,,,,,,,,,,,,,,,,,,,,,,,,,,,,,,,,,,,,,,,,,,,,,,,,,,,,,,,,,,,,,,,,,,,,,,,,,,,,,,,,,,,,,,,,,,,,,,,,,,,,,,,,,,,,,,,,,,,,,,,,,,,,,,,,,,,,,,,,,,,,,,,,,,,,,,,,,,,,,,,,,,,,,,,,,,,,,,,,,,,,,,,,,,,,,,,,,,,,,,,,,,,,,,,,,,,,,,,,,,,,,,,,,,,,,,,,,,,,,,,,,,,,,,,,,,,,,,,,,,,,,,,,,,,,,,,,,,,,,,,,,,,,,,,,,,,,,,,,,,,,,,,,,,,,,,,,,,,,,,,,,,,,,,,,,,,,,,,,,,,,,,,,,,,,,,,,,,,,,,,,,,,,,,,,,,,,,,,,,,,,,,,,,,,,,,,,,,,,,,,,,,,,,,,,,,,,,,,,,,,,,,,,,,,,,,,,,,,,,,,,,,,,,,,,,,,,,,,,,,,,,,,,,,,,,,,,,,,,,,,,,,,,,,,,,,,,,,,,,,,,,,,,,,,,,,,,,,,,,,,,,,,,,,,,,,,,,,,,,,,,,,,,,,,,,,,,,,,,,,,,,,,,,,,,,,,,,,,,,,,,,,,,,,,,,,,,,,,,,,,,,,,,,,,,,,,,,,,,,,,,,,,,,,,,,,,,,,,,,,,,,,,,,,,,,,,,,,,,,,,,,,,,,,,,,,,,,,,,,,,,,,,,,,,,,,,,,,,,,,,,,,,,,,,,,,,,,,,,,,,,,,,,,,,,,,,,,,,,,,,,,,,,,,,,,,,,,,,,,,,,,,,,,,,,,,,,,,,,,,,,,,,,,,,,,,,,,,,,,,,,,,,,,,,,,,,,,,,,,,,,,,,,,,,,,,,,,,,,,,,,,,,,,,,,,,,,,,,,,,,,,,,,,,,,,,,,,,,,,,,,,,,,,,,,,,,,,,,,,,,,,,,,,,,,,,,,,,,,,,,,,,,,,,,,,,,,,,,,,,,,,,,,,,,,,,,,,,,,,,,,,,,,,,,,,,,,,,,,,,,,,,,,,,,,,,,,,,,,,,,,,,,,,,,,,,,,,,,,,,,,,,,,,,,,,,,,,,,,,,,,,,,,,,,,,,,,,,,,,,,,,,,,,,,,,,,,,,,,,,,,,,,,,,,,,,,,,,,,,,,,,,,,,,,,,,,,,,,,,,,,,,,,,,,,,,,,,,,,,,,,,,,,,,,,,,,,,,,,,,,,,,,,,,,,,,,,,,,,,,,,,,,,,,,,,,,,,,,,,,,,,,,,,,,,,,,,,,,,,,,,,,,,,,,,,,,,,,,,,,,,,,,,,,,,,,,,,,,,,,,,,,,,,,,,,,,,,,,,,,,,,,,,,,,,,,,,,,,,,,,,,,,,,,,,,,,,,,,,,,,,,,,,,,,,,,,,,,,,,,,,,,,,,,,,,,,,,,,,,,,,,,,,,,,,,,,,,,,,,,,,,,,,,,,,,,,,,,,,,,,,,,,,,,,,,,,,,
,,,,,,,,,,,,,,,,,,,,,,,,,,,,,,,,,,,,,,,,,,,,,,,,,,,,,,,,,,,,,,,,,,,,,,,,,,,,,,,,,,,,,,,,,,,,,,,,,,,,,,,,,,,,,,,,,,,,,,,,,,,,,,,,,,,,,,,,,,,,,,,,,,,,,,,,,,,,,,,,,,,,,,,,,,,,,,,,,,,,,,,,,,,,,,,,,,,,,,,,,,,,,,,,,,,,,,,,,,,,,,,,,,,,,,,,,,,,,,,,,,,,,,,,,,,,,,,,,,,,,,,,,,,,,,,,,,,,,,,,,,,,,,,,,,,,,,,,,,,,,,,,,,,,,,,,,,,,,,,,,,,,,,,,,,,,,,,,,,,,,,,,,,,,,,,,,,,,,,,,,,,,,,,,,,,,,,,,,,,,,,,,,,,,,,,,,,,,,,,,,,,,,,,,,,,,,,,,,,,,,,,,,,,,,,,,,,,,,,,,,,,,,,,,,,,,,,,,,,,,,,,,,,,,,,,,,,,,,,,,,,,,,,,,,,,,,,,,,,,,,,,,,,,,,,,,,,,,,,,,,,,,,,,,,,,,,,,,,,,,,,,,,,,,,,,,,,,,,,,,,,,,,,,,,,,,,,,,,,,,,,,,,,,,,,,,,,,,,,,,,,,,,,,,,,,,,,,,,,,,,,,,,,,,,,,,,,,,,,,,,,,,,,,,,,,,,,,,,,,,,,,,,,,,,,,,,,,,,,,,,,,,,,,,,,,,,,,,,,,,,,,,,,,,,,,,,,,,,,,,,,,,,,,,,,,,,,,,,,,,,,,,,,,,,,,,,,,,,,,,,,,,,,,,,,,,,,,,,,,,,,,,,,,,,,,,,,,,,,,,,,,,,,,,,,,,,,,,,,,,,,,,,,,,,,,,,,,,,,,,,,,,,,,,,,,,,,,,,,,,,,,,,,,,,,,,,,,,,,,,,,,,,,,,,,,,,,,,,,,,,,,,,,,,,,,,,,,,,,,,,,,,,,,,,,,,,,,,,,,,,,,,,,,,,,,,,,,,,,,,,,,,,,,,,,,,,,,,,,,,,,,,,,,,,,,,,,,,,,,,,,,,,,,,,,,,,,,,,,,,,,,,,,,,,,,,,,,,,,,,,,,,,,,,,,,,,,,,,,,,,,,,,,,,,,,,,,,,,,,,,,,,,,,,,,,,,,,,,,,,,,,,,,,,,,,,,,,,,,,,,,,,,,,,,,,,,,,,,,,,,,,,,,,,,,,,,,,,,,,,,,,,,,,,,,,,,,,,,,,,,,,,,,,,,,,,,,,,,,,,,,,,,,,,,,,,,,,,,,,,,,,,,,,,,,,,,,,,,,,,,,,,,,,,,,,,,,,,,,,,,,,,,,,,,,,,,,,,,,,,,,,,,,,,,,,,,,,,,,,,,,,,,,,,,,,,,,,,,,,,,,,,,,,,,,,,,,,,,,,,,,,,,,,,,,,,,,,,,,,,,,,,,,,,,,,,,,,,,,,,,,,,,,,,,,,,,,,,,,,,,,,,,,,,,,,,,,,,,,,,,,,,,,,,,,,,,,,,,,,,,,,,,,,,,,,,,,,,,,,,,,,,,,,,,,,,,,,,,,,,,,,,,,,,,,,,,,,,,,,,,,,,,,,,,,,,,,,,,,,,,,,,,,,,,,,,,,,,,,,,,,,,,,,,,,,,,,,,,,,,,,,,,,,,,,,,,,,,,,,,,,,,,,,,,,,,,,,,,,,,,,,,,,,,,,,,,,,,,,,,,,,,,,,,,,,,,,,,,,,,,,,,,,,,,,,,,,,,,,,,,,,,,,,,,,,,,,,,,,,,,,,,,,,,,,,,,,,,,,,,,,,,,,,,,,,,,,,,,,,,,,,,,,,,,,,,,,,,,,,,,,,,,,,,,,,,,,,,,,,,,,,,,,,,,,,,,,,,,,,,,,,,,,,,,,,,,,,,,,,,,,,,,,,,,,,,,,,,,,,,,,,,,,,,,,,,,,,,,,,,,,,,,,,,,,,,,,,,,,,,,,,,,,,,,,,,,,,,,,,,,,,,,,,,,,,,,,,,,,,,,,,,,,,,,,,,,,,,,,,,,,,,,,,,,,,,,,,,,,,,,,,,,,,,,,,,,,,,,,,,,,,,,,,,,,,,,,,,,,,,,,,,,,,,,,,,,,,,,,,,,,,,,,,,,,,,,,,,,,,,,,,,,,,,,,,,,,,,,,,,,,,,,,,
,,,,,,,,,,,,,,,,,,,,,,,,,,,,,,,,,,,,,,,,,,,,,,,,,,,,,,,,,,,,,,,,,,,,,,,,,,,,,,,,,,,,,,,,,,,,,,,,,,,,,,,,,,,,,,,,,,,,,,,,,,,,,,,,,,,,,,,,,,,,,,,,,,,,,,,,,,,,,,,,,,,,,,,,,,,,,,,,,,,,,,,,,,,,,,,,,,,,,,,,,,,,,,,,,,,,,,,,,,,,,,,,,,,,,,,,,,,,,,,,,,,,,,,,,,,,,,,,,,,,,,,,,,,,,,,,,,,,,,,,,,,,,,,,,,,,,,,,,,,,,,,,,,,,,,,,,,,,,,,,,,,,,,,,,,,,,,,,,,,,,,,,,,,,,,,,,,,,,,,,,,,,,,,,,,,,,,,,,,,,,,,,,,,,,,,,,,,,,,,,,,,,,,,,,,,,,,,,,,,,,,,,,,,,,,,,,,,,,,,,,,,,,,,,,,,,,,,,,,,,,,,,,,,,,,,,,,,,,,,,,,,,,,,,,,,,,,,,,,,,,,,,,,,,,,,,,,,,,,,,,,,,,,,,,,,,,,,,,,,,,,,,,,,,,,,,,,,,,,,,,,,,,,,,,,,,,,,,,,,,,,,,,,,,,,,,,,,,,,,,,,,,,,,,,,,,,,,,,,,,,,,,,,,,,,,,,,,,,,,,,,,,,,,,,,,,,,,,,,,,,,,,,,,,,,,,,,,,,,,,,,,,,,,,,,,,,,,,,,,,,,,,,,,,,,,,,,,,,,,,,,,,,,,,,,,,,,,,,,,,,,,,,,,,,,,,,,,,,,,,,,,,,,,,,,,,,,,,,,,,,,,,,,,,,,,,,,,,,,,,,,,,,,,,,,,,,,,,,,,,,,,,,,,,,,,,,,,,,,,,,,,,,,,,,,,,,,,,,,,,,,,,,,,,,,,,,,,,,,,,,,,,,,,,,,,,,,,,,,,,,,,,,,,,,,,,,,,,,,,,,,,,,,,,,,,,,,,,,,,,,,,,,,,,,,,,,,,,,,,,,,,,,,,,,,,,,,,,,,,,,,,,,,,,,,,,,,,,,,,,,,,,,,,,,,,,,,,,,,,,,,,,,,,,,,,,,,,,,,,,,,,,,,,,,,,,,,,,,,,,,,,,,,,,,,,,,,,,,,,,,,,,,,,,,,,,,,,,,,,,,,,,,,,,,,,,,,,,,,,,,,,,,,,,,,,,,,,,,,,,,,,,,,,,,,,,,,,,,,,,,,,,,,,,,,,,,,,,,,,,,,,,,,,,,,,,,,,,,,,,,,,,,,,,,,,,,,,,,,,,,,,,,,,,,,,,,,,,,,,,,,,,,,,,,,,,,,,,,,,,,,,,,,,,,,,,,,,,,,,,,,,,,,,,,,,,,,,,,,,,,,,,,,,,,,,,,,,,,,,,,,,,,,,,,,,,,,,,,,,,,,,,,,,,,,,,,,,,,,,,,,,,,,,,,,,,,,,,,,,,,,,,,,,,,,,,,,,,,,,,,,,,,,,,,,,,,,,,,,,,,,,,,,,,,,,,,,,,,,,,,,,,,,,,,,,,,,,,,,,,,,,,,,,,,,,,,,,,,,,,,,,,,,,,,,,,,,,,,,,,,,,,,,,,,,,,,,,,,,,,,,,,,,,,,,,,,,,,,,,,,,,,,,,,,,,,,,,,,,,,,,,,,,,,,,,,,,,,,,,,,,,,,,,,,,,,,,,,,,,,,,,,,,,,,,,,,,,,,,,,,,,,,,,,,,,,,,,,,,,,,,,,,,,,,,,,,,,,,,,,,,,,,,,,,,,,,,,,,,,,,,,,,,,,,,,,,,,,,,,,,,,,,,,,,,,,,,,,,,,,,,,,,,,,,,,,,,,,,,,,,,,,,,,,,,,,,,,,,,,,,,,,,,,,,,,,,,,,,,,,,,,,,,,,,,,,,,,,,,,,,,,,,,,,,,,,,,,,,,,,,,,,,,,,,,,,,,,,,,,,,,,,,,,,,,,,,,,,,,,,,,,,,,,,,,,,,,,,,,,,,,,,,,,,,,,,,,,,,,,,,,,,,,,,,,,,,,,,,,,,,,,,,,,,,,,,,,,,,,,,,,,,,,,,,,,,,,,,,,,,,,,,,,,,,,,,,,,,,,,,,,,,,,,,,,,,,,,,,,,,,,,,,,,,,,,,,,,,,,,,,,,,,,,,,,,,,,,,,,,,,,,,,,,
3544,3333,2509,2399,2390,2460,2370,2196,2140,2196,2370,2460,2390,2399,2509,3333,3841,3628,2625,2321,2270,2348,2302,2186,2166,2273,2343,2368,2380,2295,2503,3612,4056,3831,2743,2384,2280,2254,2224,2290,2138,2192,2227,2201,2291,2446,2732,3837,4239,4017,2871,2552,2388,2196,2144,2272,2222,2186,2204,2336,2330,2540,2873,4018,4069,3848,2716,2432,2306,2228,2247,2298,2267,2193,2261,2235,2328,2384,2683,3846,3742,3521,2521,2245,2290,2271,2259,2274,2281,2184,2250,2281,2389,2184,2516,3513,3423,3199,2432,2296,2357,2272,2274,2291,2291,2269,2303,2172,2304,2264,2374,3204,3077,2856,2354,2294,2308,2199,2311,2259,2264,2287,2298,2254,2254,2233,2244,2870,2798,2532,2286,2271,2262,2277,2329,2240,2306,2411,2339,2183,2193,2213,2080,2597,3032,2833,2420,2233,2398,2408,2383,2462,2608,2753,2549,2294,2342,2296,2268,2824,3622,3418,3198,3031,3325,3058,3321,3421,3526,3499,3307,3081,3243,3169,3255,3432,4174,4079,3936,3680,3956,3773,3885,4012,4124,4141,3893,3671,3743,3616,3728,4000,4361,4372,4175,3906,4110,4042,4077,4128,4255,4376,4199,3819,3971,3899,3661,4235,4390,4319,4116,3771,3814,3948,3899,3901,4147,4297,4110,3733,3874,3743,3537,4124,4757,4552,3806,3437,3486,3676,3576,3558,3743,3981,3791,3457,3553,3653,3546,4516,4706,4506,3387,3149,3071,3194,3091,3297,3435,3569,3397,3090,3218,3260,3273,4458,4345,4138,3186,2998,2883,2983,3035,3158,3300,3218,3200,3009,2912,2938,3111,4099,4402,4161,3489,3369,3113,3101,3209,3310,3551,3437,3330,3277,3110,3175,3450,4182,4408,4181,3537,3389,3216,3179,3229,3356,3541,3423,3324,3206,3046,3228,3490,4193,4226,3988,3348,3102,3114,3254,3136,3803,3940,3670,3020,3143,3039,3055,3272,4019,4602,4372,3322,3300,3126,3337,3196,4018,4143,3852,3053,3378,3319,3203,3193,4369,4673,4446,3164,3299,2911,3142,3173,3877,3895,3723,3007,3410,3325,3225,3312,4439,4458,4233,3025,3117,2789,2820,2956,3523,3598,3356,2803,3012,2969,2899,3128,4224,4003,3777,2787,2773,2768,2797,2948,3090,3097,2995,2844,2827,2859,2711,2961,3773,3619,3444,2697,2626,2694,2762,3005,3169,3294,3120,2817,2813,2920,2812,2847,3438,3764,3563,2823,2634,2813,2723,2965,3220,3313,3193,2778,2811,2899,2728,2860,3576,3791,3575,2727,2619,2657,2573,2739,2974,3186,3000,2662,2551,2615,2604,2741,3571,3525,3346,2683,2551,2684,2658,2591,2903,2955,2897,2595,2613,2831,2693,2668,3276,3366,3167,2693,2571,2730,2717,2773,2799,2908,2873,2683,2735,2957,2692,2767,3200,3514,3274,2562,2527,2585,2577,2586,2654,2739,2734,2665,2663,2745,2573,2697,3328,3414,3188,2468,2339,2422,2378,2442,2559,2510,2540,2493,2418,2461,2403,2448,3206,3303,3095,2445,2323,2388,2362,2442,2577,2520,2485,2484,2332,2425,2361,2375,3098,3121,2912,2494,2359,2363,2448,2441,2495,2539,2454,2428,2213,2252,2420,2371,2917,3001,2782,2490,2257,2379,2363,2397,2541,2652,2515,2404,2263,2274,2365,2274,2844,2954,2730,2370,2228,2294,2396,2392,2494,2640,2542,2376,2250,2300,2349,2300,2761,2890,2672,2304,2222,2226,2283,2296,2542,2664,2456,2119,2274,2278,2308,2380,2697,2896,2674,2248,2186,2244,2339,2373,2617,2710,2481,2307,2373,2321,2355,2407,2686,2781,2580,2237,2237,2331,2352,2445,2609,2600,2406,2365,2426,2352,2263,2380,2693,2798,2584,2261,2198,2317,2359,2385,2489,2518,2446,2395,2418,2377,2336,2320,2659,2765,2544,2265,2293,2384,2310,2312,2387,2430,2446,2344,2256,2330,2353,2305,2643,2849,2652,2384,2342,2368,2198,2345,2405,2458,2394,2430,2429,2312,2311,2339,2661,2762,2623,2465,2312,2315,2399,2456,2404,2702,2699,2463,2387,2378,2327,2446,2625,2876,2583,2428,2426,2356,2298,2453,2479,2773,2760,2481,2358,2320,2291,2448,2741,2945,2677,2279,2375,2362,2340,2418,2417,2572,2577,2332,2287,2241,2386,2389,2762,2901,2742,2244,2288,2388,2328,2350,2479,2489,2462,2446,2288,2380,2419,2331,2646,2860,2676,2211,2329,2380,2262,2382,2573,2559,2528,2420,2307,2309,2426,2483,2665,2764,2666,2242,2160,2245,2248,2299,2571,2659,2524,2359,2338,2311,2372,2379,2629,2887,2714,2352,2289,2303,2267,2203,2425,2512,2423,2324,2238,2245,2241,2313,2718,2842,2696,2415,2226,2285,2239,2301,2448,2518,2217,2213,2166,2203,2243,2410,2704,2925,2737,2438,2298,2345,2345,2377,2423,2590,2438,2387,2356,2210,2223,2292,2707,3563,3339,2377,2298,2360,2411,2342,2419,2594,2522,2381,2358,2289,2316,2346,3340,4197,3974,2855,2456,2363,2399,2299,2452,2593,2467,2267,2342,2335,2492,2813,3971,4351,4128,2990,2653,2430,2398,2365,2512,2669,2511,2202,2418,2367,2687,2974,4127,4141,3917,2769,2458,2354,2306,2327,2568,2766,2635,2280,2413,2270,2528,2762,3917,3466,3240,2338,2360,2364,2228,2348,2385,2436,2354,2305,2352,2271,2371,2343,3239,3066,2812,2354,2331,2311,2324,2301,2392,2334,2370,2251,2335,2163,2239,2335,2854,2733,2591,2317,2207,2339,2297,2264,2430,2382,2337,2262,2334,2270,2275,2358,2515,2776,2572,2317,2285,2294,2250,2244,2306,2350,2275,2241,2320,2273,2255,2325,2547,2720,2502,2371,2365,2326,2320,2322,2338,2453,2371,2377,2382,2348,2347,2453,2626,3022,2737,2302,2427,2499,2439,2589,2692,2791,2659,2534,2448,2513,2560,2747,2975,3338,3091,2241,2401,2516,2398,2599,2699,2766,2692,2518,2402,2509,2594,2713,3170,4056,3840,2775,2439,2428,2408,2543,2741,2819,2765,2407,2343,2362,2568,2687,3832,4550,4331,3232,2803,2751,2740,2648,2916,2871,2828,2646,2682,2720,2837,3201,4325,4674,4456,3379,3013,2888,2861,2854,3275,3352,3190,2869,2752,2939,3039,3321,4450,4500,4282,3264,2970,2854,2820,3014,3434,3499,3242,2843,2798,2983,2988,3223,4275,4022,3772,2891,2734,2517,2580,2919,3252,3305,3001,2704,2670,2781,2834,2928,3799,3709,3522,2551,2339,2394,2431,2571,2808,2869,2628,2545,2503,2492,2553,2603,3481,3556,3342,2356,2416,2548,2515,2412,2677,2805,2584,2416,2467,2446,2359,2382,3329,3489,3264,2390,2434,2477,2457,2413,2679,2734,2559,2454,2543,2531,2370,2280,3256,3331,3115,2240,2288,2391,2452,2419,2577,2720,2541,2405,2465,2517,2425,2372,3099,3102,2880,2400,2365,2309,2368,2428,2568,2622,2369,2379,2340,2259,2361,2374,2910,3100,2889,2293,2387,2284,2327,2333,2470,2491,2278,2294,2232,2200,2306,2214,2880,3043,2860,2426,2363,2346,2297,2427,2606,2599,2519,2291,2126,2292,2335,2289,2817,3061,2928,2476,2405,2433,2349,2451,2634,2690,2658,2412,2180,2325,2378,2362,2844,3130,2967,2431,2427,2410,2294,2526,2606,2662,2586,2390,2289,2336,2454,2451,2953,3264,3024,2449,2418,2388,2350,2479,2541,2592,2522,2337,2359,2411,2431,2465,3039,3343,3114,2378,2357,2461,2458,2395,2501,2558,2564,2461,2380,2352,2347,2325,3143,3516,3278,2355,2273,2363,2426,2425,2487,2543,2429,2354,2310,2371,2377,2379,3312,3481,3258,2349,2291,2225,2346,2395,2349,2464,2493,2290,2342,2352,2312,2315,3276,3326,3093,2490,2188,2283,2342,2280,2425,2574,2557,2492,2351,2365,2324,2337,3111,3517,3346,2945,2607,2610,2449,2576,2868,2984,3057,2852,2568,2617,2597,2634,3304,3598,3455,3047,2758,2736,2626,2743,2964,3082,3173,2973,2605,2787,2773,2736,3332,3425,3277,2916,2683,2610,2455,2670,2857,2969,3000,2847,2537,2670,2660,2638,3161,3229,3045,2748,2629,2562,2388,2619,2785,2767,2780,2641,2524,2464,2497,2586,3014,3048,2882,2501,2465,2514,2444,2597,2710,2707,2711,2438,2442,2402,2352,2459,2866,3217,2978,2445,2360,2456,2454,2558,2726,2873,2762,2536,2449,2416,2404,2377,3032,3219,2965,2476,2356,2475,2275,2445,2739,2851,2695,2545,2497,2422,2397,2424,3016,3185,2966,2400,2357,2465,2367,2468,2589,2678,2532,2444,2376,2372,2338,2331,2968,3209,2991,2389,2293,2339,2359,2453,2575,2716,2583,2392,2272,2354,2322,2310,2959,3532,3315,2342,2314,2357,2270,2443,2883,2980,2695,2261,2293,2273,2248,2246,3304,3572,3356,2403,2240,2250,2284,2459,2964,3083,2782,2156,2344,2329,2308,2394,3341,3227,3041,2298,2279,2303,2310,2417,2787,2915,2616,2296,2379,2326,2320,2347,2983,2860,2708,2370,2246,2290,2322,2430,2734,2907,2772,2443,2413,2415,2349,2373,2631,3282,3098,2498,2443,2490,2531,2462,2856,3183,3094,2542,2316,2411,2342,2333,3032,3332,3138,2420,2347,2434,2529,2446,2825,3168,3075,2432,2202,2401,2318,2295,3090,3024,2803,2242,2320,2315,2228,2268,2488,2844,2756,2377,2291,2271,2279,2391,2834,3134,2965,2462,2362,2368,2217,2208,2543,2695,2581,2257,2355,2235,2372,2433,2907,3361,3148,2474,2296,2300,2343,2320,2611,2765,2590,2357,2249,2307,2441,2445,3142,3244,3033,2330,2358,2272,2336,2271,2590,2732,2496,2284,2347,2237,2368,2306,3028,3096,2883,2265,2254,2245,2338,2343,2497,2542,2368,2298,2199,2298,2298,2179,2878,2931,2727,2244,2334,2285,2306,2181,2357,2431,2383,2244,2214,2287,2264,2321,2669,2909,2700,2309,2329,2327,2381,2257,2347,2303,2294,2329,2217,2359,2347,2348,2703,3213,2999,2337,2285,2326,2391,2257,2289,2384,2333,2317,2328,2364,2258,2253,2996,3269,3055,2246,2154,2291,2261,2166,2341,2408,2253,2257,2324,2295,2232,2298,3051,2905,2720,2287,2124,2192,2178,2229,2338,2349,2235,2343,2273,2262,2234,2138,2679,3697,3468,2349,2264,2205,2225,2202,2236,2301,2301,2349,2319,2298,2235,2490,3476,4105,3877,2669,2494,2307,2301,2340,2407,2486,2402,2299,2336,2411,2470,2729,3882,4092,3865,2650,2491,2363,2345,2439,2578,2714,2530,2380,2456,2524,2536,2707,3868,3655,3426,2508,2321,2280,2283,2393,2482,2539,2390,2432,2470,2441,2430,2546,3436,3840,3624,2667,2340,2250,2356,2225,2273,2354,2318,2356,2424,2386,2471,2592,3617,3887,3680,2804,2349,2339,2334,2300,2464,2572,2493,2322,2437,2375,2429,2510,3662,3728,3524,2719,2294,2435,2330,2353,2487,2638,2577,2455,2520,2415,2418,2363,3492,3556,3345,2463,2274,2259,2283,2274,2374,2554,2557,2364,2395,2409,2366,2250,3316,3320,3114,2435,2260,2247,2296,2164,2334,2434,2405,2282,2273,2333,2320,2325,3073,3228,3036,2297,2298,2331,2350,2246,2252,2317,2353,2310,2240,2193,2216,2379,2966,3015,2779,2261,2241,2277,2300,2302,2350,2358,2292,2249,2261,2294,2257,2295,2774,2825,2586,2336,2271,2235,2225,2246,2269,2246,2288,2285,2266,2226,2139,2200,2684,2847,2609,2234,2267,2309,2230,2279,2319,2456,2405,2296,2135,2139,2236,2259,2624,2886,2695,2265,2221,2331,2314,2201,2270,2373,2375,2332,2170,2199,2230,2207,2691,2984,2759,2146,2254,2314,2248,2167,2235,2320,2306,2235,2240,2232,2286,2236,2759,3009,2822,2194,2160,2164,2147,2161,2276,2304,2222,2128,2174,2178,2226,2239,2812,3312,3102,2149,2103,2171,2100,2077,2279,2306,2193,2019,2154,2147,2213,2183,3081,3330,3116,2280,2175,2161,2050,2148,2244,2159,2107,2090,2197,2100,2169,2199,3107,3290,3069,2148,2159,2165,2016,2114,2038,1986,2003,1937,2078,2117,2158,2185,3068,3406,3183,2132,2049,2048,1996,2002,2081,2063,2080,1997,2007,2057,2135,2154,3178,3290,3070,2153,2012,1938,2025,1996,2060,2052,2055,2011,1987,1964,2050,2054,3068,3118,2870,2141,2066,2027,2007,1959,1986,2076,2033,1957,1922,1909,2064,1941,2918,2884,2664,2126,2102,2053,2028,2083,2240,2403,2295,2099,2041,2076,2123,2085,2650
,,,,,,,,,,,,,,,,,,,,,,,,,,,,,,,,,,,,,,,,,,,,,,,,,,,,,,,,,,,,,,,,,,,,,,,,,,,,,,,,,,,,,,,,,,,,,,,,,,,,,,,,,,,,,,,,,,,,,,,,,,,,,,,,,,,,,,,,,,,,,,,,,,,,,,,,,,,,,,,,,,,,,,,,,,,,,,,,,,,,,,,,,,,,,,,,,,,,,,,,,,,,,,,,,,,,,,,,,,,,,,,,,,,,,,,,,,,,,,,,,,,,,,,,,,,,,,,,,,,,,,,,,,,,,,,,,,,,,,,,,,,,,,,,,,,,,,,,,,,,,,,,,,,,,,,,,,,,,,,,,,,,,,,,,,,,,,,,,,,,,,,,,,,,,,,,,,,,,,,,,,,,,,,,,,,,,,,,,,,,,,,,,,,,,,,,,,,,,,,,,,,,,,,,,,,,,,,,,,,,,,,,,,,,,,,,,,,,,,,,,,,,,,,,,,,,,,,,,,,,,,,,,,,,,,,,,,,,,,,,,,,,,,,,,,,,,,,,,,,,,,,,,,,,,,,,,,,,,,,,,,,,,,,,,,,,,,,,,,,,,,,,,,,,,,,,,,,,,,,,,,,,,,,,,,,,,,,,,,,,,,,,,,,,,,,,,,,,,,,,,,,,,,,,,,,,,,,,,,,,,,,,,,,,,,,,,,,,,,,,,,,,,,,,,,,,,,,,,,,,,,,,,,,,,,,,,,,,,,,,,,,,,,,,,,,,,,,,,,,,,,,,,,,,,,,,,,,,,,,,,,,,,,,,,,,,,,,,,,,,,,,,,,,,,,,,,,,,,,,,,,,,,,,,,,,,,,,,,,,,,,,,,,,,,,,,,,,,,,,,,,,,,,,,,,,,,,,,,,,,,,,,,,,,,,,,,,,,,,,,,,,,,,,,,,,,,,,,,,,,,,,,,,,,,,,,,,,,,,,,,,,,,,,,,,,,,,,,,,,,,,,,,,,,,,,,,,,,,,,,,,,,,,,,,,,,,,,,,,,,,,,,,,,,,,,,,,,,,,,,,,,,,,,,,,,,,,,,,,,,,,,,,,,,,,,,,,,,,,,,,,,,,,,,,,,,,,,,,,,,,,,,,,,,,,,,,,,,,,,,,,,,,,,,,,,,,,,,,,,,,,,,,,,,,,,,,,,,,,,,,,,,,,,,,,,,,,,,,,,,,,,,,,,,,,,,,,,,,,,,,,,,,,,,,,,,,,,,,,,,,,,,,,,,,,,,,,,,,,,,,,,,,,,,,,,,,,,,,,,,,,,,,,,,,,,,,,,,,,,,,,,,,,,,,,,,,,,,,,,,,,,,,,,,,,,,,,,,,,,,,,,,,,,,,,,,,,,,,,,,,,,,,,,,,,,,,,,,,,,,,,,,,,,,,,,,,,,,,,,,,,,,,,,,,,,,,,,,,,,,,,,,,,,,,,,,,,,,,,,,,,,,,,,,,,,,,,,,,,,,,,,,,,,,,,,,,,,,,,,,,,,,,,,,,,,,,,,,,,,,,,,,,,,,,,,,,,,,,,,,,,,,,,,,,,,,,,,,,,,,,,,,,,,,,,,,,,,,,,,,,,,,,,,,,,,,,,,,,,,,,,,,,,,,,,,,,,,,,,,,,,,,,,,,,,,,,,,,,,,,,,,,,,,,,,,,,,,,,,,,,,,,,,,,,,,,,,,,,,,,,,,,,,,,,,,,,,,,,,,,,,,,,,,,,,,,,,,,,,,,,,,,,,,,,,,,,,,,,,,,,,,,,,,,,,,,,,,,,,,,,,,,,,,,,,,,,,,,,,,,,,,,,,,,,,,,,,,,,,,,,,,,,,,,,,,,,,,,,,,,,,,,,,,,,,,,,,,,,,,,,,,,,,,,,,,,,,,,,,,,,,,,,,,,,,,,,,,,,,,,,,,,,,,,,,,,,,,,,,,,,,,,,,,,,,,,,,,,,,,,,,,,,,,,,,,,,,,,,,,,,,,,,,,,,,,,,,,,,,,,,,,,,,,,,,,,,,,,,,,,,,,,,,,,,,,,,,,,,,,,,,,,,,,,,,,,,,,,,,,,,,,,,,,,,,,,,,,,,,,,,,,,,,,,,,,,,,,,,,,,,,,,,,,,,,,,,,,,,,,,,,,,,,,,,,,,,,,,,,,,,,,,,,,,,,,,,,,,,,,,,,,,,,,,,,,,,,,,,,,,,,,,,,,,,,,,,,,,,,,,,,,,,,,
,,,,,,,,,,,,,,,,,,,,,,,,,,,,,,,,,,,,,,,,,,,,,,,,,,,,,,,,,,,,,,,,,,,,,,,,,,,,,,,,,,,,,,,,,,,,,,,,,,,,,,,,,,,,,,,,,,,,,,,,,,,,,,,,,,,,,,,,,,,,,,,,,,,,,,,,,,,,,,,,,,,,,,,,,,,,,,,,,,,,,,,,,,,,,,,,,,,,,,,,,,,,,,,,,,,,,,,,,,,,,,,,,,,,,,,,,,,,,,,,,,,,,,,,,,,,,,,,,,,,,,,,,,,,,,,,,,,,,,,,,,,,,,,,,,,,,,,,,,,,,,,,,,,,,,,,,,,,,,,,,,,,,,,,,,,,,,,,,,,,,,,,,,,,,,,,,,,,,,,,,,,,,,,,,,,,,,,,,,,,,,,,,,,,,,,,,,,,,,,,,,,,,,,,,,,,,,,,,,,,,,,,,,,,,,,,,,,,,,,,,,,,,,,,,,,,,,,,,,,,,,,,,,,,,,,,,,,,,,,,,,,,,,,,,,,,,,,,,,,,,,,,,,,,,,,,,,,,,,,,,,,,,,,,,,,,,,,,,,,,,,,,,,,,,,,,,,,,,,,,,,,,,,,,,,,,,,,,,,,,,,,,,,,,,,,,,,,,,,,,,,,,,,,,,,,,,,,,,,,,,,,,,,,,,,,,,,,,,,,,,,,,,,,,,,,,,,,,,,,,,,,,,,,,,,,,,,,,,,,,,,,,,,,,,,,,,,,,,,,,,,,,,,,,,,,,,,,,,,,,,,,,,,,,,,,,,,,,,,,,,,,,,,,,,,,,,,,,,,,,,,,,,,,,,,,,,,,,,,,,,,,,,,,,,,,,,,,,,,,,,,,,,,,,,,,,,,,,,,,,,,,,,,,,,,,,,,,,,,,,,,,,,,,,,,,,,,,,,,,,,,,,,,,,,,,,,,,,,,,,,,,,,,,,,,,,,,,,,,,,,,,,,,,,,,,,,,,,,,,,,,,,,,,,,,,,,,,,,,,,,,,,,,,,,,,,,,,,,,,,,,,,,,,,,,,,,,,,,,,,,,,,,,,,,,,,,,,,,,,,,,,,,,,,,,,,,,,,,,,,,,,,,,,,,,,,,,,,,,,,,,,,,,,,,,,,,,,,,,,,,,,,,,,,,,,,,,,,,,,,,,,,,,,,,,,,,,,,,,,,,,,,,,,,,,,,,,,,,,,,,,,,,,,,,,,,,,,,,,,,,,,,,,,,,,,,,,,,,,,,,,,,,,,,,,,,,,,,,,,,,,,,,,,,,,,,,,,,,,,,,,,,,,,,,,,,,,,,,,,,,,,,,,,,,,,,,,,,,,,,,,,,,,,,,,,,,,,,,,,,,,,,,,,,,,,,,,,,,,,,,,,,,,,,,,,,,,,,,,,,,,,,,,,,,,,,,,,,,,,,,,,,,,,,,,,,,,,,,,,,,,,,,,,,,,,,,,,,,,,,,,,,,,,,,,,,,,,,,,,,,,,,,,,,,,,,,,,,,,,,,,,,,,,,,,,,,,,,,,,,,,,,,,,,,,,,,,,,,,,,,,,,,,,,,,,,,,,,,,,,,,,,,,,,,,,,,,,,,,,,,,,,,,,,,,,,,,,,,,,,,,,,,,,,,,,,,,,,,,,,,,,,,,,,,,,,,,,,,,,,,,,,,,,,,,,,,,,,,,,,,,,,,,,,,,,,,,,,,,,,,,,,,,,,,,,,,,,,,,,,,,,,,,,,,,,,,,,,,,,,,,,,,,,,,,,,,,,,,,,,,,,,,,,,,,,,,,,,,,,,,,,,,,,,,,,,,,,,,,,,,,,,,,,,,,,,,,,,,,,,,,,,,,,,,,,,,,,,,,,,,,,,,,,,,,,,,,,,,,,,,,,,,,,,,,,,,,,,,,,,,,,,,,,,,,,,,,,,,,,,,,,,,,,,,,,,,,,,,,,,,,,,,,,,,,,,,,,,,,,,,,,,,,,,,,,,,,,,,,,,,,,,,,,,,,,,,,,,,,,,,,,,,,,,,,,,,,,,,,,,,,,,,,,,,,,,,,,,,,,,,,,,,,,,,,,,,,,,,,,,,,,,,,,,,,,,,,,,,,,,,,,,,,,,,,,,,,,,,,,,,,,,,,,,,,,,,,,,,,,,,,,,,,,,,,,,,,,,,,,,,,,,,,,,,,,,,,,,,,,,,,,,,,,,,,,,,,,,,,,,,,,,,,,
,,,,,,,,,,,,,,,,,,,,,,,,,,,,,,,,,,,,,,,,,,,,,,,,,,,,,,,,,,,,,,,,,,,,,,,,,,,,,,,,,,,,,,,,,,,,,,,,,,,,,,,,,,,,,,,,,,,,,,,,,,,,,,,,,,,,,,,,,,,,,,,,,,,,,,,,,,,,,,,,,,,,,,,,,,,,,,,,,,,,,,,,,,,,,,,,,,,,,,,,,,,,,,,,,,,,,,,,,,,,,,,,,,,,,,,,,,,,,,,,,,,,,,,,,,,,,,,,,,,,,,,,,,,,,,,,,,,,,,,,,,,,,,,,,,,,,,,,,,,,,,,,,,,,,,,,,,,,,,,,,,,,,,,,,,,,,,,,,,,,,,,,,,,,,,,,,,,,,,,,,,,,,,,,,,,,,,,,,,,,,,,,,,,,,,,,,,,,,,,,,,,,,,,,,,,,,,,,,,,,,,,,,,,,,,,,,,,,,,,,,,,,,,,,,,,,,,,,,,,,,,,,,,,,,,,,,,,,,,,,,,,,,,,,,,,,,,,,,,,,,,,,,,,,,,,,,,,,,,,,,,,,,,,,,,,,,,,,,,,,,,,,,,,,,,,,,,,,,,,,,,,,,,,,,,,,,,,,,,,,,,,,,,,,,,,,,,,,,,,,,,,,,,,,,,,,,,,,,,,,,,,,,,,,,,,,,,,,,,,,,,,,,,,,,,,,,,,,,,,,,,,,,,,,,,,,,,,,,,,,,,,,,,,,,,,,,,,,,,,,,,,,,,,,,,,,,,,,,,,,,,,,,,,,,,,,,,,,,,,,,,,,,,,,,,,,,,,,,,,,,,,,,,,,,,,,,,,,,,,,,,,,,,,,,,,,,,,,,,,,,,,,,,,,,,,,,,,,,,,,,,,,,,,,,,,,,,,,,,,,,,,,,,,,,,,,,,,,,,,,,,,,,,,,,,,,,,,,,,,,,,,,,,,,,,,,,,,,,,,,,,,,,,,,,,,,,,,,,,,,,,,,,,,,,,,,,,,,,,,,,,,,,,,,,,,,,,,,,,,,,,,,,,,,,,,,,,,,,,,,,,,,,,,,,,,,,,,,,,,,,,,,,,,,,,,,,,,,,,,,,,,,,,,,,,,,,,,,,,,,,,,,,,,,,,,,,,,,,,,,,,,,,,,,,,,,,,,,,,,,,,,,,,,,,,,,,,,,,,,,,,,,,,,,,,,,,,,,,,,,,,,,,,,,,,,,,,,,,,,,,,,,,,,,,,,,,,,,,,,,,,,,,,,,,,,,,,,,,,,,,,,,,,,,,,,,,,,,,,,,,,,,,,,,,,,,,,,,,,,,,,,,,,,,,,,,,,,,,,,,,,,,,,,,,,,,,,,,,,,,,,,,,,,,,,,,,,,,,,,,,,,,,,,,,,,,,,,,,,,,,,,,,,,,,,,,,,,,,,,,,,,,,,,,,,,,,,,,,,,,,,,,,,,,,,,,,,,,,,,,,,,,,,,,,,,,,,,,,,,,,,,,,,,,,,,,,,,,,,,,,,,,,,,,,,,,,,,,,,,,,,,,,,,,,,,,,,,,,,,,,,,,,,,,,,,,,,,,,,,,,,,,,,,,,,,,,,,,,,,,,,,,,,,,,,,,,,,,,,,,,,,,,,,,,,,,,,,,,,,,,,,,,,,,,,,,,,,,,,,,,,,,,,,,,,,,,,,,,,,,,,,,,,,,,,,,,,,,,,,,,,,,,,,,,,,,,,,,,,,,,,,,,,,,,,,,,,,,,,,,,,,,,,,,,,,,,,,,,,,,,,,,,,,,,,,,,,,,,,,,,,,,,,,,,,,,,,,,,,,,,,,,,,,,,,,,,,,,,,,,,,,,,,,,,,,,,,,,,,,,,,,,,,,,,,,,,,,,,,,,,,,,,,,,,,,,,,,,,,,,,,,,,,,,,,,,,,,,,,,,,,,,,,,,,,,,,,,,,,,,,,,,,,,,,,,,,,,,,,,,,,,,,,,,,,,,,,,,,,,,,,,,,,,,,,,,,,,,,,,,,,,,,,,,,,,,,,,,,,,,,,,,,,,,,,,,,,,,,,,,,,,,,,,,,,,,,,,,,,,,,,,,,,,,,,,,,,,,,,,,,,,,,,,,,,,,,,,,,,,,,,,,,,,,,,,,,,,,,,,,,,,,,,,,,,,,,,,,,,,,,,,,,,,,,,,,,,,,,,,,,,,,,,,,,,,,,,,,,,,,,,,,,,,
,,,,,,,,,,,,,,,,,,,,,,,,,,,,,,,,,,,,,,,,,,,,,,,,,,,,,,,,,,,,,,,,,,,,,,,,,,,,,,,,,,,,,,,,,,,,,,,,,,,,,,,,,,,,,,,,,,,,,,,,,,,,,,,,,,,,,,,,,,,,,,,,,,,,,,,,,,,,,,,,,,,,,,,,,,,,,,,,,,,,,,,,,,,,,,,,,,,,,,,,,,,,,,,,,,,,,,,,,,,,,,,,,,,,,,,,,,,,,,,,,,,,,,,,,,,,,,,,,,,,,,,,,,,,,,,,,,,,,,,,,,,,,,,,,,,,,,,,,,,,,,,,,,,,,,,,,,,,,,,,,,,,,,,,,,,,,,,,,,,,,,,,,,,,,,,,,,,,,,,,,,,,,,,,,,,,,,,,,,,,,,,,,,,,,,,,,,,,,,,,,,,,,,,,,,,,,,,,,,,,,,,,,,,,,,,,,,,,,,,,,,,,,,,,,,,,,,,,,,,,,,,,,,,,,,,,,,,,,,,,,,,,,,,,,,,,,,,,,,,,,,,,,,,,,,,,,,,,,,,,,,,,,,,,,,,,,,,,,,,,,,,,,,,,,,,,,,,,,,,,,,,,,,,,,,,,,,,,,,,,,,,,,,,,,,,,,,,,,,,,,,,,,,,,,,,,,,,,,,,,,,,,,,,,,,,,,,,,,,,,,,,,,,,,,,,,,,,,,,,,,,,,,,,,,,,,,,,,,,,,,,,,,,,,,,,,,,,,,,,,,,,,,,,,,,,,,,,,,,,,,,,,,,,,,,,,,,,,,,,,,,,,,,,,,,,,,,,,,,,,,,,,,,,,,,,,,,,,,,,,,,,,,,,,,,,,,,,,,,,,,,,,,,,,,,,,,,,,,,,,,,,,,,,,,,,,,,,,,,,,,,,,,,,,,,,,,,,,,,,,,,,,,,,,,,,,,,,,,,,,,,,,,,,,,,,,,,,,,,,,,,,,,,,,,,,,,,,,,,,,,,,,,,,,,,,,,,,,,,,,,,,,,,,,,,,,,,,,,,,,,,,,,,,,,,,,,,,,,,,,,,,,,,,,,,,,,,,,,,,,,,,,,,,,,,,,,,,,,,,,,,,,,,,,,,,,,,,,,,,,,,,,,,,,,,,,,,,,,,,,,,,,,,,,,,,,,,,,,,,,,,,,,,,,,,,,,,,,,,,,,,,,,,,,,,,,,,,,,,,,,,,,,,,,,,,,,,,,,,,,,,,,,,,,,,,,,,,,,,,,,,,,,,,,,,,,,,,,,,,,,,,,,,,,,,,,,,,,,,,,,,,,,,,,,,,,,,,,,,,,,,,,,,,,,,,,,,,,,,,,,,,,,,,,,,,,,,,,,,,,,,,,,,,,,,,,,,,,,,,,,,,,,,,,,,,,,,,,,,,,,,,,,,,,,,,,,,,,,,,,,,,,,,,,,,,,,,,,,,,,,,,,,,,,,,,,,,,,,,,,,,,,,,,,,,,,,,,,,,,,,,,,,,,,,,,,,,,,,,,,,,,,,,,,,,,,,,,,,,,,,,,,,,,,,,,,,,,,,,,,,,,,,,,,,,,,,,,,,,,,,,,,,,,,,,,,,,,,,,,,,,,,,,,,,,,,,,,,,,,,,,,,,,,,,,,,,,,,,,,,,,,,,,,,,,,,,,,,,,,,,,,,,,,,,,,,,,,,,,,,,,,,,,,,,,,,,,,,,,,,,,,,,,,,,,,,,,,,,,,,,,,,,,,,,,,,,,,,,,,,,,,,,,,,,,,,,,,,,,,,,,,,,,,,,,,,,,,,,,,,,,,,,,,,,,,,,,,,,,,,,,,,,,,,,,,,,,,,,,,,,,,,,,,,,,,,,,,,,,,,,,,,,,,,,,,,,,,,,,,,,,,,,,,,,,,,,,,,,,,,,,,,,,,,,,,,,,,,,,,,,,,,,,,,,,,,,,,,,,,,,,,,,,,,,,,,,,,,,,,,,,,,,,,,,,,,,,,,,,,,,,,,,,,,,,,,,,,,,,,,,,,,,,,,,,,,,,,,,,,,,,,,,,,,,,,,,,,,,,,,,,,,,,,,,,,,,,,,,,,,,,,,,,,,,,,,,,,,,,,,,,,,,,,,,,,,,,,,,,,,,,,,,,,,,,,,,,,,,,,,,,,,,,,,,,,,,,,,,,,,,,,,,,,,,,,,,,,,,,,,,,,,,,,,,,,,,,,,,,,,,,,,,,,
,,,,,,,,,,,,,,,,,,,,,,,,,,,,,,,,,,,,,,,,,,,,,,,,,,,,,,,,,,,,,,,,,,,,,,,,,,,,,,,,,,,,,,,,,,,,,,,,,,,,,,,,,,,,,,,,,,,,,,,,,,,,,,,,,,,,,,,,,,,,,,,,,,,,,,,,,,,,,,,,,,,,,,,,,,,,,,,,,,,,,,,,,,,,,,,,,,,,,,,,,,,,,,,,,,,,,,,,,,,,,,,,,,,,,,,,,,,,,,,,,,,,,,,,,,,,,,,,,,,,,,,,,,,,,,,,,,,,,,,,,,,,,,,,,,,,,,,,,,,,,,,,,,,,,,,,,,,,,,,,,,,,,,,,,,,,,,,,,,,,,,,,,,,,,,,,,,,,,,,,,,,,,,,,,,,,,,,,,,,,,,,,,,,,,,,,,,,,,,,,,,,,,,,,,,,,,,,,,,,,,,,,,,,,,,,,,,,,,,,,,,,,,,,,,,,,,,,,,,,,,,,,,,,,,,,,,,,,,,,,,,,,,,,,,,,,,,,,,,,,,,,,,,,,,,,,,,,,,,,,,,,,,,,,,,,,,,,,,,,,,,,,,,,,,,,,,,,,,,,,,,,,,,,,,,,,,,,,,,,,,,,,,,,,,,,,,,,,,,,,,,,,,,,,,,,,,,,,,,,,,,,,,,,,,,,,,,,,,,,,,,,,,,,,,,,,,,,,,,,,,,,,,,,,,,,,,,,,,,,,,,,,,,,,,,,,,,,,,,,,,,,,,,,,,,,,,,,,,,,,,,,,,,,,,,,,,,,,,,,,,,,,,,,,,,,,,,,,,,,,,,,,,,,,,,,,,,,,,,,,,,,,,,,,,,,,,,,,,,,,,,,,,,,,,,,,,,,,,,,,,,,,,,,,,,,,,,,,,,,,,,,,,,,,,,,,,,,,,,,,,,,,,,,,,,,,,,,,,,,,,,,,,,,,,,,,,,,,,,,,,,,,,,,,,,,,,,,,,,,,,,,,,,,,,,,,,,,,,,,,,,,,,,,,,,,,,,,,,,,,,,,,,,,,,,,,,,,,,,,,,,,,,,,,,,,,,,,,,,,,,,,,,,,,,,,,,,,,,,,,,,,,,,,,,,,,,,,,,,,,,,,,,,,,,,,,,,,,,,,,,,,,,,,,,,,,,,,,,,,,,,,,,,,,,,,,,,,,,,,,,,,,,,,,,,,,,,,,,,,,,,,,,,,,,,,,,,,,,,,,,,,,,,,,,,,,,,,,,,,,,,,,,,,,,,,,,,,,,,,,,,,,,,,,,,,,,,,,,,,,,,,,,,,,,,,,,,,,,,,,,,,,,,,,,,,,,,,,,,,,,,,,,,,,,,,,,,,,,,,,,,,,,,,,,,,,,,,,,,,,,,,,,,,,,,,,,,,,,,,,,,,,,,,,,,,,,,,,,,,,,,,,,,,,,,,,,,,,,,,,,,,,,,,,,,,,,,,,,,,,,,,,,,,,,,,,,,,,,,,,,,,,,,,,,,,,,,,,,,,,,,,,,,,,,,,,,,,,,,,,,,,,,,,,,,,,,,,,,,,,,,,,,,,,,,,,,,,,,,,,,,,,,,,,,,,,,,,,,,,,,,,,,,,,,,,,,,,,,,,,,,,,,,,,,,,,,,,,,,,,,,,,,,,,,,,,,,,,,,,,,,,,,,,,,,,,,,,,,,,,,,,,,,,,,,,,,,,,,,,,,,,,,,,,,,,,,,,,,,,,,,,,,,,,,,,,,,,,,,,,,,,,,,,,,,,,,,,,,,,,,,,,,,,,,,,,,,,,,,,,,,,,,,,,,,,,,,,,,,,,,,,,,,,,,,,,,,,,,,,,,,,,,,,,,,,,,,,,,,,,,,,,,,,,,,,,,,,,,,,,,,,,,,,,,,,,,,,,,,,,,,,,,,,,,,,,,,,,,,,,,,,,,,,,,,,,,,,,,,,,,,,,,,,,,,,,,,,,,,,,,,,,,,,,,,,,,,,,,,,,,,,,,,,,,,,,,,,,,,,,,,,,,,,,,,,,,,,,,,,,,,,,,,,,,,,,,,,,,,,,,,,,,,,,,,,,,,,,,,,,,,,,,,,,,,,,,,,,,,,,,,,,,,,,,,,,,,,,,,,,,,,,,,,,,,,,,,,,,,,,,,,,,,,,,,,,,,,,,,,,,,,,,,,,,,,,,,,,,,,,,,,,,,,,,,,,,,,,,,,,,,,,,,,
3545,3326,2402,2295,2430,2522,2423,2371,2223,2371,2423,2522,2430,2295,2402,3326,3845,3622,2541,2242,2335,2356,2350,2307,2257,2301,2339,2431,2438,2430,2529,3620,4052,3823,2699,2462,2281,2183,2089,2253,2258,2298,2291,2285,2438,2448,2709,3831,4240,4016,2869,2572,2338,2254,2153,2205,2212,2316,2290,2273,2429,2531,2893,4018,4070,3847,2722,2329,2365,2354,2295,2282,2265,2259,2288,2292,2331,2436,2732,3849,3743,3519,2486,2399,2298,2294,2289,2323,2254,2276,2248,2204,2306,2355,2484,3514,3428,3207,2364,2329,2258,2254,2242,2363,2358,2330,2326,2220,2301,2385,2383,3213,3061,2829,2344,2204,2258,2326,2350,2329,2293,2309,2359,2339,2290,2360,2277,2841,2820,2672,2378,2229,2110,2193,2297,2284,2384,2249,2341,2412,2374,2318,2274,2572,2953,2775,2499,2297,2345,2291,2562,2549,2486,2542,2566,2411,2320,2393,2313,2660,3785,3655,3262,3166,3052,3002,3437,3541,3406,3396,3302,3170,3328,3237,3223,3592,4309,4189,3805,3809,3764,3623,4018,4139,4017,3976,3991,3766,3921,3794,3816,4022,4336,4252,4020,3983,3979,3850,4198,4312,4138,4142,4221,3933,4052,3914,4006,4016,4388,4244,3987,3831,3941,3894,4023,4143,4014,4154,4128,3757,3782,3783,3871,4177,4746,4503,3742,3525,3516,3568,3489,3601,3880,3942,3775,3356,3427,3431,3716,4541,4701,4464,3376,3206,3236,3151,3317,3351,3430,3535,3279,3092,3019,3143,3542,4497,4358,4114,3071,3035,3129,2955,2999,3214,3284,3254,3000,2859,2656,2828,3221,4155,4429,4224,3336,3354,3324,3161,3138,3490,3531,3473,3302,3192,2999,3269,3430,4199,4414,4205,3316,3342,3297,3128,3224,3476,3524,3402,3320,3268,3083,3316,3461,4183,4227,3996,3147,3142,3108,3022,3203,3789,3888,3558,3076,3009,2928,3067,3158,4005,4607,4385,3396,2985,2960,2979,3410,4069,4196,3907,3029,3029,2819,3226,3194,4390,4682,4461,3471,2974,3022,3089,3306,3993,4135,3875,3109,3014,2972,3281,3319,4461,4462,4243,3278,2940,2964,3023,3118,3634,3776,3558,2970,2831,2972,3112,3167,4236,3993,3774,2944,2851,2914,2843,3038,3279,3392,3178,2747,2808,2914,2907,3014,3743,3695,3442,2725,2718,2858,2679,2962,3166,3329,3172,2874,2784,2821,2850,2998,3486,3797,3587,2731,2697,2782,2644,2944,3110,3217,3174,2868,2805,2715,2903,2940,3606,3801,3584,2722,2621,2581,2524,2697,2952,3205,3050,2770,2639,2639,2732,2867,3586,3506,3272,2739,2563,2508,2455,2636,2918,3073,2912,2653,2604,2563,2555,2730,3281,3339,3124,2759,2582,2471,2617,2718,2881,2919,2918,2715,2587,2567,2618,2886,3090,3489,3294,2672,2472,2502,2594,2717,2837,2838,2824,2624,2538,2478,2610,2842,3204,3410,3202,2440,2351,2493,2557,2576,2665,2625,2670,2471,2475,2391,2445,2530,3156,3307,3100,2424,2444,2451,2505,2504,2606,2487,2483,2404,2457,2367,2345,2449,3094,3135,2908,2514,2426,2375,2443,2516,2654,2756,2608,2418,2396,2327,2455,2632,2968,3052,2808,2506,2409,2321,2366,2472,2696,2789,2590,2435,2373,2173,2526,2591,2941,2903,2717,2346,2336,2384,2374,2434,2563,2552,2433,2472,2371,2261,2372,2424,2701,2903,2596,2406,2429,2331,2287,2332,2504,2531,2418,2345,2275,2299,2341,2322,2668,2899,2630,2459,2388,2360,2370,2337,2495,2612,2522,2425,2340,2291,2341,2390,2696,2927,2723,2399,2349,2285,2382,2417,2472,2558,2473,2370,2331,2303,2348,2336,2726,2859,2641,2373,2386,2363,2448,2372,2474,2550,2309,2319,2360,2333,2337,2321,2674,2822,2637,2350,2387,2353,2401,2384,2495,2503,2264,2329,2411,2296,2225,2244,2693,2795,2578,2305,2248,2344,2331,2318,2374,2442,2450,2250,2336,2347,2398,2292,2625,2670,2658,2354,2376,2428,2357,2463,2536,2651,2626,2449,2414,2512,2503,2470,2512,3014,2883,2430,2434,2478,2337,2472,2558,2693,2630,2387,2419,2512,2428,2386,2833,3041,2841,2381,2368,2401,2316,2337,2466,2532,2516,2357,2319,2327,2324,2343,2874,2820,2682,2356,2357,2419,2374,2348,2518,2543,2515,2377,2376,2317,2356,2317,2634,2791,2559,2483,2279,2388,2363,2380,2519,2588,2601,2373,2349,2267,2259,2325,2614,2839,2558,2451,2310,2299,2297,2413,2405,2442,2487,2357,2286,2281,2300,2265,2670,2833,2570,2372,2302,2309,2352,2352,2440,2486,2298,2267,2303,2293,2244,2335,2646,2812,2609,2374,2397,2331,2382,2430,2534,2584,2444,2319,2303,2292,2316,2341,2626,3027,2825,2435,2248,2314,2377,2406,2445,2546,2353,2324,2299,2231,2403,2469,2805,3556,3323,2481,2377,2354,2398,2327,2376,2623,2466,2402,2399,2360,2359,2557,3344,4195,3969,2791,2574,2209,2335,2319,2423,2622,2562,2491,2409,2405,2493,2864,3971,4351,4127,2990,2671,2326,2358,2368,2547,2710,2657,2481,2338,2420,2649,3002,4128,4141,3919,2801,2451,2360,2353,2352,2539,2680,2586,2405,2331,2220,2453,2793,3919,3463,3248,2375,2350,2371,2293,2321,2368,2465,2365,2311,2361,2294,2286,2332,3238,3053,2838,2330,2304,2426,2295,2254,2385,2402,2287,2319,2242,2246,2276,2200,2826,2773,2621,2318,2296,2267,2303,2249,2229,2388,2356,2359,2239,2298,2373,2308,2572,2735,2514,2386,2256,2156,2291,2255,2362,2420,2393,2351,2277,2417,2371,2265,2541,2716,2516,2407,2297,2288,2276,2179,2247,2471,2395,2409,2427,2395,2417,2442,2587,3040,2828,2583,2554,2339,2253,2305,2346,2761,2771,2480,2471,2377,2498,2527,2790,3338,3132,2627,2505,2293,2454,2388,2409,2754,2777,2498,2322,2395,2429,2498,3094,4054,3833,2714,2429,2354,2384,2479,2521,2625,2630,2449,2307,2410,2378,2762,3833,4551,4331,3210,2753,2550,2551,2679,2876,2932,2811,2664,2519,2638,2794,3256,4330,4675,4455,3312,3055,2708,2724,2829,3274,3376,3140,2984,2892,2781,2973,3341,4449,4501,4280,3128,2975,2697,2679,2884,3438,3521,3172,3087,2970,2757,2917,3055,4272,4058,3840,2933,2713,2419,2574,2704,3281,3344,3006,2882,2802,2539,2664,2725,3835,3739,3512,2512,2511,2368,2485,2398,2833,2856,2637,2472,2530,2443,2386,2547,3536,3552,3313,2331,2340,2568,2556,2388,2685,2755,2593,2384,2381,2429,2355,2463,3346,3498,3261,2493,2356,2502,2571,2369,2577,2706,2578,2392,2482,2588,2459,2468,3294,3363,3146,2515,2426,2485,2470,2351,2549,2674,2522,2265,2458,2532,2418,2275,3146,3160,2946,2444,2399,2431,2413,2299,2500,2470,2389,2304,2337,2407,2392,2405,2922,3087,2852,2377,2304,2318,2245,2251,2418,2491,2422,2326,2253,2271,2387,2413,2865,2913,2696,2456,2316,2286,2350,2442,2561,2507,2341,2254,2283,2340,2366,2408,2759,3107,2848,2517,2405,2423,2434,2486,2654,2515,2342,2265,2361,2464,2439,2487,2962,3217,2963,2466,2397,2517,2530,2532,2580,2493,2433,2436,2452,2524,2395,2599,3026,3322,3112,2397,2475,2513,2502,2497,2578,2540,2544,2513,2337,2412,2539,2594,3111,3461,3239,2505,2538,2534,2454,2458,2605,2571,2608,2511,2324,2442,2551,2599,3247,3591,3362,2464,2478,2470,2385,2369,2484,2638,2592,2500,2363,2358,2427,2450,3366,3547,3323,2388,2294,2346,2282,2282,2303,2436,2488,2389,2272,2310,2360,2386,3317,3355,3115,2525,2380,2359,2392,2329,2413,2476,2466,2463,2370,2366,2356,2420,3134,3516,3320,2891,2725,2672,2659,2529,2681,2857,2981,2862,2712,2603,2547,2709,3261,3603,3408,3014,2797,2701,2748,2558,2805,2947,3115,3021,2765,2756,2659,2861,3395,3390,3192,2911,2699,2597,2707,2619,2733,2818,2941,2916,2628,2610,2619,2841,3237,3277,3053,2667,2561,2446,2469,2662,2638,2699,2732,2654,2401,2466,2524,2641,3048,3280,3076,2489,2380,2351,2403,2482,2563,2601,2545,2491,2477,2509,2529,2468,3075,3317,3141,2647,2485,2461,2422,2608,2702,2700,2658,2649,2540,2519,2544,2548,3118,3281,3099,2614,2507,2466,2376,2628,2774,2652,2585,2529,2580,2531,2392,2586,3062,3052,2828,2432,2474,2393,2351,2467,2697,2689,2488,2316,2349,2384,2371,2481,2792,3280,3055,2362,2329,2283,2282,2325,2528,2663,2483,2380,2309,2323,2454,2394,3067,3542,3317,2301,2305,2301,2337,2409,2875,2977,2635,2389,2292,2357,2388,2369,3326,3601,3363,2366,2364,2356,2358,2453,2988,3085,2727,2338,2276,2331,2411,2407,3385,3320,3105,2395,2366,2333,2347,2397,2820,2904,2612,2361,2286,2314,2423,2352,3104,3121,2918,2440,2305,2360,2435,2335,2718,2818,2614,2299,2309,2266,2362,2233,2921,3288,3049,2410,2332,2279,2434,2377,2829,3160,3034,2237,2354,2272,2220,2175,3076,3243,2995,2346,2379,2326,2370,2392,2872,3176,3052,2262,2324,2265,2266,2361,3029,2960,2777,2451,2464,2402,2422,2353,2619,2849,2772,2252,2343,2314,2258,2428,2759,3108,2881,2514,2473,2449,2416,2378,2546,2659,2489,2358,2351,2298,2155,2348,2914,3324,3098,2322,2343,2381,2424,2457,2677,2768,2636,2330,2315,2254,2251,2257,3107,3291,3075,2258,2392,2375,2410,2386,2664,2769,2632,2331,2320,2309,2257,2311,3053,3095,2862,2313,2387,2276,2369,2427,2559,2641,2512,2281,2335,2371,2311,2322,2871,2907,2697,2348,2316,2176,2252,2375,2458,2431,2364,2311,2385,2364,2292,2307,2709,2885,2607,2316,2314,2310,2296,2344,2314,2343,2338,2239,2299,2145,2176,2281,2711,3209,2994,2289,2380,2268,2250,2237,2266,2352,2277,2164,2262,2249,2248,2299,2962,3273,3052,2266,2375,2264,2215,2207,2337,2360,2216,2264,2328,2277,2300,2258,3043,2887,2692,2252,2275,2326,2328,2211,2293,2314,2275,2291,2339,2207,2307,2274,2709,3698,3474,2331,2326,2381,2345,2244,2335,2329,2321,2294,2275,2222,2283,2345,3470,4108,3883,2733,2537,2409,2318,2387,2451,2472,2418,2360,2309,2397,2370,2805,3885,4098,3872,2798,2489,2397,2419,2466,2632,2652,2543,2413,2392,2424,2372,2835,3878,3654,3442,2638,2273,2373,2398,2395,2590,2673,2495,2441,2400,2381,2391,2455,3422,3830,3609,2552,2377,2300,2269,2315,2324,2420,2397,2440,2385,2335,2424,2445,3605,3874,3655,2702,2411,2422,2227,2292,2516,2584,2514,2488,2352,2251,2317,2526,3652,3720,3501,2546,2328,2406,2395,2361,2534,2579,2505,2399,2323,2344,2375,2553,3502,3557,3339,2460,2356,2367,2361,2372,2540,2619,2510,2324,2293,2326,2402,2520,3331,3315,3103,2361,2316,2363,2305,2281,2461,2504,2318,2296,2314,2266,2437,2429,3094,3241,3023,2372,2239,2305,2355,2244,2363,2396,2383,2303,2215,2228,2320,2375,3014,3007,2806,2254,2283,2297,2225,2255,2197,2229,2283,2176,2076,2153,2194,2262,2758,2769,2589,2171,2275,2307,2194,2202,2237,2193,2203,2210,2292,2290,2242,2234,2578,2816,2587,2338,2353,2306,2292,2191,2303,2260,2255,2280,2315,2299,2298,2217,2565,2818,2565,2303,2368,2238,2240,2132,2268,2334,2297,2259,2300,2201,2177,2171,2629,2952,2737,2268,2263,2198,2250,2244,2246,2300,2274,2169,2258,2251,2259,2243,2744,3034,2825,2195,2122,2075,2282,2237,2295,2165,2108,2152,2222,2232,2304,2269,2791,3307,3078,2118,2148,2219,2228,2100,2202,2216,2250,2116,2178,2225,2253,2264,3089,3322,3095,2191,2170,2278,2258,2119,2145,2251,2226,2129,2153,2167,2187,2266,3104,3282,3054,2204,2174,2159,2161,2068,2093,2132,2097,2179,2136,2052,2087,2129,3054,3413,3190,2080,2163,2106,2111,2174,2066,2087,1969,2078,2082,1983,2046,2130,3189,3299,3076,2099,2090,2015,1994,2086,2085,2076,1936,2106,2090,2078,2018,2168,3085,2948,2728,1956,1944,2015,2012,2131,2004,2111,2111,2042,1956,1975,2060,2082,2722,2797,2512,2024,2016,2043,2045,1978,2168,2331,2235,2089,2082,2084,2116,2237,2608
,,,,,,,,,,,,,,,,,,,,,,,,,,,,,,,,,,,,,,,,,,,,,,,,,,,,,,,,,,,,,,,,,,,,,,,,,,,,,,,,,,,,,,,,,,,,,,,,,,,,,,,,,,,,,,,,,,,,,,,,,,,,,,,,,,,,,,,,,,,,,,,,,,,,,,,,,,,,,,,,,,,,,,,,,,,,,,,,,,,,,,,,,,,,,,,,,,,,,,,,,,,,,,,,,,,,,,,,,,,,,,,,,,,,,,,,,,,,,,,,,,,,,,,,,,,,,,,,,,,,,,,,,,,,,,,,,,,,,,,,,,,,,,,,,,,,,,,,,,,,,,,,,,,,,,,,,,,,,,,,,,,,,,,,,,,,,,,,,,,,,,,,,,,,,,,,,,,,,,,,,,,,,,,,,,,,,,,,,,,,,,,,,,,,,,,,,,,,,,,,,,,,,,,,,,,,,,,,,,,,,,,,,,,,,,,,,,,,,,,,,,,,,,,,,,,,,,,,,,,,,,,,,,,,,,,,,,,,,,,,,,,,,,,,,,,,,,,,,,,,,,,,,,,,,,,,,,,,,,,,,,,,,,,,,,,,,,,,,,,,,,,,,,,,,,,,,,,,,,,,,,,,,,,,,,,,,,,,,,,,,,,,,,,,,,,,,,,,,,,,,,,,,,,,,,,,,,,,,,,,,,,,,,,,,,,,,,,,,,,,,,,,,,,,,,,,,,,,,,,,,,,,,,,,,,,,,,,,,,,,,,,,,,,,,,,,,,,,,,,,,,,,,,,,,,,,,,,,,,,,,,,,,,,,,,,,,,,,,,,,,,,,,,,,,,,,,,,,,,,,,,,,,,,,,,,,,,,,,,,,,,,,,,,,,,,,,,,,,,,,,,,,,,,,,,,,,,,,,,,,,,,,,,,,,,,,,,,,,,,,,,,,,,,,,,,,,,,,,,,,,,,,,,,,,,,,,,,,,,,,,,,,,,,,,,,,,,,,,,,,,,,,,,,,,,,,,,,,,,,,,,,,,,,,,,,,,,,,,,,,,,,,,,,,,,,,,,,,,,,,,,,,,,,,,,,,,,,,,,,,,,,,,,,,,,,,,,,,,,,,,,,,,,,,,,,,,,,,,,,,,,,,,,,,,,,,,,,,,,,,,,,,,,,,,,,,,,,,,,,,,,,,,,,,,,,,,,,,,,,,,,,,,,,,,,,,,,,,,,,,,,,,,,,,,,,,,,,,,,,,,,,,,,,,,,,,,,,,,,,,,,,,,,,,,,,,,,,,,,,,,,,,,,,,,,,,,,,,,,,,,,,,,,,,,,,,,,,,,,,,,,,,,,,,,,,,,,,,,,,,,,,,,,,,,,,,,,,,,,,,,,,,,,,,,,,,,,,,,,,,,,,,,,,,,,,,,,,,,,,,,,,,,,,,,,,,,,,,,,,,,,,,,,,,,,,,,,,,,,,,,,,,,,,,,,,,,,,,,,,,,,,,,,,,,,,,,,,,,,,,,,,,,,,,,,,,,,,,,,,,,,,,,,,,,,,,,,,,,,,,,,,,,,,,,,,,,,,,,,,,,,,,,,,,,,,,,,,,,,,,,,,,,,,,,,,,,,,,,,,,,,,,,,,,,,,,,,,,,,,,,,,,,,,,,,,,,,,,,,,,,,,,,,,,,,,,,,,,,,,,,,,,,,,,,,,,,,,,,,,,,,,,,,,,,,,,,,,,,,,,,,,,,,,,,,,,,,,,,,,,,,,,,,,,,,,,,,,,,,,,,,,,,,,,,,,,,,,,,,,,,,,,,,,,,,,,,,,,,,,,,,,,,,,,,,,,,,,,,,,,,,,,,,,,,,,,,,,,,,,,,,,,,,,,,,,,,,,,,,,,,,,,,,,,,,,,,,,,,,,,,,,,,,,,,,,,,,,,,,,,,,,,,,,,,,,,,,,,,,,,,,,,,,,,,,,,,,,,,,,,,,,,,,,,,,,,,,,,,,,,,,,,,,,,,,,,,,,,,,,,,,,,,,,,,,,,,,,,,,,,,,,,,,,,,,,,,,,,,,,,,,,,,,,,,,,,,,,,,,,,,,,,,,,,,,,,,,,,,,,,,,,,,,,,,,,,,,,,,,,,,,,,,,,,,,,,,,,,,,,,,,,,,,,,,,,,,,,,,,,,,,,,,,,,,,,,,,,,,,,,,,,,,,,,,,,,,,,,,,,,,,,,,,,,,,,,,,,,,,,,,,,,,,,,,,,,,,,,,,,,,,,,,,,
,,,,,,,,,,,,,,,,,,,,,,,,,,,,,,,,,,,,,,,,,,,,,,,,,,,,,,,,,,,,,,,,,,,,,,,,,,,,,,,,,,,,,,,,,,,,,,,,,,,,,,,,,,,,,,,,,,,,,,,,,,,,,,,,,,,,,,,,,,,,,,,,,,,,,,,,,,,,,,,,,,,,,,,,,,,,,,,,,,,,,,,,,,,,,,,,,,,,,,,,,,,,,,,,,,,,,,,,,,,,,,,,,,,,,,,,,,,,,,,,,,,,,,,,,,,,,,,,,,,,,,,,,,,,,,,,,,,,,,,,,,,,,,,,,,,,,,,,,,,,,,,,,,,,,,,,,,,,,,,,,,,,,,,,,,,,,,,,,,,,,,,,,,,,,,,,,,,,,,,,,,,,,,,,,,,,,,,,,,,,,,,,,,,,,,,,,,,,,,,,,,,,,,,,,,,,,,,,,,,,,,,,,,,,,,,,,,,,,,,,,,,,,,,,,,,,,,,,,,,,,,,,,,,,,,,,,,,,,,,,,,,,,,,,,,,,,,,,,,,,,,,,,,,,,,,,,,,,,,,,,,,,,,,,,,,,,,,,,,,,,,,,,,,,,,,,,,,,,,,,,,,,,,,,,,,,,,,,,,,,,,,,,,,,,,,,,,,,,,,,,,,,,,,,,,,,,,,,,,,,,,,,,,,,,,,,,,,,,,,,,,,,,,,,,,,,,,,,,,,,,,,,,,,,,,,,,,,,,,,,,,,,,,,,,,,,,,,,,,,,,,,,,,,,,,,,,,,,,,,,,,,,,,,,,,,,,,,,,,,,,,,,,,,,,,,,,,,,,,,,,,,,,,,,,,,,,,,,,,,,,,,,,,,,,,,,,,,,,,,,,,,,,,,,,,,,,,,,,,,,,,,,,,,,,,,,,,,,,,,,,,,,,,,,,,,,,,,,,,,,,,,,,,,,,,,,,,,,,,,,,,,,,,,,,,,,,,,,,,,,,,,,,,,,,,,,,,,,,,,,,,,,,,,,,,,,,,,,,,,,,,,,,,,,,,,,,,,,,,,,,,,,,,,,,,,,,,,,,,,,,,,,,,,,,,,,,,,,,,,,,,,,,,,,,,,,,,,,,,,,,,,,,,,,,,,,,,,,,,,,,,,,,,,,,,,,,,,,,,,,,,,,,,,,,,,,,,,,,,,,,,,,,,,,,,,,,,,,,,,,,,,,,,,,,,,,,,,,,,,,,,,,,,,,,,,,,,,,,,,,,,,,,,,,,,,,,,,,,,,,,,,,,,,,,,,,,,,,,,,,,,,,,,,,,,,,,,,,,,,,,,,,,,,,,,,,,,,,,,,,,,,,,,,,,,,,,,,,,,,,,,,,,,,,,,,,,,,,,,,,,,,,,,,,,,,,,,,,,,,,,,,,,,,,,,,,,,,,,,,,,,,,,,,,,,,,,,,,,,,,,,,,,,,,,,,,,,,,,,,,,,,,,,,,,,,,,,,,,,,,,,,,,,,,,,,,,,,,,,,,,,,,,,,,,,,,,,,,,,,,,,,,,,,,,,,,,,,,,,,,,,,,,,,,,,,,,,,,,,,,,,,,,,,,,,,,,,,,,,,,,,,,,,,,,,,,,,,,,,,,,,,,,,,,,,,,,,,,,,,,,,,,,,,,,,,,,,,,,,,,,,,,,,,,,,,,,,,,,,,,,,,,,,,,,,,,,,,,,,,,,,,,,,,,,,,,,,,,,,,,,,,,,,,,,,,,,,,,,,,,,,,,,,,,,,,,,,,,,,,,,,,,,,,,,,,,,,,,,,,,,,,,,,,,,,,,,,,,,,,,,,,,,,,,,,,,,,,,,,,,,,,,,,,,,,,,,,,,,,,,,,,,,,,,,,,,,,,,,,,,,,,,,,,,,,,,,,,,,,,,,,,,,,,,,,,,,,,,,,,,,,,,,,,,,,,,,,,,,,,,,,,,,,,,,,,,,,,,,,,,,,,,,,,,,,,,,,,,,,,,,,,,,,,,,,,,,,,,,,,,,,,,,,,,,,,,,,,,,,,,,,,,,,,,,,,,,,,,,,,,,,,,,,,,,,,,,,,,,,,,,,,,,,,,,,,,,,,,,,,,,,,,,,,,,,,,,,,,,,,,,,,,,,,,,,,,,,,,,,,,,,,,,,,,,,,,,,,,,,,,,,,,,,,,,,,,,,,,,,,,,,,,,,,,,,,,,,,,,,,,,,,,,,,,,,,,,,,,,,,,,,,,,,,
,,,,,,,,,,,,,,,,,,,,,,,,,,,,,,,,,,,,,,,,,,,,,,,,,,,,,,,,,,,,,,,,,,,,,,,,,,,,,,,,,,,,,,,,,,,,,,,,,,,,,,,,,,,,,,,,,,,,,,,,,,,,,,,,,,,,,,,,,,,,,,,,,,,,,,,,,,,,,,,,,,,,,,,,,,,,,,,,,,,,,,,,,,,,,,,,,,,,,,,,,,,,,,,,,,,,,,,,,,,,,,,,,,,,,,,,,,,,,,,,,,,,,,,,,,,,,,,,,,,,,,,,,,,,,,,,,,,,,,,,,,,,,,,,,,,,,,,,,,,,,,,,,,,,,,,,,,,,,,,,,,,,,,,,,,,,,,,,,,,,,,,,,,,,,,,,,,,,,,,,,,,,,,,,,,,,,,,,,,,,,,,,,,,,,,,,,,,,,,,,,,,,,,,,,,,,,,,,,,,,,,,,,,,,,,,,,,,,,,,,,,,,,,,,,,,,,,,,,,,,,,,,,,,,,,,,,,,,,,,,,,,,,,,,,,,,,,,,,,,,,,,,,,,,,,,,,,,,,,,,,,,,,,,,,,,,,,,,,,,,,,,,,,,,,,,,,,,,,,,,,,,,,,,,,,,,,,,,,,,,,,,,,,,,,,,,,,,,,,,,,,,,,,,,,,,,,,,,,,,,,,,,,,,,,,,,,,,,,,,,,,,,,,,,,,,,,,,,,,,,,,,,,,,,,,,,,,,,,,,,,,,,,,,,,,,,,,,,,,,,,,,,,,,,,,,,,,,,,,,,,,,,,,,,,,,,,,,,,,,,,,,,,,,,,,,,,,,,,,,,,,,,,,,,,,,,,,,,,,,,,,,,,,,,,,,,,,,,,,,,,,,,,,,,,,,,,,,,,,,,,,,,,,,,,,,,,,,,,,,,,,,,,,,,,,,,,,,,,,,,,,,,,,,,,,,,,,,,,,,,,,,,,,,,,,,,,,,,,,,,,,,,,,,,,,,,,,,,,,,,,,,,,,,,,,,,,,,,,,,,,,,,,,,,,,,,,,,,,,,,,,,,,,,,,,,,,,,,,,,,,,,,,,,,,,,,,,,,,,,,,,,,,,,,,,,,,,,,,,,,,,,,,,,,,,,,,,,,,,,,,,,,,,,,,,,,,,,,,,,,,,,,,,,,,,,,,,,,,,,,,,,,,,,,,,,,,,,,,,,,,,,,,,,,,,,,,,,,,,,,,,,,,,,,,,,,,,,,,,,,,,,,,,,,,,,,,,,,,,,,,,,,,,,,,,,,,,,,,,,,,,,,,,,,,,,,,,,,,,,,,,,,,,,,,,,,,,,,,,,,,,,,,,,,,,,,,,,,,,,,,,,,,,,,,,,,,,,,,,,,,,,,,,,,,,,,,,,,,,,,,,,,,,,,,,,,,,,,,,,,,,,,,,,,,,,,,,,,,,,,,,,,,,,,,,,,,,,,,,,,,,,,,,,,,,,,,,,,,,,,,,,,,,,,,,,,,,,,,,,,,,,,,,,,,,,,,,,,,,,,,,,,,,,,,,,,,,,,,,,,,,,,,,,,,,,,,,,,,,,,,,,,,,,,,,,,,,,,,,,,,,,,,,,,,,,,,,,,,,,,,,,,,,,,,,,,,,,,,,,,,,,,,,,,,,,,,,,,,,,,,,,,,,,,,,,,,,,,,,,,,,,,,,,,,,,,,,,,,,,,,,,,,,,,,,,,,,,,,,,,,,,,,,,,,,,,,,,,,,,,,,,,,,,,,,,,,,,,,,,,,,,,,,,,,,,,,,,,,,,,,,,,,,,,,,,,,,,,,,,,,,,,,,,,,,,,,,,,,,,,,,,,,,,,,,,,,,,,,,,,,,,,,,,,,,,,,,,,,,,,,,,,,,,,,,,,,,,,,,,,,,,,,,,,,,,,,,,,,,,,,,,,,,,,,,,,,,,,,,,,,,,,,,,,,,,,,,,,,,,,,,,,,,,,,,,,,,,,,,,,,,,,,,,,,,,,,,,,,,,,,,,,,,,,,,,,,,,,,,,,,,,,,,,,,,,,,,,,,,,,,,,,,,,,,,,,,,,,,,,,,,,,,,,,,,,,,,,,,,,,,,,,,,,,,,,,,,,,,,,,,,,,,,,,,,,,,,,,,,,,,,,,,,,,,,,,,,,,,,,,,,,,,,,,,,,,,,,,,,,,,,,,,,,,,,,,,,,,,,,,,,,,,,,,,,,,,,,,,,,,,,,,,,,
,,,,,,,,,,,,,,,,,,,,,,,,,,,,,,,,,,,,,,,,,,,,,,,,,,,,,,,,,,,,,,,,,,,,,,,,,,,,,,,,,,,,,,,,,,,,,,,,,,,,,,,,,,,,,,,,,,,,,,,,,,,,,,,,,,,,,,,,,,,,,,,,,,,,,,,,,,,,,,,,,,,,,,,,,,,,,,,,,,,,,,,,,,,,,,,,,,,,,,,,,,,,,,,,,,,,,,,,,,,,,,,,,,,,,,,,,,,,,,,,,,,,,,,,,,,,,,,,,,,,,,,,,,,,,,,,,,,,,,,,,,,,,,,,,,,,,,,,,,,,,,,,,,,,,,,,,,,,,,,,,,,,,,,,,,,,,,,,,,,,,,,,,,,,,,,,,,,,,,,,,,,,,,,,,,,,,,,,,,,,,,,,,,,,,,,,,,,,,,,,,,,,,,,,,,,,,,,,,,,,,,,,,,,,,,,,,,,,,,,,,,,,,,,,,,,,,,,,,,,,,,,,,,,,,,,,,,,,,,,,,,,,,,,,,,,,,,,,,,,,,,,,,,,,,,,,,,,,,,,,,,,,,,,,,,,,,,,,,,,,,,,,,,,,,,,,,,,,,,,,,,,,,,,,,,,,,,,,,,,,,,,,,,,,,,,,,,,,,,,,,,,,,,,,,,,,,,,,,,,,,,,,,,,,,,,,,,,,,,,,,,,,,,,,,,,,,,,,,,,,,,,,,,,,,,,,,,,,,,,,,,,,,,,,,,,,,,,,,,,,,,,,,,,,,,,,,,,,,,,,,,,,,,,,,,,,,,,,,,,,,,,,,,,,,,,,,,,,,,,,,,,,,,,,,,,,,,,,,,,,,,,,,,,,,,,,,,,,,,,,,,,,,,,,,,,,,,,,,,,,,,,,,,,,,,,,,,,,,,,,,,,,,,,,,,,,,,,,,,,,,,,,,,,,,,,,,,,,,,,,,,,,,,,,,,,,,,,,,,,,,,,,,,,,,,,,,,,,,,,,,,,,,,,,,,,,,,,,,,,,,,,,,,,,,,,,,,,,,,,,,,,,,,,,,,,,,,,,,,,,,,,,,,,,,,,,,,,,,,,,,,,,,,,,,,,,,,,,,,,,,,,,,,,,,,,,,,,,,,,,,,,,,,,,,,,,,,,,,,,,,,,,,,,,,,,,,,,,,,,,,,,,,,,,,,,,,,,,,,,,,,,,,,,,,,,,,,,,,,,,,,,,,,,,,,,,,,,,,,,,,,,,,,,,,,,,,,,,,,,,,,,,,,,,,,,,,,,,,,,,,,,,,,,,,,,,,,,,,,,,,,,,,,,,,,,,,,,,,,,,,,,,,,,,,,,,,,,,,,,,,,,,,,,,,,,,,,,,,,,,,,,,,,,,,,,,,,,,,,,,,,,,,,,,,,,,,,,,,,,,,,,,,,,,,,,,,,,,,,,,,,,,,,,,,,,,,,,,,,,,,,,,,,,,,,,,,,,,,,,,,,,,,,,,,,,,,,,,,,,,,,,,,,,,,,,,,,,,,,,,,,,,,,,,,,,,,,,,,,,,,,,,,,,,,,,,,,,,,,,,,,,,,,,,,,,,,,,,,,,,,,,,,,,,,,,,,,,,,,,,,,,,,,,,,,,,,,,,,,,,,,,,,,,,,,,,,,,,,,,,,,,,,,,,,,,,,,,,,,,,,,,,,,,,,,,,,,,,,,,,,,,,,,,,,,,,,,,,,,,,,,,,,,,,,,,,,,,,,,,,,,,,,,,,,,,,,,,,,,,,,,,,,,,,,,,,,,,,,,,,,,,,,,,,,,,,,,,,,,,,,,,,,,,,,,,,,,,,,,,,,,,,,,,,,,,,,,,,,,,,,,,,,,,,,,,,,,,,,,,,,,,,,,,,,,,,,,,,,,,,,,,,,,,,,,,,,,,,,,,,,,,,,,,,,,,,,,,,,,,,,,,,,,,,,,,,,,,,,,,,,,,,,,,,,,,,,,,,,,,,,,,,,,,,,,,,,,,,,,,,,,,,,,,,,,,,,,,,,,,,,,,,,,,,,,,,,,,,,,,,,,,,,,,,,,,,,,,,,,,,,,,,,,,,,,,,,,,,,,,,,,,,,,,,,,,,,,,,,,,,,,,,,,,,,,,,,,,,,,,,,,,,,,,,,,,,,,,,,,,,,,,,,,,,,,,,,,,,,,,,,,,,,,,,,,,,,,,,,,,,,,,,,,,,,,,,,,,,,,,,,,,,,,,
,,,,,,,,,,,,,,,,,,,,,,,,,,,,,,,,,,,,,,,,,,,,,,,,,,,,,,,,,,,,,,,,,,,,,,,,,,,,,,,,,,,,,,,,,,,,,,,,,,,,,,,,,,,,,,,,,,,,,,,,,,,,,,,,,,,,,,,,,,,,,,,,,,,,,,,,,,,,,,,,,,,,,,,,,,,,,,,,,,,,,,,,,,,,,,,,,,,,,,,,,,,,,,,,,,,,,,,,,,,,,,,,,,,,,,,,,,,,,,,,,,,,,,,,,,,,,,,,,,,,,,,,,,,,,,,,,,,,,,,,,,,,,,,,,,,,,,,,,,,,,,,,,,,,,,,,,,,,,,,,,,,,,,,,,,,,,,,,,,,,,,,,,,,,,,,,,,,,,,,,,,,,,,,,,,,,,,,,,,,,,,,,,,,,,,,,,,,,,,,,,,,,,,,,,,,,,,,,,,,,,,,,,,,,,,,,,,,,,,,,,,,,,,,,,,,,,,,,,,,,,,,,,,,,,,,,,,,,,,,,,,,,,,,,,,,,,,,,,,,,,,,,,,,,,,,,,,,,,,,,,,,,,,,,,,,,,,,,,,,,,,,,,,,,,,,,,,,,,,,,,,,,,,,,,,,,,,,,,,,,,,,,,,,,,,,,,,,,,,,,,,,,,,,,,,,,,,,,,,,,,,,,,,,,,,,,,,,,,,,,,,,,,,,,,,,,,,,,,,,,,,,,,,,,,,,,,,,,,,,,,,,,,,,,,,,,,,,,,,,,,,,,,,,,,,,,,,,,,,,,,,,,,,,,,,,,,,,,,,,,,,,,,,,,,,,,,,,,,,,,,,,,,,,,,,,,,,,,,,,,,,,,,,,,,,,,,,,,,,,,,,,,,,,,,,,,,,,,,,,,,,,,,,,,,,,,,,,,,,,,,,,,,,,,,,,,,,,,,,,,,,,,,,,,,,,,,,,,,,,,,,,,,,,,,,,,,,,,,,,,,,,,,,,,,,,,,,,,,,,,,,,,,,,,,,,,,,,,,,,,,,,,,,,,,,,,,,,,,,,,,,,,,,,,,,,,,,,,,,,,,,,,,,,,,,,,,,,,,,,,,,,,,,,,,,,,,,,,,,,,,,,,,,,,,,,,,,,,,,,,,,,,,,,,,,,,,,,,,,,,,,,,,,,,,,,,,,,,,,,,,,,,,,,,,,,,,,,,,,,,,,,,,,,,,,,,,,,,,,,,,,,,,,,,,,,,,,,,,,,,,,,,,,,,,,,,,,,,,,,,,,,,,,,,,,,,,,,,,,,,,,,,,,,,,,,,,,,,,,,,,,,,,,,,,,,,,,,,,,,,,,,,,,,,,,,,,,,,,,,,,,,,,,,,,,,,,,,,,,,,,,,,,,,,,,,,,,,,,,,,,,,,,,,,,,,,,,,,,,,,,,,,,,,,,,,,,,,,,,,,,,,,,,,,,,,,,,,,,,,,,,,,,,,,,,,,,,,,,,,,,,,,,,,,,,,,,,,,,,,,,,,,,,,,,,,,,,,,,,,,,,,,,,,,,,,,,,,,,,,,,,,,,,,,,,,,,,,,,,,,,,,,,,,,,,,,,,,,,,,,,,,,,,,,,,,,,,,,,,,,,,,,,,,,,,,,,,,,,,,,,,,,,,,,,,,,,,,,,,,,,,,,,,,,,,,,,,,,,,,,,,,,,,,,,,,,,,,,,,,,,,,,,,,,,,,,,,,,,,,,,,,,,,,,,,,,,,,,,,,,,,,,,,,,,,,,,,,,,,,,,,,,,,,,,,,,,,,,,,,,,,,,,,,,,,,,,,,,,,,,,,,,,,,,,,,,,,,,,,,,,,,,,,,,,,,,,,,,,,,,,,,,,,,,,,,,,,,,,,,,,,,,,,,,,,,,,,,,,,,,,,,,,,,,,,,,,,,,,,,,,,,,,,,,,,,,,,,,,,,,,,,,,,,,,,,,,,,,,,,,,,,,,,,,,,,,,,,,,,,,,,,,,,,,,,,,,,,,,,,,,,,,,,,,,,,,,,,,,,,,,,,,,,,,,,,,,,,,,,,,,,,,,,,,,,,,,,,,,,,,,,,,,,,,,,,,,,,,,,,,,,,,,,,,,,,,,,,,,,,,,,,,,,,,,,,,,,,,,,,,,,,,,,,,,,,,,,,,,,,,,,,,,,,,,,,,,,,,,,,,,,,,,,,,,,,,,,,,,,,,,,,,,,,,,,,,,,,,,,,,,,,,,,,
3530,3328,2531,2346,2347,2282,2344,2319,2231,2319,2344,2282,2347,2346,2531,3328,3829,3608,2546,2322,2320,2157,2256,2381,2415,2359,2266,2327,2389,2416,2345,3601,4056,3832,2690,2453,2267,2237,2367,2374,2293,2291,2286,2352,2428,2473,2732,3834,4240,4017,2883,2467,2467,2294,2289,2356,2329,2302,2272,2321,2294,2517,2901,4019,4070,3849,2707,2287,2407,2325,2325,2316,2277,2321,2352,2353,2304,2409,2749,3848,3742,3523,2515,2302,2322,2308,2279,2328,2338,2325,2268,2303,2274,2309,2494,3515,3422,3215,2427,2328,2271,2256,2239,2335,2323,2141,2280,2286,2222,2168,2223,3185,3068,2883,2381,2324,2215,2260,2256,2285,2267,2226,2265,2316,2247,2171,2243,2827,2861,2651,2264,2234,2239,2207,2221,2291,2271,2325,2344,2383,2356,2304,2329,2643,2917,2736,2382,2397,2350,2396,2448,2539,2520,2635,2683,2325,2407,2372,2398,2780,3697,3470,3256,3139,3247,2893,3449,3355,3493,3464,3362,2945,3292,2901,3289,3497,4192,3958,3736,3800,3781,3713,3973,3963,3999,4031,4060,3681,3908,3557,3821,4017,4273,4168,3856,3924,3893,3997,3980,4142,4159,4190,4275,3931,4042,3849,3890,4063,4483,4298,3820,3599,3757,3935,3862,4032,4126,4114,4146,3864,3763,3647,3807,4298,4755,4520,3631,3404,3423,3643,3623,3709,3860,3913,3770,3581,3398,3553,3703,4547,4702,4470,3302,3180,3189,3221,3321,3364,3435,3462,3267,3309,3185,3195,3461,4486,4356,4127,3151,3132,2999,2984,3045,3228,3265,3139,3061,3072,2949,3084,3223,4132,4419,4190,3308,3333,3206,3213,3235,3386,3578,3436,3197,2960,3103,3156,3295,4200,4414,4187,3316,3407,3229,3189,3342,3538,3528,3438,3215,3102,3212,3216,3299,4193,4256,4046,3326,3405,3426,3295,3127,3733,3783,3347,3191,3090,3215,3164,3070,4021,4622,4414,3584,3532,3608,3458,3128,3944,4057,3853,3576,3330,3447,3307,3257,4394,4694,4481,3600,3479,3464,3305,3277,3899,4078,3931,3603,3297,3434,3392,3446,4466,4476,4259,3362,3243,3117,3149,3130,3616,3845,3731,3337,3140,3178,3307,3240,4250,4021,3808,3056,2859,2723,2771,2979,3233,3453,3330,3039,2917,2934,3005,3045,3798,3696,3456,2859,2777,2671,2734,2678,3077,3195,3150,2872,2612,2823,2777,2851,3481,3733,3513,2852,2781,2785,2775,2730,3137,3307,3215,2939,2690,2769,2742,2717,3503,3776,3550,2683,2645,2668,2752,2659,3023,3156,3034,2758,2588,2655,2716,2525,3554,3516,3295,2579,2533,2577,2708,2850,2849,2938,2812,2672,2616,2505,2662,2854,3283,3358,3155,2661,2673,2545,2821,2903,2866,2822,2764,2790,2663,2526,2686,2956,3186,3527,3324,2696,2557,2419,2699,2745,2819,2812,2685,2542,2430,2404,2591,2706,3270,3445,3239,2466,2412,2386,2514,2542,2620,2639,2524,2512,2341,2183,2409,2480,3191,3254,3067,2495,2459,2434,2448,2454,2439,2579,2523,2541,2357,2339,2387,2443,3043,3153,2959,2542,2508,2420,2393,2494,2546,2598,2485,2516,2391,2350,2389,2502,2936,3079,2901,2517,2518,2411,2296,2448,2670,2647,2481,2429,2455,2423,2451,2475,2860,3025,2812,2412,2429,2367,2336,2469,2575,2566,2482,2429,2350,2363,2391,2506,2838,2891,2668,2373,2273,2374,2424,2414,2551,2599,2444,2404,2451,2392,2409,2428,2718,2994,2787,2389,2161,2321,2430,2389,2556,2577,2365,2339,2407,2383,2375,2353,2777,2923,2754,2360,2360,2224,2344,2461,2511,2542,2366,2417,2396,2347,2364,2390,2681,2853,2687,2325,2367,2287,2364,2448,2516,2528,2439,2442,2362,2357,2385,2369,2651,2841,2635,2362,2242,2166,2283,2354,2361,2386,2420,2411,2431,2299,2243,2286,2687,2839,2653,2432,2345,2162,2315,2333,2422,2498,2414,2351,2412,2410,2339,2307,2645,2740,2534,2450,2408,2332,2407,2378,2508,2658,2607,2364,2417,2457,2471,2294,2552,2833,2625,2478,2501,2450,2430,2359,2500,2644,2604,2443,2462,2456,2388,2472,2538,2946,2733,2413,2425,2425,2297,2392,2399,2395,2444,2368,2320,2284,2263,2305,2693,2847,2760,2325,2322,2346,2200,2406,2545,2533,2414,2379,2389,2442,2322,2330,2571,2852,2653,2460,2383,2262,2266,2414,2585,2641,2523,2430,2438,2549,2516,2477,2638,2804,2659,2409,2372,2286,2428,2481,2522,2576,2493,2289,2376,2383,2429,2428,2640,2849,2623,2374,2359,2288,2367,2431,2418,2434,2416,2246,2342,2257,2200,2142,2657,2785,2532,2331,2276,2323,2392,2452,2550,2610,2521,2319,2353,2264,2301,2353,2623,3011,2813,2386,2336,2414,2427,2374,2594,2667,2497,2369,2386,2321,2350,2426,2793,3584,3363,2438,2353,2409,2353,2349,2522,2616,2475,2384,2367,2313,2391,2454,3350,4197,3976,2880,2472,2423,2354,2411,2410,2493,2548,2330,2304,2390,2464,2823,3971,4351,4127,3010,2626,2447,2470,2453,2484,2661,2628,2386,2414,2460,2676,2979,4127,4140,3917,2762,2468,2325,2484,2386,2391,2642,2574,2451,2503,2420,2500,2748,3919,3470,3236,2318,2292,2301,2321,2357,2388,2470,2387,2397,2390,2302,2344,2432,3249,3060,2852,2227,2166,2249,2224,2249,2337,2314,2273,2283,2357,2348,2309,2373,2798,2744,2593,2263,2149,2258,2268,2334,2266,2292,2138,2248,2264,2334,2297,2338,2468,2717,2588,2369,2313,2227,2302,2238,2368,2439,2341,2261,2294,2285,2336,2274,2561,2726,2562,2451,2331,2279,2284,2297,2389,2471,2397,2322,2353,2384,2320,2253,2503,3013,2826,2524,2491,2472,2421,2276,2434,2628,2516,2447,2389,2431,2367,2487,2807,3337,3111,2407,2453,2413,2363,2365,2436,2633,2545,2421,2270,2336,2364,2476,3114,4053,3832,2740,2457,2426,2440,2599,2493,2532,2372,2451,2374,2315,2406,2702,3831,4549,4326,3196,2808,2762,2605,2852,2964,2968,2773,2718,2789,2548,2835,3252,4328,4677,4454,3336,2944,2914,2747,3026,3258,3350,3115,2990,2888,2785,3079,3363,4458,4504,4274,3244,2965,2911,2772,2964,3370,3457,3151,3062,2807,2829,3003,3214,4287,4042,3822,2918,2794,2830,2583,2727,3191,3299,3008,2824,2732,2793,2837,2827,3811,3748,3501,2632,2531,2546,2402,2514,2797,2918,2752,2609,2629,2631,2548,2625,3532,3552,3318,2529,2398,2482,2457,2385,2642,2776,2615,2413,2503,2547,2430,2431,3327,3504,3289,2608,2421,2525,2346,2283,2581,2711,2594,2411,2423,2519,2457,2403,3287,3338,3137,2574,2459,2395,2336,2434,2572,2679,2530,2412,2437,2526,2482,2453,3129,3113,2844,2448,2427,2362,2237,2421,2507,2568,2481,2339,2341,2506,2494,2408,2912,3073,2829,2328,2409,2287,2220,2422,2466,2470,2441,2258,2160,2425,2358,2270,2854,3011,2823,2321,2281,2309,2355,2615,2538,2513,2524,2465,2309,2348,2444,2440,2821,3035,2761,2378,2321,2447,2420,2620,2583,2548,2574,2499,2371,2406,2546,2544,2890,2993,2774,2396,2420,2387,2408,2544,2605,2602,2457,2334,2340,2387,2550,2646,2838,3251,3037,2457,2395,2316,2331,2468,2492,2598,2568,2398,2486,2290,2444,2672,3054,3414,3210,2515,2391,2445,2441,2404,2550,2727,2594,2447,2511,2439,2426,2409,3222,3587,3364,2535,2392,2412,2372,2413,2567,2596,2475,2343,2460,2510,2389,2518,3361,3529,3304,2400,2354,2311,2379,2381,2483,2427,2235,2199,2323,2389,2305,2486,3308,3312,3098,2547,2516,2391,2442,2399,2451,2400,2420,2415,2377,2349,2419,2477,3086,3449,3212,3063,2856,2608,2681,2544,2856,2916,2929,2936,2709,2550,2670,2785,3254,3567,3322,3144,2893,2629,2787,2807,3024,3098,3119,3125,2816,2637,2816,3010,3358,3451,3212,2976,2722,2606,2726,2823,2917,3015,3028,2952,2556,2649,2676,2890,3210,3288,3065,2703,2556,2598,2533,2682,2799,2820,2798,2705,2571,2610,2591,2563,3041,3071,2900,2598,2484,2398,2453,2565,2717,2707,2673,2542,2336,2417,2552,2510,2902,3247,3067,2538,2436,2325,2302,2502,2764,2840,2841,2606,2286,2353,2447,2483,3024,3354,3136,2586,2392,2449,2410,2561,2701,2779,2743,2617,2313,2287,2431,2513,3131,3143,2944,2382,2390,2406,2453,2456,2624,2633,2562,2426,2296,2339,2449,2443,2901,3262,3060,2389,2236,2380,2473,2443,2498,2636,2447,2316,2399,2401,2402,2334,3032,3545,3348,2573,2300,2351,2530,2529,2894,2973,2489,2442,2325,2324,2368,2438,3254,3557,3357,2606,2348,2465,2566,2617,3022,3095,2613,2489,2391,2261,2354,2347,3333,3223,3015,2478,2384,2406,2364,2511,2811,2905,2580,2427,2272,2367,2342,2327,2980,3063,2810,2408,2346,2308,2233,2464,2658,2896,2835,2413,2401,2395,2376,2343,2836,3241,3033,2485,2429,2390,2333,2439,2690,3139,3097,2547,2494,2476,2426,2328,3020,3182,2977,2523,2479,2473,2395,2412,2664,3128,3083,2524,2457,2440,2398,2312,2962,2948,2795,2384,2404,2379,2418,2414,2520,2801,2778,2394,2438,2333,2417,2394,2780,3073,2880,2359,2336,2329,2353,2361,2480,2740,2685,2378,2213,2246,2446,2498,2872,3331,3111,2310,2123,2307,2331,2341,2610,2800,2657,2317,2209,2302,2404,2387,3104,3314,3091,2305,2247,2242,2329,2246,2624,2778,2569,2314,2328,2391,2480,2384,3091,3088,2855,2357,2372,2377,2394,2350,2396,2617,2440,2351,2313,2366,2391,2291,2870,2915,2771,2343,2389,2378,2398,2349,2392,2430,2297,2281,2268,2311,2342,2340,2706,2906,2695,2356,2384,2384,2281,2238,2333,2300,2281,2257,2275,2386,2294,2286,2695,3219,2991,2301,2320,2293,2190,2234,2287,2306,2309,2360,2257,2312,2253,2239,3005,3275,3045,2209,2316,2299,2277,2297,2316,2325,2278,2392,2311,2342,2253,2155,3056,2911,2660,2209,2364,2366,2265,2278,2240,2262,2186,2282,2286,2408,2353,2282,2725,3694,3471,2438,2318,2344,2299,2313,2353,2331,2201,2193,2249,2313,2377,2324,3468,4108,3882,2699,2401,2386,2362,2356,2460,2554,2404,2292,2341,2387,2501,2803,3886,4102,3877,2679,2445,2504,2465,2550,2696,2700,2633,2430,2551,2488,2539,2829,3882,3644,3406,2485,2394,2477,2464,2446,2650,2686,2537,2468,2425,2517,2503,2462,3422,3819,3593,2497,2444,2401,2426,2466,2409,2410,2395,2411,2448,2368,2431,2369,3587,3869,3649,2501,2431,2372,2352,2434,2410,2555,2468,2446,2412,2419,2392,2447,3634,3713,3487,2411,2463,2279,2295,2401,2419,2610,2476,2370,2390,2399,2346,2470,3487,3547,3327,2489,2434,2361,2168,2411,2441,2527,2405,2261,2277,2312,2405,2426,3319,3304,3083,2365,2332,2295,2334,2333,2355,2447,2401,2269,2299,2313,2376,2423,3080,3236,3015,2311,2340,2389,2372,2258,2299,2376,2449,2368,2344,2290,2234,2302,3006,3065,2860,2225,2315,2272,2400,2277,2309,2331,2363,2336,2392,2309,2279,2301,2823,2912,2699,2282,2321,2338,2351,2224,2327,2390,2350,2303,2360,2386,2315,2355,2681,2908,2715,2275,2305,2389,2326,2358,2329,2462,2351,2214,2300,2386,2312,2385,2732,2902,2689,2310,2266,2299,2275,2353,2265,2315,2308,2307,2255,2304,2295,2370,2714,2978,2771,2222,2242,2210,2256,2296,2328,2308,2290,2277,2234,2221,2163,2246,2778,3028,2794,2246,2268,2263,2240,2259,2383,2430,2327,2317,2187,2193,2187,2252,2815,3304,3078,2300,2237,2226,2182,2229,2364,2421,2353,2306,2218,2173,2184,2286,3078,3330,3106,2292,2196,2159,2136,2200,2216,2260,2260,2241,2201,2203,2156,2198,3107,3292,3065,2180,2093,2147,2047,2036,2089,2158,2221,2223,2164,2200,2245,2167,3066,3400,3178,2193,1921,2146,2098,2037,2068,2152,2072,2115,2076,2072,2169,2165,3170,3259,3040,2130,2048,2079,2076,1979,1990,1998,1990,1999,2012,2026,2058,2008,3029,2897,2686,2210,2032,2028,1956,1861,2036,2111,2046,2026,1942,2021,2020,2054,2659,2939,2746,2206,2131,2012,2006,1958,2176,2408,2273,1999,2107,1987,2031,2180,2746
,,,,,,,,,,,,,,,,,,,,,,,,,,,,,,,,,,,,,,,,,,,,,,,,,,,,,,,,,,,,,,,,,,,,,,,,,,,,,,,,,,,,,,,,,,,,,,,,,,,,,,,,,,,,,,,,,,,,,,,,,,,,,,,,,,,,,,,,,,,,,,,,,,,,,,,,,,,,,,,,,,,,,,,,,,,,,,,,,,,,,,,,,,,,,,,,,,,,,,,,,,,,,,,,,,,,,,,,,,,,,,,,,,,,,,,,,,,,,,,,,,,,,,,,,,,,,,,,,,,,,,,,,,,,,,,,,,,,,,,,,,,,,,,,,,,,,,,,,,,,,,,,,,,,,,,,,,,,,,,,,,,,,,,,,,,,,,,,,,,,,,,,,,,,,,,,,,,,,,,,,,,,,,,,,,,,,,,,,,,,,,,,,,,,,,,,,,,,,,,,,,,,,,,,,,,,,,,,,,,,,,,,,,,,,,,,,,,,,,,,,,,,,,,,,,,,,,,,,,,,,,,,,,,,,,,,,,,,,,,,,,,,,,,,,,,,,,,,,,,,,,,,,,,,,,,,,,,,,,,,,,,,,,,,,,,,,,,,,,,,,,,,,,,,,,,,,,,,,,,,,,,,,,,,,,,,,,,,,,,,,,,,,,,,,,,,,,,,,,,,,,,,,,,,,,,,,,,,,,,,,,,,,,,,,,,,,,,,,,,,,,,,,,,,,,,,,,,,,,,,,,,,,,,,,,,,,,,,,,,,,,,,,,,,,,,,,,,,,,,,,,,,,,,,,,,,,,,,,,,,,,,,,,,,,,,,,,,,,,,,,,,,,,,,,,,,,,,,,,,,,,,,,,,,,,,,,,,,,,,,,,,,,,,,,,,,,,,,,,,,,,,,,,,,,,,,,,,,,,,,,,,,,,,,,,,,,,,,,,,,,,,,,,,,,,,,,,,,,,,,,,,,,,,,,,,,,,,,,,,,,,,,,,,,,,,,,,,,,,,,,,,,,,,,,,,,,,,,,,,,,,,,,,,,,,,,,,,,,,,,,,,,,,,,,,,,,,,,,,,,,,,,,,,,,,,,,,,,,,,,,,,,,,,,,,,,,,,,,,,,,,,,,,,,,,,,,,,,,,,,,,,,,,,,,,,,,,,,,,,,,,,,,,,,,,,,,,,,,,,,,,,,,,,,,,,,,,,,,,,,,,,,,,,,,,,,,,,,,,,,,,,,,,,,,,,,,,,,,,,,,,,,,,,,,,,,,,,,,,,,,,,,,,,,,,,,,,,,,,,,,,,,,,,,,,,,,,,,,,,,,,,,,,,,,,,,,,,,,,,,,,,,,,,,,,,,,,,,,,,,,,,,,,,,,,,,,,,,,,,,,,,,,,,,,,,,,,,,,,,,,,,,,,,,,,,,,,,,,,,,,,,,,,,,,,,,,,,,,,,,,,,,,,,,,,,,,,,,,,,,,,,,,,,,,,,,,,,,,,,,,,,,,,,,,,,,,,,,,,,,,,,,,,,,,,,,,,,,,,,,,,,,,,,,,,,,,,,,,,,,,,,,,,,,,,,,,,,,,,,,,,,,,,,,,,,,,,,,,,,,,,,,,,,,,,,,,,,,,,,,,,,,,,,,,,,,,,,,,,,,,,,,,,,,,,,,,,,,,,,,,,,,,,,,,,,,,,,,,,,,,,,,,,,,,,,,,,,,,,,,,,,,,,,,,,,,,,,,,,,,,,,,,,,,,,,,,,,,,,,,,,,,,,,,,,,,,,,,,,,,,,,,,,,,,,,,,,,,,,,,,,,,,,,,,,,,,,,,,,,,,,,,,,,,,,,,,,,,,,,,,,,,,,,,,,,,,,,,,,,,,,,,,,,,,,,,,,,,,,,,,,,,,,,,,,,,,,,,,,,,,,,,,,,,,,,,,,,,,,,,,,,,,,,,,,,,,,,,,,,,,,,,,,,,,,,,,,,,,,,,,,,,,,,,,,,,,,,,,,,,,,,,,,,,,,,,,,,,,,,,,,,,,,,,,,,,,,,,,,,,,,,,,,,,,,,,,,,,,,,,,,,,,,,,,,,,,,,,,,,,,,,,,,,,,,,,,,,,,,,,,,,,,,,,,,,,,,,,,,,,,,,,,,,,,,,,,,,,,,,,,,,,,,,,,,,,,,,,,,,,,,,,,,,,,,,,,,,,,,,,,,,,,,,,,,,,,,,,,,,,,,,,,,,,,,,,,,,,,,,,,,,,,,,,,,,,,,,,,,,,,,,,,,,
,,,,,,,,,,,,,,,,,,,,,,,,,,,,,,,,,,,,,,,,,,,,,,,,,,,,,,,,,,,,,,,,,,,,,,,,,,,,,,,,,,,,,,,,,,,,,,,,,,,,,,,,,,,,,,,,,,,,,,,,,,,,,,,,,,,,,,,,,,,,,,,,,,,,,,,,,,,,,,,,,,,,,,,,,,,,,,,,,,,,,,,,,,,,,,,,,,,,,,,,,,,,,,,,,,,,,,,,,,,,,,,,,,,,,,,,,,,,,,,,,,,,,,,,,,,,,,,,,,,,,,,,,,,,,,,,,,,,,,,,,,,,,,,,,,,,,,,,,,,,,,,,,,,,,,,,,,,,,,,,,,,,,,,,,,,,,,,,,,,,,,,,,,,,,,,,,,,,,,,,,,,,,,,,,,,,,,,,,,,,,,,,,,,,,,,,,,,,,,,,,,,,,,,,,,,,,,,,,,,,,,,,,,,,,,,,,,,,,,,,,,,,,,,,,,,,,,,,,,,,,,,,,,,,,,,,,,,,,,,,,,,,,,,,,,,,,,,,,,,,,,,,,,,,,,,,,,,,,,,,,,,,,,,,,,,,,,,,,,,,,,,,,,,,,,,,,,,,,,,,,,,,,,,,,,,,,,,,,,,,,,,,,,,,,,,,,,,,,,,,,,,,,,,,,,,,,,,,,,,,,,,,,,,,,,,,,,,,,,,,,,,,,,,,,,,,,,,,,,,,,,,,,,,,,,,,,,,,,,,,,,,,,,,,,,,,,,,,,,,,,,,,,,,,,,,,,,,,,,,,,,,,,,,,,,,,,,,,,,,,,,,,,,,,,,,,,,,,,,,,,,,,,,,,,,,,,,,,,,,,,,,,,,,,,,,,,,,,,,,,,,,,,,,,,,,,,,,,,,,,,,,,,,,,,,,,,,,,,,,,,,,,,,,,,,,,,,,,,,,,,,,,,,,,,,,,,,,,,,,,,,,,,,,,,,,,,,,,,,,,,,,,,,,,,,,,,,,,,,,,,,,,,,,,,,,,,,,,,,,,,,,,,,,,,,,,,,,,,,,,,,,,,,,,,,,,,,,,,,,,,,,,,,,,,,,,,,,,,,,,,,,,,,,,,,,,,,,,,,,,,,,,,,,,,,,,,,,,,,,,,,,,,,,,,,,,,,,,,,,,,,,,,,,,,,,,,,,,,,,,,,,,,,,,,,,,,,,,,,,,,,,,,,,,,,,,,,,,,,,,,,,,,,,,,,,,,,,,,,,,,,,,,,,,,,,,,,,,,,,,,,,,,,,,,,,,,,,,,,,,,,,,,,,,,,,,,,,,,,,,,,,,,,,,,,,,,,,,,,,,,,,,,,,,,,,,,,,,,,,,,,,,,,,,,,,,,,,,,,,,,,,,,,,,,,,,,,,,,,,,,,,,,,,,,,,,,,,,,,,,,,,,,,,,,,,,,,,,,,,,,,,,,,,,,,,,,,,,,,,,,,,,,,,,,,,,,,,,,,,,,,,,,,,,,,,,,,,,,,,,,,,,,,,,,,,,,,,,,,,,,,,,,,,,,,,,,,,,,,,,,,,,,,,,,,,,,,,,,,,,,,,,,,,,,,,,,,,,,,,,,,,,,,,,,,,,,,,,,,,,,,,,,,,,,,,,,,,,,,,,,,,,,,,,,,,,,,,,,,,,,,,,,,,,,,,,,,,,,,,,,,,,,,,,,,,,,,,,,,,,,,,,,,,,,,,,,,,,,,,,,,,,,,,,,,,,,,,,,,,,,,,,,,,,,,,,,,,,,,,,,,,,,,,,,,,,,,,,,,,,,,,,,,,,,,,,,,,,,,,,,,,,,,,,,,,,,,,,,,,,,,,,,,,,,,,,,,,,,,,,,,,,,,,,,,,,,,,,,,,,,,,,,,,,,,,,,,,,,,,,,,,,,,,,,,,,,,,,,,,,,,,,,,,,,,,,,,,,,,,,,,,,,,,,,,,,,,,,,,,,,,,,,,,,,,,,,,,,,,,,,,,,,,,,,,,,,,,,,,,,,,,,,,,,,,,,,,,,,,,,,,,,,,,,,,,,,,,,,,,,,,,,,,,,,,,,,,,,,,,,,,,,,,,,,,,,,,,,,,,,,,,,,,,,,,,,,,,,,,,,,,,,,,,,,,,,,,,,,,,,,,,,,,,,,,,,,,,,,,,,,,,,,,,,,,,,,,,,,,,,,,,,,,,,,,,,,,,,,,,,,,,,,,,,,,,,,,,,,,,,,,,,,,,
,,,,,,,,,,,,,,,,,,,,,,,,,,,,,,,,,,,,,,,,,,,,,,,,,,,,,,,,,,,,,,,,,,,,,,,,,,,,,,,,,,,,,,,,,,,,,,,,,,,,,,,,,,,,,,,,,,,,,,,,,,,,,,,,,,,,,,,,,,,,,,,,,,,,,,,,,,,,,,,,,,,,,,,,,,,,,,,,,,,,,,,,,,,,,,,,,,,,,,,,,,,,,,,,,,,,,,,,,,,,,,,,,,,,,,,,,,,,,,,,,,,,,,,,,,,,,,,,,,,,,,,,,,,,,,,,,,,,,,,,,,,,,,,,,,,,,,,,,,,,,,,,,,,,,,,,,,,,,,,,,,,,,,,,,,,,,,,,,,,,,,,,,,,,,,,,,,,,,,,,,,,,,,,,,,,,,,,,,,,,,,,,,,,,,,,,,,,,,,,,,,,,,,,,,,,,,,,,,,,,,,,,,,,,,,,,,,,,,,,,,,,,,,,,,,,,,,,,,,,,,,,,,,,,,,,,,,,,,,,,,,,,,,,,,,,,,,,,,,,,,,,,,,,,,,,,,,,,,,,,,,,,,,,,,,,,,,,,,,,,,,,,,,,,,,,,,,,,,,,,,,,,,,,,,,,,,,,,,,,,,,,,,,,,,,,,,,,,,,,,,,,,,,,,,,,,,,,,,,,,,,,,,,,,,,,,,,,,,,,,,,,,,,,,,,,,,,,,,,,,,,,,,,,,,,,,,,,,,,,,,,,,,,,,,,,,,,,,,,,,,,,,,,,,,,,,,,,,,,,,,,,,,,,,,,,,,,,,,,,,,,,,,,,,,,,,,,,,,,,,,,,,,,,,,,,,,,,,,,,,,,,,,,,,,,,,,,,,,,,,,,,,,,,,,,,,,,,,,,,,,,,,,,,,,,,,,,,,,,,,,,,,,,,,,,,,,,,,,,,,,,,,,,,,,,,,,,,,,,,,,,,,,,,,,,,,,,,,,,,,,,,,,,,,,,,,,,,,,,,,,,,,,,,,,,,,,,,,,,,,,,,,,,,,,,,,,,,,,,,,,,,,,,,,,,,,,,,,,,,,,,,,,,,,,,,,,,,,,,,,,,,,,,,,,,,,,,,,,,,,,,,,,,,,,,,,,,,,,,,,,,,,,,,,,,,,,,,,,,,,,,,,,,,,,,,,,,,,,,,,,,,,,,,,,,,,,,,,,,,,,,,,,,,,,,,,,,,,,,,,,,,,,,,,,,,,,,,,,,,,,,,,,,,,,,,,,,,,,,,,,,,,,,,,,,,,,,,,,,,,,,,,,,,,,,,,,,,,,,,,,,,,,,,,,,,,,,,,,,,,,,,,,,,,,,,,,,,,,,,,,,,,,,,,,,,,,,,,,,,,,,,,,,,,,,,,,,,,,,,,,,,,,,,,,,,,,,,,,,,,,,,,,,,,,,,,,,,,,,,,,,,,,,,,,,,,,,,,,,,,,,,,,,,,,,,,,,,,,,,,,,,,,,,,,,,,,,,,,,,,,,,,,,,,,,,,,,,,,,,,,,,,,,,,,,,,,,,,,,,,,,,,,,,,,,,,,,,,,,,,,,,,,,,,,,,,,,,,,,,,,,,,,,,,,,,,,,,,,,,,,,,,,,,,,,,,,,,,,,,,,,,,,,,,,,,,,,,,,,,,,,,,,,,,,,,,,,,,,,,,,,,,,,,,,,,,,,,,,,,,,,,,,,,,,,,,,,,,,,,,,,,,,,,,,,,,,,,,,,,,,,,,,,,,,,,,,,,,,,,,,,,,,,,,,,,,,,,,,,,,,,,,,,,,,,,,,,,,,,,,,,,,,,,,,,,,,,,,,,,,,,,,,,,,,,,,,,,,,,,,,,,,,,,,,,,,,,,,,,,,,,,,,,,,,,,,,,,,,,,,,,,,,,,,,,,,,,,,,,,,,,,,,,,,,,,,,,,,,,,,,,,,,,,,,,,,,,,,,,,,,,,,,,,,,,,,,,,,,,,,,,,,,,,,,,,,,,,,,,,,,,,,,,,,,,,,,,,,,,,,,,,,,,,,,,,,,,,,,,,,,,,,,,,,,,,,,,,,,,,,,,,,,,,,,,,,,,,,,,,,,,,,,,,,,,,,,,,,,,,,,,,,,,,,,,,,,,,,,,,,,,,,,,,,,,,,,,,,,,,,,,,,,,,,,,,,,,,,,,,,,,,,,,,,,,,,,,,,,,,,,,,,,,,,,,,,,,,,,,,,,,,,,,,
,,,,,,,,,,,,,,,,,,,,,,,,,,,,,,,,,,,,,,,,,,,,,,,,,,,,,,,,,,,,,,,,,,,,,,,,,,,,,,,,,,,,,,,,,,,,,,,,,,,,,,,,,,,,,,,,,,,,,,,,,,,,,,,,,,,,,,,,,,,,,,,,,,,,,,,,,,,,,,,,,,,,,,,,,,,,,,,,,,,,,,,,,,,,,,,,,,,,,,,,,,,,,,,,,,,,,,,,,,,,,,,,,,,,,,,,,,,,,,,,,,,,,,,,,,,,,,,,,,,,,,,,,,,,,,,,,,,,,,,,,,,,,,,,,,,,,,,,,,,,,,,,,,,,,,,,,,,,,,,,,,,,,,,,,,,,,,,,,,,,,,,,,,,,,,,,,,,,,,,,,,,,,,,,,,,,,,,,,,,,,,,,,,,,,,,,,,,,,,,,,,,,,,,,,,,,,,,,,,,,,,,,,,,,,,,,,,,,,,,,,,,,,,,,,,,,,,,,,,,,,,,,,,,,,,,,,,,,,,,,,,,,,,,,,,,,,,,,,,,,,,,,,,,,,,,,,,,,,,,,,,,,,,,,,,,,,,,,,,,,,,,,,,,,,,,,,,,,,,,,,,,,,,,,,,,,,,,,,,,,,,,,,,,,,,,,,,,,,,,,,,,,,,,,,,,,,,,,,,,,,,,,,,,,,,,,,,,,,,,,,,,,,,,,,,,,,,,,,,,,,,,,,,,,,,,,,,,,,,,,,,,,,,,,,,,,,,,,,,,,,,,,,,,,,,,,,,,,,,,,,,,,,,,,,,,,,,,,,,,,,,,,,,,,,,,,,,,,,,,,,,,,,,,,,,,,,,,,,,,,,,,,,,,,,,,,,,,,,,,,,,,,,,,,,,,,,,,,,,,,,,,,,,,,,,,,,,,,,,,,,,,,,,,,,,,,,,,,,,,,,,,,,,,,,,,,,,,,,,,,,,,,,,,,,,,,,,,,,,,,,,,,,,,,,,,,,,,,,,,,,,,,,,,,,,,,,,,,,,,,,,,,,,,,,,,,,,,,,,,,,,,,,,,,,,,,,,,,,,,,,,,,,,,,,,,,,,,,,,,,,,,,,,,,,,,,,,,,,,,,,,,,,,,,,,,,,,,,,,,,,,,,,,,,,,,,,,,,,,,,,,,,,,,,,,,,,,,,,,,,,,,,,,,,,,,,,,,,,,,,,,,,,,,,,,,,,,,,,,,,,,,,,,,,,,,,,,,,,,,,,,,,,,,,,,,,,,,,,,,,,,,,,,,,,,,,,,,,,,,,,,,,,,,,,,,,,,,,,,,,,,,,,,,,,,,,,,,,,,,,,,,,,,,,,,,,,,,,,,,,,,,,,,,,,,,,,,,,,,,,,,,,,,,,,,,,,,,,,,,,,,,,,,,,,,,,,,,,,,,,,,,,,,,,,,,,,,,,,,,,,,,,,,,,,,,,,,,,,,,,,,,,,,,,,,,,,,,,,,,,,,,,,,,,,,,,,,,,,,,,,,,,,,,,,,,,,,,,,,,,,,,,,,,,,,,,,,,,,,,,,,,,,,,,,,,,,,,,,,,,,,,,,,,,,,,,,,,,,,,,,,,,,,,,,,,,,,,,,,,,,,,,,,,,,,,,,,,,,,,,,,,,,,,,,,,,,,,,,,,,,,,,,,,,,,,,,,,,,,,,,,,,,,,,,,,,,,,,,,,,,,,,,,,,,,,,,,,,,,,,,,,,,,,,,,,,,,,,,,,,,,,,,,,,,,,,,,,,,,,,,,,,,,,,,,,,,,,,,,,,,,,,,,,,,,,,,,,,,,,,,,,,,,,,,,,,,,,,,,,,,,,,,,,,,,,,,,,,,,,,,,,,,,,,,,,,,,,,,,,,,,,,,,,,,,,,,,,,,,,,,,,,,,,,,,,,,,,,,,,,,,,,,,,,,,,,,,,,,,,,,,,,,,,,,,,,,,,,,,,,,,,,,,,,,,,,,,,,,,,,,,,,,,,,,,,,,,,,,,,,,,,,,,,,,,,,,,,,,,,,,,,,,,,,,,,,,,,,,,,,,,,,,,,,,,,,,,,,,,,,,,,,,,,,,,,,,,,,,,,,,,,,,,,,,,,,,,,,,,,,,,,,,,,,,,,,,,,,,,,,,,,,,,,,,,,,,,,,,,,,,,,,,,,,,,,,,,,,,,,,,,,,,,,,,,,,,,,,,,,,,,,,,,,,,,,,,,,,,,,,,,,,,,,
,,,,,,,,,,,,,,,,,,,,,,,,,,,,,,,,,,,,,,,,,,,,,,,,,,,,,,,,,,,,,,,,,,,,,,,,,,,,,,,,,,,,,,,,,,,,,,,,,,,,,,,,,,,,,,,,,,,,,,,,,,,,,,,,,,,,,,,,,,,,,,,,,,,,,,,,,,,,,,,,,,,,,,,,,,,,,,,,,,,,,,,,,,,,,,,,,,,,,,,,,,,,,,,,,,,,,,,,,,,,,,,,,,,,,,,,,,,,,,,,,,,,,,,,,,,,,,,,,,,,,,,,,,,,,,,,,,,,,,,,,,,,,,,,,,,,,,,,,,,,,,,,,,,,,,,,,,,,,,,,,,,,,,,,,,,,,,,,,,,,,,,,,,,,,,,,,,,,,,,,,,,,,,,,,,,,,,,,,,,,,,,,,,,,,,,,,,,,,,,,,,,,,,,,,,,,,,,,,,,,,,,,,,,,,,,,,,,,,,,,,,,,,,,,,,,,,,,,,,,,,,,,,,,,,,,,,,,,,,,,,,,,,,,,,,,,,,,,,,,,,,,,,,,,,,,,,,,,,,,,,,,,,,,,,,,,,,,,,,,,,,,,,,,,,,,,,,,,,,,,,,,,,,,,,,,,,,,,,,,,,,,,,,,,,,,,,,,,,,,,,,,,,,,,,,,,,,,,,,,,,,,,,,,,,,,,,,,,,,,,,,,,,,,,,,,,,,,,,,,,,,,,,,,,,,,,,,,,,,,,,,,,,,,,,,,,,,,,,,,,,,,,,,,,,,,,,,,,,,,,,,,,,,,,,,,,,,,,,,,,,,,,,,,,,,,,,,,,,,,,,,,,,,,,,,,,,,,,,,,,,,,,,,,,,,,,,,,,,,,,,,,,,,,,,,,,,,,,,,,,,,,,,,,,,,,,,,,,,,,,,,,,,,,,,,,,,,,,,,,,,,,,,,,,,,,,,,,,,,,,,,,,,,,,,,,,,,,,,,,,,,,,,,,,,,,,,,,,,,,,,,,,,,,,,,,,,,,,,,,,,,,,,,,,,,,,,,,,,,,,,,,,,,,,,,,,,,,,,,,,,,,,,,,,,,,,,,,,,,,,,,,,,,,,,,,,,,,,,,,,,,,,,,,,,,,,,,,,,,,,,,,,,,,,,,,,,,,,,,,,,,,,,,,,,,,,,,,,,,,,,,,,,,,,,,,,,,,,,,,,,,,,,,,,,,,,,,,,,,,,,,,,,,,,,,,,,,,,,,,,,,,,,,,,,,,,,,,,,,,,,,,,,,,,,,,,,,,,,,,,,,,,,,,,,,,,,,,,,,,,,,,,,,,,,,,,,,,,,,,,,,,,,,,,,,,,,,,,,,,,,,,,,,,,,,,,,,,,,,,,,,,,,,,,,,,,,,,,,,,,,,,,,,,,,,,,,,,,,,,,,,,,,,,,,,,,,,,,,,,,,,,,,,,,,,,,,,,,,,,,,,,,,,,,,,,,,,,,,,,,,,,,,,,,,,,,,,,,,,,,,,,,,,,,,,,,,,,,,,,,,,,,,,,,,,,,,,,,,,,,,,,,,,,,,,,,,,,,,,,,,,,,,,,,,,,,,,,,,,,,,,,,,,,,,,,,,,,,,,,,,,,,,,,,,,,,,,,,,,,,,,,,,,,,,,,,,,,,,,,,,,,,,,,,,,,,,,,,,,,,,,,,,,,,,,,,,,,,,,,,,,,,,,,,,,,,,,,,,,,,,,,,,,,,,,,,,,,,,,,,,,,,,,,,,,,,,,,,,,,,,,,,,,,,,,,,,,,,,,,,,,,,,,,,,,,,,,,,,,,,,,,,,,,,,,,,,,,,,,,,,,,,,,,,,,,,,,,,,,,,,,,,,,,,,,,,,,,,,,,,,,,,,,,,,,,,,,,,,,,,,,,,,,,,,,,,,,,,,,,,,,,,,,,,,,,,,,,,,,,,,,,,,,,,,,,,,,,,,,,,,,,,,,,,,,,,,,,,,,,,,,,,,,,,,,,,,,,,,,,,,,,,,,,,,,,,,,,,,,,,,,,,,,,,,,,,,,,,,,,,,,,,,,,,,,,,,,,,,,,,,,,,,,,,,,,,,,,,,,,,,,,,,,,,,,,,,,,,,,,,,,,,,,,,,,,,,,,,,,,,,,,,,,,,,,,,,,,,,,,,,,,,,,,,,,,,,,,,,,,,,,,,,,,,,,,,,,,,,,,,,,,,,,,,,,,,,,,,,,,,,,,,,,,
3560,3343,2546,2379,2399,2381,2276,2391,2237,2391,2276,2381,2399,2379,2546,3343,3835,3617,2580,2433,2413,2295,2184,2283,2279,2348,2245,2207,2268,2349,2605,3607,4057,3830,2793,2456,2350,2200,2258,2348,2331,2275,2133,2159,2211,2409,2714,3836,4239,4017,2891,2535,2299,2257,2212,2310,2294,2162,2246,2161,2336,2512,2904,4018,4069,3846,2714,2374,2228,2246,2253,2110,2231,2267,2267,2180,2236,2362,2737,3848,3745,3522,2475,2272,2186,2261,2336,2246,2248,2221,2247,2150,2146,2188,2493,3522,3428,3208,2264,2238,2165,2236,2322,2203,2188,2248,2226,2193,2228,2217,2314,3207,3051,2852,2212,2270,2265,2312,2249,2112,2200,2210,2243,2277,2335,2293,2145,2816,2836,2697,2305,2272,2407,2350,2251,2275,2281,2180,2302,2341,2305,2261,2200,2584,2870,2737,2457,2173,2402,2445,2429,2553,2585,2668,2537,2423,2329,2278,2361,2768,3696,3421,3237,2929,3295,2948,3302,3481,3425,3452,3242,2990,3058,3133,3248,3589,4231,4023,3929,3538,3866,3663,3907,4076,4064,4140,4031,3773,3698,3680,3765,4074,4379,4304,4147,3834,3971,3851,4055,4256,4300,4419,4303,4053,3952,3939,3864,4172,4507,4424,4093,3743,3732,3745,3880,4124,4213,4324,4232,3990,3924,3926,3772,4301,4760,4554,3848,3446,3461,3413,3499,3713,3948,3830,3881,3693,3682,3599,3612,4524,4701,4495,3471,3204,3070,3157,3177,3448,3482,3478,3443,3274,3236,3163,3343,4466,4354,4149,3244,2929,2838,2908,3043,3239,3317,3285,3051,3045,2965,2904,3115,4116,4421,4196,3538,3305,3127,2894,3050,3341,3578,3502,3277,3277,3227,3196,3496,4205,4409,4184,3553,3351,3201,2997,3122,3466,3653,3431,3238,3244,3260,3263,3504,4192,4221,4000,3215,3224,3117,3268,3110,3793,3895,3552,3088,3116,3104,3161,3179,3969,4609,4381,3187,3249,3134,3457,3004,3886,3991,3714,3261,3393,3362,3177,3046,4379,4685,4451,3229,3154,3130,3321,3020,3825,3919,3545,3267,3347,3347,3088,3240,4462,4472,4235,3049,2888,3059,2764,3018,3614,3745,3471,3051,3110,2999,2934,3167,4253,4023,3789,2769,2723,2913,2708,2943,3266,3383,3160,2973,2926,2750,2922,3017,3787,3706,3482,2637,2628,2748,2671,2881,3155,3219,3073,2853,2801,2791,2783,2904,3486,3740,3486,2738,2722,2700,2730,2899,3209,3339,3187,2941,2803,2812,2711,2847,3545,3765,3491,2687,2658,2638,2642,2767,3016,3186,3014,2740,2595,2720,2464,2753,3574,3530,3296,2614,2638,2719,2612,2581,2847,2955,2849,2658,2651,2736,2564,2697,3330,3402,3188,2679,2562,2764,2570,2670,2912,3021,2922,2747,2706,2750,2635,2758,3191,3527,3303,2670,2566,2641,2450,2554,2791,2918,2781,2665,2594,2564,2541,2743,3323,3447,3215,2563,2474,2466,2408,2383,2466,2650,2480,2473,2437,2426,2391,2469,3235,3273,3003,2423,2331,2296,2384,2354,2545,2596,2545,2465,2404,2502,2347,2425,3090,3133,2888,2361,2298,2279,2368,2421,2567,2700,2618,2464,2333,2339,2377,2452,2979,3065,2906,2437,2309,2380,2301,2431,2498,2732,2615,2371,2344,2298,2333,2366,2875,3030,2823,2348,2268,2237,2278,2310,2498,2546,2437,2244,2269,2234,2312,2246,2807,2972,2783,2345,2274,2327,2334,2332,2523,2675,2445,2280,2309,2320,2369,2368,2758,2977,2730,2326,2285,2325,2447,2395,2561,2637,2422,2397,2266,2395,2363,2376,2850,2961,2768,2384,2341,2368,2410,2370,2458,2554,2427,2384,2256,2383,2443,2333,2793,2831,2679,2381,2443,2392,2428,2329,2391,2388,2465,2354,2278,2346,2374,2314,2613,2736,2553,2359,2383,2355,2416,2312,2372,2464,2519,2436,2340,2279,2262,2350,2615,2751,2577,2335,2356,2296,2324,2290,2378,2500,2561,2451,2284,2274,2331,2419,2632,2757,2585,2403,2275,2271,2380,2402,2470,2590,2546,2448,2405,2382,2269,2455,2603,2870,2554,2479,2428,2345,2266,2421,2558,2629,2435,2473,2508,2413,2326,2284,2670,2953,2787,2409,2362,2302,2222,2301,2516,2581,2374,2266,2391,2388,2189,2346,2679,2878,2766,2396,2250,2302,2358,2393,2541,2497,2375,2269,2370,2375,2300,2341,2661,2843,2692,2414,2304,2332,2364,2429,2617,2575,2577,2340,2325,2372,2366,2402,2646,2795,2596,2233,2322,2314,2300,2429,2512,2642,2513,2308,2271,2327,2349,2387,2668,2830,2683,2386,2325,2398,2334,2299,2318,2449,2334,2332,2248,2234,2269,2252,2677,2782,2613,2324,2369,2398,2322,2218,2494,2506,2352,2316,2269,2252,2274,2311,2607,2933,2726,2235,2360,2361,2406,2402,2601,2659,2452,2312,2292,2318,2303,2370,2776,3570,3348,2342,2301,2371,2410,2363,2542,2586,2384,2342,2344,2342,2399,2415,3345,4198,3976,2862,2523,2305,2372,2281,2475,2598,2370,2403,2324,2382,2606,2796,3971,4351,4128,3005,2622,2332,2421,2358,2532,2670,2637,2460,2386,2490,2677,2979,4129,4144,3920,2801,2362,2332,2370,2313,2552,2704,2608,2356,2298,2470,2530,2800,3921,3470,3242,2274,2172,2288,2338,2278,2401,2577,2498,2309,2192,2363,2316,2474,3259,3035,2823,2181,2250,2217,2310,2266,2292,2435,2364,2387,2245,2110,2254,2337,2842,2738,2476,2357,2356,2245,2233,2293,2333,2402,2325,2189,2241,2198,2197,2376,2604,2720,2471,2352,2317,2293,2213,2269,2345,2411,2309,2233,2271,2210,2229,2316,2509,2702,2562,2277,2381,2325,2273,2259,2389,2494,2394,2280,2245,2206,2226,2392,2629,3037,2830,2496,2507,2493,2403,2301,2647,2820,2753,2496,2329,2395,2513,2737,2893,3337,3111,2506,2503,2511,2413,2472,2720,2863,2803,2554,2426,2361,2544,2706,3116,4054,3832,2682,2489,2439,2318,2435,2661,2726,2554,2395,2403,2520,2503,2740,3834,4549,4326,3186,2825,2750,2647,2693,2920,2938,2559,2451,2614,2834,2770,3223,4326,4674,4453,3317,2998,2943,2817,2847,3238,3313,3006,2554,2765,3005,2896,3344,4452,4504,4278,3163,2934,2866,2760,2995,3419,3443,3044,2677,2750,2933,2958,3223,4285,4030,3808,2805,2803,2567,2590,2854,3269,3334,3003,2568,2629,2679,2745,2871,3792,3746,3501,2579,2509,2490,2502,2488,2913,2968,2622,2491,2497,2462,2514,2659,3530,3551,3319,2398,2422,2606,2592,2381,2759,2836,2633,2347,2410,2421,2447,2438,3325,3483,3267,2365,2420,2619,2529,2494,2739,2781,2518,2278,2490,2552,2380,2341,3242,3338,3121,2378,2245,2428,2391,2433,2679,2706,2441,2309,2435,2511,2324,2369,3125,3108,2867,2300,2307,2319,2355,2282,2580,2608,2415,2303,2317,2259,2298,2277,2935,3064,2832,2308,2245,2233,2330,2291,2461,2521,2470,2362,2390,2384,2349,2339,2873,2954,2788,2377,2289,2377,2411,2430,2561,2574,2497,2341,2420,2482,2354,2374,2754,3009,2794,2396,2348,2479,2384,2550,2621,2529,2641,2475,2397,2552,2368,2480,2777,2981,2782,2487,2433,2348,2356,2386,2508,2425,2536,2479,2458,2496,2425,2514,2835,3211,2947,2492,2311,2379,2454,2434,2479,2425,2490,2523,2450,2420,2399,2542,3017,3384,3133,2409,2432,2499,2454,2373,2450,2593,2669,2548,2454,2381,2266,2387,3167,3577,3347,2467,2429,2377,2456,2323,2338,2516,2625,2467,2426,2316,2238,2406,3356,3527,3293,2405,2335,2209,2262,2197,2315,2373,2289,2321,2333,2319,2330,2336,3308,3358,3143,2524,2301,2388,2307,2373,2475,2540,2447,2375,2337,2337,2403,2316,3135,3493,3278,3003,2742,2813,2544,2715,2887,2832,2941,2813,2621,2628,2598,2628,3280,3565,3353,3130,2851,2917,2625,2845,3005,2905,3068,2941,2730,2685,2674,2772,3349,3442,3277,2985,2745,2784,2532,2738,2871,2860,2926,2828,2607,2520,2563,2668,3223,3352,3172,2667,2584,2626,2327,2544,2711,2837,2746,2679,2648,2495,2475,2632,3154,3114,2912,2622,2465,2472,2244,2442,2649,2718,2616,2428,2499,2486,2407,2543,2942,3296,3081,2634,2448,2394,2337,2405,2746,2784,2737,2520,2469,2422,2430,2543,3070,3279,3036,2551,2380,2359,2341,2450,2686,2747,2714,2552,2467,2459,2407,2530,3066,3133,2918,2345,2297,2315,2186,2281,2574,2602,2487,2424,2365,2402,2273,2424,2875,3274,3037,2366,2330,2275,2323,2344,2654,2741,2496,2297,2430,2399,2346,2351,3046,3585,3364,2475,2441,2277,2344,2507,2930,3040,2746,2397,2418,2398,2409,2508,3367,3651,3433,2425,2303,2355,2415,2452,3019,3131,2845,2409,2435,2297,2341,2402,3425,3364,3159,2311,2251,2248,2256,2407,2836,2945,2654,2365,2346,2285,2282,2375,3119,3014,2787,2363,2332,2221,2270,2416,2861,2983,2771,2228,2299,2341,2358,2338,2795,3158,2933,2434,2439,2363,2465,2426,2904,3137,2999,2491,2367,2376,2317,2251,2948,3172,2943,2542,2475,2456,2461,2425,2830,3121,3011,2558,2337,2322,2263,2264,2974,3054,2845,2317,2270,2342,2287,2327,2526,2799,2698,2418,2365,2313,2210,2298,2840,3073,2889,2374,2302,2256,2371,2344,2523,2686,2532,2420,2284,2331,2356,2409,2857,3313,3094,2377,2281,2207,2388,2231,2688,2823,2630,2328,2265,2304,2387,2417,3097,3301,3080,2245,2255,2297,2310,2280,2727,2805,2508,2359,2343,2276,2306,2393,3088,3124,2921,2227,2255,2272,2327,2286,2600,2648,2445,2315,2302,2302,2311,2423,2865,2947,2729,2345,2240,2286,2252,2230,2355,2433,2398,2335,2327,2215,2273,2382,2751,2850,2619,2333,2232,2287,2251,2231,2383,2447,2320,2338,2405,2345,2252,2216,2634,3191,2965,2339,2202,2231,2345,2284,2359,2365,2221,2255,2349,2348,2235,2316,2978,3272,3059,2375,2249,2235,2343,2292,2372,2424,2304,2206,2318,2381,2298,2323,3050,2900,2692,2305,2193,2269,2382,2244,2329,2405,2370,2286,2265,2327,2276,2239,2723,3699,3476,2462,2230,2295,2332,2270,2279,2400,2435,2192,2234,2234,2167,2483,3475,4108,3883,2790,2409,2390,2337,2318,2340,2512,2543,2397,2375,2371,2336,2814,3886,4104,3882,2827,2493,2370,2449,2531,2608,2744,2661,2515,2519,2467,2478,2790,3882,3662,3454,2535,2305,2265,2414,2483,2619,2752,2600,2459,2473,2405,2401,2502,3428,3832,3613,2660,2289,2259,2167,2285,2511,2579,2493,2392,2441,2272,2245,2618,3610,3886,3674,2776,2307,2336,2273,2410,2504,2618,2508,2486,2404,2297,2384,2627,3665,3739,3532,2704,2364,2403,2311,2472,2549,2589,2583,2429,2315,2333,2325,2454,3516,3563,3355,2422,2222,2319,2347,2428,2394,2453,2446,2360,2295,2257,2329,2406,3332,3325,3122,2353,2247,2301,2387,2404,2364,2474,2376,2386,2360,2253,2303,2350,3105,3248,3051,2384,2310,2340,2366,2254,2367,2371,2343,2353,2312,2290,2316,2335,3027,3049,2830,2331,2336,2389,2335,2212,2301,2236,2293,2300,2295,2236,2280,2303,2840,2867,2667,2284,2395,2407,2436,2378,2297,2417,2399,2354,2284,2163,2054,2135,2725,2833,2656,2252,2345,2361,2350,2326,2287,2330,2341,2350,2337,2159,2194,2342,2718,2904,2699,2295,2228,2218,2256,2249,2304,2283,2286,2284,2315,2227,2211,2238,2644,2991,2804,2145,2204,2273,2284,2238,2257,2263,2152,2111,2243,2176,2255,2264,2764,3046,2808,2235,2152,2264,2204,2217,2201,2329,2262,2068,2099,2181,2262,2311,2849,3310,3082,2204,2139,2127,2220,2207,2262,2291,2238,2138,2109,2093,2189,2210,3093,3334,3108,2166,2095,2082,2173,2201,2205,2107,2184,2067,2128,1992,2130,2191,3118,3280,3055,2072,2034,2095,2021,2047,2084,2115,2068,2007,1936,1982,2114,2158,3056,3394,3164,2148,2040,1976,1935,2041,1968,2047,2058,1960,2017,2021,2091,2072,3171,3262,3031,2024,1987,2034,1968,2012,1979,1975,2106,1969,2020,2028,2002,2055,3041,3006,2786,2118,2011,2027,2033,2059,2122,2201,2106,2020,2038,2015,1892,2042,2769,2904,2705,2165,2054,2063,1985,2137,2293,2400,2277,2058,2032,1991,1984,2049,2645
,,,,,,,,,,,,,,,,,,,,,,,,,,,,,,,,,,,,,,,,,,,,,,,,,,,,,,,,,,,,,,,,,,,,,,,,,,,,,,,,,,,,,,,,,,,,,,,,,,,,,,,,,,,,,,,,,,,,,,,,,,,,,,,,,,,,,,,,,,,,,,,,,,,,,,,,,,,,,,,,,,,,,,,,,,,,,,,,,,,,,,,,,,,,,,,,,,,,,,,,,,,,,,,,,,,,,,,,,,,,,,,,,,,,,,,,,,,,,,,,,,,,,,,,,,,,,,,,,,,,,,,,,,,,,,,,,,,,,,,,,,,,,,,,,,,,,,,,,,,,,,,,,,,,,,,,,,,,,,,,,,,,,,,,,,,,,,,,,,,,,,,,,,,,,,,,,,,,,,,,,,,,,,,,,,,,,,,,,,,,,,,,,,,,,,,,,,,,,,,,,,,,,,,,,,,,,,,,,,,,,,,,,,,,,,,,,,,,,,,,,,,,,,,,,,,,,,,,,,,,,,,,,,,,,,,,,,,,,,,,,,,,,,,,,,,,,,,,,,,,,,,,,,,,,,,,,,,,,,,,,,,,,,,,,,,,,,,,,,,,,,,,,,,,,,,,,,,,,,,,,,,,,,,,,,,,,,,,,,,,,,,,,,,,,,,,,,,,,,,,,,,,,,,,,,,,,,,,,,,,,,,,,,,,,,,,,,,,,,,,,,,,,,,,,,,,,,,,,,,,,,,,,,,,,,,,,,,,,,,,,,,,,,,,,,,,,,,,,,,,,,,,,,,,,,,,,,,,,,,,,,,,,,,,,,,,,,,,,,,,,,,,,,,,,,,,,,,,,,,,,,,,,,,,,,,,,,,,,,,,,,,,,,,,,,,,,,,,,,,,,,,,,,,,,,,,,,,,,,,,,,,,,,,,,,,,,,,,,,,,,,,,,,,,,,,,,,,,,,,,,,,,,,,,,,,,,,,,,,,,,,,,,,,,,,,,,,,,,,,,,,,,,,,,,,,,,,,,,,,,,,,,,,,,,,,,,,,,,,,,,,,,,,,,,,,,,,,,,,,,,,,,,,,,,,,,,,,,,,,,,,,,,,,,,,,,,,,,,,,,,,,,,,,,,,,,,,,,,,,,,,,,,,,,,,,,,,,,,,,,,,,,,,,,,,,,,,,,,,,,,,,,,,,,,,,,,,,,,,,,,,,,,,,,,,,,,,,,,,,,,,,,,,,,,,,,,,,,,,,,,,,,,,,,,,,,,,,,,,,,,,,,,,,,,,,,,,,,,,,,,,,,,,,,,,,,,,,,,,,,,,,,,,,,,,,,,,,,,,,,,,,,,,,,,,,,,,,,,,,,,,,,,,,,,,,,,,,,,,,,,,,,,,,,,,,,,,,,,,,,,,,,,,,,,,,,,,,,,,,,,,,,,,,,,,,,,,,,,,,,,,,,,,,,,,,,,,,,,,,,,,,,,,,,,,,,,,,,,,,,,,,,,,,,,,,,,,,,,,,,,,,,,,,,,,,,,,,,,,,,,,,,,,,,,,,,,,,,,,,,,,,,,,,,,,,,,,,,,,,,,,,,,,,,,,,,,,,,,,,,,,,,,,,,,,,,,,,,,,,,,,,,,,,,,,,,,,,,,,,,,,,,,,,,,,,,,,,,,,,,,,,,,,,,,,,,,,,,,,,,,,,,,,,,,,,,,,,,,,,,,,,,,,,,,,,,,,,,,,,,,,,,,,,,,,,,,,,,,,,,,,,,,,,,,,,,,,,,,,,,,,,,,,,,,,,,,,,,,,,,,,,,,,,,,,,,,,,,,,,,,,,,,,,,,,,,,,,,,,,,,,,,,,,,,,,,,,,,,,,,,,,,,,,,,,,,,,,,,,,,,,,,,,,,,,,,,,,,,,,,,,,,,,,,,,,,,,,,,,,,,,,,,,,,,,,,,,,,,,,,,,,,,,,,,,,,,,,,,,,,,,,,,,,,,,,,,,,,,,,,,,,,,,,,,,,,,,,,,,,,,,,,,,,,,,,,,,,,,,,,,,,,,,,,,,,,,,,,,,,,,,,,,,,,,,,,,,,,,,,,,,,,,,,,,,,,,,,,,,,,,,,,,,,,,,,,,,,,,,,,,,,,,,,,,,,,,,,,,,,,,,,,,,,,,,,,,,,,,,,,,,,,,,,,,,,,,,,,,,,,,,,,,,,,,,,,,,,,,,,,,,,,,,,,,,,,,,,,,,,,,,,,,,,,,,,,,,,,,,,,,,,,,,,
,,,,,,,,,,,,,,,,,,,,,,,,,,,,,,,,,,,,,,,,,,,,,,,,,,,,,,,,,,,,,,,,,,,,,,,,,,,,,,,,,,,,,,,,,,,,,,,,,,,,,,,,,,,,,,,,,,,,,,,,,,,,,,,,,,,,,,,,,,,,,,,,,,,,,,,,,,,,,,,,,,,,,,,,,,,,,,,,,,,,,,,,,,,,,,,,,,,,,,,,,,,,,,,,,,,,,,,,,,,,,,,,,,,,,,,,,,,,,,,,,,,,,,,,,,,,,,,,,,,,,,,,,,,,,,,,,,,,,,,,,,,,,,,,,,,,,,,,,,,,,,,,,,,,,,,,,,,,,,,,,,,,,,,,,,,,,,,,,,,,,,,,,,,,,,,,,,,,,,,,,,,,,,,,,,,,,,,,,,,,,,,,,,,,,,,,,,,,,,,,,,,,,,,,,,,,,,,,,,,,,,,,,,,,,,,,,,,,,,,,,,,,,,,,,,,,,,,,,,,,,,,,,,,,,,,,,,,,,,,,,,,,,,,,,,,,,,,,,,,,,,,,,,,,,,,,,,,,,,,,,,,,,,,,,,,,,,,,,,,,,,,,,,,,,,,,,,,,,,,,,,,,,,,,,,,,,,,,,,,,,,,,,,,,,,,,,,,,,,,,,,,,,,,,,,,,,,,,,,,,,,,,,,,,,,,,,,,,,,,,,,,,,,,,,,,,,,,,,,,,,,,,,,,,,,,,,,,,,,,,,,,,,,,,,,,,,,,,,,,,,,,,,,,,,,,,,,,,,,,,,,,,,,,,,,,,,,,,,,,,,,,,,,,,,,,,,,,,,,,,,,,,,,,,,,,,,,,,,,,,,,,,,,,,,,,,,,,,,,,,,,,,,,,,,,,,,,,,,,,,,,,,,,,,,,,,,,,,,,,,,,,,,,,,,,,,,,,,,,,,,,,,,,,,,,,,,,,,,,,,,,,,,,,,,,,,,,,,,,,,,,,,,,,,,,,,,,,,,,,,,,,,,,,,,,,,,,,,,,,,,,,,,,,,,,,,,,,,,,,,,,,,,,,,,,,,,,,,,,,,,,,,,,,,,,,,,,,,,,,,,,,,,,,,,,,,,,,,,,,,,,,,,,,,,,,,,,,,,,,,,,,,,,,,,,,,,,,,,,,,,,,,,,,,,,,,,,,,,,,,,,,,,,,,,,,,,,,,,,,,,,,,,,,,,,,,,,,,,,,,,,,,,,,,,,,,,,,,,,,,,,,,,,,,,,,,,,,,,,,,,,,,,,,,,,,,,,,,,,,,,,,,,,,,,,,,,,,,,,,,,,,,,,,,,,,,,,,,,,,,,,,,,,,,,,,,,,,,,,,,,,,,,,,,,,,,,,,,,,,,,,,,,,,,,,,,,,,,,,,,,,,,,,,,,,,,,,,,,,,,,,,,,,,,,,,,,,,,,,,,,,,,,,,,,,,,,,,,,,,,,,,,,,,,,,,,,,,,,,,,,,,,,,,,,,,,,,,,,,,,,,,,,,,,,,,,,,,,,,,,,,,,,,,,,,,,,,,,,,,,,,,,,,,,,,,,,,,,,,,,,,,,,,,,,,,,,,,,,,,,,,,,,,,,,,,,,,,,,,,,,,,,,,,,,,,,,,,,,,,,,,,,,,,,,,,,,,,,,,,,,,,,,,,,,,,,,,,,,,,,,,,,,,,,,,,,,,,,,,,,,,,,,,,,,,,,,,,,,,,,,,,,,,,,,,,,,,,,,,,,,,,,,,,,,,,,,,,,,,,,,,,,,,,,,,,,,,,,,,,,,,,,,,,,,,,,,,,,,,,,,,,,,,,,,,,,,,,,,,,,,,,,,,,,,,,,,,,,,,,,,,,,,,,,,,,,,,,,,,,,,,,,,,,,,,,,,,,,,,,,,,,,,,,,,,,,,,,,,,,,,,,,,,,,,,,,,,,,,,,,,,,,,,,,,,,,,,,,,,,,,,,,,,,,,,,,,,,,,,,,,,,,,,,,,,,,,,,,,,,,,,,,,,,,,,,,,,,,,,,,,,,,,,,,,,,,,,,,,,,,,,,,,,,,,,,,,,,,,,,,,,,,,,,,,,,,,,,,,,,,,,,,,,,,,,,,,,,,,,,,,,,,,,,,,,,,,,,,,,,,,,,,,,,,,,,,,,,,,,,,,,,,,,,,,,,,,,,,,,,,,,,,,,,,,,,,,,,,,,,,,,,,,,,,,,,,,,,,,,,,,,,,,,,
,,,,,,,,,,,,,,,,,,,,,,,,,,,,,,,,,,,,,,,,,,,,,,,,,,,,,,,,,,,,,,,,,,,,,,,,,,,,,,,,,,,,,,,,,,,,,,,,,,,,,,,,,,,,,,,,,,,,,,,,,,,,,,,,,,,,,,,,,,,,,,,,,,,,,,,,,,,,,,,,,,,,,,,,,,,,,,,,,,,,,,,,,,,,,,,,,,,,,,,,,,,,,,,,,,,,,,,,,,,,,,,,,,,,,,,,,,,,,,,,,,,,,,,,,,,,,,,,,,,,,,,,,,,,,,,,,,,,,,,,,,,,,,,,,,,,,,,,,,,,,,,,,,,,,,,,,,,,,,,,,,,,,,,,,,,,,,,,,,,,,,,,,,,,,,,,,,,,,,,,,,,,,,,,,,,,,,,,,,,,,,,,,,,,,,,,,,,,,,,,,,,,,,,,,,,,,,,,,,,,,,,,,,,,,,,,,,,,,,,,,,,,,,,,,,,,,,,,,,,,,,,,,,,,,,,,,,,,,,,,,,,,,,,,,,,,,,,,,,,,,,,,,,,,,,,,,,,,,,,,,,,,,,,,,,,,,,,,,,,,,,,,,,,,,,,,,,,,,,,,,,,,,,,,,,,,,,,,,,,,,,,,,,,,,,,,,,,,,,,,,,,,,,,,,,,,,,,,,,,,,,,,,,,,,,,,,,,,,,,,,,,,,,,,,,,,,,,,,,,,,,,,,,,,,,,,,,,,,,,,,,,,,,,,,,,,,,,,,,,,,,,,,,,,,,,,,,,,,,,,,,,,,,,,,,,,,,,,,,,,,,,,,,,,,,,,,,,,,,,,,,,,,,,,,,,,,,,,,,,,,,,,,,,,,,,,,,,,,,,,,,,,,,,,,,,,,,,,,,,,,,,,,,,,,,,,,,,,,,,,,,,,,,,,,,,,,,,,,,,,,,,,,,,,,,,,,,,,,,,,,,,,,,,,,,,,,,,,,,,,,,,,,,,,,,,,,,,,,,,,,,,,,,,,,,,,,,,,,,,,,,,,,,,,,,,,,,,,,,,,,,,,,,,,,,,,,,,,,,,,,,,,,,,,,,,,,,,,,,,,,,,,,,,,,,,,,,,,,,,,,,,,,,,,,,,,,,,,,,,,,,,,,,,,,,,,,,,,,,,,,,,,,,,,,,,,,,,,,,,,,,,,,,,,,,,,,,,,,,,,,,,,,,,,,,,,,,,,,,,,,,,,,,,,,,,,,,,,,,,,,,,,,,,,,,,,,,,,,,,,,,,,,,,,,,,,,,,,,,,,,,,,,,,,,,,,,,,,,,,,,,,,,,,,,,,,,,,,,,,,,,,,,,,,,,,,,,,,,,,,,,,,,,,,,,,,,,,,,,,,,,,,,,,,,,,,,,,,,,,,,,,,,,,,,,,,,,,,,,,,,,,,,,,,,,,,,,,,,,,,,,,,,,,,,,,,,,,,,,,,,,,,,,,,,,,,,,,,,,,,,,,,,,,,,,,,,,,,,,,,,,,,,,,,,,,,,,,,,,,,,,,,,,,,,,,,,,,,,,,,,,,,,,,,,,,,,,,,,,,,,,,,,,,,,,,,,,,,,,,,,,,,,,,,,,,,,,,,,,,,,,,,,,,,,,,,,,,,,,,,,,,,,,,,,,,,,,,,,,,,,,,,,,,,,,,,,,,,,,,,,,,,,,,,,,,,,,,,,,,,,,,,,,,,,,,,,,,,,,,,,,,,,,,,,,,,,,,,,,,,,,,,,,,,,,,,,,,,,,,,,,,,,,,,,,,,,,,,,,,,,,,,,,,,,,,,,,,,,,,,,,,,,,,,,,,,,,,,,,,,,,,,,,,,,,,,,,,,,,,,,,,,,,,,,,,,,,,,,,,,,,,,,,,,,,,,,,,,,,,,,,,,,,,,,,,,,,,,,,,,,,,,,,,,,,,,,,,,,,,,,,,,,,,,,,,,,,,,,,,,,,,,,,,,,,,,,,,,,,,,,,,,,,,,,,,,,,,,,,,,,,,,,,,,,,,,,,,,,,,,,,,,,,,,,,,,,,,,,,,,,,,,,,,,,,,,,,,,,,,,,,,,,,,,,,,,,,,,,,,,,,,,,,,,,,,,,,,,,,,,,,,,,,,,,,,,,,,,,,,,,,,,,,,,,,,,,,,,,,,,,,,,,,,,,,,,,,,,,,,,,,,,,,,,,,,,,,,,,,,,,,,,,,,,,,,,,,,,,,,,,,,,,,,
,,,,,,,,,,,,,,,,,,,,,,,,,,,,,,,,,,,,,,,,,,,,,,,,,,,,,,,,,,,,,,,,,,,,,,,,,,,,,,,,,,,,,,,,,,,,,,,,,,,,,,,,,,,,,,,,,,,,,,,,,,,,,,,,,,,,,,,,,,,,,,,,,,,,,,,,,,,,,,,,,,,,,,,,,,,,,,,,,,,,,,,,,,,,,,,,,,,,,,,,,,,,,,,,,,,,,,,,,,,,,,,,,,,,,,,,,,,,,,,,,,,,,,,,,,,,,,,,,,,,,,,,,,,,,,,,,,,,,,,,,,,,,,,,,,,,,,,,,,,,,,,,,,,,,,,,,,,,,,,,,,,,,,,,,,,,,,,,,,,,,,,,,,,,,,,,,,,,,,,,,,,,,,,,,,,,,,,,,,,,,,,,,,,,,,,,,,,,,,,,,,,,,,,,,,,,,,,,,,,,,,,,,,,,,,,,,,,,,,,,,,,,,,,,,,,,,,,,,,,,,,,,,,,,,,,,,,,,,,,,,,,,,,,,,,,,,,,,,,,,,,,,,,,,,,,,,,,,,,,,,,,,,,,,,,,,,,,,,,,,,,,,,,,,,,,,,,,,,,,,,,,,,,,,,,,,,,,,,,,,,,,,,,,,,,,,,,,,,,,,,,,,,,,,,,,,,,,,,,,,,,,,,,,,,,,,,,,,,,,,,,,,,,,,,,,,,,,,,,,,,,,,,,,,,,,,,,,,,,,,,,,,,,,,,,,,,,,,,,,,,,,,,,,,,,,,,,,,,,,,,,,,,,,,,,,,,,,,,,,,,,,,,,,,,,,,,,,,,,,,,,,,,,,,,,,,,,,,,,,,,,,,,,,,,,,,,,,,,,,,,,,,,,,,,,,,,,,,,,,,,,,,,,,,,,,,,,,,,,,,,,,,,,,,,,,,,,,,,,,,,,,,,,,,,,,,,,,,,,,,,,,,,,,,,,,,,,,,,,,,,,,,,,,,,,,,,,,,,,,,,,,,,,,,,,,,,,,,,,,,,,,,,,,,,,,,,,,,,,,,,,,,,,,,,,,,,,,,,,,,,,,,,,,,,,,,,,,,,,,,,,,,,,,,,,,,,,,,,,,,,,,,,,,,,,,,,,,,,,,,,,,,,,,,,,,,,,,,,,,,,,,,,,,,,,,,,,,,,,,,,,,,,,,,,,,,,,,,,,,,,,,,,,,,,,,,,,,,,,,,,,,,,,,,,,,,,,,,,,,,,,,,,,,,,,,,,,,,,,,,,,,,,,,,,,,,,,,,,,,,,,,,,,,,,,,,,,,,,,,,,,,,,,,,,,,,,,,,,,,,,,,,,,,,,,,,,,,,,,,,,,,,,,,,,,,,,,,,,,,,,,,,,,,,,,,,,,,,,,,,,,,,,,,,,,,,,,,,,,,,,,,,,,,,,,,,,,,,,,,,,,,,,,,,,,,,,,,,,,,,,,,,,,,,,,,,,,,,,,,,,,,,,,,,,,,,,,,,,,,,,,,,,,,,,,,,,,,,,,,,,,,,,,,,,,,,,,,,,,,,,,,,,,,,,,,,,,,,,,,,,,,,,,,,,,,,,,,,,,,,,,,,,,,,,,,,,,,,,,,,,,,,,,,,,,,,,,,,,,,,,,,,,,,,,,,,,,,,,,,,,,,,,,,,,,,,,,,,,,,,,,,,,,,,,,,,,,,,,,,,,,,,,,,,,,,,,,,,,,,,,,,,,,,,,,,,,,,,,,,,,,,,,,,,,,,,,,,,,,,,,,,,,,,,,,,,,,,,,,,,,,,,,,,,,,,,,,,,,,,,,,,,,,,,,,,,,,,,,,,,,,,,,,,,,,,,,,,,,,,,,,,,,,,,,,,,,,,,,,,,,,,,,,,,,,,,,,,,,,,,,,,,,,,,,,,,,,,,,,,,,,,,,,,,,,,,,,,,,,,,,,,,,,,,,,,,,,,,,,,,,,,,,,,,,,,,,,,,,,,,,,,,,,,,,,,,,,,,,,,,,,,,,,,,,,,,,,,,,,,,,,,,,,,,,,,,,,,,,,,,,,,,,,,,,,,,,,,,,,,,,,,,,,,,,,,,,,,,,,,,,,,,,,,,,,,,,,,,,,,,,,,,,,,,,,,,,,,,,,,,,,,,,,,,,,,,,,,,,,,,,,,,,,,,,,,,,,,,,,,,,,,,,,,,,,,,,,,,,,,,,,,,,,,,,,,,,,,,,,,,,,,,,,,
,,,,,,,,,,,,,,,,,,,,,,,,,,,,,,,,,,,,,,,,,,,,,,,,,,,,,,,,,,,,,,,,,,,,,,,,,,,,,,,,,,,,,,,,,,,,,,,,,,,,,,,,,,,,,,,,,,,,,,,,,,,,,,,,,,,,,,,,,,,,,,,,,,,,,,,,,,,,,,,,,,,,,,,,,,,,,,,,,,,,,,,,,,,,,,,,,,,,,,,,,,,,,,,,,,,,,,,,,,,,,,,,,,,,,,,,,,,,,,,,,,,,,,,,,,,,,,,,,,,,,,,,,,,,,,,,,,,,,,,,,,,,,,,,,,,,,,,,,,,,,,,,,,,,,,,,,,,,,,,,,,,,,,,,,,,,,,,,,,,,,,,,,,,,,,,,,,,,,,,,,,,,,,,,,,,,,,,,,,,,,,,,,,,,,,,,,,,,,,,,,,,,,,,,,,,,,,,,,,,,,,,,,,,,,,,,,,,,,,,,,,,,,,,,,,,,,,,,,,,,,,,,,,,,,,,,,,,,,,,,,,,,,,,,,,,,,,,,,,,,,,,,,,,,,,,,,,,,,,,,,,,,,,,,,,,,,,,,,,,,,,,,,,,,,,,,,,,,,,,,,,,,,,,,,,,,,,,,,,,,,,,,,,,,,,,,,,,,,,,,,,,,,,,,,,,,,,,,,,,,,,,,,,,,,,,,,,,,,,,,,,,,,,,,,,,,,,,,,,,,,,,,,,,,,,,,,,,,,,,,,,,,,,,,,,,,,,,,,,,,,,,,,,,,,,,,,,,,,,,,,,,,,,,,,,,,,,,,,,,,,,,,,,,,,,,,,,,,,,,,,,,,,,,,,,,,,,,,,,,,,,,,,,,,,,,,,,,,,,,,,,,,,,,,,,,,,,,,,,,,,,,,,,,,,,,,,,,,,,,,,,,,,,,,,,,,,,,,,,,,,,,,,,,,,,,,,,,,,,,,,,,,,,,,,,,,,,,,,,,,,,,,,,,,,,,,,,,,,,,,,,,,,,,,,,,,,,,,,,,,,,,,,,,,,,,,,,,,,,,,,,,,,,,,,,,,,,,,,,,,,,,,,,,,,,,,,,,,,,,,,,,,,,,,,,,,,,,,,,,,,,,,,,,,,,,,,,,,,,,,,,,,,,,,,,,,,,,,,,,,,,,,,,,,,,,,,,,,,,,,,,,,,,,,,,,,,,,,,,,,,,,,,,,,,,,,,,,,,,,,,,,,,,,,,,,,,,,,,,,,,,,,,,,,,,,,,,,,,,,,,,,,,,,,,,,,,,,,,,,,,,,,,,,,,,,,,,,,,,,,,,,,,,,,,,,,,,,,,,,,,,,,,,,,,,,,,,,,,,,,,,,,,,,,,,,,,,,,,,,,,,,,,,,,,,,,,,,,,,,,,,,,,,,,,,,,,,,,,,,,,,,,,,,,,,,,,,,,,,,,,,,,,,,,,,,,,,,,,,,,,,,,,,,,,,,,,,,,,,,,,,,,,,,,,,,,,,,,,,,,,,,,,,,,,,,,,,,,,,,,,,,,,,,,,,,,,,,,,,,,,,,,,,,,,,,,,,,,,,,,,,,,,,,,,,,,,,,,,,,,,,,,,,,,,,,,,,,,,,,,,,,,,,,,,,,,,,,,,,,,,,,,,,,,,,,,,,,,,,,,,,,,,,,,,,,,,,,,,,,,,,,,,,,,,,,,,,,,,,,,,,,,,,,,,,,,,,,,,,,,,,,,,,,,,,,,,,,,,,,,,,,,,,,,,,,,,,,,,,,,,,,,,,,,,,,,,,,,,,,,,,,,,,,,,,,,,,,,,,,,,,,,,,,,,,,,,,,,,,,,,,,,,,,,,,,,,,,,,,,,,,,,,,,,,,,,,,,,,,,,,,,,,,,,,,,,,,,,,,,,,,,,,,,,,,,,,,,,,,,,,,,,,,,,,,,,,,,,,,,,,,,,,,,,,,,,,,,,,,,,,,,,,,,,,,,,,,,,,,,,,,,,,,,,,,,,,,,,,,,,,,,,,,,,,,,,,,,,,,,,,,,,,,,,,,,,,,,,,,,,,,,,,,,,,,,,,,,,,,,,,,,,,,,,,,,,,,,,,,,,,,,,,,,,,,,,,,,,,,,,,,,,,,,,,,,,,,,,,,,,,,,,,,,,,,,,,,,,,,,,,,,,,,,,,,,,,,,,,,,,,,,,,,,,,,,,,,,,,,,,,,,,,,,,,,,,,,,,,,,,,,,,,,,
3580,3372,2543,2353,2411,2404,2381,2399,2216,2399,2381,2404,2411,2353,2543,3372,3841,3619,2558,2326,2296,2297,2371,2358,2330,2226,2354,2374,2368,2378,2621,3620,4053,3830,2722,2438,2294,2327,2249,2279,2319,2212,2243,2365,2328,2452,2711,3830,4239,4017,2878,2540,2293,2345,2275,2244,2286,2297,2257,2372,2379,2461,2888,4017,4068,3847,2703,2446,2247,2152,2132,2173,2237,2202,2197,2288,2331,2335,2746,3844,3749,3525,2360,2288,2267,2237,2235,2292,2289,2270,2205,2209,2219,2329,2523,3526,3434,3212,2379,2228,2194,2295,2338,2261,2155,2224,2283,2268,2267,2335,2475,3215,3072,2867,2327,2289,2264,2322,2319,2334,2266,2334,2251,2263,2322,2226,2318,2865,2839,2663,2336,2359,2357,2413,2333,2255,2286,2268,2238,2286,2305,2298,2320,2637,2827,2700,2434,2364,2400,2441,2520,2517,2476,2540,2445,2373,2395,2383,2411,2691,3724,3350,3284,3036,3053,2983,3489,3608,3373,3211,3052,3060,3048,3007,3372,3652,4086,4084,3796,3746,3510,3625,4055,4159,3904,4001,3878,3762,3656,3642,3756,4040,4300,4255,3984,3973,3869,3773,4175,4239,4167,4302,4199,3959,3837,3936,4103,4049,4501,4353,3947,3917,3851,3677,3858,3967,4108,4200,4175,3853,3755,3876,4073,4255,4759,4506,3738,3596,3530,3472,3485,3622,3828,3898,3866,3368,3526,3529,3776,4549,4702,4456,3392,3294,3181,3104,3190,3280,3262,3419,3418,3185,3225,3063,3555,4501,4348,4100,3033,3124,3068,2968,3020,3231,3300,3201,3152,3066,2912,2991,3209,4142,4398,4161,3370,3384,3291,3132,3234,3494,3598,3490,3222,3064,3030,3268,3417,4186,4394,4164,3391,3334,3297,3197,3244,3576,3575,3421,3240,3125,3120,3250,3415,4186,4227,4009,3192,2906,2986,2874,3258,3806,3880,3485,3026,3061,2923,3131,3246,4004,4609,4382,3381,2853,2770,2887,3382,3923,3977,3676,3209,3092,2868,3212,3298,4396,4688,4456,3395,2867,2943,2948,3316,3898,3923,3665,3268,3148,3021,3261,3397,4475,4474,4237,3110,2940,2929,2805,3106,3621,3740,3513,3140,3050,3012,3114,3248,4264,4019,3769,2802,2814,2876,2960,2924,3210,3383,3239,2942,2766,2906,3019,3097,3820,3703,3487,2710,2743,2817,2927,2975,3141,3256,3204,2858,2689,2757,2800,3001,3495,3732,3543,2745,2847,2876,2803,3005,3180,3359,3303,2936,2727,2663,2708,3008,3513,3782,3543,2713,2686,2710,2604,2824,2998,3196,3116,2764,2595,2570,2561,2806,3582,3545,3318,2628,2554,2591,2589,2695,2951,2974,2851,2593,2554,2606,2486,2773,3350,3382,3172,2559,2633,2662,2578,2747,2924,2912,2799,2694,2610,2570,2619,2837,3172,3533,3313,2498,2517,2553,2510,2624,2742,2797,2647,2565,2458,2409,2543,2796,3328,3453,3228,2488,2318,2447,2326,2471,2651,2656,2510,2415,2336,2352,2450,2668,3248,3292,3063,2428,2385,2429,2356,2521,2678,2708,2618,2432,2387,2460,2442,2589,3113,3125,2885,2573,2462,2304,2408,2421,2686,2856,2759,2408,2346,2439,2494,2563,2952,2942,2751,2554,2497,2447,2347,2416,2670,2761,2706,2505,2430,2374,2444,2453,2792,2948,2776,2473,2326,2331,2280,2346,2556,2648,2612,2565,2345,2276,2363,2384,2659,2922,2679,2398,2287,2290,2267,2356,2590,2647,2509,2382,2094,2358,2398,2394,2731,3009,2813,2392,2407,2456,2473,2456,2517,2576,2401,2397,2263,2364,2452,2534,2814,3024,2836,2443,2510,2514,2477,2417,2415,2499,2533,2389,2343,2479,2429,2513,2839,2881,2660,2380,2492,2441,2400,2412,2414,2487,2491,2477,2355,2382,2354,2427,2751,2788,2576,2298,2400,2446,2362,2411,2468,2450,2438,2449,2339,2321,2357,2423,2687,2888,2649,2427,2396,2427,2273,2376,2488,2569,2435,2215,2304,2327,2319,2328,2700,2745,2573,2474,2470,2398,2413,2456,2543,2685,2649,2349,2262,2260,2294,2379,2554,2974,2862,2422,2431,2382,2450,2488,2490,2680,2676,2522,2334,2413,2343,2304,2737,2997,2820,2454,2338,2248,2400,2477,2348,2407,2476,2464,2422,2404,2319,2310,2753,2848,2616,2359,2269,2335,2386,2433,2500,2462,2421,2413,2322,2375,2316,2274,2688,2876,2655,2353,2300,2426,2440,2370,2501,2597,2541,2346,2298,2314,2381,2328,2676,2898,2672,2394,2339,2437,2330,2278,2463,2616,2474,2358,2331,2255,2267,2277,2682,2852,2676,2274,2239,2391,2429,2294,2424,2444,2338,2319,2405,2380,2270,2308,2651,2820,2659,2327,2221,2368,2393,2415,2492,2605,2469,2216,2369,2422,2386,2372,2557,2910,2718,2362,2325,2327,2398,2482,2427,2520,2488,2416,2379,2382,2368,2420,2720,3563,3343,2363,2357,2456,2334,2323,2484,2611,2540,2382,2225,2403,2454,2488,3342,4197,3974,2882,2490,2414,2423,2290,2468,2667,2531,2352,2382,2387,2557,2852,3970,4351,4130,3035,2598,2372,2432,2361,2517,2716,2640,2365,2441,2479,2637,2996,4128,4144,3924,2855,2365,2307,2416,2384,2440,2707,2670,2356,2321,2338,2477,2788,3919,3473,3268,2465,2363,2269,2293,2378,2403,2529,2491,2348,2380,2325,2274,2312,3237,3021,2809,2366,2421,2284,2315,2372,2301,2398,2368,2343,2431,2385,2338,2188,2806,2763,2581,2406,2347,2258,2350,2361,2259,2379,2419,2310,2291,2368,2370,2346,2517,2728,2592,2347,2353,2388,2309,2330,2241,2410,2449,2338,2224,2262,2335,2341,2532,2761,2527,2348,2323,2398,2368,2321,2242,2428,2435,2320,2179,2417,2391,2305,2548,3034,2818,2490,2505,2420,2490,2335,2433,2716,2661,2356,2467,2525,2570,2416,2798,3339,3117,2563,2556,2505,2571,2423,2583,2797,2675,2393,2453,2443,2539,2495,3120,4052,3831,2720,2558,2432,2492,2511,2571,2649,2537,2427,2459,2430,2537,2764,3833,4549,4325,3196,2857,2638,2625,2752,2882,2913,2780,2660,2555,2547,2857,3206,4326,4676,4456,3340,2995,2707,2725,2928,3268,3358,3091,2952,2713,2625,3018,3352,4454,4505,4280,3225,2973,2776,2736,3052,3431,3531,3151,2991,2736,2658,2914,3165,4286,4024,3803,2708,2740,2553,2622,2850,3238,3378,3090,2743,2612,2580,2643,2775,3784,3747,3521,2562,2476,2490,2415,2533,2833,3007,2828,2481,2475,2508,2528,2600,3530,3561,3326,2482,2460,2577,2471,2465,2771,2887,2679,2350,2454,2476,2462,2464,3352,3491,3260,2406,2497,2613,2559,2367,2744,2856,2710,2400,2458,2546,2437,2356,3267,3351,3144,2384,2407,2524,2488,2356,2655,2822,2649,2508,2546,2529,2382,2304,3118,3143,2909,2431,2482,2510,2471,2401,2500,2673,2516,2526,2484,2405,2275,2275,2911,2974,2698,2389,2419,2429,2343,2410,2366,2563,2476,2425,2401,2357,2218,2339,2792,2859,2650,2300,2338,2365,2396,2583,2637,2551,2445,2427,2343,2328,2283,2447,2726,3018,2777,2410,2385,2396,2401,2684,2761,2672,2454,2381,2317,2226,2343,2459,2797,2972,2767,2411,2440,2325,2354,2584,2715,2620,2416,2345,2312,2386,2397,2526,2796,3193,2973,2358,2470,2509,2457,2483,2640,2634,2430,2404,2347,2453,2465,2528,2957,3384,3189,2499,2478,2555,2491,2304,2577,2630,2551,2516,2546,2522,2470,2514,3131,3569,3341,2428,2412,2494,2507,2402,2438,2578,2571,2471,2551,2446,2386,2515,3353,3523,3285,2438,2343,2366,2345,2306,2402,2497,2408,2452,2424,2371,2305,2461,3320,3367,3157,2402,2360,2311,2516,2491,2473,2426,2393,2482,2378,2378,2259,2268,3164,3499,3322,3013,2657,2491,2699,2705,2740,2763,2867,2802,2558,2494,2502,2606,3312,3620,3407,3156,2846,2456,2737,2829,2902,2891,3055,2937,2585,2613,2716,2801,3440,3460,3295,3006,2748,2480,2615,2757,2825,2798,2894,2792,2563,2557,2640,2810,3298,3325,3089,2728,2548,2615,2538,2735,2768,2691,2663,2601,2529,2433,2560,2677,3140,3204,3019,2573,2411,2468,2484,2551,2629,2651,2525,2513,2544,2455,2433,2568,3012,3358,3183,2655,2522,2483,2504,2462,2500,2704,2738,2719,2593,2547,2431,2565,3139,3380,3207,2716,2551,2476,2497,2478,2528,2669,2733,2681,2614,2460,2386,2627,3147,3215,2985,2631,2512,2309,2322,2285,2543,2624,2544,2484,2446,2344,2342,2545,3048,3273,3042,2395,2361,2327,2276,2349,2595,2702,2535,2344,2342,2258,2259,2430,3061,3581,3361,2409,2385,2281,2295,2498,2914,2982,2687,2405,2328,2258,2188,2384,3365,3619,3394,2418,2384,2373,2364,2452,2998,3071,2696,2271,2258,2341,2319,2449,3394,3319,3095,2323,2293,2278,2390,2426,2801,2888,2655,2405,2376,2386,2348,2308,3110,3076,2866,2244,2224,2331,2396,2384,2694,2705,2664,2455,2408,2356,2369,2317,2831,3258,3045,2293,2294,2319,2306,2307,2714,3047,2965,2435,2440,2336,2356,2358,3038,3209,3029,2344,2329,2307,2326,2241,2694,3017,2976,2452,2407,2248,2290,2325,2992,2989,2807,2380,2406,2382,2352,2226,2421,2738,2741,2484,2404,2243,2284,2413,2804,3121,2926,2417,2410,2415,2378,2408,2527,2638,2553,2459,2411,2345,2414,2427,2898,3338,3114,2392,2392,2391,2386,2419,2761,2843,2702,2462,2372,2391,2444,2326,3118,3266,2992,2352,2313,2382,2445,2420,2769,2860,2693,2441,2265,2429,2424,2319,3054,3108,2915,2368,2312,2324,2471,2418,2613,2707,2522,2380,2213,2395,2302,2395,2894,2991,2774,2309,2344,2358,2384,2381,2469,2491,2355,2342,2365,2390,2241,2410,2792,2914,2615,2258,2231,2307,2297,2353,2383,2333,2259,2179,2248,2369,2350,2310,2724,3213,2996,2256,2158,2267,2330,2370,2428,2398,2205,2255,2227,2333,2268,2315,2982,3282,3068,2285,2283,2266,2185,2349,2397,2399,2314,2357,2312,2276,2243,2302,3038,2894,2688,2269,2335,2231,2181,2199,2311,2417,2326,2310,2119,2259,2239,2284,2681,3693,3468,2314,2422,2359,2294,2203,2281,2373,2330,2359,2363,2323,2305,2378,3466,4108,3884,2756,2447,2425,2358,2331,2485,2568,2463,2342,2357,2446,2491,2806,3885,4102,3882,2839,2505,2492,2355,2403,2695,2795,2553,2556,2406,2468,2480,2799,3880,3659,3467,2718,2515,2425,2370,2188,2628,2769,2614,2509,2458,2242,2333,2397,3416,3829,3606,2629,2427,2366,2314,2293,2432,2520,2498,2419,2304,2328,2367,2609,3605,3884,3662,2601,2384,2324,2275,2416,2350,2591,2622,2379,2326,2360,2388,2624,3662,3734,3514,2552,2333,2333,2357,2339,2415,2661,2530,2422,2365,2300,2233,2499,3516,3557,3343,2501,2374,2361,2381,2394,2351,2633,2498,2442,2364,2249,2262,2327,3337,3299,3073,2475,2445,2425,2377,2408,2355,2501,2486,2382,2360,2303,2316,2288,3086,3238,3027,2436,2402,2386,2217,2311,2374,2442,2468,2282,2349,2344,2219,2334,3017,3035,2840,2369,2339,2400,2310,2349,2305,2299,2307,2183,2188,2315,2257,2226,2820,2906,2709,2324,2302,2372,2309,2386,2309,2280,2304,2293,2233,2193,2233,2279,2685,2885,2731,2294,2178,2213,2217,2275,2367,2387,2260,2264,2275,2327,2274,2317,2715,2897,2707,2253,2139,2303,2159,2257,2262,2320,2270,2299,2366,2404,2287,2246,2645,2961,2751,2159,2238,2203,2104,2238,2223,2172,2224,2216,2258,2309,2208,2280,2752,3047,2783,2246,2148,2227,2147,2187,2280,2324,2207,2159,2261,2240,2160,2249,2839,3306,3091,2241,2138,2216,2186,2143,2237,2371,2283,2218,2103,2119,2220,2313,3088,3332,3110,2195,2129,2117,2156,2042,2195,2254,2229,2173,1964,2127,2223,2219,3107,3275,3047,2067,1971,2058,2131,2112,2140,2119,2112,2182,2157,2138,2161,2112,3055,3395,3168,2120,1982,1924,1936,2072,2059,2150,2104,2089,2129,2135,2179,2089,3171,3264,3036,2023,1837,1977,2037,2082,2105,2172,2133,1997,2097,2146,2091,2086,3041,2944,2738,2000,2005,2081,1946,1983,2020,2037,2136,2096,1940,1962,1951,2065,2765,2882,2666,2104,2016,2072,2020,2087,2296,2399,2312,2215,2021,1989,2025,2113,2618
,,,,,,,,,,,,,,,,,,,,,,,,,,,,,,,,,,,,,,,,,,,,,,,,,,,,,,,,,,,,,,,,,,,,,,,,,,,,,,,,,,,,,,,,,,,,,,,,,,,,,,,,,,,,,,,,,,,,,,,,,,,,,,,,,,,,,,,,,,,,,,,,,,,,,,,,,,,,,,,,,,,,,,,,,,,,,,,,,,,,,,,,,,,,,,,,,,,,,,,,,,,,,,,,,,,,,,,,,,,,,,,,,,,,,,,,,,,,,,,,,,,,,,,,,,,,,,,,,,,,,,,,,,,,,,,,,,,,,,,,,,,,,,,,,,,,,,,,,,,,,,,,,,,,,,,,,,,,,,,,,,,,,,,,,,,,,,,,,,,,,,,,,,,,,,,,,,,,,,,,,,,,,,,,,,,,,,,,,,,,,,,,,,,,,,,,,,,,,,,,,,,,,,,,,,,,,,,,,,,,,,,,,,,,,,,,,,,,,,,,,,,,,,,,,,,,,,,,,,,,,,,,,,,,,,,,,,,,,,,,,,,,,,,,,,,,,,,,,,,,,,,,,,,,,,,,,,,,,,,,,,,,,,,,,,,,,,,,,,,,,,,,,,,,,,,,,,,,,,,,,,,,,,,,,,,,,,,,,,,,,,,,,,,,,,,,,,,,,,,,,,,,,,,,,,,,,,,,,,,,,,,,,,,,,,,,,,,,,,,,,,,,,,,,,,,,,,,,,,,,,,,,,,,,,,,,,,,,,,,,,,,,,,,,,,,,,,,,,,,,,,,,,,,,,,,,,,,,,,,,,,,,,,,,,,,,,,,,,,,,,,,,,,,,,,,,,,,,,,,,,,,,,,,,,,,,,,,,,,,,,,,,,,,,,,,,,,,,,,,,,,,,,,,,,,,,,,,,,,,,,,,,,,,,,,,,,,,,,,,,,,,,,,,,,,,,,,,,,,,,,,,,,,,,,,,,,,,,,,,,,,,,,,,,,,,,,,,,,,,,,,,,,,,,,,,,,,,,,,,,,,,,,,,,,,,,,,,,,,,,,,,,,,,,,,,,,,,,,,,,,,,,,,,,,,,,,,,,,,,,,,,,,,,,,,,,,,,,,,,,,,,,,,,,,,,,,,,,,,,,,,,,,,,,,,,,,,,,,,,,,,,,,,,,,,,,,,,,,,,,,,,,,,,,,,,,,,,,,,,,,,,,,,,,,,,,,,,,,,,,,,,,,,,,,,,,,,,,,,,,,,,,,,,,,,,,,,,,,,,,,,,,,,,,,,,,,,,,,,,,,,,,,,,,,,,,,,,,,,,,,,,,,,,,,,,,,,,,,,,,,,,,,,,,,,,,,,,,,,,,,,,,,,,,,,,,,,,,,,,,,,,,,,,,,,,,,,,,,,,,,,,,,,,,,,,,,,,,,,,,,,,,,,,,,,,,,,,,,,,,,,,,,,,,,,,,,,,,,,,,,,,,,,,,,,,,,,,,,,,,,,,,,,,,,,,,,,,,,,,,,,,,,,,,,,,,,,,,,,,,,,,,,,,,,,,,,,,,,,,,,,,,,,,,,,,,,,,,,,,,,,,,,,,,,,,,,,,,,,,,,,,,,,,,,,,,,,,,,,,,,,,,,,,,,,,,,,,,,,,,,,,,,,,,,,,,,,,,,,,,,,,,,,,,,,,,,,,,,,,,,,,,,,,,,,,,,,,,,,,,,,,,,,,,,,,,,,,,,,,,,,,,,,,,,,,,,,,,,,,,,,,,,,,,,,,,,,,,,,,,,,,,,,,,,,,,,,,,,,,,,,,,,,,,,,,,,,,,,,,,,,,,,,,,,,,,,,,,,,,,,,,,,,,,,,,,,,,,,,,,,,,,,,,,,,,,,,,,,,,,,,,,,,,,,,,,,,,,,,,,,,,,,,,,,,,,,,,,,,,,,,,,,,,,,,,,,,,,,,,,,,,,,,,,,,,,,,,,,,,,,,,,,,,,,,,,,,,,,,,,,,,,,,,,,,,,,,,,,,,,,,,,,,,,,,,,,,,,,,,,,,,,,,,,,,,,,,,,,,,,,,,,,,,,,,,,,,,,,,,,,,,,,,,,,,,,,,,,,,,,,,,,,,,,,,,,,,,,,,,,,,,,,,,,,,,,,,,,,,,,,,,,,,,,,,,,,,,,,,,,,,,,,,,,,,,,,,,,,,,,,,,,,,,,,,,,,,,,,,,,,,,,,,,,,,,,,,,,,,,,,,,,,,,,,,,,,,,,,,,,,,,,,,,
,,,,,,,,,,,,,,,,,,,,,,,,,,,,,,,,,,,,,,,,,,,,,,,,,,,,,,,,,,,,,,,,,,,,,,,,,,,,,,,,,,,,,,,,,,,,,,,,,,,,,,,,,,,,,,,,,,,,,,,,,,,,,,,,,,,,,,,,,,,,,,,,,,,,,,,,,,,,,,,,,,,,,,,,,,,,,,,,,,,,,,,,,,,,,,,,,,,,,,,,,,,,,,,,,,,,,,,,,,,,,,,,,,,,,,,,,,,,,,,,,,,,,,,,,,,,,,,,,,,,,,,,,,,,,,,,,,,,,,,,,,,,,,,,,,,,,,,,,,,,,,,,,,,,,,,,,,,,,,,,,,,,,,,,,,,,,,,,,,,,,,,,,,,,,,,,,,,,,,,,,,,,,,,,,,,,,,,,,,,,,,,,,,,,,,,,,,,,,,,,,,,,,,,,,,,,,,,,,,,,,,,,,,,,,,,,,,,,,,,,,,,,,,,,,,,,,,,,,,,,,,,,,,,,,,,,,,,,,,,,,,,,,,,,,,,,,,,,,,,,,,,,,,,,,,,,,,,,,,,,,,,,,,,,,,,,,,,,,,,,,,,,,,,,,,,,,,,,,,,,,,,,,,,,,,,,,,,,,,,,,,,,,,,,,,,,,,,,,,,,,,,,,,,,,,,,,,,,,,,,,,,,,,,,,,,,,,,,,,,,,,,,,,,,,,,,,,,,,,,,,,,,,,,,,,,,,,,,,,,,,,,,,,,,,,,,,,,,,,,,,,,,,,,,,,,,,,,,,,,,,,,,,,,,,,,,,,,,,,,,,,,,,,,,,,,,,,,,,,,,,,,,,,,,,,,,,,,,,,,,,,,,,,,,,,,,,,,,,,,,,,,,,,,,,,,,,,,,,,,,,,,,,,,,,,,,,,,,,,,,,,,,,,,,,,,,,,,,,,,,,,,,,,,,,,,,,,,,,,,,,,,,,,,,,,,,,,,,,,,,,,,,,,,,,,,,,,,,,,,,,,,,,,,,,,,,,,,,,,,,,,,,,,,,,,,,,,,,,,,,,,,,,,,,,,,,,,,,,,,,,,,,,,,,,,,,,,,,,,,,,,,,,,,,,,,,,,,,,,,,,,,,,,,,,,,,,,,,,,,,,,,,,,,,,,,,,,,,,,,,,,,,,,,,,,,,,,,,,,,,,,,,,,,,,,,,,,,,,,,,,,,,,,,,,,,,,,,,,,,,,,,,,,,,,,,,,,,,,,,,,,,,,,,,,,,,,,,,,,,,,,,,,,,,,,,,,,,,,,,,,,,,,,,,,,,,,,,,,,,,,,,,,,,,,,,,,,,,,,,,,,,,,,,,,,,,,,,,,,,,,,,,,,,,,,,,,,,,,,,,,,,,,,,,,,,,,,,,,,,,,,,,,,,,,,,,,,,,,,,,,,,,,,,,,,,,,,,,,,,,,,,,,,,,,,,,,,,,,,,,,,,,,,,,,,,,,,,,,,,,,,,,,,,,,,,,,,,,,,,,,,,,,,,,,,,,,,,,,,,,,,,,,,,,,,,,,,,,,,,,,,,,,,,,,,,,,,,,,,,,,,,,,,,,,,,,,,,,,,,,,,,,,,,,,,,,,,,,,,,,,,,,,,,,,,,,,,,,,,,,,,,,,,,,,,,,,,,,,,,,,,,,,,,,,,,,,,,,,,,,,,,,,,,,,,,,,,,,,,,,,,,,,,,,,,,,,,,,,,,,,,,,,,,,,,,,,,,,,,,,,,,,,,,,,,,,,,,,,,,,,,,,,,,,,,,,,,,,,,,,,,,,,,,,,,,,,,,,,,,,,,,,,,,,,,,,,,,,,,,,,,,,,,,,,,,,,,,,,,,,,,,,,,,,,,,,,,,,,,,,,,,,,,,,,,,,,,,,,,,,,,,,,,,,,,,,,,,,,,,,,,,,,,,,,,,,,,,,,,,,,,,,,,,,,,,,,,,,,,,,,,,,,,,,,,,,,,,,,,,,,,,,,,,,,,,,,,,,,,,,,,,,,,,,,,,,,,,,,,,,,,,,,,,,,,,,,,,,,,,,,,,,,,,,,,,,,,,,,,,,,,,,,,,,,,,,,,,,,,,,,,,,,,,,,,,,,,,,,,,,,,,,,,,,,,,,,,,,,,,,,,,,,,,,,,,,,,,,,,,,,,,,,,,,,,,,,,,,,,,,,,,,,,,,,,,,,,,,,,,,,,,,,,,,,,,,,,,,,,,,,,,,,,,
,,,,,,,,,,,,,,,,,,,,,,,,,,,,,,,,,,,,,,,,,,,,,,,,,,,,,,,,,,,,,,,,,,,,,,,,,,,,,,,,,,,,,,,,,,,,,,,,,,,,,,,,,,,,,,,,,,,,,,,,,,,,,,,,,,,,,,,,,,,,,,,,,,,,,,,,,,,,,,,,,,,,,,,,,,,,,,,,,,,,,,,,,,,,,,,,,,,,,,,,,,,,,,,,,,,,,,,,,,,,,,,,,,,,,,,,,,,,,,,,,,,,,,,,,,,,,,,,,,,,,,,,,,,,,,,,,,,,,,,,,,,,,,,,,,,,,,,,,,,,,,,,,,,,,,,,,,,,,,,,,,,,,,,,,,,,,,,,,,,,,,,,,,,,,,,,,,,,,,,,,,,,,,,,,,,,,,,,,,,,,,,,,,,,,,,,,,,,,,,,,,,,,,,,,,,,,,,,,,,,,,,,,,,,,,,,,,,,,,,,,,,,,,,,,,,,,,,,,,,,,,,,,,,,,,,,,,,,,,,,,,,,,,,,,,,,,,,,,,,,,,,,,,,,,,,,,,,,,,,,,,,,,,,,,,,,,,,,,,,,,,,,,,,,,,,,,,,,,,,,,,,,,,,,,,,,,,,,,,,,,,,,,,,,,,,,,,,,,,,,,,,,,,,,,,,,,,,,,,,,,,,,,,,,,,,,,,,,,,,,,,,,,,,,,,,,,,,,,,,,,,,,,,,,,,,,,,,,,,,,,,,,,,,,,,,,,,,,,,,,,,,,,,,,,,,,,,,,,,,,,,,,,,,,,,,,,,,,,,,,,,,,,,,,,,,,,,,,,,,,,,,,,,,,,,,,,,,,,,,,,,,,,,,,,,,,,,,,,,,,,,,,,,,,,,,,,,,,,,,,,,,,,,,,,,,,,,,,,,,,,,,,,,,,,,,,,,,,,,,,,,,,,,,,,,,,,,,,,,,,,,,,,,,,,,,,,,,,,,,,,,,,,,,,,,,,,,,,,,,,,,,,,,,,,,,,,,,,,,,,,,,,,,,,,,,,,,,,,,,,,,,,,,,,,,,,,,,,,,,,,,,,,,,,,,,,,,,,,,,,,,,,,,,,,,,,,,,,,,,,,,,,,,,,,,,,,,,,,,,,,,,,,,,,,,,,,,,,,,,,,,,,,,,,,,,,,,,,,,,,,,,,,,,,,,,,,,,,,,,,,,,,,,,,,,,,,,,,,,,,,,,,,,,,,,,,,,,,,,,,,,,,,,,,,,,,,,,,,,,,,,,,,,,,,,,,,,,,,,,,,,,,,,,,,,,,,,,,,,,,,,,,,,,,,,,,,,,,,,,,,,,,,,,,,,,,,,,,,,,,,,,,,,,,,,,,,,,,,,,,,,,,,,,,,,,,,,,,,,,,,,,,,,,,,,,,,,,,,,,,,,,,,,,,,,,,,,,,,,,,,,,,,,,,,,,,,,,,,,,,,,,,,,,,,,,,,,,,,,,,,,,,,,,,,,,,,,,,,,,,,,,,,,,,,,,,,,,,,,,,,,,,,,,,,,,,,,,,,,,,,,,,,,,,,,,,,,,,,,,,,,,,,,,,,,,,,,,,,,,,,,,,,,,,,,,,,,,,,,,,,,,,,,,,,,,,,,,,,,,,,,,,,,,,,,,,,,,,,,,,,,,,,,,,,,,,,,,,,,,,,,,,,,,,,,,,,,,,,,,,,,,,,,,,,,,,,,,,,,,,,,,,,,,,,,,,,,,,,,,,,,,,,,,,,,,,,,,,,,,,,,,,,,,,,,,,,,,,,,,,,,,,,,,,,,,,,,,,,,,,,,,,,,,,,,,,,,,,,,,,,,,,,,,,,,,,,,,,,,,,,,,,,,,,,,,,,,,,,,,,,,,,,,,,,,,,,,,,,,,,,,,,,,,,,,,,,,,,,,,,,,,,,,,,,,,,,,,,,,,,,,,,,,,,,,,,,,,,,,,,,,,,,,,,,,,,,,,,,,,,,,,,,,,,,,,,,,,,,,,,,,,,,,,,,,,,,,,,,,,,,,,,,,,,,,,,,,,,,,,,,,,,,,,,,,,,,,,,,,,,,,,,,,,,,,,,,,,,,,,,,,,,,,,,,,,,,,,,,,,,,,,,,,,,,,,,,,,,,,,,,,,,,,,,,,,,,,,,,,,,,,,,,,,,,,,,,,,,,,,,,,,,,,,,,,,,,,,,,,,,,,,,,,,,,,,,,,,,,,,,,,,,,,,
,,,,,,,,,,,,,,,,,,,,,,,,,,,,,,,,,,,,,,,,,,,,,,,,,,,,,,,,,,,,,,,,,,,,,,,,,,,,,,,,,,,,,,,,,,,,,,,,,,,,,,,,,,,,,,,,,,,,,,,,,,,,,,,,,,,,,,,,,,,,,,,,,,,,,,,,,,,,,,,,,,,,,,,,,,,,,,,,,,,,,,,,,,,,,,,,,,,,,,,,,,,,,,,,,,,,,,,,,,,,,,,,,,,,,,,,,,,,,,,,,,,,,,,,,,,,,,,,,,,,,,,,,,,,,,,,,,,,,,,,,,,,,,,,,,,,,,,,,,,,,,,,,,,,,,,,,,,,,,,,,,,,,,,,,,,,,,,,,,,,,,,,,,,,,,,,,,,,,,,,,,,,,,,,,,,,,,,,,,,,,,,,,,,,,,,,,,,,,,,,,,,,,,,,,,,,,,,,,,,,,,,,,,,,,,,,,,,,,,,,,,,,,,,,,,,,,,,,,,,,,,,,,,,,,,,,,,,,,,,,,,,,,,,,,,,,,,,,,,,,,,,,,,,,,,,,,,,,,,,,,,,,,,,,,,,,,,,,,,,,,,,,,,,,,,,,,,,,,,,,,,,,,,,,,,,,,,,,,,,,,,,,,,,,,,,,,,,,,,,,,,,,,,,,,,,,,,,,,,,,,,,,,,,,,,,,,,,,,,,,,,,,,,,,,,,,,,,,,,,,,,,,,,,,,,,,,,,,,,,,,,,,,,,,,,,,,,,,,,,,,,,,,,,,,,,,,,,,,,,,,,,,,,,,,,,,,,,,,,,,,,,,,,,,,,,,,,,,,,,,,,,,,,,,,,,,,,,,,,,,,,,,,,,,,,,,,,,,,,,,,,,,,,,,,,,,,,,,,,,,,,,,,,,,,,,,,,,,,,,,,,,,,,,,,,,,,,,,,,,,,,,,,,,,,,,,,,,,,,,,,,,,,,,,,,,,,,,,,,,,,,,,,,,,,,,,,,,,,,,,,,,,,,,,,,,,,,,,,,,,,,,,,,,,,,,,,,,,,,,,,,,,,,,,,,,,,,,,,,,,,,,,,,,,,,,,,,,,,,,,,,,,,,,,,,,,,,,,,,,,,,,,,,,,,,,,,,,,,,,,,,,,,,,,,,,,,,,,,,,,,,,,,,,,,,,,,,,,,,,,,,,,,,,,,,,,,,,,,,,,,,,,,,,,,,,,,,,,,,,,,,,,,,,,,,,,,,,,,,,,,,,,,,,,,,,,,,,,,,,,,,,,,,,,,,,,,,,,,,,,,,,,,,,,,,,,,,,,,,,,,,,,,,,,,,,,,,,,,,,,,,,,,,,,,,,,,,,,,,,,,,,,,,,,,,,,,,,,,,,,,,,,,,,,,,,,,,,,,,,,,,,,,,,,,,,,,,,,,,,,,,,,,,,,,,,,,,,,,,,,,,,,,,,,,,,,,,,,,,,,,,,,,,,,,,,,,,,,,,,,,,,,,,,,,,,,,,,,,,,,,,,,,,,,,,,,,,,,,,,,,,,,,,,,,,,,,,,,,,,,,,,,,,,,,,,,,,,,,,,,,,,,,,,,,,,,,,,,,,,,,,,,,,,,,,,,,,,,,,,,,,,,,,,,,,,,,,,,,,,,,,,,,,,,,,,,,,,,,,,,,,,,,,,,,,,,,,,,,,,,,,,,,,,,,,,,,,,,,,,,,,,,,,,,,,,,,,,,,,,,,,,,,,,,,,,,,,,,,,,,,,,,,,,,,,,,,,,,,,,,,,,,,,,,,,,,,,,,,,,,,,,,,,,,,,,,,,,,,,,,,,,,,,,,,,,,,,,,,,,,,,,,,,,,,,,,,,,,,,,,,,,,,,,,,,,,,,,,,,,,,,,,,,,,,,,,,,,,,,,,,,,,,,,,,,,,,,,,,,,,,,,,,,,,,,,,,,,,,,,,,,,,,,,,,,,,,,,,,,,,,,,,,,,,,,,,,,,,,,,,,,,,,,,,,,,,,,,,,,,,,,,,,,,,,,,,,,,,,,,,,,,,,,,,,,,,,,,,,,,,,,,,,,,,,,,,,,,,,,,,,,,,,,,,,,,,,,,,,,,,,,,,,,,,,,,,,,,,,,,,,,,,,,,,,,,,,,,,,,,,,,,,,,,,,,,,,,,,,,,,,,,,,,,,,,,,,,,,,,,,,,,,,,,,,,,,,,,,,,,,,,,,,,,,,,,,,,,,,,,,,,,,,,,
,,,,,,,,,,,,,,,,,,,,,,,,,,,,,,,,,,,,,,,,,,,,,,,,,,,,,,,,,,,,,,,,,,,,,,,,,,,,,,,,,,,,,,,,,,,,,,,,,,,,,,,,,,,,,,,,,,,,,,,,,,,,,,,,,,,,,,,,,,,,,,,,,,,,,,,,,,,,,,,,,,,,,,,,,,,,,,,,,,,,,,,,,,,,,,,,,,,,,,,,,,,,,,,,,,,,,,,,,,,,,,,,,,,,,,,,,,,,,,,,,,,,,,,,,,,,,,,,,,,,,,,,,,,,,,,,,,,,,,,,,,,,,,,,,,,,,,,,,,,,,,,,,,,,,,,,,,,,,,,,,,,,,,,,,,,,,,,,,,,,,,,,,,,,,,,,,,,,,,,,,,,,,,,,,,,,,,,,,,,,,,,,,,,,,,,,,,,,,,,,,,,,,,,,,,,,,,,,,,,,,,,,,,,,,,,,,,,,,,,,,,,,,,,,,,,,,,,,,,,,,,,,,,,,,,,,,,,,,,,,,,,,,,,,,,,,,,,,,,,,,,,,,,,,,,,,,,,,,,,,,,,,,,,,,,,,,,,,,,,,,,,,,,,,,,,,,,,,,,,,,,,,,,,,,,,,,,,,,,,,,,,,,,,,,,,,,,,,,,,,,,,,,,,,,,,,,,,,,,,,,,,,,,,,,,,,,,,,,,,,,,,,,,,,,,,,,,,,,,,,,,,,,,,,,,,,,,,,,,,,,,,,,,,,,,,,,,,,,,,,,,,,,,,,,,,,,,,,,,,,,,,,,,,,,,,,,,,,,,,,,,,,,,,,,,,,,,,,,,,,,,,,,,,,,,,,,,,,,,,,,,,,,,,,,,,,,,,,,,,,,,,,,,,,,,,,,,,,,,,,,,,,,,,,,,,,,,,,,,,,,,,,,,,,,,,,,,,,,,,,,,,,,,,,,,,,,,,,,,,,,,,,,,,,,,,,,,,,,,,,,,,,,,,,,,,,,,,,,,,,,,,,,,,,,,,,,,,,,,,,,,,,,,,,,,,,,,,,,,,,,,,,,,,,,,,,,,,,,,,,,,,,,,,,,,,,,,,,,,,,,,,,,,,,,,,,,,,,,,,,,,,,,,,,,,,,,,,,,,,,,,,,,,,,,,,,,,,,,,,,,,,,,,,,,,,,,,,,,,,,,,,,,,,,,,,,,,,,,,,,,,,,,,,,,,,,,,,,,,,,,,,,,,,,,,,,,,,,,,,,,,,,,,,,,,,,,,,,,,,,,,,,,,,,,,,,,,,,,,,,,,,,,,,,,,,,,,,,,,,,,,,,,,,,,,,,,,,,,,,,,,,,,,,,,,,,,,,,,,,,,,,,,,,,,,,,,,,,,,,,,,,,,,,,,,,,,,,,,,,,,,,,,,,,,,,,,,,,,,,,,,,,,,,,,,,,,,,,,,,,,,,,,,,,,,,,,,,,,,,,,,,,,,,,,,,,,,,,,,,,,,,,,,,,,,,,,,,,,,,,,,,,,,,,,,,,,,,,,,,,,,,,,,,,,,,,,,,,,,,,,,,,,,,,,,,,,,,,,,,,,,,,,,,,,,,,,,,,,,,,,,,,,,,,,,,,,,,,,,,,,,,,,,,,,,,,,,,,,,,,,,,,,,,,,,,,,,,,,,,,,,,,,,,,,,,,,,,,,,,,,,,,,,,,,,,,,,,,,,,,,,,,,,,,,,,,,,,,,,,,,,,,,,,,,,,,,,,,,,,,,,,,,,,,,,,,,,,,,,,,,,,,,,,,,,,,,,,,,,,,,,,,,,,,,,,,,,,,,,,,,,,,,,,,,,,,,,,,,,,,,,,,,,,,,,,,,,,,,,,,,,,,,,,,,,,,,,,,,,,,,,,,,,,,,,,,,,,,,,,,,,,,,,,,,,,,,,,,,,,,,,,,,,,,,,,,,,,,,,,,,,,,,,,,,,,,,,,,,,,,,,,,,,,,,,,,,,,,,,,,,,,,,,,,,,,,,,,,,,,,,,,,,,,,,,,,,,,,,,,,,,,,,,,,,,,,,,,,,,,,,,,,,,,,,,,,,,,,,,,,,,,,,,,,,,,,,,,,,,,,,,,,,,,,,,,,,,,,,,,,,,,,,,,,,,,,,,,,,,,,,,,,,,,,,,,,,,,,,,,,,,,,,,,,,,,,,,,,,,,,,,,,,,,,,,,,,,,,,,,,,,,,,,,,,,,,,,,,,,,,,,,,,,,
3546,3367,2542,2319,2322,2368,2332,2396,2398,2396,2332,2368,2322,2319,2542,3367,3836,3618,2606,2347,2372,2226,2267,2360,2374,2351,2243,2256,2175,2275,2602,3607,4053,3826,2732,2394,2331,2302,2250,2333,2329,2376,2281,2228,2186,2383,2718,3833,4239,4017,2906,2473,2382,2240,2318,2310,2288,2358,2301,2242,2308,2518,2878,4017,4067,3846,2762,2285,2325,2356,2348,2261,2210,2319,2347,2248,2284,2379,2741,3844,3746,3521,2437,2197,2226,2321,2341,2315,2210,2296,2379,2257,2286,2321,2467,3522,3425,3201,2231,2201,2203,2247,2277,2217,2183,2264,2241,2199,2338,2329,2323,3206,3061,2852,2228,2190,2266,2335,2336,2303,2289,2317,2199,2181,2250,2271,2262,2799,2814,2624,2139,2011,2193,2280,2331,2290,2347,2316,2329,2311,2287,2265,2187,2618,2914,2777,2387,2280,2274,2474,2520,2457,2471,2537,2651,2469,2308,2334,2266,2683,3659,3538,3084,3188,3225,3116,3452,3502,3491,3433,3411,3182,2893,3094,3389,3499,4199,4105,3742,3815,3780,3726,3993,3965,4006,3904,4082,3830,3581,3555,3963,4064,4379,4266,3961,3961,3923,3895,4077,4040,4171,4089,4273,3998,3792,3794,4077,4228,4537,4364,3956,3837,3749,3707,4048,4043,4042,4059,4129,3840,3841,3867,3924,4342,4765,4547,3627,3487,3348,3543,3601,3761,3787,3855,3754,3570,3648,3640,3633,4542,4711,4485,3348,3121,3110,3169,3167,3337,3369,3444,3339,3146,3216,3303,3456,4490,4354,4126,3080,3058,3005,2870,3006,3258,3411,3213,2870,2948,2933,2901,3173,4137,4396,4174,3241,3364,3238,3174,3215,3425,3656,3522,3114,3145,3138,3098,3390,4169,4395,4167,3242,3406,3258,3190,3284,3500,3622,3539,3165,3222,3206,3110,3338,4181,4242,4024,3125,3252,3325,3234,3103,3762,3875,3470,3164,3123,3173,3066,3123,4016,4619,4413,3424,3578,3580,3481,3227,3938,4036,3705,3517,3347,3342,3322,3305,4390,4691,4485,3504,3553,3408,3456,3339,3753,3891,3746,3577,3372,3349,3400,3377,4461,4480,4269,3279,3319,3163,3372,3192,3432,3546,3585,3403,3169,3036,3206,3307,4251,4018,3796,2958,3056,2950,3044,2901,3117,3259,3215,3038,2991,2955,2859,3037,3791,3675,3444,2834,2859,2873,2796,2900,3065,3130,3057,2927,2985,2888,2820,2925,3466,3768,3581,2952,2721,2778,2813,2890,3072,3294,3234,2961,2879,2801,2782,2784,3534,3784,3593,2884,2502,2683,2717,2686,2939,3121,3054,2787,2667,2698,2697,2693,3539,3546,3339,2689,2580,2594,2617,2660,2739,2900,2782,2740,2650,2645,2659,2733,3329,3320,3151,2714,2622,2641,2574,2737,2767,2871,2825,2783,2684,2681,2668,2801,3118,3512,3294,2682,2504,2535,2624,2767,2759,2833,2730,2666,2624,2591,2623,2668,3273,3447,3246,2478,2378,2439,2301,2583,2507,2484,2563,2420,2448,2387,2456,2371,3208,3284,3033,2385,2369,2348,2213,2446,2557,2467,2461,2357,2434,2461,2471,2409,3063,3113,2961,2564,2384,2347,2354,2461,2568,2580,2369,2432,2311,2480,2461,2444,2901,2983,2862,2500,2462,2457,2372,2403,2548,2652,2452,2393,2345,2376,2307,2339,2768,2976,2818,2238,2381,2401,2412,2349,2570,2627,2414,2333,2402,2430,2349,2329,2743,2869,2714,2366,2348,2299,2499,2376,2444,2526,2349,2334,2405,2436,2363,2382,2740,2978,2749,2404,2390,2347,2451,2390,2440,2483,2389,2441,2447,2391,2388,2355,2780,2850,2683,2385,2405,2439,2408,2421,2389,2425,2348,2422,2398,2472,2406,2297,2692,2828,2599,2361,2429,2380,2393,2383,2451,2483,2345,2292,2334,2360,2307,2240,2549,2805,2630,2349,2417,2399,2355,2330,2388,2456,2351,2219,2282,2351,2276,2271,2579,2760,2645,2374,2289,2358,2293,2275,2395,2461,2332,2294,2291,2317,2340,2392,2606,2753,2658,2331,2357,2302,2307,2363,2557,2705,2593,2322,2405,2359,2397,2496,2486,2870,2688,2424,2378,2306,2332,2395,2639,2773,2601,2329,2362,2287,2371,2515,2729,2952,2713,2364,2331,2258,2218,2312,2555,2640,2424,2327,2318,2347,2320,2451,2741,2924,2691,2483,2371,2432,2333,2323,2444,2471,2465,2425,2229,2352,2304,2427,2708,2836,2634,2438,2462,2463,2378,2299,2550,2664,2678,2531,2277,2370,2356,2376,2588,2739,2574,2318,2371,2412,2272,2304,2430,2606,2616,2453,2259,2210,2237,2323,2536,2765,2517,2187,2253,2317,2377,2314,2426,2442,2374,2269,2290,2373,2327,2352,2556,2802,2581,2208,2288,2342,2481,2385,2447,2466,2477,2312,2287,2344,2369,2280,2562,3007,2789,2273,2372,2326,2441,2377,2522,2567,2594,2347,2326,2203,2327,2277,2794,3589,3369,2387,2377,2393,2292,2380,2498,2496,2472,2355,2292,2301,2348,2441,3365,4197,3974,2847,2499,2402,2161,2455,2465,2593,2461,2356,2271,2384,2516,2834,3972,4351,4129,3011,2682,2376,2295,2482,2502,2698,2636,2419,2353,2456,2679,2984,4128,4140,3921,2828,2499,2438,2328,2413,2386,2624,2612,2385,2388,2409,2450,2762,3918,3471,3266,2349,2243,2277,2299,2287,2317,2461,2441,2292,2338,2278,2313,2333,3238,3034,2813,2235,2180,2180,2323,2299,2254,2385,2418,2329,2313,2251,2287,2346,2773,2739,2503,2321,2202,2246,2361,2322,2319,2349,2412,2272,2295,2295,2319,2273,2610,2724,2519,2193,2221,2257,2293,2305,2361,2298,2363,2268,2297,2371,2358,2247,2515,2753,2583,2361,2172,2255,2296,2378,2336,2275,2335,2310,2209,2310,2304,2396,2577,3006,2808,2485,2473,2231,2348,2477,2470,2609,2431,2374,2395,2363,2392,2486,2730,3323,3111,2554,2482,2447,2486,2492,2449,2674,2469,2334,2342,2388,2428,2441,3088,4053,3832,2707,2476,2471,2524,2581,2561,2620,2531,2491,2470,2372,2428,2671,3829,4550,4328,3195,2784,2745,2643,2863,2973,2937,2679,2685,2597,2619,2837,3214,4326,4673,4451,3315,3077,2991,2906,2950,3284,3378,3128,2935,2807,2781,2902,3314,4450,4500,4275,3208,3044,2970,2957,2898,3401,3510,3196,3018,2824,2819,2799,3169,4277,4023,3798,2932,2810,2832,2744,2656,3201,3328,3000,2748,2751,2701,2691,2782,3804,3734,3517,2683,2556,2540,2630,2466,2818,2959,2716,2544,2605,2555,2448,2610,3513,3569,3345,2448,2526,2544,2564,2538,2739,2854,2661,2352,2447,2539,2466,2510,3357,3492,3263,2406,2492,2642,2603,2360,2724,2822,2641,2336,2348,2543,2401,2502,3258,3361,3148,2428,2435,2512,2491,2296,2648,2702,2546,2374,2381,2460,2406,2452,3128,3224,3017,2314,2376,2350,2400,2366,2474,2575,2334,2261,2389,2355,2343,2366,2997,3136,2905,2416,2341,2340,2303,2344,2428,2504,2351,2216,2303,2318,2367,2357,2933,2992,2800,2410,2389,2421,2229,2499,2530,2366,2270,2375,2385,2306,2307,2374,2759,3173,2977,2498,2453,2421,2410,2665,2664,2577,2421,2387,2508,2387,2247,2436,2951,3139,2956,2505,2412,2331,2413,2568,2557,2564,2404,2373,2454,2476,2422,2466,2912,3163,2990,2498,2341,2292,2440,2429,2465,2578,2470,2404,2376,2450,2491,2530,2922,3348,3123,2572,2331,2317,2354,2395,2541,2484,2599,2449,2322,2364,2384,2387,3133,3554,3340,2362,2428,2398,2313,2301,2492,2483,2529,2390,2247,2407,2236,2415,3325,3518,3290,2333,2348,2328,2263,2306,2323,2348,2318,2277,2318,2303,2259,2384,3290,3310,3068,2585,2447,2313,2330,2448,2459,2546,2458,2436,2264,2302,2332,2344,3075,3460,3239,3040,2858,2535,2614,2650,2690,2757,2870,2908,2631,2447,2596,2615,3253,3563,3253,3115,2926,2669,2706,2734,2843,2815,3017,3066,2762,2536,2618,2732,3331,3421,3112,2889,2747,2648,2596,2604,2776,2847,2949,2928,2604,2419,2560,2706,3179,3230,2993,2648,2537,2526,2413,2525,2637,2787,2761,2624,2515,2291,2537,2629,3005,3282,3080,2584,2393,2310,2155,2438,2617,2671,2613,2497,2383,2400,2403,2509,3035,3323,3129,2600,2428,2301,2265,2424,2678,2766,2622,2621,2441,2297,2348,2448,3085,3193,3029,2555,2450,2389,2436,2423,2725,2841,2694,2541,2400,2367,2460,2505,3004,3087,2864,2396,2389,2296,2442,2473,2618,2684,2608,2461,2300,2312,2421,2457,2865,3188,2974,2329,2306,2341,2328,2396,2578,2643,2499,2403,2259,2351,2352,2398,2983,3527,3318,2409,2372,2427,2398,2414,2731,2858,2528,2308,2360,2313,2360,2492,3305,3599,3376,2442,2435,2446,2512,2561,2866,2963,2596,2356,2293,2417,2391,2523,3378,3343,3115,2391,2388,2391,2422,2505,2700,2716,2623,2273,2346,2369,2399,2451,3113,3166,2946,2410,2409,2330,2314,2363,2532,2680,2706,2362,2269,2276,2326,2469,2926,3226,3036,2489,2493,2439,2251,2385,2527,2964,2933,2423,2378,2285,2308,2392,2995,3198,3001,2349,2503,2459,2307,2457,2539,2965,2916,2469,2385,2315,2337,2363,2964,2983,2786,2254,2393,2462,2398,2384,2395,2602,2565,2339,2314,2316,2326,2350,2745,3076,2828,2244,2342,2446,2449,2390,2516,2632,2492,2326,2251,2329,2386,2424,2875,3320,3115,2303,2328,2401,2422,2443,2482,2645,2567,2433,2265,2331,2389,2256,3080,3325,3110,2289,2196,2377,2294,2342,2541,2689,2618,2393,2372,2351,2348,2263,3095,3102,2900,2214,2162,2243,2303,2341,2469,2633,2510,2423,2348,2351,2420,2396,2883,2900,2745,2318,2250,2314,2270,2331,2435,2518,2383,2361,2181,2273,2369,2368,2745,2924,2724,2357,2317,2323,2322,2308,2283,2320,2342,2275,2342,2327,2298,2343,2731,3211,2995,2348,2323,2288,2390,2369,2340,2322,2276,2209,2282,2364,2259,2270,2987,3261,3043,2325,2383,2310,2333,2279,2364,2361,2194,2210,2151,2254,2144,2220,3027,2942,2757,2346,2295,2372,2193,2291,2310,2373,2269,2280,2249,2291,2310,2249,2742,3701,3479,2370,2339,2331,2147,2311,2322,2355,2389,2306,2296,2325,2268,2456,3476,4107,3884,2733,2489,2322,2212,2380,2541,2618,2497,2389,2299,2364,2515,2771,3887,4098,3872,2717,2472,2448,2290,2539,2688,2728,2654,2489,2490,2458,2519,2801,3879,3650,3403,2501,2278,2379,2328,2480,2596,2632,2571,2439,2400,2353,2328,2596,3439,3827,3610,2604,2260,2337,2287,2248,2298,2385,2451,2275,2299,2356,2313,2527,3591,3883,3670,2669,2255,2362,2340,2250,2408,2573,2485,2346,2322,2383,2327,2466,3646,3736,3521,2556,2265,2375,2383,2354,2467,2690,2602,2415,2370,2398,2396,2399,3499,3554,3335,2447,2295,2292,2290,2365,2425,2634,2561,2393,2405,2385,2409,2446,3333,3301,3078,2404,2270,2254,2246,2348,2448,2510,2495,2356,2277,2373,2404,2368,3093,3208,2976,2306,2286,2300,2326,2212,2307,2321,2344,2372,2309,2321,2351,2354,2993,3032,2765,2351,2227,2328,2291,2377,2397,2316,2142,2282,2342,2325,2203,2264,2809,2846,2620,2304,2281,2323,2372,2348,2285,2178,2196,2204,2170,2219,2144,2237,2590,2836,2576,2267,2246,2204,2254,2306,2405,2367,2238,2249,2160,2223,2124,2339,2595,2928,2742,2305,2265,2189,2171,2286,2248,2259,2301,2268,2257,2218,2258,2338,2697,3006,2782,2146,2154,2153,2195,2298,2272,2266,2149,2111,2179,2184,2191,2343,2798,3040,2828,2059,2165,2254,2285,2205,2218,2246,2140,2119,2118,2075,2141,2232,2846,3315,3096,2206,2229,2215,2172,2109,2296,2313,2216,2178,2140,2081,2210,2111,3098,3327,3108,2157,2093,2127,2159,2170,2295,2301,2232,2227,2192,2132,2110,2197,3105,3286,3060,2112,2111,2094,2124,2115,2162,2064,2128,2167,2132,2115,2186,2223,3064,3406,3177,2147,2126,2051,2089,2105,2044,2092,2076,2081,2018,2074,2154,2188,3185,3297,3061,2223,2120,2116,2119,1979,1923,1988,2026,2001,2022,1971,2040,2168,3083,3029,2806,2050,2039,2009,2050,1954,2123,2176,2190,2005,1857,1885,1994,2123,2811,2891,2699,2208,1977,1927,2002,2078,2320,2371,2288,2034,1914,1866,1944,2227,2689
,,,,,,,,,,,,,,,,,,,,,,,,,,,,,,,,,,,,,,,,,,,,,,,,,,,,,,,,,,,,,,,,,,,,,,,,,,,,,,,,,,,,,,,,,,,,,,,,,,,,,,,,,,,,,,,,,,,,,,,,,,,,,,,,,,,,,,,,,,,,,,,,,,,,,,,,,,,,,,,,,,,,,,,,,,,,,,,,,,,,,,,,,,,,,,,,,,,,,,,,,,,,,,,,,,,,,,,,,,,,,,,,,,,,,,,,,,,,,,,,,,,,,,,,,,,,,,,,,,,,,,,,,,,,,,,,,,,,,,,,,,,,,,,,,,,,,,,,,,,,,,,,,,,,,,,,,,,,,,,,,,,,,,,,,,,,,,,,,,,,,,,,,,,,,,,,,,,,,,,,,,,,,,,,,,,,,,,,,,,,,,,,,,,,,,,,,,,,,,,,,,,,,,,,,,,,,,,,,,,,,,,,,,,,,,,,,,,,,,,,,,,,,,,,,,,,,,,,,,,,,,,,,,,,,,,,,,,,,,,,,,,,,,,,,,,,,,,,,,,,,,,,,,,,,,,,,,,,,,,,,,,,,,,,,,,,,,,,,,,,,,,,,,,,,,,,,,,,,,,,,,,,,,,,,,,,,,,,,,,,,,,,,,,,,,,,,,,,,,,,,,,,,,,,,,,,,,,,,,,,,,,,,,,,,,,,,,,,,,,,,,,,,,,,,,,,,,,,,,,,,,,,,,,,,,,,,,,,,,,,,,,,,,,,,,,,,,,,,,,,,,,,,,,,,,,,,,,,,,,,,,,,,,,,,,,,,,,,,,,,,,,,,,,,,,,,,,,,,,,,,,,,,,,,,,,,,,,,,,,,,,,,,,,,,,,,,,,,,,,,,,,,,,,,,,,,,,,,,,,,,,,,,,,,,,,,,,,,,,,,,,,,,,,,,,,,,,,,,,,,,,,,,,,,,,,,,,,,,,,,,,,,,,,,,,,,,,,,,,,,,,,,,,,,,,,,,,,,,,,,,,,,,,,,,,,,,,,,,,,,,,,,,,,,,,,,,,,,,,,,,,,,,,,,,,,,,,,,,,,,,,,,,,,,,,,,,,,,,,,,,,,,,,,,,,,,,,,,,,,,,,,,,,,,,,,,,,,,,,,,,,,,,,,,,,,,,,,,,,,,,,,,,,,,,,,,,,,,,,,,,,,,,,,,,,,,,,,,,,,,,,,,,,,,,,,,,,,,,,,,,,,,,,,,,,,,,,,,,,,,,,,,,,,,,,,,,,,,,,,,,,,,,,,,,,,,,,,,,,,,,,,,,,,,,,,,,,,,,,,,,,,,,,,,,,,,,,,,,,,,,,,,,,,,,,,,,,,,,,,,,,,,,,,,,,,,,,,,,,,,,,,,,,,,,,,,,,,,,,,,,,,,,,,,,,,,,,,,,,,,,,,,,,,,,,,,,,,,,,,,,,,,,,,,,,,,,,,,,,,,,,,,,,,,,,,,,,,,,,,,,,,,,,,,,,,,,,,,,,,,,,,,,,,,,,,,,,,,,,,,,,,,,,,,,,,,,,,,,,,,,,,,,,,,,,,,,,,,,,,,,,,,,,,,,,,,,,,,,,,,,,,,,,,,,,,,,,,,,,,,,,,,,,,,,,,,,,,,,,,,,,,,,,,,,,,,,,,,,,,,,,,,,,,,,,,,,,,,,,,,,,,,,,,,,,,,,,,,,,,,,,,,,,,,,,,,,,,,,,,,,,,,,,,,,,,,,,,,,,,,,,,,,,,,,,,,,,,,,,,,,,,,,,,,,,,,,,,,,,,,,,,,,,,,,,,,,,,,,,,,,,,,,,,,,,,,,,,,,,,,,,,,,,,,,,,,,,,,,,,,,,,,,,,,,,,,,,,,,,,,,,,,,,,,,,,,,,,,,,,,,,,,,,,,,,,,,,,,,,,,,,,,,,,,,,,,,,,,,,,,,,,,,,,,,,,,,,,,,,,,,,,,,,,,,,,,,,,,,,,,,,,,,,,,,,,,,,,,,,,,,,,,,,,,,,,,,,,,,,,,,,,,,,,,,,,,,,,,,,,,,,,,,,,,,,,,,,,,,,,,,,,,,,,,,,,,,,,,,,,,,,,,,,,,,,,,,,,,,,,,,,,,,,,,,,,,,,,,,,,,,,,,,,,,,,,,,,,,,,,,,,,,,,,,,,,,,,,,,,,,,,,,,,,,,,,,,,,,,,,,,,,,,,,,,,,,,,,,,,,,,,,,,,,
,,,,,,,,,,,,,,,,,,,,,,,,,,,,,,,,,,,,,,,,,,,,,,,,,,,,,,,,,,,,,,,,,,,,,,,,,,,,,,,,,,,,,,,,,,,,,,,,,,,,,,,,,,,,,,,,,,,,,,,,,,,,,,,,,,,,,,,,,,,,,,,,,,,,,,,,,,,,,,,,,,,,,,,,,,,,,,,,,,,,,,,,,,,,,,,,,,,,,,,,,,,,,,,,,,,,,,,,,,,,,,,,,,,,,,,,,,,,,,,,,,,,,,,,,,,,,,,,,,,,,,,,,,,,,,,,,,,,,,,,,,,,,,,,,,,,,,,,,,,,,,,,,,,,,,,,,,,,,,,,,,,,,,,,,,,,,,,,,,,,,,,,,,,,,,,,,,,,,,,,,,,,,,,,,,,,,,,,,,,,,,,,,,,,,,,,,,,,,,,,,,,,,,,,,,,,,,,,,,,,,,,,,,,,,,,,,,,,,,,,,,,,,,,,,,,,,,,,,,,,,,,,,,,,,,,,,,,,,,,,,,,,,,,,,,,,,,,,,,,,,,,,,,,,,,,,,,,,,,,,,,,,,,,,,,,,,,,,,,,,,,,,,,,,,,,,,,,,,,,,,,,,,,,,,,,,,,,,,,,,,,,,,,,,,,,,,,,,,,,,,,,,,,,,,,,,,,,,,,,,,,,,,,,,,,,,,,,,,,,,,,,,,,,,,,,,,,,,,,,,,,,,,,,,,,,,,,,,,,,,,,,,,,,,,,,,,,,,,,,,,,,,,,,,,,,,,,,,,,,,,,,,,,,,,,,,,,,,,,,,,,,,,,,,,,,,,,,,,,,,,,,,,,,,,,,,,,,,,,,,,,,,,,,,,,,,,,,,,,,,,,,,,,,,,,,,,,,,,,,,,,,,,,,,,,,,,,,,,,,,,,,,,,,,,,,,,,,,,,,,,,,,,,,,,,,,,,,,,,,,,,,,,,,,,,,,,,,,,,,,,,,,,,,,,,,,,,,,,,,,,,,,,,,,,,,,,,,,,,,,,,,,,,,,,,,,,,,,,,,,,,,,,,,,,,,,,,,,,,,,,,,,,,,,,,,,,,,,,,,,,,,,,,,,,,,,,,,,,,,,,,,,,,,,,,,,,,,,,,,,,,,,,,,,,,,,,,,,,,,,,,,,,,,,,,,,,,,,,,,,,,,,,,,,,,,,,,,,,,,,,,,,,,,,,,,,,,,,,,,,,,,,,,,,,,,,,,,,,,,,,,,,,,,,,,,,,,,,,,,,,,,,,,,,,,,,,,,,,,,,,,,,,,,,,,,,,,,,,,,,,,,,,,,,,,,,,,,,,,,,,,,,,,,,,,,,,,,,,,,,,,,,,,,,,,,,,,,,,,,,,,,,,,,,,,,,,,,,,,,,,,,,,,,,,,,,,,,,,,,,,,,,,,,,,,,,,,,,,,,,,,,,,,,,,,,,,,,,,,,,,,,,,,,,,,,,,,,,,,,,,,,,,,,,,,,,,,,,,,,,,,,,,,,,,,,,,,,,,,,,,,,,,,,,,,,,,,,,,,,,,,,,,,,,,,,,,,,,,,,,,,,,,,,,,,,,,,,,,,,,,,,,,,,,,,,,,,,,,,,,,,,,,,,,,,,,,,,,,,,,,,,,,,,,,,,,,,,,,,,,,,,,,,,,,,,,,,,,,,,,,,,,,,,,,,,,,,,,,,,,,,,,,,,,,,,,,,,,,,,,,,,,,,,,,,,,,,,,,,,,,,,,,,,,,,,,,,,,,,,,,,,,,,,,,,,,,,,,,,,,,,,,,,,,,,,,,,,,,,,,,,,,,,,,,,,,,,,,,,,,,,,,,,,,,,,,,,,,,,,,,,,,,,,,,,,,,,,,,,,,,,,,,,,,,,,,,,,,,,,,,,,,,,,,,,,,,,,,,,,,,,,,,,,,,,,,,,,,,,,,,,,,,,,,,,,,,,,,,,,,,,,,,,,,,,,,,,,,,,,,,,,,,,,,,,,,,,,,,,,,,,,,,,,,,,,,,,,,,,,,,,,,,,,,,,,,,,,,,,,,,,,,,,,,,,,,,,,,,,,,,,,,,,,,,,,,,,,,,,,,,,,,,,,,,,,,,,,,,,,,,,,,,,,,,,,,,,,,,,,,,,,,,,,,,,,,,,,,,,,,,,,,,,,,,,,,,,,,,,,,,,,,,,,,,,,,,,,,,,,,,,,,,,,,,,,,,,,,,,,,,,,,,,,
,,,,,,,,,,,,,,,,,,,,,,,,,,,,,,,,,,,,,,,,,,,,,,,,,,,,,,,,,,,,,,,,,,,,,,,,,,,,,,,,,,,,,,,,,,,,,,,,,,,,,,,,,,,,,,,,,,,,,,,,,,,,,,,,,,,,,,,,,,,,,,,,,,,,,,,,,,,,,,,,,,,,,,,,,,,,,,,,,,,,,,,,,,,,,,,,,,,,,,,,,,,,,,,,,,,,,,,,,,,,,,,,,,,,,,,,,,,,,,,,,,,,,,,,,,,,,,,,,,,,,,,,,,,,,,,,,,,,,,,,,,,,,,,,,,,,,,,,,,,,,,,,,,,,,,,,,,,,,,,,,,,,,,,,,,,,,,,,,,,,,,,,,,,,,,,,,,,,,,,,,,,,,,,,,,,,,,,,,,,,,,,,,,,,,,,,,,,,,,,,,,,,,,,,,,,,,,,,,,,,,,,,,,,,,,,,,,,,,,,,,,,,,,,,,,,,,,,,,,,,,,,,,,,,,,,,,,,,,,,,,,,,,,,,,,,,,,,,,,,,,,,,,,,,,,,,,,,,,,,,,,,,,,,,,,,,,,,,,,,,,,,,,,,,,,,,,,,,,,,,,,,,,,,,,,,,,,,,,,,,,,,,,,,,,,,,,,,,,,,,,,,,,,,,,,,,,,,,,,,,,,,,,,,,,,,,,,,,,,,,,,,,,,,,,,,,,,,,,,,,,,,,,,,,,,,,,,,,,,,,,,,,,,,,,,,,,,,,,,,,,,,,,,,,,,,,,,,,,,,,,,,,,,,,,,,,,,,,,,,,,,,,,,,,,,,,,,,,,,,,,,,,,,,,,,,,,,,,,,,,,,,,,,,,,,,,,,,,,,,,,,,,,,,,,,,,,,,,,,,,,,,,,,,,,,,,,,,,,,,,,,,,,,,,,,,,,,,,,,,,,,,,,,,,,,,,,,,,,,,,,,,,,,,,,,,,,,,,,,,,,,,,,,,,,,,,,,,,,,,,,,,,,,,,,,,,,,,,,,,,,,,,,,,,,,,,,,,,,,,,,,,,,,,,,,,,,,,,,,,,,,,,,,,,,,,,,,,,,,,,,,,,,,,,,,,,,,,,,,,,,,,,,,,,,,,,,,,,,,,,,,,,,,,,,,,,,,,,,,,,,,,,,,,,,,,,,,,,,,,,,,,,,,,,,,,,,,,,,,,,,,,,,,,,,,,,,,,,,,,,,,,,,,,,,,,,,,,,,,,,,,,,,,,,,,,,,,,,,,,,,,,,,,,,,,,,,,,,,,,,,,,,,,,,,,,,,,,,,,,,,,,,,,,,,,,,,,,,,,,,,,,,,,,,,,,,,,,,,,,,,,,,,,,,,,,,,,,,,,,,,,,,,,,,,,,,,,,,,,,,,,,,,,,,,,,,,,,,,,,,,,,,,,,,,,,,,,,,,,,,,,,,,,,,,,,,,,,,,,,,,,,,,,,,,,,,,,,,,,,,,,,,,,,,,,,,,,,,,,,,,,,,,,,,,,,,,,,,,,,,,,,,,,,,,,,,,,,,,,,,,,,,,,,,,,,,,,,,,,,,,,,,,,,,,,,,,,,,,,,,,,,,,,,,,,,,,,,,,,,,,,,,,,,,,,,,,,,,,,,,,,,,,,,,,,,,,,,,,,,,,,,,,,,,,,,,,,,,,,,,,,,,,,,,,,,,,,,,,,,,,,,,,,,,,,,,,,,,,,,,,,,,,,,,,,,,,,,,,,,,,,,,,,,,,,,,,,,,,,,,,,,,,,,,,,,,,,,,,,,,,,,,,,,,,,,,,,,,,,,,,,,,,,,,,,,,,,,,,,,,,,,,,,,,,,,,,,,,,,,,,,,,,,,,,,,,,,,,,,,,,,,,,,,,,,,,,,,,,,,,,,,,,,,,,,,,,,,,,,,,,,,,,,,,,,,,,,,,,,,,,,,,,,,,,,,,,,,,,,,,,,,,,,,,,,,,,,,,,,,,,,,,,,,,,,,,,,,,,,,,,,,,,,,,,,,,,,,,,,,,,,,,,,,,,,,,,,,,,,,,,,,,,,,,,,,,,,,,,,,,,,,,,,,,,,,,,,,,,,,,,,,,,,,,,,,,,,,,,,,,,,,,,,,,,,,,,,,,,,,,,,,,,,,,,,,,,,,,,,,,,,,,,,,,,,,,,,,,,,,,,,,,,,,,,,,,,,,,,,,,,,,,,,,,,,,,,,,,,,,,,,,,,,,
,,,,,,,,,,,,,,,,,,,,,,,,,,,,,,,,,,,,,,,,,,,,,,,,,,,,,,,,,,,,,,,,,,,,,,,,,,,,,,,,,,,,,,,,,,,,,,,,,,,,,,,,,,,,,,,,,,,,,,,,,,,,,,,,,,,,,,,,,,,,,,,,,,,,,,,,,,,,,,,,,,,,,,,,,,,,,,,,,,,,,,,,,,,,,,,,,,,,,,,,,,,,,,,,,,,,,,,,,,,,,,,,,,,,,,,,,,,,,,,,,,,,,,,,,,,,,,,,,,,,,,,,,,,,,,,,,,,,,,,,,,,,,,,,,,,,,,,,,,,,,,,,,,,,,,,,,,,,,,,,,,,,,,,,,,,,,,,,,,,,,,,,,,,,,,,,,,,,,,,,,,,,,,,,,,,,,,,,,,,,,,,,,,,,,,,,,,,,,,,,,,,,,,,,,,,,,,,,,,,,,,,,,,,,,,,,,,,,,,,,,,,,,,,,,,,,,,,,,,,,,,,,,,,,,,,,,,,,,,,,,,,,,,,,,,,,,,,,,,,,,,,,,,,,,,,,,,,,,,,,,,,,,,,,,,,,,,,,,,,,,,,,,,,,,,,,,,,,,,,,,,,,,,,,,,,,,,,,,,,,,,,,,,,,,,,,,,,,,,,,,,,,,,,,,,,,,,,,,,,,,,,,,,,,,,,,,,,,,,,,,,,,,,,,,,,,,,,,,,,,,,,,,,,,,,,,,,,,,,,,,,,,,,,,,,,,,,,,,,,,,,,,,,,,,,,,,,,,,,,,,,,,,,,,,,,,,,,,,,,,,,,,,,,,,,,,,,,,,,,,,,,,,,,,,,,,,,,,,,,,,,,,,,,,,,,,,,,,,,,,,,,,,,,,,,,,,,,,,,,,,,,,,,,,,,,,,,,,,,,,,,,,,,,,,,,,,,,,,,,,,,,,,,,,,,,,,,,,,,,,,,,,,,,,,,,,,,,,,,,,,,,,,,,,,,,,,,,,,,,,,,,,,,,,,,,,,,,,,,,,,,,,,,,,,,,,,,,,,,,,,,,,,,,,,,,,,,,,,,,,,,,,,,,,,,,,,,,,,,,,,,,,,,,,,,,,,,,,,,,,,,,,,,,,,,,,,,,,,,,,,,,,,,,,,,,,,,,,,,,,,,,,,,,,,,,,,,,,,,,,,,,,,,,,,,,,,,,,,,,,,,,,,,,,,,,,,,,,,,,,,,,,,,,,,,,,,,,,,,,,,,,,,,,,,,,,,,,,,,,,,,,,,,,,,,,,,,,,,,,,,,,,,,,,,,,,,,,,,,,,,,,,,,,,,,,,,,,,,,,,,,,,,,,,,,,,,,,,,,,,,,,,,,,,,,,,,,,,,,,,,,,,,,,,,,,,,,,,,,,,,,,,,,,,,,,,,,,,,,,,,,,,,,,,,,,,,,,,,,,,,,,,,,,,,,,,,,,,,,,,,,,,,,,,,,,,,,,,,,,,,,,,,,,,,,,,,,,,,,,,,,,,,,,,,,,,,,,,,,,,,,,,,,,,,,,,,,,,,,,,,,,,,,,,,,,,,,,,,,,,,,,,,,,,,,,,,,,,,,,,,,,,,,,,,,,,,,,,,,,,,,,,,,,,,,,,,,,,,,,,,,,,,,,,,,,,,,,,,,,,,,,,,,,,,,,,,,,,,,,,,,,,,,,,,,,,,,,,,,,,,,,,,,,,,,,,,,,,,,,,,,,,,,,,,,,,,,,,,,,,,,,,,,,,,,,,,,,,,,,,,,,,,,,,,,,,,,,,,,,,,,,,,,,,,,,,,,,,,,,,,,,,,,,,,,,,,,,,,,,,,,,,,,,,,,,,,,,,,,,,,,,,,,,,,,,,,,,,,,,,,,,,,,,,,,,,,,,,,,,,,,,,,,,,,,,,,,,,,,,,,,,,,,,,,,,,,,,,,,,,,,,,,,,,,,,,,,,,,,,,,,,,,,,,,,,,,,,,,,,,,,,,,,,,,,,,,,,,,,,,,,,,,,,,,,,,,,,,,,,,,,,,,,,,,,,,,,,,,,,,,,,,,,,,,,,,,,,,,,,,,,,,,,,,,,,,,,,,,,,,,,,,,,,,,,,,,,,,,,,,,,,,,,,,,,,,,,,,,,,,,,,,,,,,,,,,,,,,,,,,,,,,,,,,,,,,,,,,,,,,,,,,,,,,,,,,,,,,,,,,,,,,,,,,,,,,,,,,,,,,,,,,,,,
,,,,,,,,,,,,,,,,,,,,,,,,,,,,,,,,,,,,,,,,,,,,,,,,,,,,,,,,,,,,,,,,,,,,,,,,,,,,,,,,,,,,,,,,,,,,,,,,,,,,,,,,,,,,,,,,,,,,,,,,,,,,,,,,,,,,,,,,,,,,,,,,,,,,,,,,,,,,,,,,,,,,,,,,,,,,,,,,,,,,,,,,,,,,,,,,,,,,,,,,,,,,,,,,,,,,,,,,,,,,,,,,,,,,,,,,,,,,,,,,,,,,,,,,,,,,,,,,,,,,,,,,,,,,,,,,,,,,,,,,,,,,,,,,,,,,,,,,,,,,,,,,,,,,,,,,,,,,,,,,,,,,,,,,,,,,,,,,,,,,,,,,,,,,,,,,,,,,,,,,,,,,,,,,,,,,,,,,,,,,,,,,,,,,,,,,,,,,,,,,,,,,,,,,,,,,,,,,,,,,,,,,,,,,,,,,,,,,,,,,,,,,,,,,,,,,,,,,,,,,,,,,,,,,,,,,,,,,,,,,,,,,,,,,,,,,,,,,,,,,,,,,,,,,,,,,,,,,,,,,,,,,,,,,,,,,,,,,,,,,,,,,,,,,,,,,,,,,,,,,,,,,,,,,,,,,,,,,,,,,,,,,,,,,,,,,,,,,,,,,,,,,,,,,,,,,,,,,,,,,,,,,,,,,,,,,,,,,,,,,,,,,,,,,,,,,,,,,,,,,,,,,,,,,,,,,,,,,,,,,,,,,,,,,,,,,,,,,,,,,,,,,,,,,,,,,,,,,,,,,,,,,,,,,,,,,,,,,,,,,,,,,,,,,,,,,,,,,,,,,,,,,,,,,,,,,,,,,,,,,,,,,,,,,,,,,,,,,,,,,,,,,,,,,,,,,,,,,,,,,,,,,,,,,,,,,,,,,,,,,,,,,,,,,,,,,,,,,,,,,,,,,,,,,,,,,,,,,,,,,,,,,,,,,,,,,,,,,,,,,,,,,,,,,,,,,,,,,,,,,,,,,,,,,,,,,,,,,,,,,,,,,,,,,,,,,,,,,,,,,,,,,,,,,,,,,,,,,,,,,,,,,,,,,,,,,,,,,,,,,,,,,,,,,,,,,,,,,,,,,,,,,,,,,,,,,,,,,,,,,,,,,,,,,,,,,,,,,,,,,,,,,,,,,,,,,,,,,,,,,,,,,,,,,,,,,,,,,,,,,,,,,,,,,,,,,,,,,,,,,,,,,,,,,,,,,,,,,,,,,,,,,,,,,,,,,,,,,,,,,,,,,,,,,,,,,,,,,,,,,,,,,,,,,,,,,,,,,,,,,,,,,,,,,,,,,,,,,,,,,,,,,,,,,,,,,,,,,,,,,,,,,,,,,,,,,,,,,,,,,,,,,,,,,,,,,,,,,,,,,,,,,,,,,,,,,,,,,,,,,,,,,,,,,,,,,,,,,,,,,,,,,,,,,,,,,,,,,,,,,,,,,,,,,,,,,,,,,,,,,,,,,,,,,,,,,,,,,,,,,,,,,,,,,,,,,,,,,,,,,,,,,,,,,,,,,,,,,,,,,,,,,,,,,,,,,,,,,,,,,,,,,,,,,,,,,,,,,,,,,,,,,,,,,,,,,,,,,,,,,,,,,,,,,,,,,,,,,,,,,,,,,,,,,,,,,,,,,,,,,,,,,,,,,,,,,,,,,,,,,,,,,,,,,,,,,,,,,,,,,,,,,,,,,,,,,,,,,,,,,,,,,,,,,,,,,,,,,,,,,,,,,,,,,,,,,,,,,,,,,,,,,,,,,,,,,,,,,,,,,,,,,,,,,,,,,,,,,,,,,,,,,,,,,,,,,,,,,,,,,,,,,,,,,,,,,,,,,,,,,,,,,,,,,,,,,,,,,,,,,,,,,,,,,,,,,,,,,,,,,,,,,,,,,,,,,,,,,,,,,,,,,,,,,,,,,,,,,,,,,,,,,,,,,,,,,,,,,,,,,,,,,,,,,,,,,,,,,,,,,,,,,,,,,,,,,,,,,,,,,,,,,,,,,,,,,,,,,,,,,,,,,,,,,,,,,,,,,,,,,,,,,,,,,,,,,,,,,,,,,,,,,,,,,,,,,,,,,,,,,,,,,,,,,,,,,,,,,,,,,,,,,,,,,,,,,,,,,,,,,,,,,,,,,,,,,,,,,,,,,,,,,,,,,,,,,,,,,,,,,,,,,,,,,,,,,,,,,,,,,,,,,,,,,,,,,,,,,,,,,,,,,,,,
3561,3353,2413,2354,2254,2276,2409,2361,2174,2361,2409,2276,2254,2354,2413,3353,3844,3623,2547,2392,2315,2371,2373,2416,2328,2296,2266,2298,2265,2342,2534,3621,4058,3837,2728,2458,2347,2353,2321,2290,2318,2333,2339,2315,2307,2431,2777,3836,4240,4019,2913,2510,2423,2245,2301,2325,2387,2315,2312,2402,2327,2543,2890,4018,4069,3848,2713,2398,2305,2279,2237,2273,2362,2329,2249,2343,2361,2378,2760,3847,3745,3523,2452,2358,2188,2245,2237,2260,2394,2259,2164,2313,2371,2345,2532,3521,3431,3213,2355,2291,2152,2166,2269,2324,2332,2246,2271,2418,2328,2325,2295,3210,3074,2849,2262,2297,2260,2287,2253,2312,2280,2239,2306,2379,2360,2312,2274,2847,2798,2598,2220,2211,2212,2257,2277,2299,2332,2268,2282,2389,2376,2317,2295,2587,3002,2844,2322,2151,2377,2343,2409,2461,2532,2682,2613,2351,2376,2325,2364,2777,3748,3455,3154,2792,3118,3020,3397,3258,3246,3287,3286,3126,2985,2916,3341,3516,4295,4157,3787,3335,3703,3681,3929,3944,3823,4068,4016,3721,3725,3702,3892,4136,4390,4320,4069,3601,3753,3862,3982,4142,4167,4394,4298,4093,4001,3961,4028,4236,4353,4379,4078,3727,3650,3772,3716,4000,4098,4347,4234,4033,3970,3886,3919,4130,4747,4545,3842,3484,3608,3482,3494,3599,3699,3998,3906,3646,3673,3535,3601,4501,4703,4504,3545,3114,3279,2980,3193,3288,3375,3574,3487,3165,3108,3220,3123,4457,4357,4153,3206,3033,2963,2903,3029,3152,3378,3282,3114,2935,2879,2952,3097,4112,4414,4194,3473,3335,3126,3154,3151,3306,3571,3483,3325,3195,3013,3214,3474,4189,4405,4184,3502,3373,3215,3254,3261,3451,3591,3422,3304,3336,3209,3300,3496,4182,4240,4013,3274,3118,3105,3192,3118,3784,3919,3626,3052,3107,3169,3156,3185,3998,4604,4370,3082,3249,3116,3278,3064,4023,4181,3910,3145,3300,3357,3138,3184,4370,4675,4447,3069,3216,3007,3042,3138,3926,4084,3832,3176,3348,3372,3032,3398,4444,4457,4235,3032,3005,2867,2766,3087,3594,3673,3437,2986,3103,3078,2874,3331,4225,3986,3773,3001,2865,2737,2729,3039,3334,3346,3068,2833,2809,2733,2871,3090,3753,3673,3436,2859,2694,2594,2608,2828,3140,3295,3170,2947,2740,2777,2724,2975,3489,3764,3522,2762,2696,2615,2507,2839,3176,3371,3235,2978,2781,2858,2727,2837,3536,3789,3547,2659,2550,2663,2499,2629,3016,3232,3071,2702,2536,2757,2668,2707,3563,3516,3271,2620,2514,2627,2574,2705,3005,3020,2946,2734,2651,2669,2622,2697,3279,3346,3112,2772,2659,2646,2548,2713,2960,3002,2996,2841,2656,2644,2588,2682,3115,3512,3283,2704,2530,2480,2442,2649,2844,2822,2772,2688,2497,2532,2583,2558,3289,3410,3172,2563,2452,2473,2453,2523,2617,2608,2486,2253,2404,2442,2370,2464,3192,3292,3043,2455,2329,2398,2502,2509,2526,2561,2542,2395,2427,2474,2252,2470,3095,3124,2898,2415,2376,2381,2460,2433,2410,2541,2625,2463,2392,2381,2320,2524,2998,2963,2788,2322,2377,2368,2340,2376,2402,2534,2477,2482,2384,2324,2402,2449,2860,2911,2762,2318,2352,2372,2377,2384,2463,2593,2414,2439,2364,2337,2345,2299,2779,2941,2727,2298,2352,2404,2345,2418,2484,2541,2339,2368,2366,2266,2278,2339,2747,2963,2712,2420,2361,2417,2357,2453,2647,2697,2415,2329,2313,2184,2317,2396,2726,2926,2718,2346,2323,2383,2406,2440,2630,2656,2492,2396,2334,2347,2249,2373,2757,2819,2664,2373,2308,2395,2338,2427,2596,2618,2362,2363,2390,2358,2328,2370,2663,2901,2725,2347,2394,2331,2314,2372,2396,2471,2335,2251,2399,2389,2411,2403,2714,2905,2702,2393,2412,2433,2271,2313,2442,2551,2494,2359,2370,2386,2376,2414,2680,2826,2640,2353,2469,2446,2340,2418,2514,2687,2674,2466,2395,2365,2392,2429,2684,2936,2714,2467,2501,2476,2313,2370,2439,2661,2609,2429,2346,2373,2333,2341,2759,2969,2801,2486,2443,2360,2331,2410,2446,2504,2480,2346,2284,2281,2280,2379,2757,2953,2765,2409,2352,2326,2434,2386,2433,2535,2432,2324,2368,2326,2378,2319,2747,2816,2623,2327,2311,2326,2413,2395,2467,2590,2514,2402,2414,2387,2394,2267,2636,2784,2624,2394,2247,2373,2427,2401,2517,2696,2628,2441,2388,2395,2457,2292,2605,2726,2555,2378,2330,2266,2378,2357,2471,2644,2577,2404,2318,2310,2269,2291,2589,2771,2569,2283,2309,2322,2354,2444,2480,2559,2559,2428,2350,2284,2243,2288,2619,2968,2808,2346,2300,2375,2393,2457,2557,2617,2541,2433,2365,2333,2287,2296,2778,3575,3336,2297,2224,2321,2316,2418,2457,2596,2518,2219,2218,2386,2265,2314,3356,4193,3968,2778,2488,2425,2252,2299,2397,2507,2440,2335,2247,2399,2484,2832,3971,4349,4124,2978,2620,2536,2461,2370,2417,2551,2411,2448,2324,2471,2605,2993,4127,4140,3916,2761,2495,2465,2467,2490,2361,2587,2482,2427,2411,2442,2428,2789,3918,3465,3237,2383,2370,2374,2433,2364,2393,2457,2295,2369,2418,2399,2399,2372,3238,3069,2843,2331,2378,2349,2387,2390,2273,2369,2355,2345,2346,2379,2315,2322,2849,2741,2446,2340,2439,2391,2388,2360,2317,2389,2445,2343,2361,2389,2306,2383,2528,2740,2521,2381,2401,2333,2415,2263,2262,2301,2345,2334,2323,2396,2367,2285,2595,2749,2636,2441,2382,2363,2409,2331,2462,2607,2426,2363,2322,2413,2476,2469,2652,3035,2863,2581,2440,2485,2417,2432,2736,2870,2727,2416,2367,2432,2572,2707,2973,3329,3091,2507,2336,2463,2449,2510,2726,2847,2770,2430,2406,2414,2533,2654,3110,4055,3837,2777,2362,2439,2431,2585,2719,2685,2606,2416,2467,2447,2401,2650,3831,4551,4332,3248,2854,2640,2671,2730,2973,2996,2844,2576,2736,2727,2921,3196,4326,4676,4454,3326,3050,2882,2860,2975,3257,3361,3195,2925,2940,2938,3017,3337,4453,4502,4281,3181,2962,2844,2893,3008,3439,3511,3288,2928,2958,2938,2934,3191,4278,4049,3826,2823,2776,2622,2725,2881,3278,3330,3033,2729,2714,2793,2795,2896,3836,3746,3553,2676,2510,2483,2540,2587,2883,2969,2819,2471,2367,2491,2513,2622,3493,3552,3339,2450,2378,2575,2480,2453,2727,2807,2666,2441,2464,2489,2349,2411,3321,3484,3253,2412,2417,2585,2507,2419,2654,2673,2553,2349,2527,2513,2334,2300,3257,3382,3167,2466,2449,2532,2451,2357,2572,2549,2490,2442,2543,2518,2268,2396,3161,3203,2995,2478,2383,2363,2369,2349,2488,2446,2355,2436,2443,2384,2386,2376,2986,3093,2875,2453,2397,2367,2384,2432,2490,2395,2326,2381,2414,2396,2388,2407,2862,2997,2818,2509,2371,2277,2359,2476,2558,2549,2449,2429,2312,2391,2342,2344,2789,3011,2760,2464,2392,2398,2343,2558,2680,2614,2500,2460,2492,2551,2480,2434,2828,2989,2753,2322,2403,2477,2417,2552,2569,2594,2576,2453,2483,2547,2456,2462,2855,3136,2929,2313,2366,2425,2457,2534,2632,2564,2637,2544,2387,2417,2506,2575,2926,3427,3221,2482,2502,2452,2518,2576,2573,2544,2616,2484,2444,2426,2475,2565,3213,3578,3368,2519,2441,2480,2395,2491,2487,2478,2613,2412,2423,2519,2370,2470,3359,3531,3315,2489,2360,2454,2374,2469,2444,2445,2416,2380,2390,2463,2254,2318,3304,3276,3081,2586,2505,2405,2446,2413,2506,2522,2453,2491,2402,2297,2301,2342,3039,3500,3304,2967,2850,2700,2614,2670,2811,2857,2886,2814,2696,2676,2559,2649,3281,3534,3403,3148,2932,2810,2649,2824,2944,3016,3050,2977,2823,2822,2650,2819,3343,3446,3252,3022,2785,2696,2575,2597,2837,2939,3007,2876,2748,2686,2591,2724,3213,3286,3091,2733,2628,2455,2524,2450,2753,2889,2873,2712,2611,2541,2545,2546,3050,3296,3081,2544,2502,2527,2473,2476,2629,2782,2794,2541,2406,2439,2501,2532,3097,3412,3213,2695,2695,2634,2499,2476,2728,2795,2772,2528,2459,2432,2466,2666,3162,3356,3115,2663,2658,2571,2459,2496,2626,2752,2671,2494,2528,2542,2432,2698,3143,3090,2905,2527,2452,2306,2342,2471,2538,2683,2567,2404,2411,2359,2286,2519,2877,3173,2922,2283,2301,2240,2308,2407,2575,2672,2508,2403,2369,2366,2386,2405,2984,3552,3306,2225,2325,2283,2294,2476,2863,2932,2627,2390,2294,2394,2369,2462,3344,3594,3358,2378,2317,2384,2352,2524,2984,3075,2742,2460,2414,2342,2305,2468,3385,3185,2948,2467,2363,2439,2384,2440,2779,2831,2592,2507,2479,2355,2317,2488,3036,2999,2831,2534,2338,2423,2368,2355,2693,2865,2704,2401,2457,2325,2345,2354,2839,3356,3146,2542,2389,2476,2339,2356,2897,3197,3058,2424,2384,2355,2205,2224,3135,3418,3207,2496,2414,2423,2452,2361,2818,3102,3015,2344,2345,2423,2362,2314,3200,3190,2991,2400,2356,2361,2422,2422,2549,2712,2609,2224,2352,2423,2355,2389,2991,3152,2916,2392,2290,2283,2391,2446,2588,2565,2493,2287,2412,2431,2334,2423,2925,3349,3133,2345,2360,2344,2383,2399,2699,2722,2579,2319,2345,2293,2304,2352,3145,3261,3053,2428,2361,2329,2350,2388,2698,2765,2594,2341,2168,2346,2352,2291,3044,3113,2849,2414,2233,2265,2257,2220,2523,2595,2531,2439,2344,2308,2389,2348,2933,2962,2729,2345,2368,2307,2267,2302,2492,2456,2391,2396,2317,2278,2355,2301,2767,2910,2684,2404,2236,2272,2261,2283,2399,2420,2364,2304,2252,2241,2310,2285,2688,3208,2982,2206,2243,2314,2161,2186,2214,2176,2405,2381,2326,2337,2295,2353,2979,3277,3056,2246,2339,2392,2270,2224,2286,2322,2343,2378,2351,2397,2360,2383,3055,2899,2719,2255,2260,2287,2286,2167,2351,2350,2299,2385,2363,2338,2300,2253,2670,3696,3473,2364,2283,2263,2346,2306,2329,2346,2320,2367,2384,2321,2277,2410,3471,4106,3880,2687,2480,2353,2379,2393,2432,2492,2424,2376,2315,2258,2458,2750,3883,4098,3870,2727,2581,2408,2447,2391,2572,2687,2628,2471,2385,2431,2595,2714,3873,3661,3450,2589,2403,2440,2435,2267,2487,2625,2535,2437,2433,2454,2472,2486,3439,3841,3623,2680,2432,2369,2384,2395,2439,2460,2336,2429,2383,2448,2315,2657,3622,3896,3683,2796,2309,2345,2329,2390,2480,2605,2426,2496,2297,2312,2382,2711,3677,3731,3521,2651,2388,2378,2373,2430,2516,2619,2557,2467,2307,2402,2416,2488,3504,3553,3342,2334,2300,2353,2330,2452,2522,2576,2514,2387,2310,2376,2388,2386,3319,3320,3113,2415,2332,2337,2243,2379,2424,2479,2478,2372,2344,2365,2305,2358,3107,3206,2966,2389,2356,2390,2226,2264,2423,2392,2313,2328,2303,2343,2319,2289,2964,3011,2788,2266,2302,2409,2376,2280,2360,2352,2251,2206,2200,2335,2294,2326,2766,2823,2582,2138,2339,2404,2420,2355,2365,2364,2264,2222,2227,2318,2261,2275,2636,2877,2647,2215,2302,2306,2387,2368,2255,2284,2295,2326,2305,2268,2303,2339,2659,2947,2739,2220,2252,2299,2242,2329,2330,2279,2283,2322,2261,2113,2272,2305,2741,2994,2765,2140,2258,2210,2230,2247,2365,2391,2247,2267,2235,2198,2243,2297,2778,2936,2747,2184,2207,2219,2241,2065,2401,2450,2295,2111,2222,2228,2245,2194,2672,3303,3087,2188,2104,2189,2191,2173,2297,2317,2252,2151,2199,2274,2185,2177,3072,3313,3092,2236,2195,2244,2164,2237,2197,2165,2193,2112,2065,2153,2117,2140,3087,3274,3048,2189,2076,2131,2074,2088,2136,2245,2091,2078,2091,2136,2020,2081,3051,3393,3163,2086,2132,2115,2076,2073,2172,2093,2074,2088,2134,2210,2048,2131,3174,3279,3046,2040,1988,2046,1959,2024,2019,2125,2127,2059,2116,2183,2093,2167,3064,3036,2807,2070,1979,2045,1929,1964,2030,2106,2118,2040,2100,2079,2059,1974,2797,2934,2732,2150,2024,2036,1934,2101,2314,2357,2243,2010,2001,2008,2075,2035,2727
,,,,,,,,,,,,,,,,,,,,,,,,,,,,,,,,,,,,,,,,,,,,,,,,,,,,,,,,,,,,,,,,,,,,,,,,,,,,,,,,,,,,,,,,,,,,,,,,,,,,,,,,,,,,,,,,,,,,,,,,,,,,,,,,,,,,,,,,,,,,,,,,,,,,,,,,,,,,,,,,,,,,,,,,,,,,,,,,,,,,,,,,,,,,,,,,,,,,,,,,,,,,,,,,,,,,,,,,,,,,,,,,,,,,,,,,,,,,,,,,,,,,,,,,,,,,,,,,,,,,,,,,,,,,,,,,,,,,,,,,,,,,,,,,,,,,,,,,,,,,,,,,,,,,,,,,,,,,,,,,,,,,,,,,,,,,,,,,,,,,,,,,,,,,,,,,,,,,,,,,,,,,,,,,,,,,,,,,,,,,,,,,,,,,,,,,,,,,,,,,,,,,,,,,,,,,,,,,,,,,,,,,,,,,,,,,,,,,,,,,,,,,,,,,,,,,,,,,,,,,,,,,,,,,,,,,,,,,,,,,,,,,,,,,,,,,,,,,,,,,,,,,,,,,,,,,,,,,,,,,,,,,,,,,,,,,,,,,,,,,,,,,,,,,,,,,,,,,,,,,,,,,,,,,,,,,,,,,,,,,,,,,,,,,,,,,,,,,,,,,,,,,,,,,,,,,,,,,,,,,,,,,,,,,,,,,,,,,,,,,,,,,,,,,,,,,,,,,,,,,,,,,,,,,,,,,,,,,,,,,,,,,,,,,,,,,,,,,,,,,,,,,,,,,,,,,,,,,,,,,,,,,,,,,,,,,,,,,,,,,,,,,,,,,,,,,,,,,,,,,,,,,,,,,,,,,,,,,,,,,,,,,,,,,,,,,,,,,,,,,,,,,,,,,,,,,,,,,,,,,,,,,,,,,,,,,,,,,,,,,,,,,,,,,,,,,,,,,,,,,,,,,,,,,,,,,,,,,,,,,,,,,,,,,,,,,,,,,,,,,,,,,,,,,,,,,,,,,,,,,,,,,,,,,,,,,,,,,,,,,,,,,,,,,,,,,,,,,,,,,,,,,,,,,,,,,,,,,,,,,,,,,,,,,,,,,,,,,,,,,,,,,,,,,,,,,,,,,,,,,,,,,,,,,,,,,,,,,,,,,,,,,,,,,,,,,,,,,,,,,,,,,,,,,,,,,,,,,,,,,,,,,,,,,,,,,,,,,,,,,,,,,,,,,,,,,,,,,,,,,,,,,,,,,,,,,,,,,,,,,,,,,,,,,,,,,,,,,,,,,,,,,,,,,,,,,,,,,,,,,,,,,,,,,,,,,,,,,,,,,,,,,,,,,,,,,,,,,,,,,,,,,,,,,,,,,,,,,,,,,,,,,,,,,,,,,,,,,,,,,,,,,,,,,,,,,,,,,,,,,,,,,,,,,,,,,,,,,,,,,,,,,,,,,,,,,,,,,,,,,,,,,,,,,,,,,,,,,,,,,,,,,,,,,,,,,,,,,,,,,,,,,,,,,,,,,,,,,,,,,,,,,,,,,,,,,,,,,,,,,,,,,,,,,,,,,,,,,,,,,,,,,,,,,,,,,,,,,,,,,,,,,,,,,,,,,,,,,,,,,,,,,,,,,,,,,,,,,,,,,,,,,,,,,,,,,,,,,,,,,,,,,,,,,,,,,,,,,,,,,,,,,,,,,,,,,,,,,,,,,,,,,,,,,,,,,,,,,,,,,,,,,,,,,,,,,,,,,,,,,,,,,,,,,,,,,,,,,,,,,,,,,,,,,,,,,,,,,,,,,,,,,,,,,,,,,,,,,,,,,,,,,,,,,,,,,,,,,,,,,,,,,,,,,,,,,,,,,,,,,,,,,,,,,,,,,,,,,,,,,,,,,,,,,,,,,,,,,,,,,,,,,,,,,,,,,,,,,,,,,,,,,,,,,,,,,,,,,,,,,,,,,,,,,,,,,,,,,,,,,,,,,,,,,,,,,,,,,,,,,,,,,,,,,,,,,,,,,,,,,,,,,,,,,,,,,,,,,,,,,,,,,,,,,,,,,,,,,,,,,,,,,,,,,,,,,,,,,,,,,,,,,,,,,,,,,,,,,,,,,,,,,,,,,,,,,,,,,,,,,,,,,,,,,,,,,,,,,,,,,,,,,,,,,,,,,,,,,,,,,,,,,,,,,,,,,,,,,,,,,,,,,,,,,,,,,,,,,,,,,,,,,,,,,,,,,,,,,,,,,,,,,,,,,,,,,,,,,,,,,,,,,,,,
,,,,,,,,,,,,,,,,,,,,,,,,,,,,,,,,,,,,,,,,,,,,,,,,,,,,,,,,,,,,,,,,,,,,,,,,,,,,,,,,,,,,,,,,,,,,,,,,,,,,,,,,,,,,,,,,,,,,,,,,,,,,,,,,,,,,,,,,,,,,,,,,,,,,,,,,,,,,,,,,,,,,,,,,,,,,,,,,,,,,,,,,,,,,,,,,,,,,,,,,,,,,,,,,,,,,,,,,,,,,,,,,,,,,,,,,,,,,,,,,,,,,,,,,,,,,,,,,,,,,,,,,,,,,,,,,,,,,,,,,,,,,,,,,,,,,,,,,,,,,,,,,,,,,,,,,,,,,,,,,,,,,,,,,,,,,,,,,,,,,,,,,,,,,,,,,,,,,,,,,,,,,,,,,,,,,,,,,,,,,,,,,,,,,,,,,,,,,,,,,,,,,,,,,,,,,,,,,,,,,,,,,,,,,,,,,,,,,,,,,,,,,,,,,,,,,,,,,,,,,,,,,,,,,,,,,,,,,,,,,,,,,,,,,,,,,,,,,,,,,,,,,,,,,,,,,,,,,,,,,,,,,,,,,,,,,,,,,,,,,,,,,,,,,,,,,,,,,,,,,,,,,,,,,,,,,,,,,,,,,,,,,,,,,,,,,,,,,,,,,,,,,,,,,,,,,,,,,,,,,,,,,,,,,,,,,,,,,,,,,,,,,,,,,,,,,,,,,,,,,,,,,,,,,,,,,,,,,,,,,,,,,,,,,,,,,,,,,,,,,,,,,,,,,,,,,,,,,,,,,,,,,,,,,,,,,,,,,,,,,,,,,,,,,,,,,,,,,,,,,,,,,,,,,,,,,,,,,,,,,,,,,,,,,,,,,,,,,,,,,,,,,,,,,,,,,,,,,,,,,,,,,,,,,,,,,,,,,,,,,,,,,,,,,,,,,,,,,,,,,,,,,,,,,,,,,,,,,,,,,,,,,,,,,,,,,,,,,,,,,,,,,,,,,,,,,,,,,,,,,,,,,,,,,,,,,,,,,,,,,,,,,,,,,,,,,,,,,,,,,,,,,,,,,,,,,,,,,,,,,,,,,,,,,,,,,,,,,,,,,,,,,,,,,,,,,,,,,,,,,,,,,,,,,,,,,,,,,,,,,,,,,,,,,,,,,,,,,,,,,,,,,,,,,,,,,,,,,,,,,,,,,,,,,,,,,,,,,,,,,,,,,,,,,,,,,,,,,,,,,,,,,,,,,,,,,,,,,,,,,,,,,,,,,,,,,,,,,,,,,,,,,,,,,,,,,,,,,,,,,,,,,,,,,,,,,,,,,,,,,,,,,,,,,,,,,,,,,,,,,,,,,,,,,,,,,,,,,,,,,,,,,,,,,,,,,,,,,,,,,,,,,,,,,,,,,,,,,,,,,,,,,,,,,,,,,,,,,,,,,,,,,,,,,,,,,,,,,,,,,,,,,,,,,,,,,,,,,,,,,,,,,,,,,,,,,,,,,,,,,,,,,,,,,,,,,,,,,,,,,,,,,,,,,,,,,,,,,,,,,,,,,,,,,,,,,,,,,,,,,,,,,,,,,,,,,,,,,,,,,,,,,,,,,,,,,,,,,,,,,,,,,,,,,,,,,,,,,,,,,,,,,,,,,,,,,,,,,,,,,,,,,,,,,,,,,,,,,,,,,,,,,,,,,,,,,,,,,,,,,,,,,,,,,,,,,,,,,,,,,,,,,,,,,,,,,,,,,,,,,,,,,,,,,,,,,,,,,,,,,,,,,,,,,,,,,,,,,,,,,,,,,,,,,,,,,,,,,,,,,,,,,,,,,,,,,,,,,,,,,,,,,,,,,,,,,,,,,,,,,,,,,,,,,,,,,,,,,,,,,,,,,,,,,,,,,,,,,,,,,,,,,,,,,,,,,,,,,,,,,,,,,,,,,,,,,,,,,,,,,,,,,,,,,,,,,,,,,,,,,,,,,,,,,,,,,,,,,,,,,,,,,,,,,,,,,,,,,,,,,,,,,,,,,,,,,,,,,,,,,,,,,,,,,,,,,,,,,,,,,,,,,,,,,,,,,,,,,,,,,,,,,,,,,,,,,,,,,,,,,,,,,,,,,,,,,,,,,,,,,,,,,,,,,,,,,,,,,,,,,,,,,,,,,,,,,,,,,,,,,,,,,,,,,,,,,,,,,,,,,,,,,,,,,,,,,,,,,,,,,,,,,,,,,,,,,,,,,,,,,,,,,,,,,,,,,,,,,,,,,,,,,,,,
,,,,,,,,,,,,,,,,,,,,,,,,,,,,,,,,,,,,,,,,,,,,,,,,,,,,,,,,,,,,,,,,,,,,,,,,,,,,,,,,,,,,,,,,,,,,,,,,,,,,,,,,,,,,,,,,,,,,,,,,,,,,,,,,,,,,,,,,,,,,,,,,,,,,,,,,,,,,,,,,,,,,,,,,,,,,,,,,,,,,,,,,,,,,,,,,,,,,,,,,,,,,,,,,,,,,,,,,,,,,,,,,,,,,,,,,,,,,,,,,,,,,,,,,,,,,,,,,,,,,,,,,,,,,,,,,,,,,,,,,,,,,,,,,,,,,,,,,,,,,,,,,,,,,,,,,,,,,,,,,,,,,,,,,,,,,,,,,,,,,,,,,,,,,,,,,,,,,,,,,,,,,,,,,,,,,,,,,,,,,,,,,,,,,,,,,,,,,,,,,,,,,,,,,,,,,,,,,,,,,,,,,,,,,,,,,,,,,,,,,,,,,,,,,,,,,,,,,,,,,,,,,,,,,,,,,,,,,,,,,,,,,,,,,,,,,,,,,,,,,,,,,,,,,,,,,,,,,,,,,,,,,,,,,,,,,,,,,,,,,,,,,,,,,,,,,,,,,,,,,,,,,,,,,,,,,,,,,,,,,,,,,,,,,,,,,,,,,,,,,,,,,,,,,,,,,,,,,,,,,,,,,,,,,,,,,,,,,,,,,,,,,,,,,,,,,,,,,,,,,,,,,,,,,,,,,,,,,,,,,,,,,,,,,,,,,,,,,,,,,,,,,,,,,,,,,,,,,,,,,,,,,,,,,,,,,,,,,,,,,,,,,,,,,,,,,,,,,,,,,,,,,,,,,,,,,,,,,,,,,,,,,,,,,,,,,,,,,,,,,,,,,,,,,,,,,,,,,,,,,,,,,,,,,,,,,,,,,,,,,,,,,,,,,,,,,,,,,,,,,,,,,,,,,,,,,,,,,,,,,,,,,,,,,,,,,,,,,,,,,,,,,,,,,,,,,,,,,,,,,,,,,,,,,,,,,,,,,,,,,,,,,,,,,,,,,,,,,,,,,,,,,,,,,,,,,,,,,,,,,,,,,,,,,,,,,,,,,,,,,,,,,,,,,,,,,,,,,,,,,,,,,,,,,,,,,,,,,,,,,,,,,,,,,,,,,,,,,,,,,,,,,,,,,,,,,,,,,,,,,,,,,,,,,,,,,,,,,,,,,,,,,,,,,,,,,,,,,,,,,,,,,,,,,,,,,,,,,,,,,,,,,,,,,,,,,,,,,,,,,,,,,,,,,,,,,,,,,,,,,,,,,,,,,,,,,,,,,,,,,,,,,,,,,,,,,,,,,,,,,,,,,,,,,,,,,,,,,,,,,,,,,,,,,,,,,,,,,,,,,,,,,,,,,,,,,,,,,,,,,,,,,,,,,,,,,,,,,,,,,,,,,,,,,,,,,,,,,,,,,,,,,,,,,,,,,,,,,,,,,,,,,,,,,,,,,,,,,,,,,,,,,,,,,,,,,,,,,,,,,,,,,,,,,,,,,,,,,,,,,,,,,,,,,,,,,,,,,,,,,,,,,,,,,,,,,,,,,,,,,,,,,,,,,,,,,,,,,,,,,,,,,,,,,,,,,,,,,,,,,,,,,,,,,,,,,,,,,,,,,,,,,,,,,,,,,,,,,,,,,,,,,,,,,,,,,,,,,,,,,,,,,,,,,,,,,,,,,,,,,,,,,,,,,,,,,,,,,,,,,,,,,,,,,,,,,,,,,,,,,,,,,,,,,,,,,,,,,,,,,,,,,,,,,,,,,,,,,,,,,,,,,,,,,,,,,,,,,,,,,,,,,,,,,,,,,,,,,,,,,,,,,,,,,,,,,,,,,,,,,,,,,,,,,,,,,,,,,,,,,,,,,,,,,,,,,,,,,,,,,,,,,,,,,,,,,,,,,,,,,,,,,,,,,,,,,,,,,,,,,,,,,,,,,,,,,,,,,,,,,,,,,,,,,,,,,,,,,,,,,,,,,,,,,,,,,,,,,,,,,,,,,,,,,,,,,,,,,,,,,,,,,,,,,,,,,,,,,,,,,,,,,,,,,,,,,,,,,,,,,,,,,,,,,,,,,,,,,,,,,,,,,,,,,,,,,,,,,,,,,,,,,,,,,,,,,,,,,,,,,,,,,,,,,,,,,,,,,,,,,,,,,,,,,,,,,,,,,,,,,,,,,,,,,,,,,,,,,,,,,,,,,,,,,,,,,,,,,,,,,,,,,,,,
,,,,,,,,,,,,,,,,,,,,,,,,,,,,,,,,,,,,,,,,,,,,,,,,,,,,,,,,,,,,,,,,,,,,,,,,,,,,,,,,,,,,,,,,,,,,,,,,,,,,,,,,,,,,,,,,,,,,,,,,,,,,,,,,,,,,,,,,,,,,,,,,,,,,,,,,,,,,,,,,,,,,,,,,,,,,,,,,,,,,,,,,,,,,,,,,,,,,,,,,,,,,,,,,,,,,,,,,,,,,,,,,,,,,,,,,,,,,,,,,,,,,,,,,,,,,,,,,,,,,,,,,,,,,,,,,,,,,,,,,,,,,,,,,,,,,,,,,,,,,,,,,,,,,,,,,,,,,,,,,,,,,,,,,,,,,,,,,,,,,,,,,,,,,,,,,,,,,,,,,,,,,,,,,,,,,,,,,,,,,,,,,,,,,,,,,,,,,,,,,,,,,,,,,,,,,,,,,,,,,,,,,,,,,,,,,,,,,,,,,,,,,,,,,,,,,,,,,,,,,,,,,,,,,,,,,,,,,,,,,,,,,,,,,,,,,,,,,,,,,,,,,,,,,,,,,,,,,,,,,,,,,,,,,,,,,,,,,,,,,,,,,,,,,,,,,,,,,,,,,,,,,,,,,,,,,,,,,,,,,,,,,,,,,,,,,,,,,,,,,,,,,,,,,,,,,,,,,,,,,,,,,,,,,,,,,,,,,,,,,,,,,,,,,,,,,,,,,,,,,,,,,,,,,,,,,,,,,,,,,,,,,,,,,,,,,,,,,,,,,,,,,,,,,,,,,,,,,,,,,,,,,,,,,,,,,,,,,,,,,,,,,,,,,,,,,,,,,,,,,,,,,,,,,,,,,,,,,,,,,,,,,,,,,,,,,,,,,,,,,,,,,,,,,,,,,,,,,,,,,,,,,,,,,,,,,,,,,,,,,,,,,,,,,,,,,,,,,,,,,,,,,,,,,,,,,,,,,,,,,,,,,,,,,,,,,,,,,,,,,,,,,,,,,,,,,,,,,,,,,,,,,,,,,,,,,,,,,,,,,,,,,,,,,,,,,,,,,,,,,,,,,,,,,,,,,,,,,,,,,,,,,,,,,,,,,,,,,,,,,,,,,,,,,,,,,,,,,,,,,,,,,,,,,,,,,,,,,,,,,,,,,,,,,,,,,,,,,,,,,,,,,,,,,,,,,,,,,,,,,,,,,,,,,,,,,,,,,,,,,,,,,,,,,,,,,,,,,,,,,,,,,,,,,,,,,,,,,,,,,,,,,,,,,,,,,,,,,,,,,,,,,,,,,,,,,,,,,,,,,,,,,,,,,,,,,,,,,,,,,,,,,,,,,,,,,,,,,,,,,,,,,,,,,,,,,,,,,,,,,,,,,,,,,,,,,,,,,,,,,,,,,,,,,,,,,,,,,,,,,,,,,,,,,,,,,,,,,,,,,,,,,,,,,,,,,,,,,,,,,,,,,,,,,,,,,,,,,,,,,,,,,,,,,,,,,,,,,,,,,,,,,,,,,,,,,,,,,,,,,,,,,,,,,,,,,,,,,,,,,,,,,,,,,,,,,,,,,,,,,,,,,,,,,,,,,,,,,,,,,,,,,,,,,,,,,,,,,,,,,,,,,,,,,,,,,,,,,,,,,,,,,,,,,,,,,,,,,,,,,,,,,,,,,,,,,,,,,,,,,,,,,,,,,,,,,,,,,,,,,,,,,,,,,,,,,,,,,,,,,,,,,,,,,,,,,,,,,,,,,,,,,,,,,,,,,,,,,,,,,,,,,,,,,,,,,,,,,,,,,,,,,,,,,,,,,,,,,,,,,,,,,,,,,,,,,,,,,,,,,,,,,,,,,,,,,,,,,,,,,,,,,,,,,,,,,,,,,,,,,,,,,,,,,,,,,,,,,,,,,,,,,,,,,,,,,,,,,,,,,,,,,,,,,,,,,,,,,,,,,,,,,,,,,,,,,,,,,,,,,,,,,,,,,,,,,,,,,,,,,,,,,,,,,,,,,,,,,,,,,,,,,,,,,,,,,,,,,,,,,,,,,,,,,,,,,,,,,,,,,,,,,,,,,,,,,,,,,,,,,,,,,,,,,,,,,,,,,,,,,,,,,,,,,,,,,,,,,,,,,,,,,,,,,,,,,,,,,,,,,,,,,,,,,,,,,,,,,,,,,,,,,,,,,,,,,,,,,,,,,,,,,,,,,,,,,,,,,,,,,,,,,,,,,,,,,,,,,,,,,,,,,,,,,,,,,,,,,,,,,,,,,,,,
,,,,,,,,,,,,,,,,,,,,,,,,,,,,,,,,,,,,,,,,,,,,,,,,,,,,,,,,,,,,,,,,,,,,,,,,,,,,,,,,,,,,,,,,,,,,,,,,,,,,,,,,,,,,,,,,,,,,,,,,,,,,,,,,,,,,,,,,,,,,,,,,,,,,,,,,,,,,,,,,,,,,,,,,,,,,,,,,,,,,,,,,,,,,,,,,,,,,,,,,,,,,,,,,,,,,,,,,,,,,,,,,,,,,,,,,,,,,,,,,,,,,,,,,,,,,,,,,,,,,,,,,,,,,,,,,,,,,,,,,,,,,,,,,,,,,,,,,,,,,,,,,,,,,,,,,,,,,,,,,,,,,,,,,,,,,,,,,,,,,,,,,,,,,,,,,,,,,,,,,,,,,,,,,,,,,,,,,,,,,,,,,,,,,,,,,,,,,,,,,,,,,,,,,,,,,,,,,,,,,,,,,,,,,,,,,,,,,,,,,,,,,,,,,,,,,,,,,,,,,,,,,,,,,,,,,,,,,,,,,,,,,,,,,,,,,,,,,,,,,,,,,,,,,,,,,,,,,,,,,,,,,,,,,,,,,,,,,,,,,,,,,,,,,,,,,,,,,,,,,,,,,,,,,,,,,,,,,,,,,,,,,,,,,,,,,,,,,,,,,,,,,,,,,,,,,,,,,,,,,,,,,,,,,,,,,,,,,,,,,,,,,,,,,,,,,,,,,,,,,,,,,,,,,,,,,,,,,,,,,,,,,,,,,,,,,,,,,,,,,,,,,,,,,,,,,,,,,,,,,,,,,,,,,,,,,,,,,,,,,,,,,,,,,,,,,,,,,,,,,,,,,,,,,,,,,,,,,,,,,,,,,,,,,,,,,,,,,,,,,,,,,,,,,,,,,,,,,,,,,,,,,,,,,,,,,,,,,,,,,,,,,,,,,,,,,,,,,,,,,,,,,,,,,,,,,,,,,,,,,,,,,,,,,,,,,,,,,,,,,,,,,,,,,,,,,,,,,,,,,,,,,,,,,,,,,,,,,,,,,,,,,,,,,,,,,,,,,,,,,,,,,,,,,,,,,,,,,,,,,,,,,,,,,,,,,,,,,,,,,,,,,,,,,,,,,,,,,,,,,,,,,,,,,,,,,,,,,,,,,,,,,,,,,,,,,,,,,,,,,,,,,,,,,,,,,,,,,,,,,,,,,,,,,,,,,,,,,,,,,,,,,,,,,,,,,,,,,,,,,,,,,,,,,,,,,,,,,,,,,,,,,,,,,,,,,,,,,,,,,,,,,,,,,,,,,,,,,,,,,,,,,,,,,,,,,,,,,,,,,,,,,,,,,,,,,,,,,,,,,,,,,,,,,,,,,,,,,,,,,,,,,,,,,,,,,,,,,,,,,,,,,,,,,,,,,,,,,,,,,,,,,,,,,,,,,,,,,,,,,,,,,,,,,,,,,,,,,,,,,,,,,,,,,,,,,,,,,,,,,,,,,,,,,,,,,,,,,,,,,,,,,,,,,,,,,,,,,,,,,,,,,,,,,,,,,,,,,,,,,,,,,,,,,,,,,,,,,,,,,,,,,,,,,,,,,,,,,,,,,,,,,,,,,,,,,,,,,,,,,,,,,,,,,,,,,,,,,,,,,,,,,,,,,,,,,,,,,,,,,,,,,,,,,,,,,,,,,,,,,,,,,,,,,,,,,,,,,,,,,,,,,,,,,,,,,,,,,,,,,,,,,,,,,,,,,,,,,,,,,,,,,,,,,,,,,,,,,,,,,,,,,,,,,,,,,,,,,,,,,,,,,,,,,,,,,,,,,,,,,,,,,,,,,,,,,,,,,,,,,,,,,,,,,,,,,,,,,,,,,,,,,,,,,,,,,,,,,,,,,,,,,,,,,,,,,,,,,,,,,,,,,,,,,,,,,,,,,,,,,,,,,,,,,,,,,,,,,,,,,,,,,,,,,,,,,,,,,,,,,,,,,,,,,,,,,,,,,,,,,,,,,,,,,,,,,,,,,,,,,,,,,,,,,,,,,,,,,,,,,,,,,,,,,,,,,,,,,,,,,,,,,,,,,,,,,,,,,,,,,,,,,,,,,,,,,,,,,,,,,,,,,,,,,,,,,,,,,,,,,,,,,,,,,,,,,,,,,,,,,,,,,,,,,,,,,,,,,,,,,,,,,,,,,,,,,,,,,,,,,,,,,,,,,,,,,,,,,,,,,,,,,,,,,,,,,,,,,,,,,,,,,,,,,,,,,,,,,,,,,,,,,,,,
3546,3376,2638,2370,2411,2383,2362,2384,2314,2384,2362,2383,2411,2370,2638,3376,3833,3615,2643,2352,2348,2343,2367,2343,2372,2334,2308,2319,2333,2403,2599,3607,4061,3840,2804,2429,2293,2407,2328,2299,2264,2225,2306,2259,2308,2496,2716,3838,4240,4019,2918,2496,2301,2290,2315,2310,2344,2274,2320,2282,2369,2521,2886,4018,4070,3847,2694,2370,2276,2268,2269,2192,2294,2350,2306,2248,2233,2414,2724,3847,3744,3518,2428,2145,2355,2252,2355,2248,2212,2307,2307,2299,2266,2347,2512,3521,3425,3196,2225,2257,2298,2323,2330,2334,2294,2309,2378,2324,2358,2369,2294,3211,3072,2823,2250,2244,2270,2327,2261,2299,2302,2312,2288,2234,2343,2403,2255,2881,2824,2629,2159,2309,2294,2283,2281,2300,2341,2381,2215,2167,2245,2283,2308,2669,2894,2730,2386,2395,2463,2283,2542,2608,2531,2517,2571,2354,2377,2347,2479,2704,3716,3447,3198,3164,3124,3022,3479,3406,3467,3375,3362,2923,3141,3102,3260,3592,4186,4026,3832,3767,3761,3553,4003,4045,4020,3976,3999,3577,3791,3764,3980,4099,4161,4194,4040,3888,4065,3776,4174,4251,4130,4094,4226,3853,3965,4056,4203,4147,4482,4258,3961,3769,4007,3865,4039,4109,3994,4132,4183,3918,3910,4028,4057,4308,4756,4502,3729,3485,3691,3633,3455,3626,3637,3869,3874,3658,3531,3610,3730,4549,4701,4450,3408,3218,3418,3313,3071,3206,3213,3474,3435,3209,3170,3125,3536,4498,4356,4104,3116,3118,3011,2909,2940,3190,3205,3225,3009,2942,2834,3005,3270,4155,4409,4188,3487,3400,3297,3106,3231,3500,3527,3408,3254,3183,2991,3267,3449,4193,4403,4194,3551,3430,3370,3217,3278,3581,3594,3405,3231,3256,3052,3266,3411,4183,4236,4007,3274,3091,3168,2940,3324,3796,3833,3404,3020,3032,2759,3050,3241,4027,4610,4380,3411,3002,3012,2893,3471,3987,4037,3739,3277,3098,2779,3254,3235,4398,4687,4452,3432,3026,3159,3005,3404,3969,4060,3795,3351,3118,2827,3328,3410,4477,4471,4235,3220,3056,3129,2975,3206,3699,3835,3624,3153,2900,2929,3155,3285,4262,4012,3791,2924,2912,2965,2917,2937,3345,3452,3197,2910,2768,2916,2918,3037,3802,3716,3498,2825,2714,2705,2799,2931,3105,3205,3129,2818,2590,2790,2700,2961,3511,3745,3584,2832,2585,2704,2767,2867,3170,3264,3210,2811,2677,2748,2754,2971,3554,3794,3567,2671,2584,2555,2672,2749,2992,3159,3010,2694,2577,2584,2770,2851,3572,3522,3301,2722,2692,2627,2554,2732,2884,2981,2858,2594,2563,2431,2561,2733,3282,3364,3181,2698,2673,2632,2537,2802,2938,2855,2864,2654,2620,2616,2637,2928,3172,3540,3333,2670,2573,2533,2556,2783,2868,2862,2741,2528,2514,2519,2643,2876,3282,3458,3238,2365,2442,2344,2438,2452,2567,2546,2472,2291,2305,2418,2366,2604,3240,3314,3090,2501,2462,2382,2406,2403,2535,2596,2488,2334,2257,2370,2494,2654,3123,3153,2929,2427,2433,2355,2331,2407,2640,2801,2737,2516,2355,2453,2522,2727,3011,2960,2746,2483,2428,2359,2257,2411,2630,2798,2742,2528,2352,2416,2525,2610,2861,2952,2694,2387,2358,2416,2364,2368,2531,2592,2545,2470,2337,2357,2354,2407,2789,2887,2726,2318,2251,2401,2429,2362,2567,2663,2501,2394,2440,2298,2293,2395,2736,2980,2781,2373,2372,2404,2488,2411,2571,2612,2465,2426,2463,2379,2325,2407,2783,2953,2787,2228,2262,2432,2500,2415,2485,2557,2370,2448,2448,2361,2360,2393,2757,2877,2735,2384,2284,2335,2483,2373,2422,2491,2284,2301,2249,2238,2304,2386,2684,2884,2608,2352,2382,2356,2371,2420,2459,2439,2236,2333,2354,2246,2341,2353,2659,2810,2612,2329,2295,2392,2435,2452,2514,2571,2405,2320,2352,2303,2399,2415,2656,2716,2553,2303,2299,2353,2441,2467,2552,2736,2590,2439,2447,2350,2347,2389,2626,2886,2716,2358,2393,2365,2266,2408,2526,2786,2699,2438,2408,2287,2326,2332,2693,2940,2732,2315,2370,2376,2237,2238,2358,2608,2576,2388,2414,2319,2375,2394,2709,2864,2705,2372,2384,2331,2238,2280,2375,2460,2467,2312,2380,2471,2441,2407,2696,2882,2654,2448,2439,2419,2243,2394,2422,2352,2456,2391,2340,2487,2453,2411,2701,2910,2753,2463,2436,2330,2362,2403,2425,2499,2439,2313,2292,2289,2369,2400,2711,2799,2646,2445,2410,2362,2362,2367,2394,2376,2428,2288,2257,2244,2274,2357,2623,2745,2586,2318,2346,2404,2398,2286,2435,2565,2453,2286,2271,2396,2396,2275,2583,2992,2773,2313,2399,2421,2390,2335,2463,2637,2472,2375,2280,2364,2443,2423,2807,3572,3338,2417,2483,2416,2449,2466,2482,2610,2422,2373,2313,2228,2323,2472,3356,4192,3969,2828,2565,2407,2470,2430,2514,2557,2349,2315,2291,2403,2475,2832,3967,4349,4128,3005,2641,2501,2407,2233,2427,2543,2522,2383,2396,2482,2604,2977,4125,4141,3921,2797,2412,2401,2379,2342,2514,2581,2509,2283,2352,2402,2494,2769,3918,3473,3241,2363,2381,2399,2355,2383,2431,2516,2402,2266,2296,2364,2377,2303,3252,3055,2755,2395,2342,2422,2348,2371,2427,2425,2341,2353,2344,2318,2412,2267,2875,2772,2535,2381,2374,2314,2304,2411,2423,2404,2365,2392,2343,2399,2336,2299,2495,2715,2570,2335,2291,2250,2272,2313,2323,2412,2348,2422,2407,2385,2264,2256,2533,2736,2576,2316,2299,2227,2285,2283,2305,2481,2426,2275,2414,2415,2268,2307,2564,3023,2799,2413,2313,2425,2473,2468,2537,2755,2696,2329,2476,2488,2458,2481,2782,3335,3117,2370,2399,2522,2564,2509,2645,2780,2728,2380,2427,2427,2512,2498,3094,4053,3832,2698,2494,2504,2481,2615,2623,2587,2576,2490,2473,2447,2501,2662,3830,4549,4325,3167,2849,2755,2489,2788,2872,2951,2740,2669,2645,2648,2914,3221,4327,4676,4454,3262,3062,2844,2641,2884,3268,3363,3144,2872,2791,2747,3001,3392,4457,4506,4277,3152,3042,2736,2809,3010,3434,3502,3225,2901,2730,2637,2832,3255,4290,4047,3824,2821,2846,2658,2604,2888,3287,3360,3004,2695,2593,2444,2600,2898,3822,3755,3532,2410,2585,2531,2447,2484,2864,2966,2732,2466,2450,2401,2477,2515,3537,3562,3324,2397,2513,2576,2362,2365,2747,2844,2587,2332,2354,2495,2416,2440,3352,3499,3277,2420,2423,2468,2425,2362,2635,2671,2439,2287,2386,2527,2397,2471,3274,3362,3138,2435,2356,2425,2366,2319,2505,2706,2505,2384,2323,2479,2396,2453,3157,3209,2949,2408,2360,2330,2312,2244,2451,2692,2468,2443,2390,2402,2296,2437,3003,3096,2885,2413,2368,2328,2352,2307,2392,2449,2337,2351,2344,2276,2315,2385,2875,3006,2749,2415,2414,2398,2364,2529,2588,2531,2348,2289,2216,2283,2434,2354,2839,3077,2865,2508,2439,2456,2384,2580,2676,2573,2534,2408,2384,2382,2490,2522,2913,3102,2836,2420,2355,2415,2375,2473,2624,2608,2566,2469,2432,2442,2522,2589,2957,3192,2949,2376,2409,2425,2332,2433,2599,2584,2547,2499,2468,2416,2543,2595,3014,3436,3219,2405,2367,2484,2373,2388,2498,2723,2627,2453,2432,2397,2447,2538,3228,3592,3370,2491,2368,2429,2431,2340,2448,2655,2614,2383,2401,2436,2368,2502,3363,3545,3315,2466,2425,2374,2376,2321,2293,2496,2346,2410,2335,2358,2284,2478,3327,3327,3111,2515,2391,2301,2330,2340,2420,2565,2520,2524,2279,2340,2430,2424,3121,3486,3309,2932,2585,2572,2577,2723,2796,2760,2960,2929,2603,2531,2586,2618,3290,3600,3479,3022,2734,2691,2707,2834,2915,2933,3099,3074,2714,2707,2675,2738,3371,3522,3342,2795,2676,2595,2666,2688,2836,2912,2973,2882,2588,2568,2504,2663,3268,3372,3148,2582,2555,2480,2461,2476,2689,2788,2845,2677,2637,2438,2482,2647,3158,3266,3031,2550,2477,2412,2449,2447,2507,2550,2660,2610,2617,2440,2432,2554,3051,3298,3121,2509,2610,2541,2523,2596,2626,2638,2740,2586,2612,2543,2483,2598,3057,3280,3066,2536,2536,2562,2492,2578,2806,2597,2708,2591,2622,2579,2472,2480,3032,3149,2935,2313,2362,2443,2437,2508,2725,2624,2562,2477,2440,2443,2353,2384,2916,3303,3066,2381,2339,2274,2282,2243,2455,2563,2349,2387,2388,2369,2354,2456,3081,3564,3312,2327,2339,2303,2416,2403,2846,2855,2646,2369,2319,2321,2266,2493,3356,3627,3394,2340,2404,2391,2449,2524,2972,3026,2647,2279,2293,2163,2288,2495,3421,3406,3173,2328,2419,2361,2426,2453,2704,2822,2549,2426,2414,2341,2375,2402,3211,3027,2827,2419,2444,2395,2305,2385,2722,2830,2733,2520,2446,2353,2373,2397,2823,3271,3035,2418,2350,2322,2231,2353,2721,3102,3036,2603,2386,2291,2296,2433,3061,3349,3117,2446,2255,2191,2214,2373,2602,3039,2975,2492,2386,2337,2327,2410,3142,3086,2854,2283,2417,2386,2319,2358,2502,2668,2523,2196,2309,2282,2368,2331,2897,3035,2847,2351,2474,2393,2412,2439,2559,2662,2518,2409,2246,2396,2428,2356,2815,3299,3067,2354,2420,2416,2379,2447,2687,2829,2694,2470,2330,2448,2403,2391,3078,3270,3034,2201,2356,2376,2360,2301,2726,2815,2572,2331,2348,2338,2381,2395,3069,3091,2895,2218,2315,2346,2249,2369,2602,2600,2386,2417,2394,2322,2332,2245,2857,2959,2755,2313,2319,2364,2344,2330,2355,2371,2396,2437,2347,2357,2412,2230,2758,2946,2764,2340,2347,2300,2271,2380,2375,2428,2345,2327,2276,2260,2324,2314,2720,3212,3022,2351,2336,2359,2168,2224,2406,2402,2391,2308,2287,2356,2342,2395,2980,3280,3071,2381,2335,2295,2305,2257,2373,2396,2351,2341,2230,2271,2293,2375,3057,2884,2684,2359,2204,2293,2330,2291,2341,2352,2341,2317,2332,2413,2338,2329,2626,3690,3462,2370,2277,2261,2390,2346,2329,2358,2383,2298,2385,2395,2311,2383,3465,4107,3883,2718,2470,2437,2413,2270,2516,2544,2426,2366,2378,2437,2462,2733,3882,4103,3884,2822,2569,2454,2329,2472,2743,2773,2636,2447,2425,2455,2430,2770,3880,3648,3431,2641,2435,2319,2281,2497,2712,2759,2616,2341,2392,2356,2369,2503,3424,3824,3592,2497,2398,2326,2295,2332,2480,2522,2435,2361,2414,2341,2388,2545,3606,3883,3656,2607,2401,2345,2347,2270,2540,2669,2547,2327,2329,2436,2457,2629,3664,3732,3504,2511,2334,2218,2376,2288,2558,2715,2577,2256,2341,2489,2381,2484,3512,3556,3339,2499,2360,2261,2263,2448,2572,2647,2529,2371,2351,2383,2317,2391,3326,3315,3110,2329,2340,2248,2243,2313,2421,2487,2423,2304,2280,2346,2388,2369,3069,3229,2988,2408,2346,2239,2329,2239,2242,2416,2384,2283,2225,2356,2399,2389,3033,3030,2801,2358,2255,2249,2397,2353,2309,2400,2421,2394,2319,2356,2334,2303,2841,2849,2590,2304,2343,2313,2307,2342,2333,2409,2418,2322,2297,2281,2307,2274,2640,2849,2628,2381,2335,2301,2296,2271,2303,2404,2354,2355,2400,2338,2282,2269,2649,2900,2639,2294,2271,2174,2200,2243,2249,2274,2257,2266,2394,2305,2254,2282,2681,2983,2758,2129,2170,2129,2141,2193,2219,2262,2256,2309,2341,2206,2214,2250,2746,3067,2855,2218,2176,2153,2161,2120,2286,2303,2188,2224,2241,2245,2256,2279,2852,3313,3088,2139,2153,2090,2176,2151,2261,2325,2235,2096,2189,2167,2255,2281,3096,3321,3093,2110,2122,2106,2202,2131,2199,2344,2309,2137,2125,2179,2161,2194,3099,3272,3045,2123,2081,2108,2123,2091,2140,2245,2268,2176,2108,2098,2116,2091,3052,3404,3179,2190,1958,2086,2036,2106,2099,2183,2058,2137,2157,2215,2194,2051,3179,3301,3077,2090,2038,2042,2051,2045,1952,1984,2081,2116,2165,2134,2146,2085,3071,3049,2865,2032,2031,2057,1972,1964,1936,2022,2072,2097,2141,2018,2001,2057,2816,2872,2653,2148,2152,2091,1876,1889,2158,2278,2161,2001,2116,2094,2047,2078,2687
,,,,,,,,,,,,,,,,,,,,,,,,,,,,,,,,,,,,,,,,,,,,,,,,,,,,,,,,,,,,,,,,,,,,,,,,,,,,,,,,,,,,,,,,,,,,,,,,,,,,,,,,,,,,,,,,,,,,,,,,,,,,,,,,,,,,,,,,,,,,,,,,,,,,,,,,,,,,,,,,,,,,,,,,,,,,,,,,,,,,,,,,,,,,,,,,,,,,,,,,,,,,,,,,,,,,,,,,,,,,,,,,,,,,,,,,,,,,,,,,,,,,,,,,,,,,,,,,,,,,,,,,,,,,,,,,,,,,,,,,,,,,,,,,,,,,,,,,,,,,,,,,,,,,,,,,,,,,,,,,,,,,,,,,,,,,,,,,,,,,,,,,,,,,,,,,,,,,,,,,,,,,,,,,,,,,,,,,,,,,,,,,,,,,,,,,,,,,,,,,,,,,,,,,,,,,,,,,,,,,,,,,,,,,,,,,,,,,,,,,,,,,,,,,,,,,,,,,,,,,,,,,,,,,,,,,,,,,,,,,,,,,,,,,,,,,,,,,,,,,,,,,,,,,,,,,,,,,,,,,,,,,,,,,,,,,,,,,,,,,,,,,,,,,,,,,,,,,,,,,,,,,,,,,,,,,,,,,,,,,,,,,,,,,,,,,,,,,,,,,,,,,,,,,,,,,,,,,,,,,,,,,,,,,,,,,,,,,,,,,,,,,,,,,,,,,,,,,,,,,,,,,,,,,,,,,,,,,,,,,,,,,,,,,,,,,,,,,,,,,,,,,,,,,,,,,,,,,,,,,,,,,,,,,,,,,,,,,,,,,,,,,,,,,,,,,,,,,,,,,,,,,,,,,,,,,,,,,,,,,,,,,,,,,,,,,,,,,,,,,,,,,,,,,,,,,,,,,,,,,,,,,,,,,,,,,,,,,,,,,,,,,,,,,,,,,,,,,,,,,,,,,,,,,,,,,,,,,,,,,,,,,,,,,,,,,,,,,,,,,,,,,,,,,,,,,,,,,,,,,,,,,,,,,,,,,,,,,,,,,,,,,,,,,,,,,,,,,,,,,,,,,,,,,,,,,,,,,,,,,,,,,,,,,,,,,,,,,,,,,,,,,,,,,,,,,,,,,,,,,,,,,,,,,,,,,,,,,,,,,,,,,,,,,,,,,,,,,,,,,,,,,,,,,,,,,,,,,,,,,,,,,,,,,,,,,,,,,,,,,,,,,,,,,,,,,,,,,,,,,,,,,,,,,,,,,,,,,,,,,,,,,,,,,,,,,,,,,,,,,,,,,,,,,,,,,,,,,,,,,,,,,,,,,,,,,,,,,,,,,,,,,,,,,,,,,,,,,,,,,,,,,,,,,,,,,,,,,,,,,,,,,,,,,,,,,,,,,,,,,,,,,,,,,,,,,,,,,,,,,,,,,,,,,,,,,,,,,,,,,,,,,,,,,,,,,,,,,,,,,,,,,,,,,,,,,,,,,,,,,,,,,,,,,,,,,,,,,,,,,,,,,,,,,,,,,,,,,,,,,,,,,,,,,,,,,,,,,,,,,,,,,,,,,,,,,,,,,,,,,,,,,,,,,,,,,,,,,,,,,,,,,,,,,,,,,,,,,,,,,,,,,,,,,,,,,,,,,,,,,,,,,,,,,,,,,,,,,,,,,,,,,,,,,,,,,,,,,,,,,,,,,,,,,,,,,,,,,,,,,,,,,,,,,,,,,,,,,,,,,,,,,,,,,,,,,,,,,,,,,,,,,,,,,,,,,,,,,,,,,,,,,,,,,,,,,,,,,,,,,,,,,,,,,,,,,,,,,,,,,,,,,,,,,,,,,,,,,,,,,,,,,,,,,,,,,,,,,,,,,,,,,,,,,,,,,,,,,,,,,,,,,,,,,,,,,,,,,,,,,,,,,,,,,,,,,,,,,,,,,,,,,,,,,,,,,,,,,,,,,,,,,,,,,,,,,,,,,,,,,,,,,,,,,,,,,,,,,,,,,,,,,,,,,,,,,,,,,,,,,,,,,,,,,,,,,,,,,,,,,,,,,,,,,,,,,,,,,,,,,,,,,,,,,,,,,,,,,,,,,,,,,,,,,,,,,,,,,,,,,,,,,,,,,,,,,,,,,,,,,,,,,,,,,,,,,,,,,,,,,,,,,,,,,,,,,,,,,,,,,,,,,,,,,,,,,,,,,,,,,,,,,,,,,,,,,,,,,,,,,,,,,,,,,,,,,,,,,,,,,,,,,,,,,,,,,,,,,,,,,,,,,,,,
,,,,,,,,,,,,,,,,,,,,,,,,,,,,,,,,,,,,,,,,,,,,,,,,,,,,,,,,,,,,,,,,,,,,,,,,,,,,,,,,,,,,,,,,,,,,,,,,,,,,,,,,,,,,,,,,,,,,,,,,,,,,,,,,,,,,,,,,,,,,,,,,,,,,,,,,,,,,,,,,,,,,,,,,,,,,,,,,,,,,,,,,,,,,,,,,,,,,,,,,,,,,,,,,,,,,,,,,,,,,,,,,,,,,,,,,,,,,,,,,,,,,,,,,,,,,,,,,,,,,,,,,,,,,,,,,,,,,,,,,,,,,,,,,,,,,,,,,,,,,,,,,,,,,,,,,,,,,,,,,,,,,,,,,,,,,,,,,,,,,,,,,,,,,,,,,,,,,,,,,,,,,,,,,,,,,,,,,,,,,,,,,,,,,,,,,,,,,,,,,,,,,,,,,,,,,,,,,,,,,,,,,,,,,,,,,,,,,,,,,,,,,,,,,,,,,,,,,,,,,,,,,,,,,,,,,,,,,,,,,,,,,,,,,,,,,,,,,,,,,,,,,,,,,,,,,,,,,,,,,,,,,,,,,,,,,,,,,,,,,,,,,,,,,,,,,,,,,,,,,,,,,,,,,,,,,,,,,,,,,,,,,,,,,,,,,,,,,,,,,,,,,,,,,,,,,,,,,,,,,,,,,,,,,,,,,,,,,,,,,,,,,,,,,,,,,,,,,,,,,,,,,,,,,,,,,,,,,,,,,,,,,,,,,,,,,,,,,,,,,,,,,,,,,,,,,,,,,,,,,,,,,,,,,,,,,,,,,,,,,,,,,,,,,,,,,,,,,,,,,,,,,,,,,,,,,,,,,,,,,,,,,,,,,,,,,,,,,,,,,,,,,,,,,,,,,,,,,,,,,,,,,,,,,,,,,,,,,,,,,,,,,,,,,,,,,,,,,,,,,,,,,,,,,,,,,,,,,,,,,,,,,,,,,,,,,,,,,,,,,,,,,,,,,,,,,,,,,,,,,,,,,,,,,,,,,,,,,,,,,,,,,,,,,,,,,,,,,,,,,,,,,,,,,,,,,,,,,,,,,,,,,,,,,,,,,,,,,,,,,,,,,,,,,,,,,,,,,,,,,,,,,,,,,,,,,,,,,,,,,,,,,,,,,,,,,,,,,,,,,,,,,,,,,,,,,,,,,,,,,,,,,,,,,,,,,,,,,,,,,,,,,,,,,,,,,,,,,,,,,,,,,,,,,,,,,,,,,,,,,,,,,,,,,,,,,,,,,,,,,,,,,,,,,,,,,,,,,,,,,,,,,,,,,,,,,,,,,,,,,,,,,,,,,,,,,,,,,,,,,,,,,,,,,,,,,,,,,,,,,,,,,,,,,,,,,,,,,,,,,,,,,,,,,,,,,,,,,,,,,,,,,,,,,,,,,,,,,,,,,,,,,,,,,,,,,,,,,,,,,,,,,,,,,,,,,,,,,,,,,,,,,,,,,,,,,,,,,,,,,,,,,,,,,,,,,,,,,,,,,,,,,,,,,,,,,,,,,,,,,,,,,,,,,,,,,,,,,,,,,,,,,,,,,,,,,,,,,,,,,,,,,,,,,,,,,,,,,,,,,,,,,,,,,,,,,,,,,,,,,,,,,,,,,,,,,,,,,,,,,,,,,,,,,,,,,,,,,,,,,,,,,,,,,,,,,,,,,,,,,,,,,,,,,,,,,,,,,,,,,,,,,,,,,,,,,,,,,,,,,,,,,,,,,,,,,,,,,,,,,,,,,,,,,,,,,,,,,,,,,,,,,,,,,,,,,,,,,,,,,,,,,,,,,,,,,,,,,,,,,,,,,,,,,,,,,,,,,,,,,,,,,,,,,,,,,,,,,,,,,,,,,,,,,,,,,,,,,,,,,,,,,,,,,,,,,,,,,,,,,,,,,,,,,,,,,,,,,,,,,,,,,,,,,,,,,,,,,,,,,,,,,,,,,,,,,,,,,,,,,,,,,,,,,,,,,,,,,,,,,,,,,,,,,,,,,,,,,,,,,,,,,,,,,,,,,,,,,,,,,,,,,,,,,,,,,,,,,,,,,,,,,,,,,,,,,,,,,,,,,,,,,,,,,,,,,,,,,,,,,,,,,,,,,,,,,,,,,,,,,,,,,,,,,,,,,,,,,,,,,,,,,,,,,,,,,,,,,,,,,,,,,,,,,,,,,,,,,,,,,,,,,,,,,,,,,,,,,,,,,,,,,,,,,,,,,,,,,,,,,,,,,,,,
,,,,,,,,,,,,,,,,,,,,,,,,,,,,,,,,,,,,,,,,,,,,,,,,,,,,,,,,,,,,,,,,,,,,,,,,,,,,,,,,,,,,,,,,,,,,,,,,,,,,,,,,,,,,,,,,,,,,,,,,,,,,,,,,,,,,,,,,,,,,,,,,,,,,,,,,,,,,,,,,,,,,,,,,,,,,,,,,,,,,,,,,,,,,,,,,,,,,,,,,,,,,,,,,,,,,,,,,,,,,,,,,,,,,,,,,,,,,,,,,,,,,,,,,,,,,,,,,,,,,,,,,,,,,,,,,,,,,,,,,,,,,,,,,,,,,,,,,,,,,,,,,,,,,,,,,,,,,,,,,,,,,,,,,,,,,,,,,,,,,,,,,,,,,,,,,,,,,,,,,,,,,,,,,,,,,,,,,,,,,,,,,,,,,,,,,,,,,,,,,,,,,,,,,,,,,,,,,,,,,,,,,,,,,,,,,,,,,,,,,,,,,,,,,,,,,,,,,,,,,,,,,,,,,,,,,,,,,,,,,,,,,,,,,,,,,,,,,,,,,,,,,,,,,,,,,,,,,,,,,,,,,,,,,,,,,,,,,,,,,,,,,,,,,,,,,,,,,,,,,,,,,,,,,,,,,,,,,,,,,,,,,,,,,,,,,,,,,,,,,,,,,,,,,,,,,,,,,,,,,,,,,,,,,,,,,,,,,,,,,,,,,,,,,,,,,,,,,,,,,,,,,,,,,,,,,,,,,,,,,,,,,,,,,,,,,,,,,,,,,,,,,,,,,,,,,,,,,,,,,,,,,,,,,,,,,,,,,,,,,,,,,,,,,,,,,,,,,,,,,,,,,,,,,,,,,,,,,,,,,,,,,,,,,,,,,,,,,,,,,,,,,,,,,,,,,,,,,,,,,,,,,,,,,,,,,,,,,,,,,,,,,,,,,,,,,,,,,,,,,,,,,,,,,,,,,,,,,,,,,,,,,,,,,,,,,,,,,,,,,,,,,,,,,,,,,,,,,,,,,,,,,,,,,,,,,,,,,,,,,,,,,,,,,,,,,,,,,,,,,,,,,,,,,,,,,,,,,,,,,,,,,,,,,,,,,,,,,,,,,,,,,,,,,,,,,,,,,,,,,,,,,,,,,,,,,,,,,,,,,,,,,,,,,,,,,,,,,,,,,,,,,,,,,,,,,,,,,,,,,,,,,,,,,,,,,,,,,,,,,,,,,,,,,,,,,,,,,,,,,,,,,,,,,,,,,,,,,,,,,,,,,,,,,,,,,,,,,,,,,,,,,,,,,,,,,,,,,,,,,,,,,,,,,,,,,,,,,,,,,,,,,,,,,,,,,,,,,,,,,,,,,,,,,,,,,,,,,,,,,,,,,,,,,,,,,,,,,,,,,,,,,,,,,,,,,,,,,,,,,,,,,,,,,,,,,,,,,,,,,,,,,,,,,,,,,,,,,,,,,,,,,,,,,,,,,,,,,,,,,,,,,,,,,,,,,,,,,,,,,,,,,,,,,,,,,,,,,,,,,,,,,,,,,,,,,,,,,,,,,,,,,,,,,,,,,,,,,,,,,,,,,,,,,,,,,,,,,,,,,,,,,,,,,,,,,,,,,,,,,,,,,,,,,,,,,,,,,,,,,,,,,,,,,,,,,,,,,,,,,,,,,,,,,,,,,,,,,,,,,,,,,,,,,,,,,,,,,,,,,,,,,,,,,,,,,,,,,,,,,,,,,,,,,,,,,,,,,,,,,,,,,,,,,,,,,,,,,,,,,,,,,,,,,,,,,,,,,,,,,,,,,,,,,,,,,,,,,,,,,,,,,,,,,,,,,,,,,,,,,,,,,,,,,,,,,,,,,,,,,,,,,,,,,,,,,,,,,,,,,,,,,,,,,,,,,,,,,,,,,,,,,,,,,,,,,,,,,,,,,,,,,,,,,,,,,,,,,,,,,,,,,,,,,,,,,,,,,,,,,,,,,,,,,,,,,,,,,,,,,,,,,,,,,,,,,,,,,,,,,,,,,,,,,,,,,,,,,,,,,,,,,,,,,,,,,,,,,,,,,,,,,,,,,,,,,,,,,,,,,,,,,,,,,,,,,,,,,,,,,,,,,,,,,,,,,,,,,,,,,,,,,,,,,,,,,,,,,,,,,,,,,,,,,,,,,,,,,,,,,,,,,,,,,,,,,,,,,,,,,,,,,,,,,,,,,,,,,,,,,,,,,,,,,,,,,,,,,,,,,,,,,,,,,,,,,,,,,,,,,,,,,,,,
,,,,,,,,,,,,,,,,,,,,,,,,,,,,,,,,,,,,,,,,,,,,,,,,,,,,,,,,,,,,,,,,,,,,,,,,,,,,,,,,,,,,,,,,,,,,,,,,,,,,,,,,,,,,,,,,,,,,,,,,,,,,,,,,,,,,,,,,,,,,,,,,,,,,,,,,,,,,,,,,,,,,,,,,,,,,,,,,,,,,,,,,,,,,,,,,,,,,,,,,,,,,,,,,,,,,,,,,,,,,,,,,,,,,,,,,,,,,,,,,,,,,,,,,,,,,,,,,,,,,,,,,,,,,,,,,,,,,,,,,,,,,,,,,,,,,,,,,,,,,,,,,,,,,,,,,,,,,,,,,,,,,,,,,,,,,,,,,,,,,,,,,,,,,,,,,,,,,,,,,,,,,,,,,,,,,,,,,,,,,,,,,,,,,,,,,,,,,,,,,,,,,,,,,,,,,,,,,,,,,,,,,,,,,,,,,,,,,,,,,,,,,,,,,,,,,,,,,,,,,,,,,,,,,,,,,,,,,,,,,,,,,,,,,,,,,,,,,,,,,,,,,,,,,,,,,,,,,,,,,,,,,,,,,,,,,,,,,,,,,,,,,,,,,,,,,,,,,,,,,,,,,,,,,,,,,,,,,,,,,,,,,,,,,,,,,,,,,,,,,,,,,,,,,,,,,,,,,,,,,,,,,,,,,,,,,,,,,,,,,,,,,,,,,,,,,,,,,,,,,,,,,,,,,,,,,,,,,,,,,,,,,,,,,,,,,,,,,,,,,,,,,,,,,,,,,,,,,,,,,,,,,,,,,,,,,,,,,,,,,,,,,,,,,,,,,,,,,,,,,,,,,,,,,,,,,,,,,,,,,,,,,,,,,,,,,,,,,,,,,,,,,,,,,,,,,,,,,,,,,,,,,,,,,,,,,,,,,,,,,,,,,,,,,,,,,,,,,,,,,,,,,,,,,,,,,,,,,,,,,,,,,,,,,,,,,,,,,,,,,,,,,,,,,,,,,,,,,,,,,,,,,,,,,,,,,,,,,,,,,,,,,,,,,,,,,,,,,,,,,,,,,,,,,,,,,,,,,,,,,,,,,,,,,,,,,,,,,,,,,,,,,,,,,,,,,,,,,,,,,,,,,,,,,,,,,,,,,,,,,,,,,,,,,,,,,,,,,,,,,,,,,,,,,,,,,,,,,,,,,,,,,,,,,,,,,,,,,,,,,,,,,,,,,,,,,,,,,,,,,,,,,,,,,,,,,,,,,,,,,,,,,,,,,,,,,,,,,,,,,,,,,,,,,,,,,,,,,,,,,,,,,,,,,,,,,,,,,,,,,,,,,,,,,,,,,,,,,,,,,,,,,,,,,,,,,,,,,,,,,,,,,,,,,,,,,,,,,,,,,,,,,,,,,,,,,,,,,,,,,,,,,,,,,,,,,,,,,,,,,,,,,,,,,,,,,,,,,,,,,,,,,,,,,,,,,,,,,,,,,,,,,,,,,,,,,,,,,,,,,,,,,,,,,,,,,,,,,,,,,,,,,,,,,,,,,,,,,,,,,,,,,,,,,,,,,,,,,,,,,,,,,,,,,,,,,,,,,,,,,,,,,,,,,,,,,,,,,,,,,,,,,,,,,,,,,,,,,,,,,,,,,,,,,,,,,,,,,,,,,,,,,,,,,,,,,,,,,,,,,,,,,,,,,,,,,,,,,,,,,,,,,,,,,,,,,,,,,,,,,,,,,,,,,,,,,,,,,,,,,,,,,,,,,,,,,,,,,,,,,,,,,,,,,,,,,,,,,,,,,,,,,,,,,,,,,,,,,,,,,,,,,,,,,,,,,,,,,,,,,,,,,,,,,,,,,,,,,,,,,,,,,,,,,,,,,,,,,,,,,,,,,,,,,,,,,,,,,,,,,,,,,,,,,,,,,,,,,,,,,,,,,,,,,,,,,,,,,,,,,,,,,,,,,,,,,,,,,,,,,,,,,,,,,,,,,,,,,,,,,,,,,,,,,,,,,,,,,,,,,,,,,,,,,,,,,,,,,,,,,,,,,,,,,,,,,,,,,,,,,,,,,,,,,,,,,,,,,,,,,,,,,,,,,,,,,,,,,,,,,,,,,,,,,,,,,,,,,,,,,,,,,,,,,,,,,,,,,,,,,,,,,,,,,,,,,,,,,,,,,,,,,,,,,,,,,,,,,,,,,,,,,,,,,,,,,,,,,,,,,,,,,,,,,,,,,,,,,,,,,,,,,,,,,,,,,,,,,,,,,,,,,,,,
,,,,,,,,,,,,,,,,,,,,,,,,,,,,,,,,,,,,,,,,,,,,,,,,,,,,,,,,,,,,,,,,,,,,,,,,,,,,,,,,,,,,,,,,,,,,,,,,,,,,,,,,,,,,,,,,,,,,,,,,,,,,,,,,,,,,,,,,,,,,,,,,,,,,,,,,,,,,,,,,,,,,,,,,,,,,,,,,,,,,,,,,,,,,,,,,,,,,,,,,,,,,,,,,,,,,,,,,,,,,,,,,,,,,,,,,,,,,,,,,,,,,,,,,,,,,,,,,,,,,,,,,,,,,,,,,,,,,,,,,,,,,,,,,,,,,,,,,,,,,,,,,,,,,,,,,,,,,,,,,,,,,,,,,,,,,,,,,,,,,,,,,,,,,,,,,,,,,,,,,,,,,,,,,,,,,,,,,,,,,,,,,,,,,,,,,,,,,,,,,,,,,,,,,,,,,,,,,,,,,,,,,,,,,,,,,,,,,,,,,,,,,,,,,,,,,,,,,,,,,,,,,,,,,,,,,,,,,,,,,,,,,,,,,,,,,,,,,,,,,,,,,,,,,,,,,,,,,,,,,,,,,,,,,,,,,,,,,,,,,,,,,,,,,,,,,,,,,,,,,,,,,,,,,,,,,,,,,,,,,,,,,,,,,,,,,,,,,,,,,,,,,,,,,,,,,,,,,,,,,,,,,,,,,,,,,,,,,,,,,,,,,,,,,,,,,,,,,,,,,,,,,,,,,,,,,,,,,,,,,,,,,,,,,,,,,,,,,,,,,,,,,,,,,,,,,,,,,,,,,,,,,,,,,,,,,,,,,,,,,,,,,,,,,,,,,,,,,,,,,,,,,,,,,,,,,,,,,,,,,,,,,,,,,,,,,,,,,,,,,,,,,,,,,,,,,,,,,,,,,,,,,,,,,,,,,,,,,,,,,,,,,,,,,,,,,,,,,,,,,,,,,,,,,,,,,,,,,,,,,,,,,,,,,,,,,,,,,,,,,,,,,,,,,,,,,,,,,,,,,,,,,,,,,,,,,,,,,,,,,,,,,,,,,,,,,,,,,,,,,,,,,,,,,,,,,,,,,,,,,,,,,,,,,,,,,,,,,,,,,,,,,,,,,,,,,,,,,,,,,,,,,,,,,,,,,,,,,,,,,,,,,,,,,,,,,,,,,,,,,,,,,,,,,,,,,,,,,,,,,,,,,,,,,,,,,,,,,,,,,,,,,,,,,,,,,,,,,,,,,,,,,,,,,,,,,,,,,,,,,,,,,,,,,,,,,,,,,,,,,,,,,,,,,,,,,,,,,,,,,,,,,,,,,,,,,,,,,,,,,,,,,,,,,,,,,,,,,,,,,,,,,,,,,,,,,,,,,,,,,,,,,,,,,,,,,,,,,,,,,,,,,,,,,,,,,,,,,,,,,,,,,,,,,,,,,,,,,,,,,,,,,,,,,,,,,,,,,,,,,,,,,,,,,,,,,,,,,,,,,,,,,,,,,,,,,,,,,,,,,,,,,,,,,,,,,,,,,,,,,,,,,,,,,,,,,,,,,,,,,,,,,,,,,,,,,,,,,,,,,,,,,,,,,,,,,,,,,,,,,,,,,,,,,,,,,,,,,,,,,,,,,,,,,,,,,,,,,,,,,,,,,,,,,,,,,,,,,,,,,,,,,,,,,,,,,,,,,,,,,,,,,,,,,,,,,,,,,,,,,,,,,,,,,,,,,,,,,,,,,,,,,,,,,,,,,,,,,,,,,,,,,,,,,,,,,,,,,,,,,,,,,,,,,,,,,,,,,,,,,,,,,,,,,,,,,,,,,,,,,,,,,,,,,,,,,,,,,,,,,,,,,,,,,,,,,,,,,,,,,,,,,,,,,,,,,,,,,,,,,,,,,,,,,,,,,,,,,,,,,,,,,,,,,,,,,,,,,,,,,,,,,,,,,,,,,,,,,,,,,,,,,,,,,,,,,,,,,,,,,,,,,,,,,,,,,,,,,,,,,,,,,,,,,,,,,,,,,,,,,,,,,,,,,,,,,,,,,,,,,,,,,,,,,,,,,,,,,,,,,,,,,,,,,,,,,,,,,,,,,,,,,,,,,,,,,,,,,,,,,,,,,,,,,,,,,,,,,,,,,,,,,,,,,,,,,,,,,,,,,,,,,,,,,,,,,,,,,,,,,,,,,,,,,,,,,,,,,,,,,,,,,,,,,,,,,,,,,,,,,,,,,,,,,,,,,,,,,,,,,,,,,,,,,,,,,,,,,,,,,,,,,,,,
3545,3336,2469,2443,2405,2340,2366,2206,2059,2206,2366,2340,2405,2443,2469,3336,3837,3613,2546,2426,2311,2239,2348,2287,2251,2145,2249,2177,2221,2284,2546,3613,4053,3828,2738,2387,2273,2211,2175,2136,2224,2270,2278,2223,2299,2403,2685,3831,4239,4017,2882,2486,2318,2177,2125,2223,2246,2277,2320,2307,2417,2540,2861,4017,4069,3849,2763,2357,2313,2197,2182,2253,2190,2220,2340,2235,2289,2450,2668,3844,3739,3509,2473,2292,2303,2157,2163,2257,2114,2213,2303,2268,2200,2327,2399,3509,3417,3182,2378,2383,2302,2200,2286,2141,2224,2252,2323,2312,2320,2347,2316,3196,3051,2804,2330,2387,2320,2230,2289,2229,2272,2270,2286,2305,2347,2301,2313,2827,2827,2641,2288,2324,2263,2288,2192,2336,2338,2297,2275,2276,2324,2360,2275,2663,2913,2778,2392,2370,2276,2441,2496,2446,2530,2533,2720,2550,2184,2367,2444,2656,3693,3626,3209,3041,3197,3074,3448,3530,3511,3489,3430,3157,2993,3100,3350,3455,4170,4163,3723,3640,3680,3693,3963,4018,4075,3927,4140,3900,3613,3658,3934,4072,4365,4247,3913,3833,3706,3897,3985,4067,4210,4164,4355,4143,3892,3772,4098,4260,4547,4384,3838,3778,3600,3696,3813,4017,4070,4070,4212,4034,3876,3828,3986,4380,4767,4546,3693,3450,3352,3467,3555,3766,3810,3857,3812,3663,3591,3608,3725,4553,4710,4482,3415,3160,3100,3153,3089,3333,3362,3462,3393,3206,3243,3299,3519,4496,4351,4117,3118,3085,2988,2841,2954,3221,3398,3187,2917,2956,2977,2880,3222,4142,4395,4171,3281,3332,3211,3174,3234,3398,3648,3530,3130,3128,3107,3093,3322,4164,4397,4170,3252,3349,3246,3261,3295,3503,3638,3538,3225,3169,3174,3122,3248,4180,4246,4027,3173,3298,3338,3229,3067,3766,3869,3454,3194,3074,3117,3131,3133,4027,4620,4412,3336,3584,3575,3450,3286,3940,4025,3688,3582,3376,3382,3333,3324,4394,4692,4484,3457,3545,3386,3448,3310,3759,3869,3742,3614,3397,3399,3419,3435,4465,4480,4268,3287,3295,3167,3350,3144,3455,3576,3595,3405,3209,3136,3233,3367,4257,4022,3798,2990,2936,2872,2925,2903,3137,3250,3227,3073,2964,2915,2869,3059,3809,3675,3459,2781,2673,2822,2873,2885,3058,3183,3155,2934,2892,2793,2783,2934,3467,3751,3555,2716,2712,2755,2820,2869,3048,3311,3246,2976,2784,2742,2772,2861,3518,3778,3573,2661,2579,2625,2684,2651,2924,3150,3063,2763,2661,2675,2645,2661,3536,3531,3309,2595,2495,2482,2669,2628,2832,2904,2845,2664,2642,2717,2625,2715,3315,3279,3134,2558,2466,2581,2606,2731,2771,2831,2702,2771,2770,2811,2707,2870,3126,3510,3272,2584,2405,2493,2576,2677,2706,2774,2695,2669,2670,2700,2549,2689,3282,3436,3214,2539,2389,2443,2362,2544,2594,2639,2550,2454,2360,2470,2510,2432,3211,3294,3075,2468,2394,2367,2314,2437,2591,2635,2450,2404,2240,2376,2494,2496,3082,3064,2939,2582,2415,2480,2260,2244,2515,2633,2465,2467,2298,2414,2531,2528,2892,2933,2809,2516,2516,2477,2355,2339,2515,2578,2559,2364,2337,2421,2380,2343,2763,2958,2782,2419,2390,2360,2314,2312,2535,2592,2518,2343,2301,2256,2303,2382,2768,2937,2737,2434,2384,2369,2364,2400,2599,2684,2363,2212,2222,2175,2359,2446,2723,2972,2791,2506,2351,2401,2378,2492,2604,2688,2547,2412,2270,2361,2361,2570,2793,2924,2757,2465,2373,2371,2357,2408,2558,2569,2493,2461,2378,2401,2295,2412,2722,2786,2635,2384,2439,2392,2292,2207,2508,2523,2417,2356,2371,2396,2261,2375,2569,2784,2569,2350,2395,2268,2337,2360,2485,2576,2487,2384,2385,2310,2359,2415,2613,2803,2626,2350,2294,2285,2258,2332,2374,2541,2484,2432,2360,2355,2365,2279,2627,2844,2728,2401,2372,2417,2360,2390,2567,2714,2660,2402,2306,2392,2305,2321,2603,2946,2796,2358,2495,2452,2283,2382,2548,2750,2633,2515,2291,2349,2361,2378,2699,2944,2829,2362,2402,2438,2360,2390,2376,2445,2353,2426,2271,2323,2419,2333,2745,2853,2750,2324,2258,2345,2380,2419,2346,2491,2471,2417,2330,2334,2366,2229,2616,2916,2771,2423,2347,2344,2407,2460,2377,2626,2669,2457,2389,2281,2328,2333,2647,2852,2666,2401,2404,2419,2350,2406,2373,2558,2634,2451,2374,2436,2426,2372,2658,2779,2513,2335,2322,2307,2253,2326,2445,2517,2479,2350,2354,2446,2458,2316,2613,2729,2530,2272,2201,2326,2367,2350,2510,2587,2438,2326,2278,2327,2418,2319,2590,2995,2776,2362,2283,2283,2302,2419,2459,2639,2524,2341,2268,2400,2421,2383,2798,3566,3343,2447,2382,2349,2316,2396,2534,2520,2502,2365,2307,2377,2352,2327,3348,4195,3971,2840,2465,2324,2395,2413,2540,2442,2389,2328,2318,2399,2431,2882,3972,4351,4128,3017,2520,2423,2351,2436,2478,2618,2596,2384,2386,2459,2633,3006,4129,4143,3922,2836,2465,2360,2345,2414,2417,2676,2662,2399,2392,2335,2455,2793,3921,3482,3264,2430,2401,2260,2362,2418,2411,2566,2542,2400,2298,2296,2330,2331,3259,3075,2854,2408,2341,2227,2341,2332,2292,2379,2413,2361,2254,2312,2319,2327,2852,2672,2464,2467,2359,2314,2308,2316,2350,2394,2355,2382,2214,2287,2411,2284,2497,2751,2600,2328,2324,2297,2313,2359,2408,2460,2393,2285,2233,2379,2335,2239,2477,2786,2598,2407,2263,2299,2325,2194,2279,2430,2421,2340,2339,2290,2159,2273,2629,3014,2830,2434,2360,2373,2275,2239,2346,2577,2509,2349,2316,2225,2333,2542,2797,3338,3128,2470,2275,2352,2296,2323,2416,2602,2535,2336,2312,2365,2423,2564,3114,4051,3829,2668,2452,2361,2279,2468,2593,2674,2514,2352,2390,2388,2511,2803,3829,4549,4326,3175,2847,2790,2634,2851,2958,2948,2792,2503,2662,2676,2876,3222,4326,4672,4450,3329,3104,2995,2856,2970,3284,3377,3150,2965,2876,2876,2941,3330,4449,4501,4276,3240,3066,2886,2910,2978,3395,3511,3241,3064,2825,2859,2875,3167,4278,4027,3807,2984,2808,2741,2616,2728,3201,3331,3027,2874,2682,2679,2688,2857,3806,3754,3519,2693,2521,2444,2361,2421,2797,2983,2779,2570,2522,2464,2472,2606,3545,3571,3362,2528,2477,2631,2524,2354,2620,2857,2652,2381,2368,2415,2393,2569,3338,3492,3269,2471,2406,2579,2461,2322,2671,2855,2683,2360,2356,2456,2391,2495,3272,3364,3151,2305,2268,2365,2417,2326,2611,2739,2607,2407,2478,2459,2370,2444,3152,3172,2970,2379,2254,2308,2335,2333,2478,2596,2481,2459,2432,2444,2392,2438,2928,2983,2812,2426,2297,2339,2336,2341,2497,2551,2442,2371,2321,2471,2453,2387,2800,2948,2760,2475,2413,2331,2416,2570,2606,2545,2425,2384,2376,2455,2488,2403,2786,3059,2861,2536,2498,2456,2469,2688,2662,2609,2526,2458,2471,2392,2429,2470,2835,3061,2868,2512,2433,2424,2438,2603,2604,2610,2456,2408,2439,2396,2456,2487,2842,3152,2964,2518,2358,2297,2394,2458,2499,2541,2502,2400,2444,2366,2532,2498,2957,3335,3131,2632,2368,2268,2371,2360,2489,2606,2677,2523,2468,2400,2552,2390,3116,3518,3242,2653,2378,2387,2320,2284,2411,2611,2664,2469,2430,2535,2423,2398,3285,3513,3295,2495,2227,2378,2200,2150,2367,2429,2404,2250,2297,2393,2299,2378,3285,3366,3136,2502,2412,2300,2271,2355,2422,2482,2522,2429,2258,2296,2304,2355,3142,3470,3237,3056,2845,2493,2642,2746,2878,2885,2849,2965,2689,2455,2553,2721,3287,3564,3384,3121,2993,2621,2755,2867,3028,3002,2975,3094,2831,2545,2817,2988,3407,3410,3213,2956,2805,2399,2695,2696,2938,2909,2834,2965,2800,2613,2797,2930,3227,3330,3100,2675,2536,2338,2571,2675,2767,2738,2721,2776,2718,2599,2623,2683,3161,3243,2978,2553,2379,2326,2386,2521,2625,2732,2721,2633,2490,2410,2438,2638,3093,3252,3003,2645,2474,2400,2384,2475,2660,2731,2795,2613,2491,2439,2358,2654,3090,3242,3056,2594,2477,2524,2466,2613,2633,2755,2723,2572,2346,2430,2468,2702,3058,3129,2905,2429,2423,2447,2457,2434,2553,2712,2619,2401,2369,2401,2358,2491,2922,3302,3073,2345,2382,2380,2382,2362,2588,2681,2606,2346,2342,2348,2369,2354,3085,3577,3363,2530,2397,2425,2444,2467,2859,2873,2491,2277,2288,2378,2424,2364,3356,3657,3443,2564,2367,2358,2482,2537,2972,3009,2558,2381,2322,2326,2444,2370,3427,3362,3161,2373,2317,2397,2323,2347,2772,2775,2528,2345,2414,2437,2325,2421,3135,3165,2974,2450,2396,2425,2297,2295,2586,2948,2782,2411,2422,2405,2338,2446,2946,3335,3123,2524,2523,2534,2414,2461,2718,3110,3058,2460,2305,2271,2455,2386,3101,3322,3112,2409,2482,2473,2388,2437,2569,3067,3009,2421,2363,2355,2406,2361,3099,3130,2930,2405,2153,2286,2315,2316,2476,2718,2688,2318,2430,2383,2395,2364,2913,3112,2918,2423,2306,2297,2415,2320,2490,2681,2541,2413,2472,2308,2393,2356,2888,3357,3136,2416,2371,2323,2401,2317,2568,2731,2649,2495,2431,2424,2414,2382,3126,3277,3059,2351,2368,2387,2428,2406,2637,2747,2519,2414,2346,2433,2387,2400,3049,3095,2885,2338,2272,2314,2360,2404,2518,2643,2414,2293,2295,2325,2358,2306,2884,2930,2734,2304,2288,2161,2257,2236,2331,2338,2264,2331,2276,2272,2376,2303,2725,2914,2696,2330,2214,2187,2273,2273,2253,2214,2303,2269,2249,2371,2383,2279,2674,3199,2974,2202,2230,2237,2355,2377,2194,2069,2259,2253,2224,2392,2340,2297,2972,3250,3018,2280,2191,2137,2298,2319,2219,2201,2241,2266,2266,2285,2186,2319,3026,2919,2726,2318,2326,2240,2231,2295,2328,2354,2337,2293,2290,2211,2158,2146,2650,3702,3480,2459,2318,2355,2256,2248,2292,2364,2292,2244,2308,2221,2196,2398,3480,4108,3884,2783,2482,2440,2371,2405,2369,2498,2380,2387,2396,2365,2428,2788,3887,4100,3874,2771,2524,2420,2396,2550,2641,2673,2621,2539,2434,2486,2487,2774,3878,3661,3422,2634,2458,2383,2318,2406,2546,2637,2590,2433,2409,2438,2442,2529,3454,3824,3604,2570,2430,2382,2348,2336,2256,2383,2373,2400,2309,2431,2347,2534,3590,3882,3666,2552,2375,2372,2227,2363,2393,2555,2393,2308,2308,2333,2285,2403,3644,3731,3517,2485,2255,2394,2381,2354,2449,2622,2558,2359,2327,2268,2280,2317,3495,3552,3337,2519,2377,2465,2389,2390,2423,2586,2510,2407,2376,2267,2207,2331,3322,3295,3098,2505,2376,2435,2341,2343,2477,2451,2328,2244,2363,2288,2322,2237,3067,3222,3005,2431,2345,2355,2285,2324,2409,2334,2300,2287,2211,2311,2359,2343,3002,3020,2789,2377,2361,2269,2303,2238,2243,2355,2348,2314,2379,2396,2333,2301,2814,2836,2643,2311,2222,2242,2256,2228,2333,2337,2287,2246,2341,2390,2238,2273,2634,2878,2673,2303,2212,2291,2220,2334,2408,2336,2323,2317,2324,2330,2193,2250,2667,2945,2728,2245,2172,2192,2240,2163,2299,2152,2150,2263,2236,2184,2169,2196,2708,3021,2807,2220,2201,2197,2252,2159,2309,2330,2263,2233,2204,2178,2237,2293,2787,3050,2837,2085,2156,2183,2241,2168,2324,2381,2217,2152,2160,2181,2225,2228,2791,3308,3092,2137,2061,2070,2209,2177,2255,2410,2350,2127,2133,2182,2252,2262,3071,3315,3098,2165,2171,2118,2100,2130,2204,2291,2306,2062,2074,2162,2185,2116,3080,3264,3041,2045,2134,2104,2147,2137,2124,2143,2086,2118,2108,2026,2037,2161,3038,3394,3169,2181,2122,1929,2019,2015,2037,2013,2044,2068,2024,2023,1959,2196,3171,3261,3040,2108,2148,2034,1942,2048,2062,2011,2007,1972,2020,2060,1915,2124,3041,3190,2973,2168,2041,1971,1958,1984,2017,2042,2018,1968,1955,1966,1878,2016,2963,3078,2841,2121,1982,1948,1983,2134,2227,2370,2270,2040,1993,2078,1987,2152,2839
,,,,,,,,,,,,,,,,,,,,,,,,,,,,,,,,,,,,,,,,,,,,,,,,,,,,,,,,,,,,,,,,,,,,,,,,,,,,,,,,,,,,,,,,,,,,,,,,,,,,,,,,,,,,,,,,,,,,,,,,,,,,,,,,,,,,,,,,,,,,,,,,,,,,,,,,,,,,,,,,,,,,,,,,,,,,,,,,,,,,,,,,,,,,,,,,,,,,,,,,,,,,,,,,,,,,,,,,,,,,,,,,,,,,,,,,,,,,,,,,,,,,,,,,,,,,,,,,,,,,,,,,,,,,,,,,,,,,,,,,,,,,,,,,,,,,,,,,,,,,,,,,,,,,,,,,,,,,,,,,,,,,,,,,,,,,,,,,,,,,,,,,,,,,,,,,,,,,,,,,,,,,,,,,,,,,,,,,,,,,,,,,,,,,,,,,,,,,,,,,,,,,,,,,,,,,,,,,,,,,,,,,,,,,,,,,,,,,,,,,,,,,,,,,,,,,,,,,,,,,,,,,,,,,,,,,,,,,,,,,,,,,,,,,,,,,,,,,,,,,,,,,,,,,,,,,,,,,,,,,,,,,,,,,,,,,,,,,,,,,,,,,,,,,,,,,,,,,,,,,,,,,,,,,,,,,,,,,,,,,,,,,,,,,,,,,,,,,,,,,,,,,,,,,,,,,,,,,,,,,,,,,,,,,,,,,,,,,,,,,,,,,,,,,,,,,,,,,,,,,,,,,,,,,,,,,,,,,,,,,,,,,,,,,,,,,,,,,,,,,,,,,,,,,,,,,,,,,,,,,,,,,,,,,,,,,,,,,,,,,,,,,,,,,,,,,,,,,,,,,,,,,,,,,,,,,,,,,,,,,,,,,,,,,,,,,,,,,,,,,,,,,,,,,,,,,,,,,,,,,,,,,,,,,,,,,,,,,,,,,,,,,,,,,,,,,,,,,,,,,,,,,,,,,,,,,,,,,,,,,,,,,,,,,,,,,,,,,,,,,,,,,,,,,,,,,,,,,,,,,,,,,,,,,,,,,,,,,,,,,,,,,,,,,,,,,,,,,,,,,,,,,,,,,,,,,,,,,,,,,,,,,,,,,,,,,,,,,,,,,,,,,,,,,,,,,,,,,,,,,,,,,,,,,,,,,,,,,,,,,,,,,,,,,,,,,,,,,,,,,,,,,,,,,,,,,,,,,,,,,,,,,,,,,,,,,,,,,,,,,,,,,,,,,,,,,,,,,,,,,,,,,,,,,,,,,,,,,,,,,,,,,,,,,,,,,,,,,,,,,,,,,,,,,,,,,,,,,,,,,,,,,,,,,,,,,,,,,,,,,,,,,,,,,,,,,,,,,,,,,,,,,,,,,,,,,,,,,,,,,,,,,,,,,,,,,,,,,,,,,,,,,,,,,,,,,,,,,,,,,,,,,,,,,,,,,,,,,,,,,,,,,,,,,,,,,,,,,,,,,,,,,,,,,,,,,,,,,,,,,,,,,,,,,,,,,,,,,,,,,,,,,,,,,,,,,,,,,,,,,,,,,,,,,,,,,,,,,,,,,,,,,,,,,,,,,,,,,,,,,,,,,,,,,,,,,,,,,,,,,,,,,,,,,,,,,,,,,,,,,,,,,,,,,,,,,,,,,,,,,,,,,,,,,,,,,,,,,,,,,,,,,,,,,,,,,,,,,,,,,,,,,,,,,,,,,,,,,,,,,,,,,,,,,,,,,,,,,,,,,,,,,,,,,,,,,,,,,,,,,,,,,,,,,,,,,,,,,,,,,,,,,,,,,,,,,,,,,,,,,,,,,,,,,,,,,,,,,,,,,,,,,,,,,,,,,,,,,,,,,,,,,,,,,,,,,,,,,,,,,,,,,,,,,,,,,,,,,,,,,,,,,,,,,,,,,,,,,,,,,,,,,,,,,,,,,,,,,,,,,,,,,,,,,,,,,,,,,,,,,,,,,,,,,,,,,,,,,,,,,,,,,,,,,,,,,,,,,,,,,,,,,,,,,,,,,,,,,,,,,,,,,,,,,,,,,,,,,,,,,,,,,,,,,,,,,,,,,,,,,,,,,,,,,,,,,,,,,,,,,,,,,,,,,,,,,,,,,,,,,,,,,,,,,,,,,,,,,,,,,,,,,,,,,,,,,,,,,,,,,,,,,,,,,,,,,,,,,,,,,,,,,,,,,,,,,,,,,,,,,,,,,,,,,,,,,,,,,,,,,,,,,,,,,,,,,,,,,,,,,,,,,,,,,,,,,,,,,,,,,,,,,,,,
,,,,,,,,,,,,,,,,,,,,,,,,,,,,,,,,,,,,,,,,,,,,,,,,,,,,,,,,,,,,,,,,,,,,,,,,,,,,,,,,,,,,,,,,,,,,,,,,,,,,,,,,,,,,,,,,,,,,,,,,,,,,,,,,,,,,,,,,,,,,,,,,,,,,,,,,,,,,,,,,,,,,,,,,,,,,,,,,,,,,,,,,,,,,,,,,,,,,,,,,,,,,,,,,,,,,,,,,,,,,,,,,,,,,,,,,,,,,,,,,,,,,,,,,,,,,,,,,,,,,,,,,,,,,,,,,,,,,,,,,,,,,,,,,,,,,,,,,,,,,,,,,,,,,,,,,,,,,,,,,,,,,,,,,,,,,,,,,,,,,,,,,,,,,,,,,,,,,,,,,,,,,,,,,,,,,,,,,,,,,,,,,,,,,,,,,,,,,,,,,,,,,,,,,,,,,,,,,,,,,,,,,,,,,,,,,,,,,,,,,,,,,,,,,,,,,,,,,,,,,,,,,,,,,,,,,,,,,,,,,,,,,,,,,,,,,,,,,,,,,,,,,,,,,,,,,,,,,,,,,,,,,,,,,,,,,,,,,,,,,,,,,,,,,,,,,,,,,,,,,,,,,,,,,,,,,,,,,,,,,,,,,,,,,,,,,,,,,,,,,,,,,,,,,,,,,,,,,,,,,,,,,,,,,,,,,,,,,,,,,,,,,,,,,,,,,,,,,,,,,,,,,,,,,,,,,,,,,,,,,,,,,,,,,,,,,,,,,,,,,,,,,,,,,,,,,,,,,,,,,,,,,,,,,,,,,,,,,,,,,,,,,,,,,,,,,,,,,,,,,,,,,,,,,,,,,,,,,,,,,,,,,,,,,,,,,,,,,,,,,,,,,,,,,,,,,,,,,,,,,,,,,,,,,,,,,,,,,,,,,,,,,,,,,,,,,,,,,,,,,,,,,,,,,,,,,,,,,,,,,,,,,,,,,,,,,,,,,,,,,,,,,,,,,,,,,,,,,,,,,,,,,,,,,,,,,,,,,,,,,,,,,,,,,,,,,,,,,,,,,,,,,,,,,,,,,,,,,,,,,,,,,,,,,,,,,,,,,,,,,,,,,,,,,,,,,,,,,,,,,,,,,,,,,,,,,,,,,,,,,,,,,,,,,,,,,,,,,,,,,,,,,,,,,,,,,,,,,,,,,,,,,,,,,,,,,,,,,,,,,,,,,,,,,,,,,,,,,,,,,,,,,,,,,,,,,,,,,,,,,,,,,,,,,,,,,,,,,,,,,,,,,,,,,,,,,,,,,,,,,,,,,,,,,,,,,,,,,,,,,,,,,,,,,,,,,,,,,,,,,,,,,,,,,,,,,,,,,,,,,,,,,,,,,,,,,,,,,,,,,,,,,,,,,,,,,,,,,,,,,,,,,,,,,,,,,,,,,,,,,,,,,,,,,,,,,,,,,,,,,,,,,,,,,,,,,,,,,,,,,,,,,,,,,,,,,,,,,,,,,,,,,,,,,,,,,,,,,,,,,,,,,,,,,,,,,,,,,,,,,,,,,,,,,,,,,,,,,,,,,,,,,,,,,,,,,,,,,,,,,,,,,,,,,,,,,,,,,,,,,,,,,,,,,,,,,,,,,,,,,,,,,,,,,,,,,,,,,,,,,,,,,,,,,,,,,,,,,,,,,,,,,,,,,,,,,,,,,,,,,,,,,,,,,,,,,,,,,,,,,,,,,,,,,,,,,,,,,,,,,,,,,,,,,,,,,,,,,,,,,,,,,,,,,,,,,,,,,,,,,,,,,,,,,,,,,,,,,,,,,,,,,,,,,,,,,,,,,,,,,,,,,,,,,,,,,,,,,,,,,,,,,,,,,,,,,,,,,,,,,,,,,,,,,,,,,,,,,,,,,,,,,,,,,,,,,,,,,,,,,,,,,,,,,,,,,,,,,,,,,,,,,,,,,,,,,,,,,,,,,,,,,,,,,,,,,,,,,,,,,,,,,,,,,,,,,,,,,,,,,,,,,,,,,,,,,,,,,,,,,,,,,,,,,,,,,,,,,,,,,,,,,,,,,,,,,,,,,,,,,,,,,,,,,,,,,,,,,,,,,,,,,,,,,,,,,,,,,,,,,,,,,,,,,,,,,,,,,,,,,,,,,,,,,,,,,,,,,,,,,,,,,,,,,,,,,,,,,,,,,,,,,,,,,,,,,,,,,,,,,,,,,,,,,,,,,,,,,,,,,,,,,,,,,,,,,,,,,,,,,,,,,,,,
,,,,,,,,,,,,,,,,,,,,,,,,,,,,,,,,,,,,,,,,,,,,,,,,,,,,,,,,,,,,,,,,,,,,,,,,,,,,,,,,,,,,,,,,,,,,,,,,,,,,,,,,,,,,,,,,,,,,,,,,,,,,,,,,,,,,,,,,,,,,,,,,,,,,,,,,,,,,,,,,,,,,,,,,,,,,,,,,,,,,,,,,,,,,,,,,,,,,,,,,,,,,,,,,,,,,,,,,,,,,,,,,,,,,,,,,,,,,,,,,,,,,,,,,,,,,,,,,,,,,,,,,,,,,,,,,,,,,,,,,,,,,,,,,,,,,,,,,,,,,,,,,,,,,,,,,,,,,,,,,,,,,,,,,,,,,,,,,,,,,,,,,,,,,,,,,,,,,,,,,,,,,,,,,,,,,,,,,,,,,,,,,,,,,,,,,,,,,,,,,,,,,,,,,,,,,,,,,,,,,,,,,,,,,,,,,,,,,,,,,,,,,,,,,,,,,,,,,,,,,,,,,,,,,,,,,,,,,,,,,,,,,,,,,,,,,,,,,,,,,,,,,,,,,,,,,,,,,,,,,,,,,,,,,,,,,,,,,,,,,,,,,,,,,,,,,,,,,,,,,,,,,,,,,,,,,,,,,,,,,,,,,,,,,,,,,,,,,,,,,,,,,,,,,,,,,,,,,,,,,,,,,,,,,,,,,,,,,,,,,,,,,,,,,,,,,,,,,,,,,,,,,,,,,,,,,,,,,,,,,,,,,,,,,,,,,,,,,,,,,,,,,,,,,,,,,,,,,,,,,,,,,,,,,,,,,,,,,,,,,,,,,,,,,,,,,,,,,,,,,,,,,,,,,,,,,,,,,,,,,,,,,,,,,,,,,,,,,,,,,,,,,,,,,,,,,,,,,,,,,,,,,,,,,,,,,,,,,,,,,,,,,,,,,,,,,,,,,,,,,,,,,,,,,,,,,,,,,,,,,,,,,,,,,,,,,,,,,,,,,,,,,,,,,,,,,,,,,,,,,,,,,,,,,,,,,,,,,,,,,,,,,,,,,,,,,,,,,,,,,,,,,,,,,,,,,,,,,,,,,,,,,,,,,,,,,,,,,,,,,,,,,,,,,,,,,,,,,,,,,,,,,,,,,,,,,,,,,,,,,,,,,,,,,,,,,,,,,,,,,,,,,,,,,,,,,,,,,,,,,,,,,,,,,,,,,,,,,,,,,,,,,,,,,,,,,,,,,,,,,,,,,,,,,,,,,,,,,,,,,,,,,,,,,,,,,,,,,,,,,,,,,,,,,,,,,,,,,,,,,,,,,,,,,,,,,,,,,,,,,,,,,,,,,,,,,,,,,,,,,,,,,,,,,,,,,,,,,,,,,,,,,,,,,,,,,,,,,,,,,,,,,,,,,,,,,,,,,,,,,,,,,,,,,,,,,,,,,,,,,,,,,,,,,,,,,,,,,,,,,,,,,,,,,,,,,,,,,,,,,,,,,,,,,,,,,,,,,,,,,,,,,,,,,,,,,,,,,,,,,,,,,,,,,,,,,,,,,,,,,,,,,,,,,,,,,,,,,,,,,,,,,,,,,,,,,,,,,,,,,,,,,,,,,,,,,,,,,,,,,,,,,,,,,,,,,,,,,,,,,,,,,,,,,,,,,,,,,,,,,,,,,,,,,,,,,,,,,,,,,,,,,,,,,,,,,,,,,,,,,,,,,,,,,,,,,,,,,,,,,,,,,,,,,,,,,,,,,,,,,,,,,,,,,,,,,,,,,,,,,,,,,,,,,,,,,,,,,,,,,,,,,,,,,,,,,,,,,,,,,,,,,,,,,,,,,,,,,,,,,,,,,,,,,,,,,,,,,,,,,,,,,,,,,,,,,,,,,,,,,,,,,,,,,,,,,,,,,,,,,,,,,,,,,,,,,,,,,,,,,,,,,,,,,,,,,,,,,,,,,,,,,,,,,,,,,,,,,,,,,,,,,,,,,,,,,,,,,,,,,,,,,,,,,,,,,,,,,,,,,,,,,,,,,,,,,,,,,,,,,,,,,,,,,,,,,,,,,,,,,,,,,,,,,,,,,,,,,,,,,,,,,,,,,,,,,,,,,,,,,,,,,,,,,,,,,,,,,,,,,,,,,,,,,,,,,,,,,,,,,,,,,,,,,,,,,,,,,,,,,,,,,,,,,,,,,,,,,,,,,,,,,,,,,,,,,,,,,,,,,,,,,,,,,,,,,,,,,,,,,,,,,,,,,,,,,,,,,,,,,,,,,,,,
,,,,,,,,,,,,,,,,,,,,,,,,,,,,,,,,,,,,,,,,,,,,,,,,,,,,,,,,,,,,,,,,,,,,,,,,,,,,,,,,,,,,,,,,,,,,,,,,,,,,,,,,,,,,,,,,,,,,,,,,,,,,,,,,,,,,,,,,,,,,,,,,,,,,,,,,,,,,,,,,,,,,,,,,,,,,,,,,,,,,,,,,,,,,,,,,,,,,,,,,,,,,,,,,,,,,,,,,,,,,,,,,,,,,,,,,,,,,,,,,,,,,,,,,,,,,,,,,,,,,,,,,,,,,,,,,,,,,,,,,,,,,,,,,,,,,,,,,,,,,,,,,,,,,,,,,,,,,,,,,,,,,,,,,,,,,,,,,,,,,,,,,,,,,,,,,,,,,,,,,,,,,,,,,,,,,,,,,,,,,,,,,,,,,,,,,,,,,,,,,,,,,,,,,,,,,,,,,,,,,,,,,,,,,,,,,,,,,,,,,,,,,,,,,,,,,,,,,,,,,,,,,,,,,,,,,,,,,,,,,,,,,,,,,,,,,,,,,,,,,,,,,,,,,,,,,,,,,,,,,,,,,,,,,,,,,,,,,,,,,,,,,,,,,,,,,,,,,,,,,,,,,,,,,,,,,,,,,,,,,,,,,,,,,,,,,,,,,,,,,,,,,,,,,,,,,,,,,,,,,,,,,,,,,,,,,,,,,,,,,,,,,,,,,,,,,,,,,,,,,,,,,,,,,,,,,,,,,,,,,,,,,,,,,,,,,,,,,,,,,,,,,,,,,,,,,,,,,,,,,,,,,,,,,,,,,,,,,,,,,,,,,,,,,,,,,,,,,,,,,,,,,,,,,,,,,,,,,,,,,,,,,,,,,,,,,,,,,,,,,,,,,,,,,,,,,,,,,,,,,,,,,,,,,,,,,,,,,,,,,,,,,,,,,,,,,,,,,,,,,,,,,,,,,,,,,,,,,,,,,,,,,,,,,,,,,,,,,,,,,,,,,,,,,,,,,,,,,,,,,,,,,,,,,,,,,,,,,,,,,,,,,,,,,,,,,,,,,,,,,,,,,,,,,,,,,,,,,,,,,,,,,,,,,,,,,,,,,,,,,,,,,,,,,,,,,,,,,,,,,,,,,,,,,,,,,,,,,,,,,,,,,,,,,,,,,,,,,,,,,,,,,,,,,,,,,,,,,,,,,,,,,,,,,,,,,,,,,,,,,,,,,,,,,,,,,,,,,,,,,,,,,,,,,,,,,,,,,,,,,,,,,,,,,,,,,,,,,,,,,,,,,,,,,,,,,,,,,,,,,,,,,,,,,,,,,,,,,,,,,,,,,,,,,,,,,,,,,,,,,,,,,,,,,,,,,,,,,,,,,,,,,,,,,,,,,,,,,,,,,,,,,,,,,,,,,,,,,,,,,,,,,,,,,,,,,,,,,,,,,,,,,,,,,,,,,,,,,,,,,,,,,,,,,,,,,,,,,,,,,,,,,,,,,,,,,,,,,,,,,,,,,,,,,,,,,,,,,,,,,,,,,,,,,,,,,,,,,,,,,,,,,,,,,,,,,,,,,,,,,,,,,,,,,,,,,,,,,,,,,,,,,,,,,,,,,,,,,,,,,,,,,,,,,,,,,,,,,,,,,,,,,,,,,,,,,,,,,,,,,,,,,,,,,,,,,,,,,,,,,,,,,,,,,,,,,,,,,,,,,,,,,,,,,,,,,,,,,,,,,,,,,,,,,,,,,,,,,,,,,,,,,,,,,,,,,,,,,,,,,,,,,,,,,,,,,,,,,,,,,,,,,,,,,,,,,,,,,,,,,,,,,,,,,,,,,,,,,,,,,,,,,,,,,,,,,,,,,,,,,,,,,,,,,,,,,,,,,,,,,,,,,,,,,,,,,,,,,,,,,,,,,,,,,,,,,,,,,,,,,,,,,,,,,,,,,,,,,,,,,,,,,,,,,,,,,,,,,,,,,,,,,,,,,,,,,,,,,,,,,,,,,,,,,,,,,,,,,,,,,,,,,,,,,,,,,,,,,,,,,,,,,,,,,,,,,,,,,,,,,,,,,,,,,,,,,,,,,,,,,,,,,,,,,,,,,,,,,,,,,,,,,,,,,,,,,,,,,,,,,,,,,,,,,,,,,,,,,,,,,,,,,,,,,,,,,,,,,,,,,,,,,,,,,,,,,,,,,,,,,,,,,,,,,,,,,,,,,,,,,,,,,,,,,,,,,,,,,,,,,,,,,,,,,,,,,,,,,,,,,,,,,,,,
,,,,,,,,,,,,,,,,,,,,,,,,,,,,,,,,,,,,,,,,,,,,,,,,,,,,,,,,,,,,,,,,,,,,,,,,,,,,,,,,,,,,,,,,,,,,,,,,,,,,,,,,,,,,,,,,,,,,,,,,,,,,,,,,,,,,,,,,,,,,,,,,,,,,,,,,,,,,,,,,,,,,,,,,,,,,,,,,,,,,,,,,,,,,,,,,,,,,,,,,,,,,,,,,,,,,,,,,,,,,,,,,,,,,,,,,,,,,,,,,,,,,,,,,,,,,,,,,,,,,,,,,,,,,,,,,,,,,,,,,,,,,,,,,,,,,,,,,,,,,,,,,,,,,,,,,,,,,,,,,,,,,,,,,,,,,,,,,,,,,,,,,,,,,,,,,,,,,,,,,,,,,,,,,,,,,,,,,,,,,,,,,,,,,,,,,,,,,,,,,,,,,,,,,,,,,,,,,,,,,,,,,,,,,,,,,,,,,,,,,,,,,,,,,,,,,,,,,,,,,,,,,,,,,,,,,,,,,,,,,,,,,,,,,,,,,,,,,,,,,,,,,,,,,,,,,,,,,,,,,,,,,,,,,,,,,,,,,,,,,,,,,,,,,,,,,,,,,,,,,,,,,,,,,,,,,,,,,,,,,,,,,,,,,,,,,,,,,,,,,,,,,,,,,,,,,,,,,,,,,,,,,,,,,,,,,,,,,,,,,,,,,,,,,,,,,,,,,,,,,,,,,,,,,,,,,,,,,,,,,,,,,,,,,,,,,,,,,,,,,,,,,,,,,,,,,,,,,,,,,,,,,,,,,,,,,,,,,,,,,,,,,,,,,,,,,,,,,,,,,,,,,,,,,,,,,,,,,,,,,,,,,,,,,,,,,,,,,,,,,,,,,,,,,,,,,,,,,,,,,,,,,,,,,,,,,,,,,,,,,,,,,,,,,,,,,,,,,,,,,,,,,,,,,,,,,,,,,,,,,,,,,,,,,,,,,,,,,,,,,,,,,,,,,,,,,,,,,,,,,,,,,,,,,,,,,,,,,,,,,,,,,,,,,,,,,,,,,,,,,,,,,,,,,,,,,,,,,,,,,,,,,,,,,,,,,,,,,,,,,,,,,,,,,,,,,,,,,,,,,,,,,,,,,,,,,,,,,,,,,,,,,,,,,,,,,,,,,,,,,,,,,,,,,,,,,,,,,,,,,,,,,,,,,,,,,,,,,,,,,,,,,,,,,,,,,,,,,,,,,,,,,,,,,,,,,,,,,,,,,,,,,,,,,,,,,,,,,,,,,,,,,,,,,,,,,,,,,,,,,,,,,,,,,,,,,,,,,,,,,,,,,,,,,,,,,,,,,,,,,,,,,,,,,,,,,,,,,,,,,,,,,,,,,,,,,,,,,,,,,,,,,,,,,,,,,,,,,,,,,,,,,,,,,,,,,,,,,,,,,,,,,,,,,,,,,,,,,,,,,,,,,,,,,,,,,,,,,,,,,,,,,,,,,,,,,,,,,,,,,,,,,,,,,,,,,,,,,,,,,,,,,,,,,,,,,,,,,,,,,,,,,,,,,,,,,,,,,,,,,,,,,,,,,,,,,,,,,,,,,,,,,,,,,,,,,,,,,,,,,,,,,,,,,,,,,,,,,,,,,,,,,,,,,,,,,,,,,,,,,,,,,,,,,,,,,,,,,,,,,,,,,,,,,,,,,,,,,,,,,,,,,,,,,,,,,,,,,,,,,,,,,,,,,,,,,,,,,,,,,,,,,,,,,,,,,,,,,,,,,,,,,,,,,,,,,,,,,,,,,,,,,,,,,,,,,,,,,,,,,,,,,,,,,,,,,,,,,,,,,,,,,,,,,,,,,,,,,,,,,,,,,,,,,,,,,,,,,,,,,,,,,,,,,,,,,,,,,,,,,,,,,,,,,,,,,,,,,,,,,,,,,,,,,,,,,,,,,,,,,,,,,,,,,,,,,,,,,,,,,,,,,,,,,,,,,,,,,,,,,,,,,,,,,,,,,,,,,,,,,,,,,,,,,,,,,,,,,,,,,,,,,,,,,,,,,,,,,,,,,,,,,,,,,,,,,,,,,,,,,,,,,,,,,,,,,,,,,,,,,,,,,,,,,,,,,,,,,,,,,,,,,,,,,,,,,,,,,,,,,,,,,,,,,,,,,,,,,,,,,,,,,,,,,,,,,,,,,,,,,,,,,,,,,,,,,,,,,,,,,,,,,,,,,,,,,,,,,,,,,,,,,,,,,,,,,,,,,,,,,,,,,,,,
3562,3374,2447,2448,2401,2426,2354,2376,2201,2376,2354,2426,2401,2448,2447,3374,3836,3619,2564,2378,2252,2338,2291,2352,2198,2347,2368,2410,2372,2378,2416,3608,4052,3828,2703,2397,2336,2410,2378,2371,2322,2275,2408,2362,2336,2297,2756,3830,4238,4016,2889,2549,2387,2350,2270,2314,2310,2313,2352,2198,2344,2488,2922,4018,4068,3847,2739,2411,2327,2288,2251,2182,2212,2179,2304,2333,2179,2394,2757,3848,3744,3524,2529,2312,2258,2237,2232,2178,2083,2185,2277,2271,2196,2252,2508,3513,3429,3228,2371,2321,2211,2219,2234,2188,2189,2137,2263,2239,2197,2236,2275,3178,3061,2842,2320,2355,2289,2297,2266,2259,2324,2242,2264,2290,2256,2359,2322,2832,2819,2662,2365,2334,2284,2330,2332,2242,2165,2227,2309,2292,2234,2289,2279,2592,3032,2815,2436,2398,2322,2316,2552,2573,2382,2579,2570,2399,2141,2380,2410,2816,3709,3500,3155,3052,3032,3088,3508,3459,3344,3197,3319,3190,3102,2889,3407,3497,4290,4169,3796,3629,3470,3648,4089,4065,3806,3922,3984,3848,3458,3635,3985,4165,4416,4383,4155,3910,3537,3763,4195,4205,3913,4241,4279,4044,3842,3846,4117,4318,4363,4385,4166,3914,3478,3753,3972,4002,3814,4211,4230,3959,3864,3757,3997,4106,4751,4553,3879,3612,3529,3557,3600,3660,3664,3865,3882,3610,3571,3509,3742,4511,4706,4510,3605,3184,3288,3062,3118,3158,3308,3421,3401,3119,3146,3184,3267,4458,4355,4152,3304,3102,2992,2852,2997,3134,3337,3247,3146,2941,2716,2882,3064,4110,4409,4181,3453,3365,3132,3190,3168,3343,3572,3474,3399,3223,3042,3154,3462,4188,4404,4176,3513,3392,3165,3272,3198,3507,3617,3466,3371,3354,3184,3188,3494,4182,4244,4024,3285,3135,3126,3201,3056,3804,3930,3637,3052,3099,3089,3143,3227,4010,4603,4370,3079,3198,3132,3294,3097,4033,4177,3891,3143,3253,3341,3051,3195,4370,4674,4447,3100,3173,2962,3098,3178,3923,4062,3821,3211,3337,3344,3014,3434,4443,4456,4236,3028,3044,2916,2841,3183,3559,3591,3446,2921,3031,2949,2898,3353,4224,3985,3772,2896,2888,2773,2766,3058,3317,3280,3034,2924,2744,2760,2927,3086,3749,3662,3430,2833,2809,2705,2729,2914,3147,3307,3147,2886,2830,2778,2777,2983,3488,3777,3546,2706,2722,2783,2701,2932,3211,3354,3226,2916,2812,2754,2725,2888,3525,3791,3559,2631,2609,2667,2597,2709,3028,3226,3102,2802,2600,2638,2658,2668,3560,3527,3305,2634,2462,2612,2553,2808,2969,2993,2943,2758,2619,2596,2655,2814,3292,3357,3089,2733,2617,2515,2634,2822,2939,2927,2925,2789,2658,2570,2612,2796,3153,3510,3278,2699,2561,2456,2554,2713,2812,2783,2742,2678,2506,2411,2491,2648,3293,3402,3167,2523,2503,2365,2445,2427,2560,2647,2584,2432,2418,2322,2358,2526,3183,3276,3037,2383,2422,2372,2425,2438,2514,2537,2522,2312,2273,2345,2346,2482,3074,3130,2855,2514,2371,2363,2382,2318,2431,2576,2599,2455,2360,2326,2327,2502,2980,2979,2753,2515,2397,2285,2320,2362,2511,2642,2602,2470,2360,2258,2480,2399,2780,2964,2746,2439,2302,2262,2269,2254,2513,2611,2543,2514,2371,2396,2441,2427,2790,2940,2768,2281,2324,2368,2347,2327,2537,2522,2287,2307,2306,2342,2227,2365,2762,2918,2764,2369,2377,2235,2345,2448,2554,2579,2464,2301,2253,2321,2354,2441,2726,2927,2768,2448,2462,2382,2348,2339,2439,2531,2455,2347,2305,2285,2439,2478,2717,2878,2629,2438,2380,2349,2349,2402,2466,2482,2441,2341,2334,2380,2394,2435,2734,2817,2638,2400,2314,2256,2301,2280,2531,2555,2427,2324,2346,2329,2350,2421,2643,2747,2559,2357,2329,2317,2312,2343,2513,2623,2528,2381,2235,2311,2376,2379,2647,2749,2509,2420,2391,2353,2436,2330,2567,2754,2674,2503,2419,2430,2328,2446,2589,2916,2751,2501,2364,2375,2459,2356,2527,2746,2673,2465,2536,2418,2370,2375,2639,2953,2819,2411,2298,2327,2353,2349,2377,2536,2435,2379,2454,2412,2409,2381,2711,2876,2736,2413,2308,2325,2375,2424,2361,2349,2289,2353,2404,2456,2410,2449,2741,2896,2734,2375,2369,2368,2379,2357,2567,2567,2462,2371,2322,2350,2423,2313,2593,2870,2671,2345,2311,2428,2314,2271,2563,2617,2460,2358,2305,2371,2371,2364,2723,2864,2650,2269,2198,2339,2282,2353,2378,2460,2427,2359,2353,2340,2346,2291,2721,2820,2675,2386,2324,2246,2299,2332,2497,2546,2410,2411,2326,2332,2440,2270,2627,2972,2790,2321,2384,2335,2403,2361,2543,2648,2443,2465,2475,2404,2290,2295,2743,3560,3329,2409,2399,2425,2273,2342,2591,2627,2431,2388,2357,2185,2240,2412,3341,4196,3972,2852,2475,2456,2363,2368,2566,2631,2385,2281,2283,2396,2465,2851,3970,4350,4127,2995,2544,2452,2410,2324,2465,2612,2515,2349,2360,2449,2639,2979,4128,4141,3917,2786,2351,2332,2331,2354,2457,2662,2575,2427,2430,2369,2529,2767,3919,3473,3259,2378,2308,2285,2266,2357,2402,2597,2534,2312,2258,2344,2423,2420,3248,3061,2844,2357,2352,2268,2278,2314,2425,2481,2464,2414,2256,2303,2309,2322,2862,2760,2585,2309,2337,2328,2225,2285,2340,2419,2379,2404,2396,2321,2268,2247,2511,2702,2509,2234,2330,2347,2237,2183,2409,2408,2379,2454,2481,2385,2256,2208,2513,2819,2703,2281,2409,2376,2315,2274,2428,2483,2385,2422,2392,2319,2378,2442,2677,3073,2902,2497,2462,2507,2370,2501,2608,2824,2723,2582,2487,2397,2450,2666,2962,3321,3090,2489,2422,2450,2291,2460,2711,2748,2774,2575,2527,2338,2459,2626,3103,4054,3839,2851,2378,2308,2367,2613,2685,2585,2620,2563,2542,2382,2463,2666,3830,4551,4333,3263,2854,2546,2715,2881,2987,2984,2867,2775,2768,2604,2956,3148,4325,4674,4454,3346,3021,2759,2867,3020,3303,3356,3140,2920,2922,2894,3045,3350,4452,4502,4284,3242,2979,2809,2864,3011,3451,3488,3259,2902,2885,2879,2890,3239,4276,4034,3811,2842,2745,2614,2732,2861,3285,3317,3055,2780,2679,2716,2817,2983,3825,3781,3573,2574,2502,2511,2566,2600,2869,2969,2764,2517,2494,2534,2484,2665,3552,3560,3333,2361,2497,2584,2493,2495,2801,2889,2620,2402,2492,2414,2346,2470,3339,3501,3272,2451,2451,2562,2447,2462,2726,2759,2459,2410,2476,2571,2432,2442,3279,3378,3163,2439,2443,2402,2340,2378,2592,2657,2433,2489,2444,2508,2387,2405,3175,3162,2965,2432,2446,2404,2336,2436,2510,2544,2459,2502,2397,2369,2268,2356,2943,3101,2898,2377,2493,2388,2386,2412,2470,2556,2452,2507,2425,2302,2270,2352,2786,3025,2799,2418,2429,2331,2307,2510,2523,2514,2423,2433,2417,2379,2259,2360,2855,2983,2709,2431,2419,2390,2422,2651,2633,2534,2428,2430,2322,2329,2380,2463,2820,2954,2717,2470,2474,2358,2367,2584,2649,2647,2469,2484,2499,2364,2444,2520,2788,3106,2940,2381,2313,2347,2430,2568,2629,2600,2620,2453,2431,2419,2438,2521,2893,3392,3185,2495,2414,2460,2466,2529,2639,2519,2601,2555,2491,2473,2385,2536,3178,3550,3327,2499,2380,2439,2432,2410,2521,2507,2584,2454,2451,2424,2402,2548,3325,3528,3301,2437,2329,2390,2350,2214,2376,2430,2405,2301,2379,2392,2352,2497,3307,3350,3103,2642,2561,2393,2378,2399,2559,2562,2513,2472,2417,2457,2385,2319,3149,3415,3214,3024,2821,2686,2619,2787,2978,2896,2908,2890,2861,2796,2662,2608,3146,3486,3269,3126,2907,2874,2735,2938,3016,2917,3040,3036,2992,2963,2769,2752,3209,3333,3134,2921,2771,2781,2533,2798,2928,2746,2965,2940,2907,2863,2601,2721,3103,3110,3009,2793,2598,2598,2367,2714,2801,2824,2798,2742,2717,2599,2453,2709,2885,3097,2996,2658,2533,2484,2409,2592,2736,2796,2698,2620,2518,2461,2301,2530,2789,3114,2988,2704,2605,2573,2465,2581,2815,2797,2777,2646,2606,2612,2510,2659,2936,3275,3053,2645,2538,2556,2418,2591,2708,2726,2727,2584,2543,2528,2595,2644,3075,3173,2961,2389,2422,2429,2325,2404,2637,2611,2546,2396,2412,2325,2449,2559,2985,3258,3037,2393,2457,2407,2341,2317,2611,2726,2583,2387,2321,2381,2315,2472,3023,3589,3368,2415,2396,2339,2384,2457,2903,2992,2621,2393,2358,2447,2383,2351,3366,3696,3471,2408,2378,2242,2338,2437,3010,3104,2721,2388,2341,2277,2338,2438,3476,3462,3236,2353,2372,2309,2407,2382,2807,2941,2675,2362,2341,2299,2296,2461,3249,3155,2946,2448,2343,2317,2422,2383,2755,2931,2812,2433,2373,2354,2351,2406,2895,3363,3155,2576,2347,2458,2521,2414,2898,3204,3091,2489,2404,2482,2497,2410,3133,3383,3154,2530,2385,2486,2478,2406,2831,3162,3037,2486,2398,2390,2432,2431,3167,3120,2926,2431,2425,2465,2261,2241,2498,2774,2696,2437,2350,2294,2300,2322,2921,3131,2902,2320,2308,2315,2272,2381,2541,2646,2512,2350,2221,2296,2349,2400,2949,3366,3136,2375,2306,2290,2344,2417,2725,2822,2562,2440,2320,2353,2319,2413,3161,3214,2992,2401,2412,2425,2342,2306,2718,2721,2608,2267,2335,2337,2336,2367,3017,3068,2830,2425,2386,2365,2377,2325,2496,2619,2527,2395,2361,2343,2247,2297,2873,2968,2727,2262,2293,2328,2305,2328,2325,2417,2373,2327,2331,2351,2397,2357,2768,2933,2714,2376,2383,2242,2223,2329,2341,2360,2412,2392,2223,2303,2419,2325,2690,3208,3000,2398,2396,2410,2269,2329,2343,2364,2347,2317,2332,2324,2372,2354,2947,3259,3054,2349,2243,2304,2358,2414,2425,2443,2321,2254,2239,2315,2349,2381,3014,2966,2747,2352,2248,2283,2328,2304,2382,2415,2389,2356,2380,2190,2181,2246,2742,3694,3468,2479,2310,2239,2313,2251,2243,2250,2385,2316,2229,2316,2333,2407,3470,4104,3876,2700,2468,2313,2460,2324,2373,2407,2418,2283,2311,2374,2572,2725,3882,4095,3865,2706,2512,2493,2523,2486,2556,2648,2594,2436,2444,2439,2556,2752,3873,3654,3448,2588,2421,2271,2346,2421,2514,2592,2459,2385,2407,2347,2356,2618,3437,3844,3621,2607,2524,2458,2264,2326,2431,2448,2346,2282,2336,2227,2362,2608,3623,3898,3679,2744,2431,2498,2228,2172,2450,2637,2531,2377,2406,2351,2402,2692,3687,3743,3523,2649,2427,2455,2257,2318,2482,2602,2548,2372,2306,2353,2387,2590,3528,3555,3337,2387,2389,2421,2315,2382,2510,2548,2434,2276,2301,2315,2397,2337,3329,3309,3095,2292,2383,2345,2360,2334,2380,2518,2404,2261,2259,2267,2299,2270,3083,3221,3006,2296,2372,2346,2342,2319,2268,2408,2389,2379,2404,2363,2208,2303,2996,3041,2801,2170,2230,2302,2306,2309,2279,2374,2394,2352,2383,2258,2224,2270,2848,2803,2616,2239,2188,2225,2317,2334,2374,2409,2316,2314,2334,2285,2321,2371,2621,2833,2673,2276,2264,2225,2217,2282,2356,2308,2406,2216,2268,2257,2190,2368,2612,2954,2706,2320,2354,2259,2274,2160,2227,2333,2378,2313,2326,2251,2323,2334,2763,3027,2792,2252,2284,2188,2365,2292,2250,2246,2310,2285,2310,2375,2375,2307,2821,3016,2800,2291,2250,2226,2259,2281,2216,2237,2292,2300,2228,2206,2249,2270,2812,3306,3082,2295,2194,2174,2158,2299,2228,2315,2304,2224,2205,2193,2081,2173,3075,3315,3099,2283,2139,2104,2159,2257,2178,2291,2242,2236,2211,2124,2129,2158,3083,3249,3033,2260,2048,2093,2096,2088,2190,2220,2167,2100,2109,2063,2100,2138,3027,3363,3139,2124,2118,2099,2112,2051,2173,2055,2077,2038,2078,2052,2084,2112,3138,3225,3001,2128,2057,2109,2118,2100,2047,2050,1965,2032,2070,2045,2015,2055,3011,3203,2979,2206,1988,1993,1982,2020,2146,2159,2077,2035,1945,2030,1959,2083,2988,3109,2888,2202,2054,2032,2012,2027,2312,2389,2268,2128,2048,2103,2060,2113,2889
,,,,,,,,,,,,,,,,,,,,,,,,,,,,,,,,,,,,,,,,,,,,,,,,,,,,,,,,,,,,,,,,,,,,,,,,,,,,,,,,,,,,,,,,,,,,,,,,,,,,,,,,,,,,,,,,,,,,,,,,,,,,,,,,,,,,,,,,,,,,,,,,,,,,,,,,,,,,,,,,,,,,,,,,,,,,,,,,,,,,,,,,,,,,,,,,,,,,,,,,,,,,,,,,,,,,,,,,,,,,,,,,,,,,,,,,,,,,,,,,,,,,,,,,,,,,,,,,,,,,,,,,,,,,,,,,,,,,,,,,,,,,,,,,,,,,,,,,,,,,,,,,,,,,,,,,,,,,,,,,,,,,,,,,,,,,,,,,,,,,,,,,,,,,,,,,,,,,,,,,,,,,,,,,,,,,,,,,,,,,,,,,,,,,,,,,,,,,,,,,,,,,,,,,,,,,,,,,,,,,,,,,,,,,,,,,,,,,,,,,,,,,,,,,,,,,,,,,,,,,,,,,,,,,,,,,,,,,,,,,,,,,,,,,,,,,,,,,,,,,,,,,,,,,,,,,,,,,,,,,,,,,,,,,,,,,,,,,,,,,,,,,,,,,,,,,,,,,,,,,,,,,,,,,,,,,,,,,,,,,,,,,,,,,,,,,,,,,,,,,,,,,,,,,,,,,,,,,,,,,,,,,,,,,,,,,,,,,,,,,,,,,,,,,,,,,,,,,,,,,,,,,,,,,,,,,,,,,,,,,,,,,,,,,,,,,,,,,,,,,,,,,,,,,,,,,,,,,,,,,,,,,,,,,,,,,,,,,,,,,,,,,,,,,,,,,,,,,,,,,,,,,,,,,,,,,,,,,,,,,,,,,,,,,,,,,,,,,,,,,,,,,,,,,,,,,,,,,,,,,,,,,,,,,,,,,,,,,,,,,,,,,,,,,,,,,,,,,,,,,,,,,,,,,,,,,,,,,,,,,,,,,,,,,,,,,,,,,,,,,,,,,,,,,,,,,,,,,,,,,,,,,,,,,,,,,,,,,,,,,,,,,,,,,,,,,,,,,,,,,,,,,,,,,,,,,,,,,,,,,,,,,,,,,,,,,,,,,,,,,,,,,,,,,,,,,,,,,,,,,,,,,,,,,,,,,,,,,,,,,,,,,,,,,,,,,,,,,,,,,,,,,,,,,,,,,,,,,,,,,,,,,,,,,,,,,,,,,,,,,,,,,,,,,,,,,,,,,,,,,,,,,,,,,,,,,,,,,,,,,,,,,,,,,,,,,,,,,,,,,,,,,,,,,,,,,,,,,,,,,,,,,,,,,,,,,,,,,,,,,,,,,,,,,,,,,,,,,,,,,,,,,,,,,,,,,,,,,,,,,,,,,,,,,,,,,,,,,,,,,,,,,,,,,,,,,,,,,,,,,,,,,,,,,,,,,,,,,,,,,,,,,,,,,,,,,,,,,,,,,,,,,,,,,,,,,,,,,,,,,,,,,,,,,,,,,,,,,,,,,,,,,,,,,,,,,,,,,,,,,,,,,,,,,,,,,,,,,,,,,,,,,,,,,,,,,,,,,,,,,,,,,,,,,,,,,,,,,,,,,,,,,,,,,,,,,,,,,,,,,,,,,,,,,,,,,,,,,,,,,,,,,,,,,,,,,,,,,,,,,,,,,,,,,,,,,,,,,,,,,,,,,,,,,,,,,,,,,,,,,,,,,,,,,,,,,,,,,,,,,,,,,,,,,,,,,,,,,,,,,,,,,,,,,,,,,,,,,,,,,,,,,,,,,,,,,,,,,,,,,,,,,,,,,,,,,,,,,,,,,,,,,,,,,,,,,,,,,,,,,,,,,,,,,,,,,,,,,,,,,,,,,,,,,,,,,,,,,,,,,,,,,,,,,,,,,,,,,,,,,,,,,,,,,,,,,,,,,,,,,,,,,,,,,,,,,,,,,,,,,,,,,,,,,,,,,,,,,,,,,,,,,,,,,,,,,,,,,,,,,,,,,,,,,,,,,,,,,,,,,,,,,,,,,,,,,,,,,,,,,,,,,,,,,,,,,,,,,,,,,,,,,,,,,,,,,,,,,,,,,,,,,,,,,,,,,,,,,,,,,,,,,,,,,,,,,,,,,,,,,,,,,,,,,,,,,,,,,,,,,,,,,,,,,,,,,,,,,,,,,,,,,,,,,,,,,,,,,,,,,,,,,,,,,,,,,,,,,,,,,,,,,,,,,,,,,,,,,,,,,,,,,,,,,,,,,,,,,,,,,,,,,,,,
,,,,,,,,,,,,,,,,,,,,,,,,,,,,,,,,,,,,,,,,,,,,,,,,,,,,,,,,,,,,,,,,,,,,,,,,,,,,,,,,,,,,,,,,,,,,,,,,,,,,,,,,,,,,,,,,,,,,,,,,,,,,,,,,,,,,,,,,,,,,,,,,,,,,,,,,,,,,,,,,,,,,,,,,,,,,,,,,,,,,,,,,,,,,,,,,,,,,,,,,,,,,,,,,,,,,,,,,,,,,,,,,,,,,,,,,,,,,,,,,,,,,,,,,,,,,,,,,,,,,,,,,,,,,,,,,,,,,,,,,,,,,,,,,,,,,,,,,,,,,,,,,,,,,,,,,,,,,,,,,,,,,,,,,,,,,,,,,,,,,,,,,,,,,,,,,,,,,,,,,,,,,,,,,,,,,,,,,,,,,,,,,,,,,,,,,,,,,,,,,,,,,,,,,,,,,,,,,,,,,,,,,,,,,,,,,,,,,,,,,,,,,,,,,,,,,,,,,,,,,,,,,,,,,,,,,,,,,,,,,,,,,,,,,,,,,,,,,,,,,,,,,,,,,,,,,,,,,,,,,,,,,,,,,,,,,,,,,,,,,,,,,,,,,,,,,,,,,,,,,,,,,,,,,,,,,,,,,,,,,,,,,,,,,,,,,,,,,,,,,,,,,,,,,,,,,,,,,,,,,,,,,,,,,,,,,,,,,,,,,,,,,,,,,,,,,,,,,,,,,,,,,,,,,,,,,,,,,,,,,,,,,,,,,,,,,,,,,,,,,,,,,,,,,,,,,,,,,,,,,,,,,,,,,,,,,,,,,,,,,,,,,,,,,,,,,,,,,,,,,,,,,,,,,,,,,,,,,,,,,,,,,,,,,,,,,,,,,,,,,,,,,,,,,,,,,,,,,,,,,,,,,,,,,,,,,,,,,,,,,,,,,,,,,,,,,,,,,,,,,,,,,,,,,,,,,,,,,,,,,,,,,,,,,,,,,,,,,,,,,,,,,,,,,,,,,,,,,,,,,,,,,,,,,,,,,,,,,,,,,,,,,,,,,,,,,,,,,,,,,,,,,,,,,,,,,,,,,,,,,,,,,,,,,,,,,,,,,,,,,,,,,,,,,,,,,,,,,,,,,,,,,,,,,,,,,,,,,,,,,,,,,,,,,,,,,,,,,,,,,,,,,,,,,,,,,,,,,,,,,,,,,,,,,,,,,,,,,,,,,,,,,,,,,,,,,,,,,,,,,,,,,,,,,,,,,,,,,,,,,,,,,,,,,,,,,,,,,,,,,,,,,,,,,,,,,,,,,,,,,,,,,,,,,,,,,,,,,,,,,,,,,,,,,,,,,,,,,,,,,,,,,,,,,,,,,,,,,,,,,,,,,,,,,,,,,,,,,,,,,,,,,,,,,,,,,,,,,,,,,,,,,,,,,,,,,,,,,,,,,,,,,,,,,,,,,,,,,,,,,,,,,,,,,,,,,,,,,,,,,,,,,,,,,,,,,,,,,,,,,,,,,,,,,,,,,,,,,,,,,,,,,,,,,,,,,,,,,,,,,,,,,,,,,,,,,,,,,,,,,,,,,,,,,,,,,,,,,,,,,,,,,,,,,,,,,,,,,,,,,,,,,,,,,,,,,,,,,,,,,,,,,,,,,,,,,,,,,,,,,,,,,,,,,,,,,,,,,,,,,,,,,,,,,,,,,,,,,,,,,,,,,,,,,,,,,,,,,,,,,,,,,,,,,,,,,,,,,,,,,,,,,,,,,,,,,,,,,,,,,,,,,,,,,,,,,,,,,,,,,,,,,,,,,,,,,,,,,,,,,,,,,,,,,,,,,,,,,,,,,,,,,,,,,,,,,,,,,,,,,,,,,,,,,,,,,,,,,,,,,,,,,,,,,,,,,,,,,,,,,,,,,,,,,,,,,,,,,,,,,,,,,,,,,,,,,,,,,,,,,,,,,,,,,,,,,,,,,,,,,,,,,,,,,,,,,,,,,,,,,,,,,,,,,,,,,,,,,,,,,,,,,,,,,,,,,,,,,,,,,,,,,,,,,,,,,,,,,,,,,,,,,,,,,,,,,,,,,,,,,,,,,,,,,,,,,,,,,,,,,,,,,,,,,,,,,,,,,,,,,,,,,,,,,,,,,,,,,,,,,,,,,,,,,,,,,,,,,,,,,,,,,,,,,,,,,,,,,,,,,,,,,,,,,,,,,,,,,,,,,,,,,,,,,,,,,,,,,,,,,,,,,,,,,,,,,,,,,,,,,,,,,,,,
,,,,,,,,,,,,,,,,,,,,,,,,,,,,,,,,,,,,,,,,,,,,,,,,,,,,,,,,,,,,,,,,,,,,,,,,,,,,,,,,,,,,,,,,,,,,,,,,,,,,,,,,,,,,,,,,,,,,,,,,,,,,,,,,,,,,,,,,,,,,,,,,,,,,,,,,,,,,,,,,,,,,,,,,,,,,,,,,,,,,,,,,,,,,,,,,,,,,,,,,,,,,,,,,,,,,,,,,,,,,,,,,,,,,,,,,,,,,,,,,,,,,,,,,,,,,,,,,,,,,,,,,,,,,,,,,,,,,,,,,,,,,,,,,,,,,,,,,,,,,,,,,,,,,,,,,,,,,,,,,,,,,,,,,,,,,,,,,,,,,,,,,,,,,,,,,,,,,,,,,,,,,,,,,,,,,,,,,,,,,,,,,,,,,,,,,,,,,,,,,,,,,,,,,,,,,,,,,,,,,,,,,,,,,,,,,,,,,,,,,,,,,,,,,,,,,,,,,,,,,,,,,,,,,,,,,,,,,,,,,,,,,,,,,,,,,,,,,,,,,,,,,,,,,,,,,,,,,,,,,,,,,,,,,,,,,,,,,,,,,,,,,,,,,,,,,,,,,,,,,,,,,,,,,,,,,,,,,,,,,,,,,,,,,,,,,,,,,,,,,,,,,,,,,,,,,,,,,,,,,,,,,,,,,,,,,,,,,,,,,,,,,,,,,,,,,,,,,,,,,,,,,,,,,,,,,,,,,,,,,,,,,,,,,,,,,,,,,,,,,,,,,,,,,,,,,,,,,,,,,,,,,,,,,,,,,,,,,,,,,,,,,,,,,,,,,,,,,,,,,,,,,,,,,,,,,,,,,,,,,,,,,,,,,,,,,,,,,,,,,,,,,,,,,,,,,,,,,,,,,,,,,,,,,,,,,,,,,,,,,,,,,,,,,,,,,,,,,,,,,,,,,,,,,,,,,,,,,,,,,,,,,,,,,,,,,,,,,,,,,,,,,,,,,,,,,,,,,,,,,,,,,,,,,,,,,,,,,,,,,,,,,,,,,,,,,,,,,,,,,,,,,,,,,,,,,,,,,,,,,,,,,,,,,,,,,,,,,,,,,,,,,,,,,,,,,,,,,,,,,,,,,,,,,,,,,,,,,,,,,,,,,,,,,,,,,,,,,,,,,,,,,,,,,,,,,,,,,,,,,,,,,,,,,,,,,,,,,,,,,,,,,,,,,,,,,,,,,,,,,,,,,,,,,,,,,,,,,,,,,,,,,,,,,,,,,,,,,,,,,,,,,,,,,,,,,,,,,,,,,,,,,,,,,,,,,,,,,,,,,,,,,,,,,,,,,,,,,,,,,,,,,,,,,,,,,,,,,,,,,,,,,,,,,,,,,,,,,,,,,,,,,,,,,,,,,,,,,,,,,,,,,,,,,,,,,,,,,,,,,,,,,,,,,,,,,,,,,,,,,,,,,,,,,,,,,,,,,,,,,,,,,,,,,,,,,,,,,,,,,,,,,,,,,,,,,,,,,,,,,,,,,,,,,,,,,,,,,,,,,,,,,,,,,,,,,,,,,,,,,,,,,,,,,,,,,,,,,,,,,,,,,,,,,,,,,,,,,,,,,,,,,,,,,,,,,,,,,,,,,,,,,,,,,,,,,,,,,,,,,,,,,,,,,,,,,,,,,,,,,,,,,,,,,,,,,,,,,,,,,,,,,,,,,,,,,,,,,,,,,,,,,,,,,,,,,,,,,,,,,,,,,,,,,,,,,,,,,,,,,,,,,,,,,,,,,,,,,,,,,,,,,,,,,,,,,,,,,,,,,,,,,,,,,,,,,,,,,,,,,,,,,,,,,,,,,,,,,,,,,,,,,,,,,,,,,,,,,,,,,,,,,,,,,,,,,,,,,,,,,,,,,,,,,,,,,,,,,,,,,,,,,,,,,,,,,,,,,,,,,,,,,,,,,,,,,,,,,,,,,,,,,,,,,,,,,,,,,,,,,,,,,,,,,,,,,,,,,,,,,,,,,,,,,,,,,,,,,,,,,,,,,,,,,,,,,,,,,,,,,,,,,,,,,,,,,,,,,,,,,,,,,,,,,,,,,,,,,,,,,,,,,,,,,,,,,,,,,,,,,,,,,,,,,,,,,,,,,,,,,,,,,,,,,,,,,,,,,,,,,,,,,,,,,,,,,,,,,,,,,,,,,,,,,,,,,,,,,,,,,,,,,,,,,,,,,,,,,,,,,,,,,,,,,,,,,,,,,,,,,,,,,,,,
,,,,,,,,,,,,,,,,,,,,,,,,,,,,,,,,,,,,,,,,,,,,,,,,,,,,,,,,,,,,,,,,,,,,,,,,,,,,,,,,,,,,,,,,,,,,,,,,,,,,,,,,,,,,,,,,,,,,,,,,,,,,,,,,,,,,,,,,,,,,,,,,,,,,,,,,,,,,,,,,,,,,,,,,,,,,,,,,,,,,,,,,,,,,,,,,,,,,,,,,,,,,,,,,,,,,,,,,,,,,,,,,,,,,,,,,,,,,,,,,,,,,,,,,,,,,,,,,,,,,,,,,,,,,,,,,,,,,,,,,,,,,,,,,,,,,,,,,,,,,,,,,,,,,,,,,,,,,,,,,,,,,,,,,,,,,,,,,,,,,,,,,,,,,,,,,,,,,,,,,,,,,,,,,,,,,,,,,,,,,,,,,,,,,,,,,,,,,,,,,,,,,,,,,,,,,,,,,,,,,,,,,,,,,,,,,,,,,,,,,,,,,,,,,,,,,,,,,,,,,,,,,,,,,,,,,,,,,,,,,,,,,,,,,,,,,,,,,,,,,,,,,,,,,,,,,,,,,,,,,,,,,,,,,,,,,,,,,,,,,,,,,,,,,,,,,,,,,,,,,,,,,,,,,,,,,,,,,,,,,,,,,,,,,,,,,,,,,,,,,,,,,,,,,,,,,,,,,,,,,,,,,,,,,,,,,,,,,,,,,,,,,,,,,,,,,,,,,,,,,,,,,,,,,,,,,,,,,,,,,,,,,,,,,,,,,,,,,,,,,,,,,,,,,,,,,,,,,,,,,,,,,,,,,,,,,,,,,,,,,,,,,,,,,,,,,,,,,,,,,,,,,,,,,,,,,,,,,,,,,,,,,,,,,,,,,,,,,,,,,,,,,,,,,,,,,,,,,,,,,,,,,,,,,,,,,,,,,,,,,,,,,,,,,,,,,,,,,,,,,,,,,,,,,,,,,,,,,,,,,,,,,,,,,,,,,,,,,,,,,,,,,,,,,,,,,,,,,,,,,,,,,,,,,,,,,,,,,,,,,,,,,,,,,,,,,,,,,,,,,,,,,,,,,,,,,,,,,,,,,,,,,,,,,,,,,,,,,,,,,,,,,,,,,,,,,,,,,,,,,,,,,,,,,,,,,,,,,,,,,,,,,,,,,,,,,,,,,,,,,,,,,,,,,,,,,,,,,,,,,,,,,,,,,,,,,,,,,,,,,,,,,,,,,,,,,,,,,,,,,,,,,,,,,,,,,,,,,,,,,,,,,,,,,,,,,,,,,,,,,,,,,,,,,,,,,,,,,,,,,,,,,,,,,,,,,,,,,,,,,,,,,,,,,,,,,,,,,,,,,,,,,,,,,,,,,,,,,,,,,,,,,,,,,,,,,,,,,,,,,,,,,,,,,,,,,,,,,,,,,,,,,,,,,,,,,,,,,,,,,,,,,,,,,,,,,,,,,,,,,,,,,,,,,,,,,,,,,,,,,,,,,,,,,,,,,,,,,,,,,,,,,,,,,,,,,,,,,,,,,,,,,,,,,,,,,,,,,,,,,,,,,,,,,,,,,,,,,,,,,,,,,,,,,,,,,,,,,,,,,,,,,,,,,,,,,,,,,,,,,,,,,,,,,,,,,,,,,,,,,,,,,,,,,,,,,,,,,,,,,,,,,,,,,,,,,,,,,,,,,,,,,,,,,,,,,,,,,,,,,,,,,,,,,,,,,,,,,,,,,,,,,,,,,,,,,,,,,,,,,,,,,,,,,,,,,,,,,,,,,,,,,,,,,,,,,,,,,,,,,,,,,,,,,,,,,,,,,,,,,,,,,,,,,,,,,,,,,,,,,,,,,,,,,,,,,,,,,,,,,,,,,,,,,,,,,,,,,,,,,,,,,,,,,,,,,,,,,,,,,,,,,,,,,,,,,,,,,,,,,,,,,,,,,,,,,,,,,,,,,,,,,,,,,,,,,,,,,,,,,,,,,,,,,,,,,,,,,,,,,,,,,,,,,,,,,,,,,,,,,,,,,,,,,,,,,,,,,,,,,,,,,,,,,,,,,,,,,,,,,,,,,,,,,,,,,,,,,,,,,,,,,,,,,,,,,,,,,,,,,,,,,,,,,,,,,,,,,,,,,,,,,,,,,,,,,,,,,,,,,,,,,,,,,,,,,,,,,,,,,,,,,,,,,,,,,,,,,,,,,,,,,,,,,,,,,,,,,,,,,,,,,,,,,,,,,,,,,,,,,,,,,,,,,,,,,,,,,,,,,,,,,,,,
,,,,,,,,,,,,,,,,,,,,,,,,,,,,,,,,,,,,,,,,,,,,,,,,,,,,,,,,,,,,,,,,,,,,,,,,,,,,,,,,,,,,,,,,,,,,,,,,,,,,,,,,,,,,,,,,,,,,,,,,,,,,,,,,,,,,,,,,,,,,,,,,,,,,,,,,,,,,,,,,,,,,,,,,,,,,,,,,,,,,,,,,,,,,,,,,,,,,,,,,,,,,,,,,,,,,,,,,,,,,,,,,,,,,,,,,,,,,,,,,,,,,,,,,,,,,,,,,,,,,,,,,,,,,,,,,,,,,,,,,,,,,,,,,,,,,,,,,,,,,,,,,,,,,,,,,,,,,,,,,,,,,,,,,,,,,,,,,,,,,,,,,,,,,,,,,,,,,,,,,,,,,,,,,,,,,,,,,,,,,,,,,,,,,,,,,,,,,,,,,,,,,,,,,,,,,,,,,,,,,,,,,,,,,,,,,,,,,,,,,,,,,,,,,,,,,,,,,,,,,,,,,,,,,,,,,,,,,,,,,,,,,,,,,,,,,,,,,,,,,,,,,,,,,,,,,,,,,,,,,,,,,,,,,,,,,,,,,,,,,,,,,,,,,,,,,,,,,,,,,,,,,,,,,,,,,,,,,,,,,,,,,,,,,,,,,,,,,,,,,,,,,,,,,,,,,,,,,,,,,,,,,,,,,,,,,,,,,,,,,,,,,,,,,,,,,,,,,,,,,,,,,,,,,,,,,,,,,,,,,,,,,,,,,,,,,,,,,,,,,,,,,,,,,,,,,,,,,,,,,,,,,,,,,,,,,,,,,,,,,,,,,,,,,,,,,,,,,,,,,,,,,,,,,,,,,,,,,,,,,,,,,,,,,,,,,,,,,,,,,,,,,,,,,,,,,,,,,,,,,,,,,,,,,,,,,,,,,,,,,,,,,,,,,,,,,,,,,,,,,,,,,,,,,,,,,,,,,,,,,,,,,,,,,,,,,,,,,,,,,,,,,,,,,,,,,,,,,,,,,,,,,,,,,,,,,,,,,,,,,,,,,,,,,,,,,,,,,,,,,,,,,,,,,,,,,,,,,,,,,,,,,,,,,,,,,,,,,,,,,,,,,,,,,,,,,,,,,,,,,,,,,,,,,,,,,,,,,,,,,,,,,,,,,,,,,,,,,,,,,,,,,,,,,,,,,,,,,,,,,,,,,,,,,,,,,,,,,,,,,,,,,,,,,,,,,,,,,,,,,,,,,,,,,,,,,,,,,,,,,,,,,,,,,,,,,,,,,,,,,,,,,,,,,,,,,,,,,,,,,,,,,,,,,,,,,,,,,,,,,,,,,,,,,,,,,,,,,,,,,,,,,,,,,,,,,,,,,,,,,,,,,,,,,,,,,,,,,,,,,,,,,,,,,,,,,,,,,,,,,,,,,,,,,,,,,,,,,,,,,,,,,,,,,,,,,,,,,,,,,,,,,,,,,,,,,,,,,,,,,,,,,,,,,,,,,,,,,,,,,,,,,,,,,,,,,,,,,,,,,,,,,,,,,,,,,,,,,,,,,,,,,,,,,,,,,,,,,,,,,,,,,,,,,,,,,,,,,,,,,,,,,,,,,,,,,,,,,,,,,,,,,,,,,,,,,,,,,,,,,,,,,,,,,,,,,,,,,,,,,,,,,,,,,,,,,,,,,,,,,,,,,,,,,,,,,,,,,,,,,,,,,,,,,,,,,,,,,,,,,,,,,,,,,,,,,,,,,,,,,,,,,,,,,,,,,,,,,,,,,,,,,,,,,,,,,,,,,,,,,,,,,,,,,,,,,,,,,,,,,,,,,,,,,,,,,,,,,,,,,,,,,,,,,,,,,,,,,,,,,,,,,,,,,,,,,,,,,,,,,,,,,,,,,,,,,,,,,,,,,,,,,,,,,,,,,,,,,,,,,,,,,,,,,,,,,,,,,,,,,,,,,,,,,,,,,,,,,,,,,,,,,,,,,,,,,,,,,,,,,,,,,,,,,,,,,,,,,,,,,,,,,,,,,,,,,,,,,,,,,,,,,,,,,,,,,,,,,,,,,,,,,,,,,,,,,,,,,,,,,,,,,,,,,,,,,,,,,,,,,,,,,,,,,,,,,,,,,,,,,,,,,,,,,,,,,,,,,,,,,,,,,,,,,,,,,,,,,,,,,,,,,,,,,,,,,,,,,,,,,,,,,,,,,,,,,,,,,,,,,,,,,,,,,,,,,,,,,,,,,,,,,,,,,,,,,,,,,,,,,,,,,,,,
3557,3368,2464,2368,2322,2388,2281,2322,2145,2322,2281,2388,2322,2368,2464,3368,3844,3623,2568,2402,2292,2201,2110,2184,2266,2309,2287,2392,2339,2384,2432,3617,4055,3832,2754,2461,2421,2316,2271,2335,2278,2275,2251,2310,2340,2407,2713,3835,4239,4018,2898,2499,2386,2267,2279,2208,2169,2229,2259,2336,2444,2483,2853,4016,4069,3847,2700,2419,2373,2269,2285,2219,2188,2192,2170,2285,2285,2405,2670,3845,3741,3513,2426,2175,2293,2221,2200,2141,2257,2250,2159,2219,2184,2256,2417,3516,3422,3194,2282,2244,2248,2267,2316,2198,2247,2256,2121,2190,2282,2250,2332,3195,3064,2827,2224,2190,2155,2168,2251,2268,2235,2230,2224,2243,2244,2280,2173,2866,2759,2556,2236,2110,2150,2266,2308,2371,2200,2299,2390,2298,2129,2211,2186,2565,2898,2682,2509,2304,2253,2325,2569,2612,2340,2571,2578,2405,2271,2381,2387,2695,3760,3596,3372,3143,3010,3103,3556,3597,3296,3114,3212,3023,3162,3209,3369,3491,4278,4147,3975,3678,3717,3709,4151,4213,3805,3966,3961,3624,3623,3759,3926,3953,4268,4242,4106,3907,3860,3925,4297,4344,4098,4274,4206,3858,3640,3848,4022,4175,4420,4165,3736,3769,3542,3876,4084,4082,4123,4241,4133,3766,3501,3620,3863,4240,4744,4503,3489,3478,3397,3496,3668,3576,3810,3908,3814,3459,3392,3548,3718,4541,4701,4459,3220,3103,3125,3266,3436,3364,3224,3453,3334,3046,3051,3186,3567,4498,4357,4117,3153,3120,3081,2964,3066,3156,3230,3183,2993,2805,2841,2947,3223,4150,4423,4209,3491,3371,3242,3124,3277,3440,3483,3421,3294,3204,3079,3127,3358,4201,4413,4199,3505,3358,3294,3134,3248,3480,3579,3361,3330,3293,3185,3004,3343,4184,4238,4008,3118,3055,3133,3026,3331,3793,3805,3396,3140,3101,3039,2923,3125,4033,4611,4385,3434,3023,3082,2881,3476,4039,4144,3831,3277,2998,3014,3216,3275,4395,4685,4456,3452,3091,3200,3030,3269,3985,4123,3851,3311,3122,2945,3318,3464,4470,4466,4233,3267,3027,3035,3014,3179,3704,3844,3592,3069,3043,3004,3115,3331,4250,3988,3765,2997,2980,2883,2995,3126,3389,3493,3237,2918,2968,2981,2953,3006,3769,3701,3459,2819,2784,2795,2864,2994,3103,3279,3167,2808,2808,2827,2821,2905,3525,3763,3566,2767,2708,2741,2742,2942,3138,3331,3235,2920,2732,2826,2835,3033,3611,3801,3585,2723,2637,2688,2496,2786,3075,3164,3099,2801,2648,2631,2712,2889,3584,3525,3305,2627,2508,2561,2558,2726,2945,3035,2830,2627,2567,2573,2672,2755,3309,3346,3170,2719,2515,2635,2693,2766,2944,2977,2818,2718,2533,2634,2717,2948,3167,3508,3280,2552,2484,2504,2593,2681,2762,2830,2754,2595,2445,2574,2625,2838,3319,3414,3168,2461,2416,2269,2365,2555,2658,2700,2589,2433,2348,2443,2490,2616,3234,3300,3072,2405,2336,2344,2429,2633,2553,2506,2393,2316,2220,2393,2476,2574,3071,3099,2899,2457,2338,2278,2318,2624,2651,2744,2623,2363,2313,2368,2501,2588,2969,2929,2771,2489,2354,2288,2361,2562,2621,2786,2682,2348,2339,2430,2522,2547,2849,2959,2779,2433,2281,2306,2311,2413,2568,2608,2529,2360,2296,2417,2455,2231,2730,2809,2760,2460,2357,2428,2421,2441,2552,2540,2411,2201,2230,2314,2364,2308,2680,2935,2735,2452,2410,2451,2445,2469,2601,2628,2381,2364,2395,2446,2438,2429,2763,2872,2662,2253,2344,2413,2345,2295,2531,2609,2388,2395,2461,2477,2355,2379,2695,2828,2590,2330,2378,2354,2309,2244,2436,2488,2395,2344,2350,2368,2393,2437,2648,2798,2641,2365,2356,2294,2351,2293,2399,2452,2290,2269,2283,2293,2354,2355,2599,2868,2606,2356,2356,2171,2266,2284,2341,2417,2355,2232,2332,2386,2311,2261,2708,2853,2645,2266,2411,2295,2347,2331,2477,2674,2599,2318,2360,2386,2302,2361,2651,2935,2719,2376,2413,2280,2302,2279,2516,2663,2534,2286,2263,2404,2378,2321,2771,2992,2797,2395,2348,2377,2359,2332,2403,2469,2389,2385,2321,2377,2353,2335,2790,2779,2694,2505,2416,2431,2466,2441,2513,2558,2486,2377,2374,2324,2338,2401,2610,2753,2422,2452,2388,2406,2447,2512,2551,2601,2358,2361,2233,2351,2356,2415,2553,2697,2586,2413,2435,2377,2458,2395,2475,2559,2407,2334,2345,2320,2358,2344,2509,2805,2642,2319,2356,2327,2381,2315,2358,2517,2437,2395,2368,2260,2325,2223,2640,2767,2644,2406,2316,2371,2294,2289,2342,2577,2526,2295,2254,2140,2296,2219,2585,2990,2789,2323,2308,2316,2363,2299,2427,2637,2506,2291,2321,2246,2277,2394,2806,3567,3342,2398,2268,2365,2263,2291,2418,2603,2459,2254,2264,2361,2354,2345,3340,4198,3977,2872,2400,2352,2253,2267,2374,2616,2494,2313,2181,2439,2504,2801,3972,4352,4130,3038,2553,2469,2313,2328,2414,2629,2554,2380,2287,2478,2637,2992,4130,4143,3921,2841,2402,2409,2407,2392,2385,2576,2545,2379,2333,2358,2504,2795,3920,3467,3247,2284,2292,2397,2458,2405,2408,2438,2437,2329,2324,2309,2243,2371,3244,3045,2808,2310,2300,2456,2489,2425,2357,2330,2292,2266,2233,2299,2287,2313,2831,2713,2557,2310,2161,2373,2362,2316,2330,2399,2271,2301,2207,2194,2343,2351,2505,2666,2525,2283,2290,2337,2208,2255,2329,2461,2313,2293,2200,2230,2349,2336,2419,2709,2523,2309,2340,2357,2328,2254,2341,2517,2458,2369,2358,2334,2301,2323,2534,3016,2791,2433,2504,2364,2474,2466,2589,2765,2744,2495,2459,2354,2364,2484,2820,3336,3118,2449,2503,2308,2477,2558,2591,2787,2793,2499,2411,2378,2408,2567,3117,4054,3829,2634,2454,2193,2397,2544,2572,2635,2619,2460,2392,2394,2548,2709,3833,4550,4328,3221,2791,2703,2652,2732,2903,2894,2813,2636,2590,2655,2980,3198,4325,4676,4458,3405,2875,2927,2797,2851,3298,3357,2948,3010,2834,2739,3104,3310,4453,4502,4282,3267,2998,2856,2682,3035,3458,3492,3155,3070,2802,2731,2974,3135,4277,4050,3834,2984,2768,2508,2516,2919,3297,3330,3021,2824,2528,2558,2734,2882,3836,3796,3585,2652,2441,2406,2428,2606,2849,2892,2727,2462,2362,2400,2467,2567,3562,3556,3324,2504,2413,2529,2422,2458,2695,2794,2610,2340,2154,2379,2270,2454,3333,3498,3280,2446,2390,2435,2419,2402,2617,2700,2527,2309,2328,2388,2336,2372,3274,3367,3128,2412,2299,2387,2339,2383,2494,2577,2488,2302,2325,2460,2353,2429,3185,3172,2940,2408,2376,2349,2315,2323,2465,2577,2369,2295,2311,2243,2311,2424,2983,3087,2899,2390,2358,2403,2161,2315,2349,2537,2444,2384,2356,2300,2244,2323,2901,3023,2801,2436,2346,2316,2356,2511,2479,2456,2387,2303,2339,2331,2318,2307,2850,2986,2769,2538,2393,2211,2481,2530,2624,2554,2435,2461,2443,2406,2439,2492,2797,3000,2795,2423,2320,2344,2501,2569,2542,2595,2496,2445,2452,2340,2563,2612,2799,3104,2911,2475,2349,2432,2413,2479,2503,2627,2479,2239,2446,2415,2598,2655,2904,3301,3116,2509,2317,2366,2423,2398,2498,2621,2671,2460,2432,2491,2537,2550,3085,3539,3314,2511,2385,2447,2391,2449,2528,2588,2636,2477,2329,2326,2469,2478,3323,3517,3306,2454,2279,2420,2396,2329,2333,2579,2547,2349,2336,2233,2354,2373,3300,3343,3136,2429,2542,2472,2416,2415,2479,2527,2573,2538,2411,2315,2371,2327,3126,3417,3317,3026,2824,2584,2666,2628,2728,2707,2914,2924,2671,2511,2564,2526,3148,3524,3381,3124,2937,2686,2745,2802,2803,2773,3043,3018,2767,2492,2702,2668,3269,3402,3267,2971,2799,2519,2596,2717,2753,2717,2908,2856,2677,2517,2752,2670,3134,3302,3127,2823,2610,2506,2531,2676,2670,2638,2728,2685,2592,2587,2698,2628,3126,3217,2999,2609,2452,2551,2544,2583,2513,2603,2619,2581,2472,2569,2583,2470,3003,3295,3110,2697,2503,2531,2523,2615,2699,2744,2726,2628,2584,2619,2524,2532,3051,3242,3076,2670,2445,2410,2482,2569,2709,2740,2652,2581,2547,2517,2480,2655,3062,3166,2951,2467,2347,2396,2419,2414,2599,2675,2561,2383,2381,2394,2449,2553,2973,3374,3150,2364,2336,2447,2412,2364,2604,2711,2529,2402,2337,2363,2405,2399,3145,3608,3383,2367,2369,2423,2416,2477,2931,2992,2649,2399,2335,2372,2396,2403,3379,3677,3450,2413,2465,2340,2389,2533,3017,3090,2744,2355,2316,2350,2316,2482,3454,3424,3215,2394,2386,2378,2412,2428,2807,2933,2630,2356,2271,2367,2396,2294,3195,3171,2957,2300,2295,2327,2477,2367,2691,2916,2761,2310,2283,2385,2386,2307,2926,3336,3121,2428,2312,2267,2276,2357,2833,3183,3101,2518,2310,2427,2393,2283,3105,3351,3124,2425,2291,2215,2313,2273,2776,3141,3071,2489,2411,2425,2382,2299,3120,3188,2926,2419,2276,2232,2300,2287,2584,2820,2730,2338,2363,2362,2359,2348,2974,3077,2838,2388,2308,2200,2253,2274,2513,2638,2550,2311,2355,2364,2289,2299,2883,3343,3114,2364,2315,2367,2293,2395,2696,2754,2636,2432,2283,2348,2276,2337,3121,3283,3052,2292,2282,2410,2406,2416,2739,2801,2541,2403,2233,2311,2391,2296,3063,3090,2881,2304,2321,2304,2386,2349,2605,2694,2471,2432,2319,2311,2371,2369,2869,2962,2751,2385,2367,2309,2331,2362,2428,2523,2364,2248,2325,2286,2297,2379,2735,2906,2662,2319,2319,2276,2406,2424,2428,2420,2249,2257,2277,2272,2294,2380,2735,3204,2982,2288,2279,2291,2270,2328,2311,2386,2381,2239,2255,2174,2271,2376,2985,3255,3033,2322,2284,2178,2207,2266,2197,2227,2313,2176,2276,2259,2229,2342,3037,2946,2721,2346,2298,2241,2318,2291,2048,2189,2267,2335,2272,2285,2270,2266,2739,3698,3475,2413,2282,2237,2327,2382,2334,2232,2302,2251,2212,2257,2164,2465,3476,4111,3889,2813,2459,2300,2335,2366,2498,2487,2329,2378,2362,2450,2366,2772,3886,4106,3887,2792,2568,2523,2511,2356,2656,2716,2527,2523,2457,2480,2480,2721,3879,3648,3408,2605,2507,2515,2497,2413,2633,2664,2502,2480,2445,2389,2325,2537,3428,3826,3589,2499,2377,2307,2267,2274,2317,2331,2312,2312,2285,2340,2259,2623,3611,3883,3652,2450,2446,2353,2354,2383,2429,2651,2551,2408,2288,2401,2384,2624,3670,3734,3503,2389,2351,2416,2438,2341,2522,2705,2614,2403,2408,2418,2398,2526,3524,3555,3331,2381,2254,2389,2353,2301,2362,2608,2495,2329,2360,2369,2391,2505,3340,3320,3115,2298,2206,2351,2250,2275,2337,2491,2389,2340,2345,2287,2204,2381,3087,3228,2999,2220,2155,2256,2264,2305,2284,2308,2343,2277,2280,2248,2231,2374,3019,3036,2815,2129,2227,2212,2365,2379,2305,2290,2242,2211,2229,2161,2239,2290,2794,2826,2531,2248,2318,2253,2349,2377,2350,2351,2146,2231,2257,2280,2312,2222,2639,2835,2598,2265,2279,2173,2281,2229,2271,2339,2287,2289,2281,2215,2297,2298,2656,2942,2717,2219,2230,2181,2314,2275,2202,2220,2170,2294,2266,2234,2129,2203,2735,3015,2807,2279,2303,2281,2311,2297,2147,2314,2175,2175,2122,2216,2158,2182,2800,3007,2798,2231,2200,2262,2226,2285,2245,2367,2194,2078,2162,2230,2179,2204,2771,3305,3086,2250,2166,2128,2103,2164,2236,2371,2267,2155,2208,2215,2152,2179,3080,3337,3119,2205,2110,2084,2096,1990,2099,2160,2184,2132,2132,2186,2202,2159,3111,3283,3064,2170,2104,2113,2119,1987,1893,2070,2114,2081,2062,2149,2163,2160,3057,3386,3158,2151,2142,2063,2081,2142,2068,2119,2071,1996,2086,2097,2010,2071,3162,3241,3014,2037,2014,2066,1976,1936,2054,2148,1881,2043,2028,2008,1963,2072,3021,3141,2910,2070,2053,1961,1909,2005,2084,2094,1977,1959,1975,2007,1951,1988,2928,3075,2842,2143,2128,2035,2051,2008,2190,2304,2137,1947,1987,2086,2152,2221,2878
,,,,,,,,,,,,,,,,,,,,,,,,,,,,,,,,,,,,,,,,,,,,,,,,,,,,,,,,,,,,,,,,,,,,,,,,,,,,,,,,,,,,,,,,,,,,,,,,,,,,,,,,,,,,,,,,,,,,,,,,,,,,,,,,,,,,,,,,,,,,,,,,,,,,,,,,,,,,,,,,,,,,,,,,,,,,,,,,,,,,,,,,,,,,,,,,,,,,,,,,,,,,,,,,,,,,,,,,,,,,,,,,,,,,,,,,,,,,,,,,,,,,,,,,,,,,,,,,,,,,,,,,,,,,,,,,,,,,,,,,,,,,,,,,,,,,,,,,,,,,,,,,,,,,,,,,,,,,,,,,,,,,,,,,,,,,,,,,,,,,,,,,,,,,,,,,,,,,,,,,,,,,,,,,,,,,,,,,,,,,,,,,,,,,,,,,,,,,,,,,,,,,,,,,,,,,,,,,,,,,,,,,,,,,,,,,,,,,,,,,,,,,,,,,,,,,,,,,,,,,,,,,,,,,,,,,,,,,,,,,,,,,,,,,,,,,,,,,,,,,,,,,,,,,,,,,,,,,,,,,,,,,,,,,,,,,,,,,,,,,,,,,,,,,,,,,,,,,,,,,,,,,,,,,,,,,,,,,,,,,,,,,,,,,,,,,,,,,,,,,,,,,,,,,,,,,,,,,,,,,,,,,,,,,,,,,,,,,,,,,,,,,,,,,,,,,,,,,,,,,,,,,,,,,,,,,,,,,,,,,,,,,,,,,,,,,,,,,,,,,,,,,,,,,,,,,,,,,,,,,,,,,,,,,,,,,,,,,,,,,,,,,,,,,,,,,,,,,,,,,,,,,,,,,,,,,,,,,,,,,,,,,,,,,,,,,,,,,,,,,,,,,,,,,,,,,,,,,,,,,,,,,,,,,,,,,,,,,,,,,,,,,,,,,,,,,,,,,,,,,,,,,,,,,,,,,,,,,,,,,,,,,,,,,,,,,,,,,,,,,,,,,,,,,,,,,,,,,,,,,,,,,,,,,,,,,,,,,,,,,,,,,,,,,,,,,,,,,,,,,,,,,,,,,,,,,,,,,,,,,,,,,,,,,,,,,,,,,,,,,,,,,,,,,,,,,,,,,,,,,,,,,,,,,,,,,,,,,,,,,,,,,,,,,,,,,,,,,,,,,,,,,,,,,,,,,,,,,,,,,,,,,,,,,,,,,,,,,,,,,,,,,,,,,,,,,,,,,,,,,,,,,,,,,,,,,,,,,,,,,,,,,,,,,,,,,,,,,,,,,,,,,,,,,,,,,,,,,,,,,,,,,,,,,,,,,,,,,,,,,,,,,,,,,,,,,,,,,,,,,,,,,,,,,,,,,,,,,,,,,,,,,,,,,,,,,,,,,,,,,,,,,,,,,,,,,,,,,,,,,,,,,,,,,,,,,,,,,,,,,,,,,,,,,,,,,,,,,,,,,,,,,,,,,,,,,,,,,,,,,,,,,,,,,,,,,,,,,,,,,,,,,,,,,,,,,,,,,,,,,,,,,,,,,,,,,,,,,,,,,,,,,,,,,,,,,,,,,,,,,,,,,,,,,,,,,,,,,,,,,,,,,,,,,,,,,,,,,,,,,,,,,,,,,,,,,,,,,,,,,,,,,,,,,,,,,,,,,,,,,,,,,,,,,,,,,,,,,,,,,,,,,,,,,,,,,,,,,,,,,,,,,,,,,,,,,,,,,,,,,,,,,,,,,,,,,,,,,,,,,,,,,,,,,,,,,,,,,,,,,,,,,,,,,,,,,,,,,,,,,,,,,,,,,,,,,,,,,,,,,,,,,,,,,,,,,,,,,,,,,,,,,,,,,,,,,,,,,,,,,,,,,,,,,,,,,,,,,,,,,,,,,,,,,,,,,,,,,,,,,,,,,,,,,,,,,,,,,,,,,,,,,,,,,,,,,,,,,,,,,,,,,,,,,,,,,,,,,,,,,,,,,,,,,,,,,,,,,,,,,,,,,,,,,,,,,,,,,,,,,,,,,,,,,,,,,,,,,,,,,,,,,,,,,,,,,,,,,,,,,,,,,,,,,,,,,,,,,,,,,,,,,,,,,,,,,,,,,,,,,,,,,,,,,,,,,,,,,,,,,,,,,,,,,,,,,,,,,,,,,,,,,,,,,,,,,,,,,,,,,,,,,,,,,,,,,,,,,,,,,,,,,,,,,,,,,,,,,,,,,,,,,,,,,,,,,,,,,,,,,,,,,,,,,,,,,,,,,,,,,,,,,,,,
,,,,,,,,,,,,,,,,,,,,,,,,,,,,,,,,,,,,,,,,,,,,,,,,,,,,,,,,,,,,,,,,,,,,,,,,,,,,,,,,,,,,,,,,,,,,,,,,,,,,,,,,,,,,,,,,,,,,,,,,,,,,,,,,,,,,,,,,,,,,,,,,,,,,,,,,,,,,,,,,,,,,,,,,,,,,,,,,,,,,,,,,,,,,,,,,,,,,,,,,,,,,,,,,,,,,,,,,,,,,,,,,,,,,,,,,,,,,,,,,,,,,,,,,,,,,,,,,,,,,,,,,,,,,,,,,,,,,,,,,,,,,,,,,,,,,,,,,,,,,,,,,,,,,,,,,,,,,,,,,,,,,,,,,,,,,,,,,,,,,,,,,,,,,,,,,,,,,,,,,,,,,,,,,,,,,,,,,,,,,,,,,,,,,,,,,,,,,,,,,,,,,,,,,,,,,,,,,,,,,,,,,,,,,,,,,,,,,,,,,,,,,,,,,,,,,,,,,,,,,,,,,,,,,,,,,,,,,,,,,,,,,,,,,,,,,,,,,,,,,,,,,,,,,,,,,,,,,,,,,,,,,,,,,,,,,,,,,,,,,,,,,,,,,,,,,,,,,,,,,,,,,,,,,,,,,,,,,,,,,,,,,,,,,,,,,,,,,,,,,,,,,,,,,,,,,,,,,,,,,,,,,,,,,,,,,,,,,,,,,,,,,,,,,,,,,,,,,,,,,,,,,,,,,,,,,,,,,,,,,,,,,,,,,,,,,,,,,,,,,,,,,,,,,,,,,,,,,,,,,,,,,,,,,,,,,,,,,,,,,,,,,,,,,,,,,,,,,,,,,,,,,,,,,,,,,,,,,,,,,,,,,,,,,,,,,,,,,,,,,,,,,,,,,,,,,,,,,,,,,,,,,,,,,,,,,,,,,,,,,,,,,,,,,,,,,,,,,,,,,,,,,,,,,,,,,,,,,,,,,,,,,,,,,,,,,,,,,,,,,,,,,,,,,,,,,,,,,,,,,,,,,,,,,,,,,,,,,,,,,,,,,,,,,,,,,,,,,,,,,,,,,,,,,,,,,,,,,,,,,,,,,,,,,,,,,,,,,,,,,,,,,,,,,,,,,,,,,,,,,,,,,,,,,,,,,,,,,,,,,,,,,,,,,,,,,,,,,,,,,,,,,,,,,,,,,,,,,,,,,,,,,,,,,,,,,,,,,,,,,,,,,,,,,,,,,,,,,,,,,,,,,,,,,,,,,,,,,,,,,,,,,,,,,,,,,,,,,,,,,,,,,,,,,,,,,,,,,,,,,,,,,,,,,,,,,,,,,,,,,,,,,,,,,,,,,,,,,,,,,,,,,,,,,,,,,,,,,,,,,,,,,,,,,,,,,,,,,,,,,,,,,,,,,,,,,,,,,,,,,,,,,,,,,,,,,,,,,,,,,,,,,,,,,,,,,,,,,,,,,,,,,,,,,,,,,,,,,,,,,,,,,,,,,,,,,,,,,,,,,,,,,,,,,,,,,,,,,,,,,,,,,,,,,,,,,,,,,,,,,,,,,,,,,,,,,,,,,,,,,,,,,,,,,,,,,,,,,,,,,,,,,,,,,,,,,,,,,,,,,,,,,,,,,,,,,,,,,,,,,,,,,,,,,,,,,,,,,,,,,,,,,,,,,,,,,,,,,,,,,,,,,,,,,,,,,,,,,,,,,,,,,,,,,,,,,,,,,,,,,,,,,,,,,,,,,,,,,,,,,,,,,,,,,,,,,,,,,,,,,,,,,,,,,,,,,,,,,,,,,,,,,,,,,,,,,,,,,,,,,,,,,,,,,,,,,,,,,,,,,,,,,,,,,,,,,,,,,,,,,,,,,,,,,,,,,,,,,,,,,,,,,,,,,,,,,,,,,,,,,,,,,,,,,,,,,,,,,,,,,,,,,,,,,,,,,,,,,,,,,,,,,,,,,,,,,,,,,,,,,,,,,,,,,,,,,,,,,,,,,,,,,,,,,,,,,,,,,,,,,,,,,,,,,,,,,,,,,,,,,,,,,,,,,,,,,,,,,,,,,,,,,,,,,,,,,,,,,,,,,,,,,,,,,,,,,,,,,,,,,,,,,,,,,,,,,,,,,,,,,,,,,,,,,,,,,,,,,,,,,,,,,,,,,,,,,,,,,,,,,,,,,,,,,,,,,,,,,,,,,,,,,,,,,,,,,,,,,,,,,,,,,,,,,,,,,,,,,,,,,,,,,,,,,,,,,,,,,,,,,,,,,,,,
,,,,,,,,,,,,,,,,,,,,,,,,,,,,,,,,,,,,,,,,,,,,,,,,,,,,,,,,,,,,,,,,,,,,,,,,,,,,,,,,,,,,,,,,,,,,,,,,,,,,,,,,,,,,,,,,,,,,,,,,,,,,,,,,,,,,,,,,,,,,,,,,,,,,,,,,,,,,,,,,,,,,,,,,,,,,,,,,,,,,,,,,,,,,,,,,,,,,,,,,,,,,,,,,,,,,,,,,,,,,,,,,,,,,,,,,,,,,,,,,,,,,,,,,,,,,,,,,,,,,,,,,,,,,,,,,,,,,,,,,,,,,,,,,,,,,,,,,,,,,,,,,,,,,,,,,,,,,,,,,,,,,,,,,,,,,,,,,,,,,,,,,,,,,,,,,,,,,,,,,,,,,,,,,,,,,,,,,,,,,,,,,,,,,,,,,,,,,,,,,,,,,,,,,,,,,,,,,,,,,,,,,,,,,,,,,,,,,,,,,,,,,,,,,,,,,,,,,,,,,,,,,,,,,,,,,,,,,,,,,,,,,,,,,,,,,,,,,,,,,,,,,,,,,,,,,,,,,,,,,,,,,,,,,,,,,,,,,,,,,,,,,,,,,,,,,,,,,,,,,,,,,,,,,,,,,,,,,,,,,,,,,,,,,,,,,,,,,,,,,,,,,,,,,,,,,,,,,,,,,,,,,,,,,,,,,,,,,,,,,,,,,,,,,,,,,,,,,,,,,,,,,,,,,,,,,,,,,,,,,,,,,,,,,,,,,,,,,,,,,,,,,,,,,,,,,,,,,,,,,,,,,,,,,,,,,,,,,,,,,,,,,,,,,,,,,,,,,,,,,,,,,,,,,,,,,,,,,,,,,,,,,,,,,,,,,,,,,,,,,,,,,,,,,,,,,,,,,,,,,,,,,,,,,,,,,,,,,,,,,,,,,,,,,,,,,,,,,,,,,,,,,,,,,,,,,,,,,,,,,,,,,,,,,,,,,,,,,,,,,,,,,,,,,,,,,,,,,,,,,,,,,,,,,,,,,,,,,,,,,,,,,,,,,,,,,,,,,,,,,,,,,,,,,,,,,,,,,,,,,,,,,,,,,,,,,,,,,,,,,,,,,,,,,,,,,,,,,,,,,,,,,,,,,,,,,,,,,,,,,,,,,,,,,,,,,,,,,,,,,,,,,,,,,,,,,,,,,,,,,,,,,,,,,,,,,,,,,,,,,,,,,,,,,,,,,,,,,,,,,,,,,,,,,,,,,,,,,,,,,,,,,,,,,,,,,,,,,,,,,,,,,,,,,,,,,,,,,,,,,,,,,,,,,,,,,,,,,,,,,,,,,,,,,,,,,,,,,,,,,,,,,,,,,,,,,,,,,,,,,,,,,,,,,,,,,,,,,,,,,,,,,,,,,,,,,,,,,,,,,,,,,,,,,,,,,,,,,,,,,,,,,,,,,,,,,,,,,,,,,,,,,,,,,,,,,,,,,,,,,,,,,,,,,,,,,,,,,,,,,,,,,,,,,,,,,,,,,,,,,,,,,,,,,,,,,,,,,,,,,,,,,,,,,,,,,,,,,,,,,,,,,,,,,,,,,,,,,,,,,,,,,,,,,,,,,,,,,,,,,,,,,,,,,,,,,,,,,,,,,,,,,,,,,,,,,,,,,,,,,,,,,,,,,,,,,,,,,,,,,,,,,,,,,,,,,,,,,,,,,,,,,,,,,,,,,,,,,,,,,,,,,,,,,,,,,,,,,,,,,,,,,,,,,,,,,,,,,,,,,,,,,,,,,,,,,,,,,,,,,,,,,,,,,,,,,,,,,,,,,,,,,,,,,,,,,,,,,,,,,,,,,,,,,,,,,,,,,,,,,,,,,,,,,,,,,,,,,,,,,,,,,,,,,,,,,,,,,,,,,,,,,,,,,,,,,,,,,,,,,,,,,,,,,,,,,,,,,,,,,,,,,,,,,,,,,,,,,,,,,,,,,,,,,,,,,,,,,,,,,,,,,,,,,,,,,,,,,,,,,,,,,,,,,,,,,,,,,,,,,,,,,,,,,,,,,,,,,,,,,,,,,,,,,,,,,,,,,,,,,,,,,,,,,,,,,,,,,,,,,,,,,,,,,,,,,,,,,,,,,,,,,,,,,,,,,,,,,,,,,,,,,,,,,,,,,,,,,,,,,,,,,,,,,,,,,,,,,,,,,,,,,,,,,,,,,,,,,,,,,,,,,,,,,,,,,,,,,,,,,,,,,,,,,,,,,,,,,,,,,,,,,,,,
,,,,,,,,,,,,,,,,,,,,,,,,,,,,,,,,,,,,,,,,,,,,,,,,,,,,,,,,,,,,,,,,,,,,,,,,,,,,,,,,,,,,,,,,,,,,,,,,,,,,,,,,,,,,,,,,,,,,,,,,,,,,,,,,,,,,,,,,,,,,,,,,,,,,,,,,,,,,,,,,,,,,,,,,,,,,,,,,,,,,,,,,,,,,,,,,,,,,,,,,,,,,,,,,,,,,,,,,,,,,,,,,,,,,,,,,,,,,,,,,,,,,,,,,,,,,,,,,,,,,,,,,,,,,,,,,,,,,,,,,,,,,,,,,,,,,,,,,,,,,,,,,,,,,,,,,,,,,,,,,,,,,,,,,,,,,,,,,,,,,,,,,,,,,,,,,,,,,,,,,,,,,,,,,,,,,,,,,,,,,,,,,,,,,,,,,,,,,,,,,,,,,,,,,,,,,,,,,,,,,,,,,,,,,,,,,,,,,,,,,,,,,,,,,,,,,,,,,,,,,,,,,,,,,,,,,,,,,,,,,,,,,,,,,,,,,,,,,,,,,,,,,,,,,,,,,,,,,,,,,,,,,,,,,,,,,,,,,,,,,,,,,,,,,,,,,,,,,,,,,,,,,,,,,,,,,,,,,,,,,,,,,,,,,,,,,,,,,,,,,,,,,,,,,,,,,,,,,,,,,,,,,,,,,,,,,,,,,,,,,,,,,,,,,,,,,,,,,,,,,,,,,,,,,,,,,,,,,,,,,,,,,,,,,,,,,,,,,,,,,,,,,,,,,,,,,,,,,,,,,,,,,,,,,,,,,,,,,,,,,,,,,,,,,,,,,,,,,,,,,,,,,,,,,,,,,,,,,,,,,,,,,,,,,,,,,,,,,,,,,,,,,,,,,,,,,,,,,,,,,,,,,,,,,,,,,,,,,,,,,,,,,,,,,,,,,,,,,,,,,,,,,,,,,,,,,,,,,,,,,,,,,,,,,,,,,,,,,,,,,,,,,,,,,,,,,,,,,,,,,,,,,,,,,,,,,,,,,,,,,,,,,,,,,,,,,,,,,,,,,,,,,,,,,,,,,,,,,,,,,,,,,,,,,,,,,,,,,,,,,,,,,,,,,,,,,,,,,,,,,,,,,,,,,,,,,,,,,,,,,,,,,,,,,,,,,,,,,,,,,,,,,,,,,,,,,,,,,,,,,,,,,,,,,,,,,,,,,,,,,,,,,,,,,,,,,,,,,,,,,,,,,,,,,,,,,,,,,,,,,,,,,,,,,,,,,,,,,,,,,,,,,,,,,,,,,,,,,,,,,,,,,,,,,,,,,,,,,,,,,,,,,,,,,,,,,,,,,,,,,,,,,,,,,,,,,,,,,,,,,,,,,,,,,,,,,,,,,,,,,,,,,,,,,,,,,,,,,,,,,,,,,,,,,,,,,,,,,,,,,,,,,,,,,,,,,,,,,,,,,,,,,,,,,,,,,,,,,,,,,,,,,,,,,,,,,,,,,,,,,,,,,,,,,,,,,,,,,,,,,,,,,,,,,,,,,,,,,,,,,,,,,,,,,,,,,,,,,,,,,,,,,,,,,,,,,,,,,,,,,,,,,,,,,,,,,,,,,,,,,,,,,,,,,,,,,,,,,,,,,,,,,,,,,,,,,,,,,,,,,,,,,,,,,,,,,,,,,,,,,,,,,,,,,,,,,,,,,,,,,,,,,,,,,,,,,,,,,,,,,,,,,,,,,,,,,,,,,,,,,,,,,,,,,,,,,,,,,,,,,,,,,,,,,,,,,,,,,,,,,,,,,,,,,,,,,,,,,,,,,,,,,,,,,,,,,,,,,,,,,,,,,,,,,,,,,,,,,,,,,,,,,,,,,,,,,,,,,,,,,,,,,,,,,,,,,,,,,,,,,,,,,,,,,,,,,,,,,,,,,,,,,,,,,,,,,,,,,,,,,,,,,,,,,,,,,,,,,,,,,,,,,,,,,,,,,,,,,,,,,,,,,,,,,,,,,,,,,,,,,,,,,,,,,,,,,,,,,,,,,,,,,,,,,,,,,,,,,,,,,,,,,,,,,,,,,,,,,,,,,,,,,,,,,,,,,,,,,,,,,,,,,,,,,,,,,,,,,,,,,,,,,,,,,,,,,,,,,,,,,,,,,,,,,,,,,,,,,,,,,,,,,,,,,,,,,,,,,,,,,,,,,,,,,,,,,,,,,,,,,,,,,,,,,,,,,,,,,,,,,,,,,,,,,,,,,,,,,,,,,,,,,,,,
,,,,,,,,,,,,,,,,,,,,,,,,,,,,,,,,,,,,,,,,,,,,,,,,,,,,,,,,,,,,,,,,,,,,,,,,,,,,,,,,,,,,,,,,,,,,,,,,,,,,,,,,,,,,,,,,,,,,,,,,,,,,,,,,,,,,,,,,,,,,,,,,,,,,,,,,,,,,,,,,,,,,,,,,,,,,,,,,,,,,,,,,,,,,,,,,,,,,,,,,,,,,,,,,,,,,,,,,,,,,,,,,,,,,,,,,,,,,,,,,,,,,,,,,,,,,,,,,,,,,,,,,,,,,,,,,,,,,,,,,,,,,,,,,,,,,,,,,,,,,,,,,,,,,,,,,,,,,,,,,,,,,,,,,,,,,,,,,,,,,,,,,,,,,,,,,,,,,,,,,,,,,,,,,,,,,,,,,,,,,,,,,,,,,,,,,,,,,,,,,,,,,,,,,,,,,,,,,,,,,,,,,,,,,,,,,,,,,,,,,,,,,,,,,,,,,,,,,,,,,,,,,,,,,,,,,,,,,,,,,,,,,,,,,,,,,,,,,,,,,,,,,,,,,,,,,,,,,,,,,,,,,,,,,,,,,,,,,,,,,,,,,,,,,,,,,,,,,,,,,,,,,,,,,,,,,,,,,,,,,,,,,,,,,,,,,,,,,,,,,,,,,,,,,,,,,,,,,,,,,,,,,,,,,,,,,,,,,,,,,,,,,,,,,,,,,,,,,,,,,,,,,,,,,,,,,,,,,,,,,,,,,,,,,,,,,,,,,,,,,,,,,,,,,,,,,,,,,,,,,,,,,,,,,,,,,,,,,,,,,,,,,,,,,,,,,,,,,,,,,,,,,,,,,,,,,,,,,,,,,,,,,,,,,,,,,,,,,,,,,,,,,,,,,,,,,,,,,,,,,,,,,,,,,,,,,,,,,,,,,,,,,,,,,,,,,,,,,,,,,,,,,,,,,,,,,,,,,,,,,,,,,,,,,,,,,,,,,,,,,,,,,,,,,,,,,,,,,,,,,,,,,,,,,,,,,,,,,,,,,,,,,,,,,,,,,,,,,,,,,,,,,,,,,,,,,,,,,,,,,,,,,,,,,,,,,,,,,,,,,,,,,,,,,,,,,,,,,,,,,,,,,,,,,,,,,,,,,,,,,,,,,,,,,,,,,,,,,,,,,,,,,,,,,,,,,,,,,,,,,,,,,,,,,,,,,,,,,,,,,,,,,,,,,,,,,,,,,,,,,,,,,,,,,,,,,,,,,,,,,,,,,,,,,,,,,,,,,,,,,,,,,,,,,,,,,,,,,,,,,,,,,,,,,,,,,,,,,,,,,,,,,,,,,,,,,,,,,,,,,,,,,,,,,,,,,,,,,,,,,,,,,,,,,,,,,,,,,,,,,,,,,,,,,,,,,,,,,,,,,,,,,,,,,,,,,,,,,,,,,,,,,,,,,,,,,,,,,,,,,,,,,,,,,,,,,,,,,,,,,,,,,,,,,,,,,,,,,,,,,,,,,,,,,,,,,,,,,,,,,,,,,,,,,,,,,,,,,,,,,,,,,,,,,,,,,,,,,,,,,,,,,,,,,,,,,,,,,,,,,,,,,,,,,,,,,,,,,,,,,,,,,,,,,,,,,,,,,,,,,,,,,,,,,,,,,,,,,,,,,,,,,,,,,,,,,,,,,,,,,,,,,,,,,,,,,,,,,,,,,,,,,,,,,,,,,,,,,,,,,,,,,,,,,,,,,,,,,,,,,,,,,,,,,,,,,,,,,,,,,,,,,,,,,,,,,,,,,,,,,,,,,,,,,,,,,,,,,,,,,,,,,,,,,,,,,,,,,,,,,,,,,,,,,,,,,,,,,,,,,,,,,,,,,,,,,,,,,,,,,,,,,,,,,,,,,,,,,,,,,,,,,,,,,,,,,,,,,,,,,,,,,,,,,,,,,,,,,,,,,,,,,,,,,,,,,,,,,,,,,,,,,,,,,,,,,,,,,,,,,,,,,,,,,,,,,,,,,,,,,,,,,,,,,,,,,,,,,,,,,,,,,,,,,,,,,,,,,,,,,,,,,,,,,,,,,,,,,,,,,,,,,,,,,,,,,,,,,,,,,,,,,,,,,,,,,,,,,,,,,,,,,,,,,,,,,,,,,,,,,,,,,,,,,,,,,,,,,,,,,,,,,,,,,,,,,,,,,,,,,,,,,,,,,,,,,,,,,,,,,,,,,,,,,,,,,,,,,,,,,,,,,,,,,,,,,,,,,,,,,,,,,,,,
3583,3414,2587,2281,2464,2345,2298,2270,2282,2270,2298,2345,2464,2281,2587,3414,3844,3625,2575,2296,2389,2279,2290,2334,2243,2198,2300,2294,2409,2279,2568,3617,4057,3830,2726,2458,2321,2261,2375,2258,2190,2147,2220,2312,2286,2516,2713,3835,4239,4017,2875,2525,2279,2278,2310,2315,2219,2316,2367,2337,2256,2544,2897,4018,4067,3847,2758,2381,2237,2298,2108,2216,2262,2319,2283,2227,2172,2367,2741,3844,3743,3522,2524,2307,2188,2272,2255,2237,2183,2229,2264,2238,2246,2276,2483,3520,3424,3209,2395,2283,2262,2285,2219,2345,2278,2190,2184,2238,2245,2221,2307,3197,3059,2868,2340,2284,2333,2296,2240,2242,2284,2203,2351,2316,2220,2285,2245,2816,2802,2562,2314,2267,2313,2252,2323,2355,2373,2261,2421,2344,2343,2269,2303,2622,2909,2704,2443,2352,2256,2342,2527,2499,2454,2665,2734,2514,2453,2455,2376,2671,3716,3581,3327,3187,3227,3180,3431,3398,3500,3457,3493,3225,3267,3178,3209,3533,4109,4087,3944,3771,3828,3622,3985,4004,3990,4136,4181,3949,3952,3853,3801,3997,4360,4234,4080,4044,4063,3964,4158,4063,4176,4339,4385,4184,4187,4016,3988,4075,4490,4366,4040,3961,3911,3934,3996,4148,4087,4228,4260,4073,4068,3915,3868,4310,4756,4505,3652,3685,3493,3703,3792,3957,3906,3889,3887,3678,3613,3608,3660,4548,4704,4470,3332,3297,3185,3284,3431,3569,3465,3408,3468,3295,3057,3262,3476,4490,4348,4114,3077,3081,3022,2983,3133,3284,3310,3230,3151,2968,2771,2948,3200,4131,4396,4155,3274,3347,3217,3190,3168,3427,3599,3531,3305,3065,3135,3082,3357,4166,4408,4173,3269,3425,3234,3159,3214,3549,3642,3528,3284,3219,3130,3157,3353,4184,4244,4049,3207,3243,3223,3244,3070,3754,3824,3375,3272,3097,3102,3052,3169,3992,4622,4412,3412,3560,3559,3503,3262,3925,3933,3601,3627,3221,3390,3221,3312,4398,4695,4480,3441,3510,3397,3425,3306,3843,3904,3787,3627,3220,3410,3307,3555,4475,4482,4261,3214,3214,3150,3235,3069,3534,3728,3641,3350,3155,3228,3204,3454,4267,4020,3799,3040,2936,2838,2924,2882,3086,3238,3237,3056,2952,3031,3107,3159,3816,3678,3475,2943,2804,2839,2773,2790,3006,3163,3176,3028,2922,2991,3053,2978,3462,3750,3546,2926,2754,2777,2640,2876,3094,3282,3263,3018,2859,2977,3004,2943,3548,3777,3529,2788,2600,2625,2657,2637,3005,3146,3070,2814,2695,2777,2734,2865,3573,3555,3327,2648,2575,2652,2613,2607,2925,2954,2803,2714,2561,2689,2660,2809,3375,3396,3178,2733,2615,2679,2702,2791,2884,3006,2854,2793,2716,2819,2743,2805,3242,3541,3313,2703,2571,2656,2708,2756,2697,2874,2775,2670,2548,2728,2684,2850,3341,3464,3235,2557,2514,2555,2531,2564,2548,2648,2483,2423,2405,2426,2468,2659,3262,3281,3056,2385,2446,2498,2317,2477,2586,2665,2556,2306,2263,2342,2310,2446,3086,3021,2916,2489,2382,2327,2385,2370,2644,2730,2692,2495,2412,2412,2330,2377,2859,3007,2867,2456,2410,2387,2413,2413,2637,2722,2672,2528,2534,2443,2373,2361,2790,2958,2806,2391,2376,2388,2447,2407,2582,2643,2530,2441,2428,2358,2306,2381,2811,3007,2791,2304,2352,2375,2424,2374,2627,2665,2431,2299,2281,2385,2385,2306,2802,2971,2750,2304,2408,2288,2282,2421,2597,2626,2386,2320,2366,2410,2437,2364,2752,2904,2706,2419,2466,2479,2424,2364,2549,2459,2436,2468,2323,2342,2390,2408,2659,2827,2658,2419,2438,2367,2416,2407,2362,2388,2372,2454,2274,2266,2287,2441,2614,2865,2694,2371,2399,2319,2357,2378,2462,2486,2408,2296,2289,2334,2246,2277,2640,2813,2655,2324,2396,2339,2330,2360,2440,2458,2478,2377,2310,2209,2353,2291,2647,2825,2666,2370,2422,2416,2430,2378,2398,2567,2596,2467,2347,2297,2421,2481,2685,2923,2737,2420,2320,2364,2385,2406,2444,2643,2644,2508,2311,2360,2401,2458,2767,3013,2830,2419,2269,2167,2401,2410,2347,2458,2566,2497,2353,2358,2429,2341,2776,2927,2802,2454,2283,2393,2380,2325,2452,2479,2556,2607,2456,2381,2439,2407,2723,2898,2684,2415,2411,2464,2449,2374,2572,2529,2552,2568,2475,2465,2344,2394,2739,2838,2724,2334,2328,2386,2376,2298,2430,2425,2431,2421,2335,2362,2323,2391,2652,2832,2652,2349,2232,2361,2383,2301,2324,2396,2347,2285,2306,2299,2275,2364,2669,2832,2699,2379,2380,2433,2405,2357,2477,2579,2462,2354,2374,2323,2338,2319,2640,3011,2802,2277,2367,2430,2373,2405,2540,2667,2596,2331,2347,2291,2327,2312,2771,3591,3371,2468,2382,2443,2362,2325,2576,2665,2583,2297,2352,2355,2414,2338,3371,4194,3972,2840,2443,2470,2320,2343,2436,2618,2557,2395,2424,2394,2476,2849,3970,4349,4126,2988,2634,2603,2440,2333,2476,2664,2600,2365,2406,2507,2592,3005,4126,4141,3920,2782,2420,2510,2454,2313,2450,2611,2516,2277,2371,2438,2441,2809,3919,3474,3249,2412,2293,2404,2412,2305,2400,2555,2449,2358,2304,2272,2306,2306,3253,3044,2798,2354,2311,2359,2360,2314,2294,2376,2426,2350,2294,2184,2358,2314,2831,2774,2542,2335,2342,2269,2237,2221,2313,2253,2344,2253,2242,2157,2308,2253,2631,2707,2515,2338,2272,2314,2304,2341,2315,2313,2326,2284,2250,2278,2266,2207,2517,2678,2609,2261,2358,2310,2318,2346,2339,2362,2373,2243,2330,2323,2255,2363,2532,2999,2791,2442,2272,2329,2337,2327,2370,2550,2551,2410,2438,2397,2395,2495,2750,3338,3121,2446,2336,2304,2333,2346,2376,2575,2537,2514,2402,2350,2368,2528,3114,4055,3833,2686,2428,2369,2487,2557,2495,2606,2507,2381,2442,2398,2547,2774,3836,4550,4327,3231,2847,2705,2775,2752,2875,2904,2611,2504,2701,2753,2872,3223,4328,4673,4453,3369,3024,2963,2936,2897,3298,3340,3080,2846,2944,2952,3051,3326,4451,4502,4276,3269,3009,3051,2943,2991,3408,3487,3174,2936,2954,2882,2965,3197,4282,4017,3817,2978,2815,2892,2691,2727,3213,3325,2988,2789,2609,2717,2766,2846,3782,3802,3556,2706,2534,2618,2505,2505,2835,2985,2725,2520,2447,2448,2442,2369,3584,3579,3376,2536,2468,2621,2445,2375,2678,2814,2552,2371,2393,2456,2380,2417,3348,3495,3285,2542,2481,2482,2384,2331,2612,2768,2658,2457,2467,2574,2519,2479,3270,3383,3155,2515,2451,2393,2323,2374,2551,2715,2579,2364,2483,2558,2466,2422,3167,3172,2954,2402,2444,2412,2391,2328,2427,2611,2521,2306,2425,2449,2361,2442,2968,3111,2863,2389,2375,2365,2325,2403,2455,2539,2511,2294,2263,2239,2250,2313,2898,3030,2834,2426,2360,2454,2407,2552,2579,2583,2503,2369,2371,2366,2367,2390,2782,3081,2882,2502,2354,2519,2493,2703,2681,2525,2367,2305,2396,2493,2497,2457,2882,3141,2938,2493,2433,2463,2446,2625,2564,2502,2357,2304,2358,2456,2577,2604,2964,3136,2882,2425,2422,2412,2404,2522,2643,2526,2420,2407,2391,2394,2594,2622,2905,3394,3179,2519,2478,2454,2447,2377,2526,2525,2542,2545,2482,2439,2464,2464,3116,3561,3333,2468,2545,2404,2443,2373,2377,2481,2530,2454,2457,2422,2446,2405,3333,3530,3305,2468,2437,2287,2283,2228,2327,2362,2338,2268,2330,2370,2479,2350,3297,3330,3101,2610,2500,2433,2393,2330,2309,2464,2424,2403,2326,2395,2379,2396,3114,3495,3285,3086,2912,2608,2605,2724,2713,2768,2838,2889,2669,2585,2550,2625,3287,3610,3408,3179,3006,2686,2750,2818,2792,2858,3026,3072,2871,2740,2672,2603,3394,3480,3260,2975,2759,2692,2691,2727,2691,2871,2952,3016,2839,2705,2567,2639,3271,3322,3101,2794,2708,2570,2611,2752,2742,2893,2854,2814,2771,2649,2455,2639,3107,3293,3059,2603,2535,2442,2534,2650,2669,2709,2636,2596,2627,2568,2493,2436,3079,3302,3013,2648,2543,2406,2408,2515,2570,2726,2760,2632,2539,2554,2510,2538,3096,3269,3027,2682,2455,2397,2386,2511,2552,2667,2679,2587,2501,2539,2431,2564,3060,3132,2980,2486,2316,2335,2332,2309,2451,2440,2456,2431,2281,2379,2297,2425,2884,3332,3128,2369,2359,2340,2384,2381,2578,2621,2478,2369,2340,2285,2226,2412,3106,3538,3330,2475,2304,2354,2405,2506,2879,2942,2570,2473,2379,2248,2322,2480,3317,3625,3413,2464,2382,2342,2426,2620,2967,3000,2663,2474,2405,2382,2381,2535,3396,3449,3237,2505,2477,2248,2283,2491,2716,2788,2654,2456,2403,2261,2224,2480,3226,3124,2954,2489,2374,2372,2295,2422,2574,2727,2554,2286,2366,2342,2359,2402,2900,3301,3108,2466,2458,2502,2449,2559,2554,2991,2945,2442,2419,2297,2408,2368,3058,3401,3215,2527,2495,2524,2492,2572,2532,2962,2951,2470,2472,2392,2400,2357,3161,3246,3034,2347,2338,2306,2350,2371,2393,2646,2621,2267,2370,2311,2460,2358,3015,2989,2839,2282,2320,2213,2301,2347,2485,2627,2652,2362,2324,2306,2386,2332,2805,3300,3072,2402,2334,2297,2368,2301,2599,2798,2734,2463,2302,2347,2461,2406,3083,3226,3005,2303,2338,2385,2405,2318,2657,2800,2634,2431,2286,2368,2455,2456,3017,3094,2878,2278,2332,2315,2321,2344,2514,2632,2397,2391,2215,2339,2390,2330,2859,2903,2708,2267,2292,2309,2313,2322,2426,2457,2310,2338,2269,2293,2263,2348,2687,2875,2649,2258,2150,2236,2307,2197,2258,2241,2204,2323,2316,2310,2092,2319,2632,3196,2966,2310,2203,2303,2284,2241,2226,2252,2278,2275,2293,2217,2236,2267,2971,3269,3054,2376,2304,2334,2359,2326,2317,2342,2297,2277,2257,2275,2290,2284,3036,2935,2744,2300,2260,2323,2317,2194,2328,2345,2300,2279,2274,2273,2368,2396,2693,3692,3473,2415,2293,2376,2256,2207,2243,2358,2271,2313,2227,2295,2398,2481,3467,4107,3886,2810,2428,2425,2434,2324,2415,2572,2406,2257,2243,2413,2342,2803,3883,4104,3886,2837,2450,2431,2465,2459,2647,2720,2612,2468,2475,2458,2454,2743,3880,3648,3450,2553,2520,2437,2380,2483,2564,2611,2596,2484,2471,2404,2323,2429,3408,3826,3601,2441,2422,2310,2354,2307,2429,2474,2390,2406,2342,2317,2428,2437,3597,3882,3658,2501,2395,2245,2361,2321,2413,2460,2325,2295,2254,2216,2403,2520,3655,3731,3503,2555,2364,2364,2362,2342,2354,2454,2412,2318,2361,2270,2336,2508,3508,3555,3327,2542,2378,2376,2316,2227,2334,2504,2409,2264,2338,2297,2344,2401,3339,3303,3075,2366,2341,2357,2212,2289,2358,2466,2396,2292,2354,2360,2373,2394,3096,3232,3019,2193,2289,2226,2370,2320,2265,2349,2372,2304,2232,2307,2341,2294,2994,3045,2834,2164,2272,2199,2405,2377,2277,2268,2280,2254,2203,2232,2312,2285,2823,2866,2643,2188,2271,2236,2249,2273,2313,2278,2303,2246,2163,2186,2301,2253,2689,2855,2594,2199,2273,2269,2122,2135,2215,2242,2204,2209,2136,2175,2303,2321,2710,2906,2700,2277,2284,2269,2223,2163,2171,2228,2190,2151,2221,2312,2255,2271,2620,2997,2789,2220,2251,2264,2236,2163,2088,2178,2237,2218,2186,2328,2290,2298,2758,3046,2825,2214,2293,2315,2237,2258,2255,2370,2297,2101,2115,2189,2198,2210,2812,3311,3087,2131,2304,2161,2202,2219,2253,2361,2293,2140,2085,2079,2052,2148,3078,3331,3108,2171,2128,2153,2136,2134,2028,2285,2209,2141,2082,2143,2158,2158,3096,3263,3045,2117,2026,2107,2134,2141,2097,2073,2095,2083,2168,2129,2098,2087,3032,3386,3167,2140,2088,2100,2093,2097,2011,2000,2034,2053,2169,2085,2104,1986,3157,3290,3055,2107,2037,2032,2027,1994,1994,2004,2011,2073,2104,2010,2081,2121,3074,3078,2834,2081,2043,1967,1929,2059,2002,2122,2078,2034,1996,2035,1927,2014,2869,2860,2649,2142,1954,1894,1972,2063,2256,2338,2248,2119,2096,2145,2094,2065,2707
,,,,,,,,,,,,,,,,,,,,,,,,,,,,,,,,,,,,,,,,,,,,,,,,,,,,,,,,,,,,,,,,,,,,,,,,,,,,,,,,,,,,,,,,,,,,,,,,,,,,,,,,,,,,,,,,,,,,,,,,,,,,,,,,,,,,,,,,,,,,,,,,,,,,,,,,,,,,,,,,,,,,,,,,,,,,,,,,,,,,,,,,,,,,,,,,,,,,,,,,,,,,,,,,,,,,,,,,,,,,,,,,,,,,,,,,,,,,,,,,,,,,,,,,,,,,,,,,,,,,,,,,,,,,,,,,,,,,,,,,,,,,,,,,,,,,,,,,,,,,,,,,,,,,,,,,,,,,,,,,,,,,,,,,,,,,,,,,,,,,,,,,,,,,,,,,,,,,,,,,,,,,,,,,,,,,,,,,,,,,,,,,,,,,,,,,,,,,,,,,,,,,,,,,,,,,,,,,,,,,,,,,,,,,,,,,,,,,,,,,,,,,,,,,,,,,,,,,,,,,,,,,,,,,,,,,,,,,,,,,,,,,,,,,,,,,,,,,,,,,,,,,,,,,,,,,,,,,,,,,,,,,,,,,,,,,,,,,,,,,,,,,,,,,,,,,,,,,,,,,,,,,,,,,,,,,,,,,,,,,,,,,,,,,,,,,,,,,,,,,,,,,,,,,,,,,,,,,,,,,,,,,,,,,,,,,,,,,,,,,,,,,,,,,,,,,,,,,,,,,,,,,,,,,,,,,,,,,,,,,,,,,,,,,,,,,,,,,,,,,,,,,,,,,,,,,,,,,,,,,,,,,,,,,,,,,,,,,,,,,,,,,,,,,,,,,,,,,,,,,,,,,,,,,,,,,,,,,,,,,,,,,,,,,,,,,,,,,,,,,,,,,,,,,,,,,,,,,,,,,,,,,,,,,,,,,,,,,,,,,,,,,,,,,,,,,,,,,,,,,,,,,,,,,,,,,,,,,,,,,,,,,,,,,,,,,,,,,,,,,,,,,,,,,,,,,,,,,,,,,,,,,,,,,,,,,,,,,,,,,,,,,,,,,,,,,,,,,,,,,,,,,,,,,,,,,,,,,,,,,,,,,,,,,,,,,,,,,,,,,,,,,,,,,,,,,,,,,,,,,,,,,,,,,,,,,,,,,,,,,,,,,,,,,,,,,,,,,,,,,,,,,,,,,,,,,,,,,,,,,,,,,,,,,,,,,,,,,,,,,,,,,,,,,,,,,,,,,,,,,,,,,,,,,,,,,,,,,,,,,,,,,,,,,,,,,,,,,,,,,,,,,,,,,,,,,,,,,,,,,,,,,,,,,,,,,,,,,,,,,,,,,,,,,,,,,,,,,,,,,,,,,,,,,,,,,,,,,,,,,,,,,,,,,,,,,,,,,,,,,,,,,,,,,,,,,,,,,,,,,,,,,,,,,,,,,,,,,,,,,,,,,,,,,,,,,,,,,,,,,,,,,,,,,,,,,,,,,,,,,,,,,,,,,,,,,,,,,,,,,,,,,,,,,,,,,,,,,,,,,,,,,,,,,,,,,,,,,,,,,,,,,,,,,,,,,,,,,,,,,,,,,,,,,,,,,,,,,,,,,,,,,,,,,,,,,,,,,,,,,,,,,,,,,,,,,,,,,,,,,,,,,,,,,,,,,,,,,,,,,,,,,,,,,,,,,,,,,,,,,,,,,,,,,,,,,,,,,,,,,,,,,,,,,,,,,,,,,,,,,,,,,,,,,,,,,,,,,,,,,,,,,,,,,,,,,,,,,,,,,,,,,,,,,,,,,,,,,,,,,,,,,,,,,,,,,,,,,,,,,,,,,,,,,,,,,,,,,,,,,,,,,,,,,,,,,,,,,,,,,,,,,,,,,,,,,,,,,,,,,,,,,,,,,,,,,,,,,,,,,,,,,,,,,,,,,,,,,,,,,,,,,,,,,,,,,,,,,,,,,,,,,,,,,,,,,,,,,,,,,,,,,,,,,,,,,,,,,,,,,,,,,,,,,,,,,,,,,,,,,,,,,,,,,,,,,,,,,,,,,,,,,,,,,,,,,,,,,,,,,,,,,,,,,,,,,,,,,,,,,,,,,,,,,,,,,,,,,,,,,,,,,,,,,,,,,,,,,,,,,,,,,,,,,,,,,,,,,,,,,,,,,,,,,,,,,,,,,,,,,,,,,,,,,,,,,,,,,,,,,,,,,,,,,,,,,,,,,,,,,,,,,,,,,,,,,,,,,,,,,,,,,,,,,,,,,,,,,,,,,,,,,,,,
,,,,,,,,,,,,,,,,,,,,,,,,,,,,,,,,,,,,,,,,,,,,,,,,,,,,,,,,,,,,,,,,,,,,,,,,,,,,,,,,,,,,,,,,,,,,,,,,,,,,,,,,,,,,,,,,,,,,,,,,,,,,,,,,,,,,,,,,,,,,,,,,,,,,,,,,,,,,,,,,,,,,,,,,,,,,,,,,,,,,,,,,,,,,,,,,,,,,,,,,,,,,,,,,,,,,,,,,,,,,,,,,,,,,,,,,,,,,,,,,,,,,,,,,,,,,,,,,,,,,,,,,,,,,,,,,,,,,,,,,,,,,,,,,,,,,,,,,,,,,,,,,,,,,,,,,,,,,,,,,,,,,,,,,,,,,,,,,,,,,,,,,,,,,,,,,,,,,,,,,,,,,,,,,,,,,,,,,,,,,,,,,,,,,,,,,,,,,,,,,,,,,,,,,,,,,,,,,,,,,,,,,,,,,,,,,,,,,,,,,,,,,,,,,,,,,,,,,,,,,,,,,,,,,,,,,,,,,,,,,,,,,,,,,,,,,,,,,,,,,,,,,,,,,,,,,,,,,,,,,,,,,,,,,,,,,,,,,,,,,,,,,,,,,,,,,,,,,,,,,,,,,,,,,,,,,,,,,,,,,,,,,,,,,,,,,,,,,,,,,,,,,,,,,,,,,,,,,,,,,,,,,,,,,,,,,,,,,,,,,,,,,,,,,,,,,,,,,,,,,,,,,,,,,,,,,,,,,,,,,,,,,,,,,,,,,,,,,,,,,,,,,,,,,,,,,,,,,,,,,,,,,,,,,,,,,,,,,,,,,,,,,,,,,,,,,,,,,,,,,,,,,,,,,,,,,,,,,,,,,,,,,,,,,,,,,,,,,,,,,,,,,,,,,,,,,,,,,,,,,,,,,,,,,,,,,,,,,,,,,,,,,,,,,,,,,,,,,,,,,,,,,,,,,,,,,,,,,,,,,,,,,,,,,,,,,,,,,,,,,,,,,,,,,,,,,,,,,,,,,,,,,,,,,,,,,,,,,,,,,,,,,,,,,,,,,,,,,,,,,,,,,,,,,,,,,,,,,,,,,,,,,,,,,,,,,,,,,,,,,,,,,,,,,,,,,,,,,,,,,,,,,,,,,,,,,,,,,,,,,,,,,,,,,,,,,,,,,,,,,,,,,,,,,,,,,,,,,,,,,,,,,,,,,,,,,,,,,,,,,,,,,,,,,,,,,,,,,,,,,,,,,,,,,,,,,,,,,,,,,,,,,,,,,,,,,,,,,,,,,,,,,,,,,,,,,,,,,,,,,,,,,,,,,,,,,,,,,,,,,,,,,,,,,,,,,,,,,,,,,,,,,,,,,,,,,,,,,,,,,,,,,,,,,,,,,,,,,,,,,,,,,,,,,,,,,,,,,,,,,,,,,,,,,,,,,,,,,,,,,,,,,,,,,,,,,,,,,,,,,,,,,,,,,,,,,,,,,,,,,,,,,,,,,,,,,,,,,,,,,,,,,,,,,,,,,,,,,,,,,,,,,,,,,,,,,,,,,,,,,,,,,,,,,,,,,,,,,,,,,,,,,,,,,,,,,,,,,,,,,,,,,,,,,,,,,,,,,,,,,,,,,,,,,,,,,,,,,,,,,,,,,,,,,,,,,,,,,,,,,,,,,,,,,,,,,,,,,,,,,,,,,,,,,,,,,,,,,,,,,,,,,,,,,,,,,,,,,,,,,,,,,,,,,,,,,,,,,,,,,,,,,,,,,,,,,,,,,,,,,,,,,,,,,,,,,,,,,,,,,,,,,,,,,,,,,,,,,,,,,,,,,,,,,,,,,,,,,,,,,,,,,,,,,,,,,,,,,,,,,,,,,,,,,,,,,,,,,,,,,,,,,,,,,,,,,,,,,,,,,,,,,,,,,,,,,,,,,,,,,,,,,,,,,,,,,,,,,,,,,,,,,,,,,,,,,,,,,,,,,,,,,,,,,,,,,,,,,,,,,,,,,,,,,,,,,,,,,,,,,,,,,,,,,,,,,,,,,,,,,,,,,,,,,,,,,,,,,,,,,,,,,,,,,,,,,,,,,,,,,,,,,,,,,,,,,,,,,,,,,,,,,,,,,,,,,,,,,,,,,,,,,,,,,,,,,,,,,,,,,,,,,,,,,,,,,,,,,,,,,,,,,,,,,,,,,,,,,,,,,,,,,,,,,,,,,,,,,,,,,,,,,,,,,,,,,,,,,,,,,,,,,,,,,,,,,,,,,,,,,,,,,,,,
,,,,,,,,,,,,,,,,,,,,,,,,,,,,,,,,,,,,,,,,,,,,,,,,,,,,,,,,,,,,,,,,,,,,,,,,,,,,,,,,,,,,,,,,,,,,,,,,,,,,,,,,,,,,,,,,,,,,,,,,,,,,,,,,,,,,,,,,,,,,,,,,,,,,,,,,,,,,,,,,,,,,,,,,,,,,,,,,,,,,,,,,,,,,,,,,,,,,,,,,,,,,,,,,,,,,,,,,,,,,,,,,,,,,,,,,,,,,,,,,,,,,,,,,,,,,,,,,,,,,,,,,,,,,,,,,,,,,,,,,,,,,,,,,,,,,,,,,,,,,,,,,,,,,,,,,,,,,,,,,,,,,,,,,,,,,,,,,,,,,,,,,,,,,,,,,,,,,,,,,,,,,,,,,,,,,,,,,,,,,,,,,,,,,,,,,,,,,,,,,,,,,,,,,,,,,,,,,,,,,,,,,,,,,,,,,,,,,,,,,,,,,,,,,,,,,,,,,,,,,,,,,,,,,,,,,,,,,,,,,,,,,,,,,,,,,,,,,,,,,,,,,,,,,,,,,,,,,,,,,,,,,,,,,,,,,,,,,,,,,,,,,,,,,,,,,,,,,,,,,,,,,,,,,,,,,,,,,,,,,,,,,,,,,,,,,,,,,,,,,,,,,,,,,,,,,,,,,,,,,,,,,,,,,,,,,,,,,,,,,,,,,,,,,,,,,,,,,,,,,,,,,,,,,,,,,,,,,,,,,,,,,,,,,,,,,,,,,,,,,,,,,,,,,,,,,,,,,,,,,,,,,,,,,,,,,,,,,,,,,,,,,,,,,,,,,,,,,,,,,,,,,,,,,,,,,,,,,,,,,,,,,,,,,,,,,,,,,,,,,,,,,,,,,,,,,,,,,,,,,,,,,,,,,,,,,,,,,,,,,,,,,,,,,,,,,,,,,,,,,,,,,,,,,,,,,,,,,,,,,,,,,,,,,,,,,,,,,,,,,,,,,,,,,,,,,,,,,,,,,,,,,,,,,,,,,,,,,,,,,,,,,,,,,,,,,,,,,,,,,,,,,,,,,,,,,,,,,,,,,,,,,,,,,,,,,,,,,,,,,,,,,,,,,,,,,,,,,,,,,,,,,,,,,,,,,,,,,,,,,,,,,,,,,,,,,,,,,,,,,,,,,,,,,,,,,,,,,,,,,,,,,,,,,,,,,,,,,,,,,,,,,,,,,,,,,,,,,,,,,,,,,,,,,,,,,,,,,,,,,,,,,,,,,,,,,,,,,,,,,,,,,,,,,,,,,,,,,,,,,,,,,,,,,,,,,,,,,,,,,,,,,,,,,,,,,,,,,,,,,,,,,,,,,,,,,,,,,,,,,,,,,,,,,,,,,,,,,,,,,,,,,,,,,,,,,,,,,,,,,,,,,,,,,,,,,,,,,,,,,,,,,,,,,,,,,,,,,,,,,,,,,,,,,,,,,,,,,,,,,,,,,,,,,,,,,,,,,,,,,,,,,,,,,,,,,,,,,,,,,,,,,,,,,,,,,,,,,,,,,,,,,,,,,,,,,,,,,,,,,,,,,,,,,,,,,,,,,,,,,,,,,,,,,,,,,,,,,,,,,,,,,,,,,,,,,,,,,,,,,,,,,,,,,,,,,,,,,,,,,,,,,,,,,,,,,,,,,,,,,,,,,,,,,,,,,,,,,,,,,,,,,,,,,,,,,,,,,,,,,,,,,,,,,,,,,,,,,,,,,,,,,,,,,,,,,,,,,,,,,,,,,,,,,,,,,,,,,,,,,,,,,,,,,,,,,,,,,,,,,,,,,,,,,,,,,,,,,,,,,,,,,,,,,,,,,,,,,,,,,,,,,,,,,,,,,,,,,,,,,,,,,,,,,,,,,,,,,,,,,,,,,,,,,,,,,,,,,,,,,,,,,,,,,,,,,,,,,,,,,,,,,,,,,,,,,,,,,,,,,,,,,,,,,,,,,,,,,,,,,,,,,,,,,,,,,,,,,,,,,,,,,,,,,,,,,,,,,,,,,,,,,,,,,,,,,,,,,,,,,,,,,,,,,,,,,,,,,,,,,,,,,,,,,,,,,,,,,,,,,,,,,,,,,,,,,,,,,,,,,,,,,,,,,,,,,,,,,,,,,,,,,,,,,,,,,,,,,,,,,,,,,,,,,,,,,,,,,,,,,,,,,,,,,,,,,,,,,,,,,,,,,,,,,,,,,,,,,,,,,,,,,,,,,,,,,,,,,,,,,,,,,,,,
,,,,,,,,,,,,,,,,,,,,,,,,,,,,,,,,,,,,,,,,,,,,,,,,,,,,,,,,,,,,,,,,,,,,,,,,,,,,,,,,,,,,,,,,,,,,,,,,,,,,,,,,,,,,,,,,,,,,,,,,,,,,,,,,,,,,,,,,,,,,,,,,,,,,,,,,,,,,,,,,,,,,,,,,,,,,,,,,,,,,,,,,,,,,,,,,,,,,,,,,,,,,,,,,,,,,,,,,,,,,,,,,,,,,,,,,,,,,,,,,,,,,,,,,,,,,,,,,,,,,,,,,,,,,,,,,,,,,,,,,,,,,,,,,,,,,,,,,,,,,,,,,,,,,,,,,,,,,,,,,,,,,,,,,,,,,,,,,,,,,,,,,,,,,,,,,,,,,,,,,,,,,,,,,,,,,,,,,,,,,,,,,,,,,,,,,,,,,,,,,,,,,,,,,,,,,,,,,,,,,,,,,,,,,,,,,,,,,,,,,,,,,,,,,,,,,,,,,,,,,,,,,,,,,,,,,,,,,,,,,,,,,,,,,,,,,,,,,,,,,,,,,,,,,,,,,,,,,,,,,,,,,,,,,,,,,,,,,,,,,,,,,,,,,,,,,,,,,,,,,,,,,,,,,,,,,,,,,,,,,,,,,,,,,,,,,,,,,,,,,,,,,,,,,,,,,,,,,,,,,,,,,,,,,,,,,,,,,,,,,,,,,,,,,,,,,,,,,,,,,,,,,,,,,,,,,,,,,,,,,,,,,,,,,,,,,,,,,,,,,,,,,,,,,,,,,,,,,,,,,,,,,,,,,,,,,,,,,,,,,,,,,,,,,,,,,,,,,,,,,,,,,,,,,,,,,,,,,,,,,,,,,,,,,,,,,,,,,,,,,,,,,,,,,,,,,,,,,,,,,,,,,,,,,,,,,,,,,,,,,,,,,,,,,,,,,,,,,,,,,,,,,,,,,,,,,,,,,,,,,,,,,,,,,,,,,,,,,,,,,,,,,,,,,,,,,,,,,,,,,,,,,,,,,,,,,,,,,,,,,,,,,,,,,,,,,,,,,,,,,,,,,,,,,,,,,,,,,,,,,,,,,,,,,,,,,,,,,,,,,,,,,,,,,,,,,,,,,,,,,,,,,,,,,,,,,,,,,,,,,,,,,,,,,,,,,,,,,,,,,,,,,,,,,,,,,,,,,,,,,,,,,,,,,,,,,,,,,,,,,,,,,,,,,,,,,,,,,,,,,,,,,,,,,,,,,,,,,,,,,,,,,,,,,,,,,,,,,,,,,,,,,,,,,,,,,,,,,,,,,,,,,,,,,,,,,,,,,,,,,,,,,,,,,,,,,,,,,,,,,,,,,,,,,,,,,,,,,,,,,,,,,,,,,,,,,,,,,,,,,,,,,,,,,,,,,,,,,,,,,,,,,,,,,,,,,,,,,,,,,,,,,,,,,,,,,,,,,,,,,,,,,,,,,,,,,,,,,,,,,,,,,,,,,,,,,,,,,,,,,,,,,,,,,,,,,,,,,,,,,,,,,,,,,,,,,,,,,,,,,,,,,,,,,,,,,,,,,,,,,,,,,,,,,,,,,,,,,,,,,,,,,,,,,,,,,,,,,,,,,,,,,,,,,,,,,,,,,,,,,,,,,,,,,,,,,,,,,,,,,,,,,,,,,,,,,,,,,,,,,,,,,,,,,,,,,,,,,,,,,,,,,,,,,,,,,,,,,,,,,,,,,,,,,,,,,,,,,,,,,,,,,,,,,,,,,,,,,,,,,,,,,,,,,,,,,,,,,,,,,,,,,,,,,,,,,,,,,,,,,,,,,,,,,,,,,,,,,,,,,,,,,,,,,,,,,,,,,,,,,,,,,,,,,,,,,,,,,,,,,,,,,,,,,,,,,,,,,,,,,,,,,,,,,,,,,,,,,,,,,,,,,,,,,,,,,,,,,,,,,,,,,,,,,,,,,,,,,,,,,,,,,,,,,,,,,,,,,,,,,,,,,,,,,,,,,,,,,,,,,,,,,,,,,,,,,,,,,,,,,,,,,,,,,,,,,,,,,,,,,,,,,,,,,,,,,,,,,,,,,,,,,,,,,,,,,,,,,,,,,,,,,,,,,,,,,,,,,,,,,,,,,,,,,,,,,,,,,,,,,,,,,,,,,,,,,,,,,,,,,,,,,,,,,,,,,,,,,,,,,,,,,,,,,,,,,,,,,,,,,,,,,,,,,,,,,,,,,,,,,,,,,,,,,,,,,,,,,,,,,,,,,,,,
,,,,,,,,,,,,,,,,,,,,,,,,,,,,,,,,,,,,,,,,,,,,,,,,,,,,,,,,,,,,,,,,,,,,,,,,,,,,,,,,,,,,,,,,,,,,,,,,,,,,,,,,,,,,,,,,,,,,,,,,,,,,,,,,,,,,,,,,,,,,,,,,,,,,,,,,,,,,,,,,,,,,,,,,,,,,,,,,,,,,,,,,,,,,,,,,,,,,,,,,,,,,,,,,,,,,,,,,,,,,,,,,,,,,,,,,,,,,,,,,,,,,,,,,,,,,,,,,,,,,,,,,,,,,,,,,,,,,,,,,,,,,,,,,,,,,,,,,,,,,,,,,,,,,,,,,,,,,,,,,,,,,,,,,,,,,,,,,,,,,,,,,,,,,,,,,,,,,,,,,,,,,,,,,,,,,,,,,,,,,,,,,,,,,,,,,,,,,,,,,,,,,,,,,,,,,,,,,,,,,,,,,,,,,,,,,,,,,,,,,,,,,,,,,,,,,,,,,,,,,,,,,,,,,,,,,,,,,,,,,,,,,,,,,,,,,,,,,,,,,,,,,,,,,,,,,,,,,,,,,,,,,,,,,,,,,,,,,,,,,,,,,,,,,,,,,,,,,,,,,,,,,,,,,,,,,,,,,,,,,,,,,,,,,,,,,,,,,,,,,,,,,,,,,,,,,,,,,,,,,,,,,,,,,,,,,,,,,,,,,,,,,,,,,,,,,,,,,,,,,,,,,,,,,,,,,,,,,,,,,,,,,,,,,,,,,,,,,,,,,,,,,,,,,,,,,,,,,,,,,,,,,,,,,,,,,,,,,,,,,,,,,,,,,,,,,,,,,,,,,,,,,,,,,,,,,,,,,,,,,,,,,,,,,,,,,,,,,,,,,,,,,,,,,,,,,,,,,,,,,,,,,,,,,,,,,,,,,,,,,,,,,,,,,,,,,,,,,,,,,,,,,,,,,,,,,,,,,,,,,,,,,,,,,,,,,,,,,,,,,,,,,,,,,,,,,,,,,,,,,,,,,,,,,,,,,,,,,,,,,,,,,,,,,,,,,,,,,,,,,,,,,,,,,,,,,,,,,,,,,,,,,,,,,,,,,,,,,,,,,,,,,,,,,,,,,,,,,,,,,,,,,,,,,,,,,,,,,,,,,,,,,,,,,,,,,,,,,,,,,,,,,,,,,,,,,,,,,,,,,,,,,,,,,,,,,,,,,,,,,,,,,,,,,,,,,,,,,,,,,,,,,,,,,,,,,,,,,,,,,,,,,,,,,,,,,,,,,,,,,,,,,,,,,,,,,,,,,,,,,,,,,,,,,,,,,,,,,,,,,,,,,,,,,,,,,,,,,,,,,,,,,,,,,,,,,,,,,,,,,,,,,,,,,,,,,,,,,,,,,,,,,,,,,,,,,,,,,,,,,,,,,,,,,,,,,,,,,,,,,,,,,,,,,,,,,,,,,,,,,,,,,,,,,,,,,,,,,,,,,,,,,,,,,,,,,,,,,,,,,,,,,,,,,,,,,,,,,,,,,,,,,,,,,,,,,,,,,,,,,,,,,,,,,,,,,,,,,,,,,,,,,,,,,,,,,,,,,,,,,,,,,,,,,,,,,,,,,,,,,,,,,,,,,,,,,,,,,,,,,,,,,,,,,,,,,,,,,,,,,,,,,,,,,,,,,,,,,,,,,,,,,,,,,,,,,,,,,,,,,,,,,,,,,,,,,,,,,,,,,,,,,,,,,,,,,,,,,,,,,,,,,,,,,,,,,,,,,,,,,,,,,,,,,,,,,,,,,,,,,,,,,,,,,,,,,,,,,,,,,,,,,,,,,,,,,,,,,,,,,,,,,,,,,,,,,,,,,,,,,,,,,,,,,,,,,,,,,,,,,,,,,,,,,,,,,,,,,,,,,,,,,,,,,,,,,,,,,,,,,,,,,,,,,,,,,,,,,,,,,,,,,,,,,,,,,,,,,,,,,,,,,,,,,,,,,,,,,,,,,,,,,,,,,,,,,,,,,,,,,,,,,,,,,,,,,,,,,,,,,,,,,,,,,,,,,,,,,,,,,,,,,,,,,,,,,,,,,,,,,,,,,,,,,,,,,,,,,,,,,,,,,,,,,,,,,,,,,,,,,,,,,,,,,,,,,,,,,,,,,,,,,,,,,,,,,,,,,,,,,,,,,,,,,,,,,,,,,,,,,,,,,,,,,,,,,,,,,,,,,,,,,,,,,,,,,,,,,,,,,,,,,,,,,,,,,,,,,,,,,,,,,,,,
3552,3341,2516,2447,2225,2239,2247,2388,2210,2388,2247,2239,2225,2447,2516,3341,3837,3618,2572,2366,2346,2296,2269,2327,2332,2321,2257,2229,2309,2355,2538,3611,4051,3827,2707,2513,2309,2319,2258,2202,2223,2293,2359,2291,2332,2482,2726,3828,4238,4016,2874,2595,2333,2325,2375,2260,2224,2316,2328,2360,2422,2542,2900,4017,4069,3848,2742,2428,2315,2384,2379,2335,2224,2308,2300,2256,2372,2399,2747,3847,3747,3527,2472,2271,2410,2330,2263,2306,2326,2231,2203,2276,2264,2282,2428,3517,3424,3213,2340,2230,2384,2305,2247,2375,2351,2290,2252,2153,2214,2326,2294,3194,3053,2806,2256,2180,2334,2243,2204,2266,2255,2167,2227,2199,2351,2316,2196,2843,2776,2697,2231,2242,2260,2252,2274,2268,2225,2131,2228,2267,2371,2315,2256,2582,2984,2818,2407,2363,2264,2399,2643,2527,2421,2636,2591,2411,2425,2468,2462,2804,3624,3468,3279,3057,3103,3083,3461,3388,3325,3428,3419,2992,3147,3203,3371,3477,4129,4133,4018,3825,3694,3753,4109,4041,3938,4099,4024,3684,3701,3867,4022,4136,4251,4399,4284,4081,3843,3936,4300,4221,4120,4243,4180,3962,3831,4004,4200,4297,4404,4307,4223,3946,3723,3940,4161,4026,4006,4096,4069,3898,3734,3820,4002,4112,4761,4550,3945,3605,3530,3652,3684,3637,3774,3804,3760,3504,3435,3590,3636,4519,4710,4511,3596,3324,3168,3225,3183,3312,3350,3349,3262,3186,3139,3311,3302,4466,4349,4143,3268,3036,2912,2832,2945,3170,3280,3189,3094,2873,2856,2981,3063,4111,4406,4176,3408,3261,3135,3173,3128,3333,3563,3446,3329,3219,3088,3214,3415,4189,4406,4173,3455,3376,3155,3290,3170,3449,3594,3410,3405,3279,3151,3288,3470,4186,4239,3999,3232,3135,3112,3170,3108,3821,3944,3638,3078,3113,3012,3044,3183,4018,4602,4365,3084,3175,3143,3161,3273,4033,4154,3818,3203,3338,3355,2894,3246,4373,4673,4441,3138,3098,2922,3011,3173,3898,3912,3746,3291,3375,3371,2884,3443,4444,4456,4230,3050,3043,2979,2962,3181,3554,3602,3448,3040,3048,3065,2718,3294,4226,3987,3772,2949,2910,2841,2835,2971,3181,3219,3055,2898,2799,2652,2782,2978,3760,3662,3477,2886,2751,2709,2854,2969,3161,3291,3110,2902,2765,2670,2776,3010,3478,3765,3541,2871,2806,2749,2737,2976,3243,3304,3172,2886,2800,2669,2720,3025,3585,3791,3562,2766,2719,2649,2574,2717,2913,3182,3055,2691,2575,2557,2634,2866,3578,3541,3340,2664,2592,2592,2452,2680,2792,2923,2880,2762,2723,2727,2582,2603,3307,3360,3163,2726,2595,2510,2565,2787,2909,2910,2840,2745,2783,2790,2703,2863,3193,3511,3228,2675,2550,2373,2333,2740,2801,2798,2662,2615,2639,2668,2583,2791,3351,3414,3150,2497,2433,2402,2313,2550,2634,2604,2565,2539,2465,2474,2475,2566,3230,3284,3028,2390,2410,2358,2342,2537,2581,2616,2485,2504,2457,2497,2432,2494,3084,3108,2849,2365,2361,2366,2349,2436,2515,2481,2547,2547,2467,2391,2338,2357,2935,2886,2708,2292,2319,2403,2397,2426,2520,2557,2576,2416,2386,2403,2440,2329,2776,2922,2754,2340,2377,2373,2479,2421,2515,2568,2523,2298,2274,2413,2382,2345,2712,2817,2706,2339,2303,2429,2417,2415,2509,2513,2434,2350,2314,2350,2251,2409,2652,2910,2703,2307,2398,2415,2385,2489,2626,2646,2527,2449,2383,2387,2401,2404,2613,2866,2726,2411,2391,2254,2459,2494,2572,2597,2465,2379,2400,2341,2328,2288,2616,2849,2699,2378,2350,2333,2423,2415,2465,2487,2334,2352,2387,2284,2327,2349,2566,2860,2693,2372,2361,2360,2389,2414,2331,2431,2396,2312,2445,2419,2431,2404,2673,2864,2711,2406,2344,2391,2427,2472,2553,2642,2580,2334,2365,2384,2422,2444,2712,2853,2683,2511,2444,2388,2436,2492,2610,2801,2736,2474,2388,2339,2439,2407,2707,2833,2588,2468,2503,2393,2377,2408,2474,2774,2685,2494,2394,2356,2356,2439,2702,2889,2590,2353,2411,2305,2329,2377,2432,2564,2428,2362,2322,2299,2308,2319,2737,2919,2772,2244,2337,2250,2288,2359,2501,2405,2398,2403,2351,2398,2382,2282,2661,2863,2594,2291,2301,2282,2355,2448,2551,2602,2486,2335,2401,2443,2335,2377,2683,2717,2513,2282,2311,2303,2350,2410,2587,2572,2482,2383,2381,2407,2396,2326,2572,2743,2610,2293,2345,2335,2360,2391,2450,2478,2315,2379,2347,2371,2327,2310,2488,2790,2581,2323,2350,2244,2229,2333,2489,2495,2316,2256,2331,2375,2273,2223,2547,3023,2793,2404,2407,2256,2300,2338,2445,2586,2458,2298,2334,2401,2292,2216,2797,3584,3360,2432,2421,2442,2287,2242,2359,2587,2474,2428,2387,2326,2366,2284,3356,4199,3977,2852,2532,2483,2338,2214,2383,2587,2459,2365,2325,2298,2587,2804,3974,4350,4127,2989,2656,2403,2391,2400,2379,2474,2412,2306,2391,2397,2676,2964,4128,4140,3916,2736,2491,2433,2392,2358,2433,2500,2429,2337,2431,2413,2427,2749,3919,3464,3240,2201,2335,2354,2379,2367,2421,2431,2357,2301,2391,2352,2367,2358,3239,3046,2818,2262,2311,2328,2335,2174,2270,2391,2357,2373,2317,2286,2396,2365,2827,2704,2553,2320,2331,2391,2353,2220,2355,2352,2292,2301,2321,2232,2384,2322,2505,2781,2552,2294,2328,2388,2313,2246,2221,2222,2325,2267,2262,2237,2317,2354,2610,2769,2667,2371,2281,2301,2350,2303,2493,2613,2503,2288,2304,2344,2300,2447,2660,3048,2810,2505,2427,2477,2410,2485,2720,2873,2791,2502,2408,2459,2452,2726,2977,3320,3084,2385,2448,2505,2348,2564,2685,2857,2822,2466,2478,2443,2454,2713,3118,4053,3832,2708,2491,2367,2467,2747,2847,2809,2679,2422,2468,2303,2459,2795,3830,4549,4331,3249,2739,2699,2724,2900,3012,2910,2831,2773,2772,2542,2892,3192,4324,4672,4455,3397,2950,2881,2930,2952,3266,3362,3202,2997,2915,2802,3071,3346,4450,4501,4285,3299,2998,2865,2877,3032,3459,3508,3224,3009,2922,2955,2817,3268,4276,4016,3798,2908,2812,2749,2676,2921,3307,3326,2996,2748,2826,2754,2700,2949,3783,3816,3592,2563,2551,2570,2546,2672,2905,2945,2717,2582,2543,2512,2405,2709,3593,3562,3344,2383,2493,2603,2495,2569,2779,2830,2660,2294,2386,2423,2369,2506,3331,3489,3267,2399,2420,2566,2465,2472,2736,2779,2578,2421,2504,2479,2328,2452,3244,3400,3165,2430,2367,2432,2412,2368,2569,2703,2523,2412,2506,2484,2393,2440,3194,3221,2975,2418,2345,2322,2370,2342,2532,2587,2430,2397,2338,2402,2428,2371,3000,3159,2929,2395,2366,2387,2273,2374,2446,2360,2417,2353,2355,2343,2381,2406,2965,3008,2835,2478,2341,2369,2360,2558,2606,2545,2398,2385,2328,2374,2426,2500,2809,3092,2891,2494,2358,2436,2379,2563,2685,2586,2408,2426,2333,2435,2476,2524,2832,3053,2864,2385,2464,2443,2408,2520,2673,2594,2527,2535,2432,2391,2480,2485,2860,3114,2898,2490,2430,2503,2404,2438,2463,2572,2560,2541,2548,2443,2437,2512,2894,3333,3123,2582,2473,2542,2553,2474,2552,2617,2657,2491,2518,2447,2391,2440,3124,3523,3300,2536,2531,2588,2572,2460,2573,2546,2546,2419,2401,2393,2349,2442,3308,3503,3283,2413,2339,2428,2371,2337,2372,2339,2378,2299,2339,2332,2290,2478,3291,3320,3069,2544,2490,2427,2413,2369,2336,2386,2541,2462,2364,2410,2279,2469,3117,3389,3297,3032,2889,2652,2505,2550,2651,2709,3001,2943,2699,2640,2641,2758,3245,3551,3437,3066,2994,2834,2555,2616,2752,2878,3123,3084,2792,2796,2824,2890,3316,3457,3343,2862,2847,2720,2518,2590,2805,2948,3019,3003,2764,2591,2686,2843,3222,3330,3133,2628,2656,2569,2508,2526,2759,2860,2786,2789,2582,2446,2476,2585,3092,3260,3057,2532,2506,2417,2460,2532,2705,2723,2623,2611,2581,2436,2395,2448,3046,3283,3077,2629,2510,2350,2439,2653,2759,2717,2590,2566,2568,2478,2392,2601,3100,3265,3036,2601,2545,2359,2417,2580,2762,2732,2628,2544,2440,2456,2402,2651,3064,3099,2888,2489,2434,2381,2413,2450,2601,2626,2491,2356,2438,2342,2366,2501,2885,3269,3034,2493,2479,2409,2331,2476,2663,2647,2515,2344,2360,2297,2394,2407,3044,3534,3295,2408,2360,2284,2318,2491,2935,3001,2698,2353,2300,2281,2327,2426,3313,3617,3381,2348,2250,2252,2293,2459,3028,3104,2774,2416,2284,2262,2292,2495,3404,3410,3190,2384,2351,2384,2293,2241,2818,2904,2659,2453,2267,2342,2328,2406,3195,3064,2863,2378,2406,2425,2443,2424,2714,2859,2597,2361,2319,2357,2373,2388,2859,2898,2718,2556,2582,2543,2502,2541,2694,2999,2864,2391,2297,2380,2336,2403,2724,3169,2998,2659,2605,2562,2531,2506,2613,2908,2793,2393,2171,2153,2227,2390,2924,3178,2982,2512,2409,2423,2354,2360,2416,2655,2594,2338,2244,2267,2224,2342,2963,3132,2935,2407,2318,2316,2373,2376,2525,2676,2572,2277,2296,2340,2318,2331,2933,3321,3109,2380,2351,2305,2296,2326,2659,2761,2660,2382,2285,2318,2405,2422,3090,3292,3073,2411,2407,2373,2322,2267,2705,2789,2564,2317,2257,2181,2344,2405,3066,3064,2844,2318,2280,2387,2381,2308,2553,2592,2438,2293,2346,2308,2299,2356,2877,2924,2686,2258,2184,2350,2399,2320,2361,2356,2427,2315,2293,2338,2350,2469,2709,2834,2614,2286,2298,2289,2319,2144,2254,2318,2363,2310,2339,2254,2283,2410,2654,3171,2957,2275,2264,2379,2226,2197,2306,2368,2356,2312,2279,2158,2284,2321,2919,3257,3041,2360,2373,2351,2293,2268,2310,2275,2284,2263,2280,2275,2254,2197,3018,2935,2769,2327,2393,2445,2377,2213,2333,2358,2325,2312,2300,2344,2287,2259,2705,3693,3471,2386,2288,2256,2279,2259,2271,2242,2311,2302,2320,2326,2315,2360,3465,4106,3882,2746,2461,2332,2321,2343,2458,2513,2448,2398,2355,2323,2485,2645,3879,4098,3874,2763,2566,2488,2473,2360,2612,2718,2563,2474,2358,2489,2564,2682,3871,3650,3425,2546,2432,2334,2358,2342,2607,2687,2543,2516,2406,2442,2436,2578,3433,3841,3617,2589,2385,2291,2306,2330,2453,2458,2438,2352,2419,2295,2357,2635,3618,3896,3673,2664,2397,2420,2351,2385,2465,2605,2502,2417,2378,2457,2337,2737,3681,3743,3516,2585,2504,2408,2298,2188,2482,2616,2572,2431,2458,2443,2452,2549,3525,3561,3335,2430,2408,2287,2288,2266,2422,2584,2515,2346,2373,2388,2406,2441,3345,3312,3066,2352,2401,2328,2311,2289,2266,2492,2413,2217,2347,2283,2320,2368,3103,3217,2980,2368,2363,2432,2325,2254,2213,2370,2311,2233,2314,2354,2338,2421,3006,3025,2737,2353,2410,2402,2201,2194,2222,2323,2268,2288,2217,2333,2347,2345,2845,2841,2597,2343,2314,2262,2196,2222,2284,2272,2305,2339,2279,2291,2273,2280,2610,2843,2619,2339,2196,2241,2258,2284,2280,2329,2267,2263,2171,2218,2233,2266,2639,2915,2746,2294,2311,2296,2272,2206,2313,2356,2327,2233,2148,2216,2259,2102,2666,3001,2798,2203,2267,2269,2156,2234,2321,2272,2241,2256,2141,2224,2272,2256,2775,3027,2808,2165,2233,2067,2066,2144,2290,2276,2089,2299,2163,2218,2294,2254,2811,3334,3104,2248,2133,2127,2156,2188,2254,2324,2233,2182,2153,2229,2261,2290,3116,3350,3120,2206,2239,2192,2114,2182,2114,2275,2200,1985,2162,2105,2139,2261,3135,3281,3049,2106,2058,2149,2102,2159,2169,2221,2178,2133,2120,2082,2041,2225,3063,3393,3167,2175,1981,2068,2048,2021,2046,2138,2125,2149,2175,2150,2126,2174,3163,3292,3063,2150,2047,1930,1912,2063,2067,2140,2095,2016,2141,2133,2033,2094,3067,3059,2846,2205,2075,1964,1979,1992,2090,2187,2128,1947,1914,2059,2047,2090,2836,2791,2619,2229,2087,2065,2029,2126,2327,2404,2265,1974,2051,2165,2167,2064,2583
,,,,,,,,,,,,,,,,,,,,,,,,,,,,,,,,,,,,,,,,,,,,,,,,,,,,,,,,,,,,,,,,,,,,,,,,,,,,,,,,,,,,,,,,,,,,,,,,,,,,,,,,,,,,,,,,,,,,,,,,,,,,,,,,,,,,,,,,,,,,,,,,,,,,,,,,,,,,,,,,,,,,,,,,,,,,,,,,,,,,,,,,,,,,,,,,,,,,,,,,,,,,,,,,,,,,,,,,,,,,,,,,,,,,,,,,,,,,,,,,,,,,,,,,,,,,,,,,,,,,,,,,,,,,,,,,,,,,,,,,,,,,,,,,,,,,,,,,,,,,,,,,,,,,,,,,,,,,,,,,,,,,,,,,,,,,,,,,,,,,,,,,,,,,,,,,,,,,,,,,,,,,,,,,,,,,,,,,,,,,,,,,,,,,,,,,,,,,,,,,,,,,,,,,,,,,,,,,,,,,,,,,,,,,,,,,,,,,,,,,,,,,,,,,,,,,,,,,,,,,,,,,,,,,,,,,,,,,,,,,,,,,,,,,,,,,,,,,,,,,,,,,,,,,,,,,,,,,,,,,,,,,,,,,,,,,,,,,,,,,,,,,,,,,,,,,,,,,,,,,,,,,,,,,,,,,,,,,,,,,,,,,,,,,,,,,,,,,,,,,,,,,,,,,,,,,,,,,,,,,,,,,,,,,,,,,,,,,,,,,,,,,,,,,,,,,,,,,,,,,,,,,,,,,,,,,,,,,,,,,,,,,,,,,,,,,,,,,,,,,,,,,,,,,,,,,,,,,,,,,,,,,,,,,,,,,,,,,,,,,,,,,,,,,,,,,,,,,,,,,,,,,,,,,,,,,,,,,,,,,,,,,,,,,,,,,,,,,,,,,,,,,,,,,,,,,,,,,,,,,,,,,,,,,,,,,,,,,,,,,,,,,,,,,,,,,,,,,,,,,,,,,,,,,,,,,,,,,,,,,,,,,,,,,,,,,,,,,,,,,,,,,,,,,,,,,,,,,,,,,,,,,,,,,,,,,,,,,,,,,,,,,,,,,,,,,,,,,,,,,,,,,,,,,,,,,,,,,,,,,,,,,,,,,,,,,,,,,,,,,,,,,,,,,,,,,,,,,,,,,,,,,,,,,,,,,,,,,,,,,,,,,,,,,,,,,,,,,,,,,,,,,,,,,,,,,,,,,,,,,,,,,,,,,,,,,,,,,,,,,,,,,,,,,,,,,,,,,,,,,,,,,,,,,,,,,,,,,,,,,,,,,,,,,,,,,,,,,,,,,,,,,,,,,,,,,,,,,,,,,,,,,,,,,,,,,,,,,,,,,,,,,,,,,,,,,,,,,,,,,,,,,,,,,,,,,,,,,,,,,,,,,,,,,,,,,,,,,,,,,,,,,,,,,,,,,,,,,,,,,,,,,,,,,,,,,,,,,,,,,,,,,,,,,,,,,,,,,,,,,,,,,,,,,,,,,,,,,,,,,,,,,,,,,,,,,,,,,,,,,,,,,,,,,,,,,,,,,,,,,,,,,,,,,,,,,,,,,,,,,,,,,,,,,,,,,,,,,,,,,,,,,,,,,,,,,,,,,,,,,,,,,,,,,,,,,,,,,,,,,,,,,,,,,,,,,,,,,,,,,,,,,,,,,,,,,,,,,,,,,,,,,,,,,,,,,,,,,,,,,,,,,,,,,,,,,,,,,,,,,,,,,,,,,,,,,,,,,,,,,,,,,,,,,,,,,,,,,,,,,,,,,,,,,,,,,,,,,,,,,,,,,,,,,,,,,,,,,,,,,,,,,,,,,,,,,,,,,,,,,,,,,,,,,,,,,,,,,,,,,,,,,,,,,,,,,,,,,,,,,,,,,,,,,,,,,,,,,,,,,,,,,,,,,,,,,,,,,,,,,,,,,,,,,,,,,,,,,,,,,,,,,,,,,,,,,,,,,,,,,,,,,,,,,,,,,,,,,,,,,,,,,,,,,,,,,,,,,,,,,,,,,,,,,,,,,,,,,,,,,,,,,,,,,,,,,,,,,,,,,,,,,,,,,,,,,,,,,,,,,,,,,,,,,,,,,,,,,,,,,,,,,,,,,,,,,,,,,,,,,,,,,,,,,,,,,,,,,,,,,,,,,,,,,,,,,,,,,,,,,,,,,,,,,,,,,,,,,,,,,,,,,,,,,,,,,,,,,,,,,,,,,,,,,,,,,,,,,,,,,,,,,,,,,,,,,,,,,,,,,,,,,,,,,,,,,,,,,,,,,,,,,,,,
,,,,,,,,,,,,,,,,,,,,,,,,,,,,,,,,,,,,,,,,,,,,,,,,,,,,,,,,,,,,,,,,,,,,,,,,,,,,,,,,,,,,,,,,,,,,,,,,,,,,,,,,,,,,,,,,,,,,,,,,,,,,,,,,,,,,,,,,,,,,,,,,,,,,,,,,,,,,,,,,,,,,,,,,,,,,,,,,,,,,,,,,,,,,,,,,,,,,,,,,,,,,,,,,,,,,,,,,,,,,,,,,,,,,,,,,,,,,,,,,,,,,,,,,,,,,,,,,,,,,,,,,,,,,,,,,,,,,,,,,,,,,,,,,,,,,,,,,,,,,,,,,,,,,,,,,,,,,,,,,,,,,,,,,,,,,,,,,,,,,,,,,,,,,,,,,,,,,,,,,,,,,,,,,,,,,,,,,,,,,,,,,,,,,,,,,,,,,,,,,,,,,,,,,,,,,,,,,,,,,,,,,,,,,,,,,,,,,,,,,,,,,,,,,,,,,,,,,,,,,,,,,,,,,,,,,,,,,,,,,,,,,,,,,,,,,,,,,,,,,,,,,,,,,,,,,,,,,,,,,,,,,,,,,,,,,,,,,,,,,,,,,,,,,,,,,,,,,,,,,,,,,,,,,,,,,,,,,,,,,,,,,,,,,,,,,,,,,,,,,,,,,,,,,,,,,,,,,,,,,,,,,,,,,,,,,,,,,,,,,,,,,,,,,,,,,,,,,,,,,,,,,,,,,,,,,,,,,,,,,,,,,,,,,,,,,,,,,,,,,,,,,,,,,,,,,,,,,,,,,,,,,,,,,,,,,,,,,,,,,,,,,,,,,,,,,,,,,,,,,,,,,,,,,,,,,,,,,,,,,,,,,,,,,,,,,,,,,,,,,,,,,,,,,,,,,,,,,,,,,,,,,,,,,,,,,,,,,,,,,,,,,,,,,,,,,,,,,,,,,,,,,,,,,,,,,,,,,,,,,,,,,,,,,,,,,,,,,,,,,,,,,,,,,,,,,,,,,,,,,,,,,,,,,,,,,,,,,,,,,,,,,,,,,,,,,,,,,,,,,,,,,,,,,,,,,,,,,,,,,,,,,,,,,,,,,,,,,,,,,,,,,,,,,,,,,,,,,,,,,,,,,,,,,,,,,,,,,,,,,,,,,,,,,,,,,,,,,,,,,,,,,,,,,,,,,,,,,,,,,,,,,,,,,,,,,,,,,,,,,,,,,,,,,,,,,,,,,,,,,,,,,,,,,,,,,,,,,,,,,,,,,,,,,,,,,,,,,,,,,,,,,,,,,,,,,,,,,,,,,,,,,,,,,,,,,,,,,,,,,,,,,,,,,,,,,,,,,,,,,,,,,,,,,,,,,,,,,,,,,,,,,,,,,,,,,,,,,,,,,,,,,,,,,,,,,,,,,,,,,,,,,,,,,,,,,,,,,,,,,,,,,,,,,,,,,,,,,,,,,,,,,,,,,,,,,,,,,,,,,,,,,,,,,,,,,,,,,,,,,,,,,,,,,,,,,,,,,,,,,,,,,,,,,,,,,,,,,,,,,,,,,,,,,,,,,,,,,,,,,,,,,,,,,,,,,,,,,,,,,,,,,,,,,,,,,,,,,,,,,,,,,,,,,,,,,,,,,,,,,,,,,,,,,,,,,,,,,,,,,,,,,,,,,,,,,,,,,,,,,,,,,,,,,,,,,,,,,,,,,,,,,,,,,,,,,,,,,,,,,,,,,,,,,,,,,,,,,,,,,,,,,,,,,,,,,,,,,,,,,,,,,,,,,,,,,,,,,,,,,,,,,,,,,,,,,,,,,,,,,,,,,,,,,,,,,,,,,,,,,,,,,,,,,,,,,,,,,,,,,,,,,,,,,,,,,,,,,,,,,,,,,,,,,,,,,,,,,,,,,,,,,,,,,,,,,,,,,,,,,,,,,,,,,,,,,,,,,,,,,,,,,,,,,,,,,,,,,,,,,,,,,,,,,,,,,,,,,,,,,,,,,,,,,,,,,,,,,,,,,,,,,,,,,,,,,,,,,,,,,,,,,,,,,,,,,,,,,,,,,,,,,,,,,,,,,,,,,,,,,,,,,,,,,,,,,,,,,,,,,,,,,,,,,,,,,,,,,,,,,,,,,,,,,,,,,,,,,,,,,,,,,,,,,,,,,,,,,,,,,,,,,,,,,,,,,,,,,,,,,,,,,,,,,,,,,,,,,,,,,,,,,,,,,,,,,,,,,,,,,,,,,,,,,,,,,,,,,,,,,,,,,,,,
,,,,,,,,,,,,,,,,,,,,,,,,,,,,,,,,,,,,,,,,,,,,,,,,,,,,,,,,,,,,,,,,,,,,,,,,,,,,,,,,,,,,,,,,,,,,,,,,,,,,,,,,,,,,,,,,,,,,,,,,,,,,,,,,,,,,,,,,,,,,,,,,,,,,,,,,,,,,,,,,,,,,,,,,,,,,,,,,,,,,,,,,,,,,,,,,,,,,,,,,,,,,,,,,,,,,,,,,,,,,,,,,,,,,,,,,,,,,,,,,,,,,,,,,,,,,,,,,,,,,,,,,,,,,,,,,,,,,,,,,,,,,,,,,,,,,,,,,,,,,,,,,,,,,,,,,,,,,,,,,,,,,,,,,,,,,,,,,,,,,,,,,,,,,,,,,,,,,,,,,,,,,,,,,,,,,,,,,,,,,,,,,,,,,,,,,,,,,,,,,,,,,,,,,,,,,,,,,,,,,,,,,,,,,,,,,,,,,,,,,,,,,,,,,,,,,,,,,,,,,,,,,,,,,,,,,,,,,,,,,,,,,,,,,,,,,,,,,,,,,,,,,,,,,,,,,,,,,,,,,,,,,,,,,,,,,,,,,,,,,,,,,,,,,,,,,,,,,,,,,,,,,,,,,,,,,,,,,,,,,,,,,,,,,,,,,,,,,,,,,,,,,,,,,,,,,,,,,,,,,,,,,,,,,,,,,,,,,,,,,,,,,,,,,,,,,,,,,,,,,,,,,,,,,,,,,,,,,,,,,,,,,,,,,,,,,,,,,,,,,,,,,,,,,,,,,,,,,,,,,,,,,,,,,,,,,,,,,,,,,,,,,,,,,,,,,,,,,,,,,,,,,,,,,,,,,,,,,,,,,,,,,,,,,,,,,,,,,,,,,,,,,,,,,,,,,,,,,,,,,,,,,,,,,,,,,,,,,,,,,,,,,,,,,,,,,,,,,,,,,,,,,,,,,,,,,,,,,,,,,,,,,,,,,,,,,,,,,,,,,,,,,,,,,,,,,,,,,,,,,,,,,,,,,,,,,,,,,,,,,,,,,,,,,,,,,,,,,,,,,,,,,,,,,,,,,,,,,,,,,,,,,,,,,,,,,,,,,,,,,,,,,,,,,,,,,,,,,,,,,,,,,,,,,,,,,,,,,,,,,,,,,,,,,,,,,,,,,,,,,,,,,,,,,,,,,,,,,,,,,,,,,,,,,,,,,,,,,,,,,,,,,,,,,,,,,,,,,,,,,,,,,,,,,,,,,,,,,,,,,,,,,,,,,,,,,,,,,,,,,,,,,,,,,,,,,,,,,,,,,,,,,,,,,,,,,,,,,,,,,,,,,,,,,,,,,,,,,,,,,,,,,,,,,,,,,,,,,,,,,,,,,,,,,,,,,,,,,,,,,,,,,,,,,,,,,,,,,,,,,,,,,,,,,,,,,,,,,,,,,,,,,,,,,,,,,,,,,,,,,,,,,,,,,,,,,,,,,,,,,,,,,,,,,,,,,,,,,,,,,,,,,,,,,,,,,,,,,,,,,,,,,,,,,,,,,,,,,,,,,,,,,,,,,,,,,,,,,,,,,,,,,,,,,,,,,,,,,,,,,,,,,,,,,,,,,,,,,,,,,,,,,,,,,,,,,,,,,,,,,,,,,,,,,,,,,,,,,,,,,,,,,,,,,,,,,,,,,,,,,,,,,,,,,,,,,,,,,,,,,,,,,,,,,,,,,,,,,,,,,,,,,,,,,,,,,,,,,,,,,,,,,,,,,,,,,,,,,,,,,,,,,,,,,,,,,,,,,,,,,,,,,,,,,,,,,,,,,,,,,,,,,,,,,,,,,,,,,,,,,,,,,,,,,,,,,,,,,,,,,,,,,,,,,,,,,,,,,,,,,,,,,,,,,,,,,,,,,,,,,,,,,,,,,,,,,,,,,,,,,,,,,,,,,,,,,,,,,,,,,,,,,,,,,,,,,,,,,,,,,,,,,,,,,,,,,,,,,,,,,,,,,,,,,,,,,,,,,,,,,,,,,,,,,,,,,,,,,,,,,,,,,,,,,,,,,,,,,,,,,,,,,,,,,,,,,,,,,,,,,,,,,,,,,,,,,,,,,,,,,,,,,,,,,,,,,,,,,,,,,,,,,,,,,,,,,,,,,,,,,,,,,,,,,,,,,,,,,,,,,,,,,,,,,,,,,,,,,,,,,,,,,,,,,,,,,,,,,,,,,,,,,,,,,,,,,,,,,,,,,,,,,,,,,,,,,,,,,,,,,,,,,,,,
,,,,,,,,,,,,,,,,,,,,,,,,,,,,,,,,,,,,,,,,,,,,,,,,,,,,,,,,,,,,,,,,,,,,,,,,,,,,,,,,,,,,,,,,,,,,,,,,,,,,,,,,,,,,,,,,,,,,,,,,,,,,,,,,,,,,,,,,,,,,,,,,,,,,,,,,,,,,,,,,,,,,,,,,,,,,,,,,,,,,,,,,,,,,,,,,,,,,,,,,,,,,,,,,,,,,,,,,,,,,,,,,,,,,,,,,,,,,,,,,,,,,,,,,,,,,,,,,,,,,,,,,,,,,,,,,,,,,,,,,,,,,,,,,,,,,,,,,,,,,,,,,,,,,,,,,,,,,,,,,,,,,,,,,,,,,,,,,,,,,,,,,,,,,,,,,,,,,,,,,,,,,,,,,,,,,,,,,,,,,,,,,,,,,,,,,,,,,,,,,,,,,,,,,,,,,,,,,,,,,,,,,,,,,,,,,,,,,,,,,,,,,,,,,,,,,,,,,,,,,,,,,,,,,,,,,,,,,,,,,,,,,,,,,,,,,,,,,,,,,,,,,,,,,,,,,,,,,,,,,,,,,,,,,,,,,,,,,,,,,,,,,,,,,,,,,,,,,,,,,,,,,,,,,,,,,,,,,,,,,,,,,,,,,,,,,,,,,,,,,,,,,,,,,,,,,,,,,,,,,,,,,,,,,,,,,,,,,,,,,,,,,,,,,,,,,,,,,,,,,,,,,,,,,,,,,,,,,,,,,,,,,,,,,,,,,,,,,,,,,,,,,,,,,,,,,,,,,,,,,,,,,,,,,,,,,,,,,,,,,,,,,,,,,,,,,,,,,,,,,,,,,,,,,,,,,,,,,,,,,,,,,,,,,,,,,,,,,,,,,,,,,,,,,,,,,,,,,,,,,,,,,,,,,,,,,,,,,,,,,,,,,,,,,,,,,,,,,,,,,,,,,,,,,,,,,,,,,,,,,,,,,,,,,,,,,,,,,,,,,,,,,,,,,,,,,,,,,,,,,,,,,,,,,,,,,,,,,,,,,,,,,,,,,,,,,,,,,,,,,,,,,,,,,,,,,,,,,,,,,,,,,,,,,,,,,,,,,,,,,,,,,,,,,,,,,,,,,,,,,,,,,,,,,,,,,,,,,,,,,,,,,,,,,,,,,,,,,,,,,,,,,,,,,,,,,,,,,,,,,,,,,,,,,,,,,,,,,,,,,,,,,,,,,,,,,,,,,,,,,,,,,,,,,,,,,,,,,,,,,,,,,,,,,,,,,,,,,,,,,,,,,,,,,,,,,,,,,,,,,,,,,,,,,,,,,,,,,,,,,,,,,,,,,,,,,,,,,,,,,,,,,,,,,,,,,,,,,,,,,,,,,,,,,,,,,,,,,,,,,,,,,,,,,,,,,,,,,,,,,,,,,,,,,,,,,,,,,,,,,,,,,,,,,,,,,,,,,,,,,,,,,,,,,,,,,,,,,,,,,,,,,,,,,,,,,,,,,,,,,,,,,,,,,,,,,,,,,,,,,,,,,,,,,,,,,,,,,,,,,,,,,,,,,,,,,,,,,,,,,,,,,,,,,,,,,,,,,,,,,,,,,,,,,,,,,,,,,,,,,,,,,,,,,,,,,,,,,,,,,,,,,,,,,,,,,,,,,,,,,,,,,,,,,,,,,,,,,,,,,,,,,,,,,,,,,,,,,,,,,,,,,,,,,,,,,,,,,,,,,,,,,,,,,,,,,,,,,,,,,,,,,,,,,,,,,,,,,,,,,,,,,,,,,,,,,,,,,,,,,,,,,,,,,,,,,,,,,,,,,,,,,,,,,,,,,,,,,,,,,,,,,,,,,,,,,,,,,,,,,,,,,,,,,,,,,,,,,,,,,,,,,,,,,,,,,,,,,,,,,,,,,,,,,,,,,,,,,,,,,,,,,,,,,,,,,,,,,,,,,,,,,,,,,,,,,,,,,,,,,,,,,,,,,,,,,,,,,,,,,,,,,,,,,,,,,,,,,,,,,,,,,,,,,,,,,,,,,,,,,,,,,,,,,,,,,,,,,,,,,,,,,,,,,,,,,,,,,,,,,,,,,,,,,,,,,,,,,,,,,,,,,,,,,,,,,,,,,,,,,,,,,,,,,,,,,,,,,,,,,,,,,,,,,,,,,,,,,,,,,,,,,,,,,,,,,,,,,,,,,,,,,,,,,,,,,,,,,,,,,,,,,,,,,,,,,,,,,,,,,,,,,,,,,,,,,,,,,,,,,,,,,,,,
,,,,,,,,,,,,,,,,,,,,,,,,,,,,,,,,,,,,,,,,,,,,,,,,,,,,,,,,,,,,,,,,,,,,,,,,,,,,,,,,,,,,,,,,,,,,,,,,,,,,,,,,,,,,,,,,,,,,,,,,,,,,,,,,,,,,,,,,,,,,,,,,,,,,,,,,,,,,,,,,,,,,,,,,,,,,,,,,,,,,,,,,,,,,,,,,,,,,,,,,,,,,,,,,,,,,,,,,,,,,,,,,,,,,,,,,,,,,,,,,,,,,,,,,,,,,,,,,,,,,,,,,,,,,,,,,,,,,,,,,,,,,,,,,,,,,,,,,,,,,,,,,,,,,,,,,,,,,,,,,,,,,,,,,,,,,,,,,,,,,,,,,,,,,,,,,,,,,,,,,,,,,,,,,,,,,,,,,,,,,,,,,,,,,,,,,,,,,,,,,,,,,,,,,,,,,,,,,,,,,,,,,,,,,,,,,,,,,,,,,,,,,,,,,,,,,,,,,,,,,,,,,,,,,,,,,,,,,,,,,,,,,,,,,,,,,,,,,,,,,,,,,,,,,,,,,,,,,,,,,,,,,,,,,,,,,,,,,,,,,,,,,,,,,,,,,,,,,,,,,,,,,,,,,,,,,,,,,,,,,,,,,,,,,,,,,,,,,,,,,,,,,,,,,,,,,,,,,,,,,,,,,,,,,,,,,,,,,,,,,,,,,,,,,,,,,,,,,,,,,,,,,,,,,,,,,,,,,,,,,,,,,,,,,,,,,,,,,,,,,,,,,,,,,,,,,,,,,,,,,,,,,,,,,,,,,,,,,,,,,,,,,,,,,,,,,,,,,,,,,,,,,,,,,,,,,,,,,,,,,,,,,,,,,,,,,,,,,,,,,,,,,,,,,,,,,,,,,,,,,,,,,,,,,,,,,,,,,,,,,,,,,,,,,,,,,,,,,,,,,,,,,,,,,,,,,,,,,,,,,,,,,,,,,,,,,,,,,,,,,,,,,,,,,,,,,,,,,,,,,,,,,,,,,,,,,,,,,,,,,,,,,,,,,,,,,,,,,,,,,,,,,,,,,,,,,,,,,,,,,,,,,,,,,,,,,,,,,,,,,,,,,,,,,,,,,,,,,,,,,,,,,,,,,,,,,,,,,,,,,,,,,,,,,,,,,,,,,,,,,,,,,,,,,,,,,,,,,,,,,,,,,,,,,,,,,,,,,,,,,,,,,,,,,,,,,,,,,,,,,,,,,,,,,,,,,,,,,,,,,,,,,,,,,,,,,,,,,,,,,,,,,,,,,,,,,,,,,,,,,,,,,,,,,,,,,,,,,,,,,,,,,,,,,,,,,,,,,,,,,,,,,,,,,,,,,,,,,,,,,,,,,,,,,,,,,,,,,,,,,,,,,,,,,,,,,,,,,,,,,,,,,,,,,,,,,,,,,,,,,,,,,,,,,,,,,,,,,,,,,,,,,,,,,,,,,,,,,,,,,,,,,,,,,,,,,,,,,,,,,,,,,,,,,,,,,,,,,,,,,,,,,,,,,,,,,,,,,,,,,,,,,,,,,,,,,,,,,,,,,,,,,,,,,,,,,,,,,,,,,,,,,,,,,,,,,,,,,,,,,,,,,,,,,,,,,,,,,,,,,,,,,,,,,,,,,,,,,,,,,,,,,,,,,,,,,,,,,,,,,,,,,,,,,,,,,,,,,,,,,,,,,,,,,,,,,,,,,,,,,,,,,,,,,,,,,,,,,,,,,,,,,,,,,,,,,,,,,,,,,,,,,,,,,,,,,,,,,,,,,,,,,,,,,,,,,,,,,,,,,,,,,,,,,,,,,,,,,,,,,,,,,,,,,,,,,,,,,,,,,,,,,,,,,,,,,,,,,,,,,,,,,,,,,,,,,,,,,,,,,,,,,,,,,,,,,,,,,,,,,,,,,,,,,,,,,,,,,,,,,,,,,,,,,,,,,,,,,,,,,,,,,,,,,,,,,,,,,,,,,,,,,,,,,,,,,,,,,,,,,,,,,,,,,,,,,,,,,,,,,,,,,,,,,,,,,,,,,,,,,,,,,,,,,,,,,,,,,,,,,,,,,,,,,,,,,,,,,,,,,,,,,,,,,,,,,,,,,,,,,,,,,,,,,,,,,,,,,,,,,,,,,,,,,,,,,,,,,,,,,,,,,,,,,,,,,,,,,,,,,,,,,,,,,,,,,,,,,,,,,,,,,,,,,,,,,,,,,,,,,,,,,,,,,,,,,,,,,,,,,,,,,,,,
3537,3332,2458,2372,2310,2355,2444,2305,2255,2305,2444,2355,2310,2372,2458,3332,3837,3615,2623,2416,2251,2270,2282,2351,2282,2298,2336,2261,2264,2423,2499,3610,4050,3822,2722,2508,2342,2304,2277,2353,2257,2313,2356,2293,2240,2471,2753,3830,4237,4016,2865,2468,2336,2272,2172,2286,2320,2346,2270,2185,2375,2512,2890,4016,4069,3848,2730,2414,2337,2276,2311,2217,2227,2357,2246,2198,2316,2462,2737,3847,3746,3518,2510,2241,2211,2251,2288,2207,2165,2283,2292,2281,2235,2369,2468,3522,3429,3197,2301,2193,2039,2148,2222,2153,2212,2301,2271,2296,2216,2269,2298,3209,3078,2836,2190,2228,2173,2295,2318,2243,2262,2275,2265,2262,2133,2154,2192,2848,2774,2561,2214,2361,2289,2205,2333,2223,2201,2243,2370,2267,2174,2122,2283,2617,2994,2786,2516,2493,2438,2269,2564,2522,2383,2582,2618,2411,2320,2423,2416,2777,3765,3556,3314,3120,2961,3108,3534,3329,3240,3130,3243,3136,3089,3208,3356,3598,4278,4045,3960,3639,3655,3762,4138,4054,3952,4031,3949,3713,3574,3778,3968,4108,4345,4264,4169,4083,3894,3929,4291,4243,4167,4334,4218,3924,3821,3946,4214,4106,4426,4300,4117,4055,3802,3879,4114,4080,3993,4286,4139,3926,3796,3779,4146,4204,4751,4512,3835,3654,3380,3578,3788,3760,3683,3972,3781,3712,3514,3523,3770,4542,4706,4468,3455,3275,3012,3071,3312,3314,3311,3543,3467,3340,2978,3073,3543,4501,4361,4115,3211,3027,2932,2995,3056,3170,3270,3250,3195,3045,2938,3027,3284,4161,4421,4216,3431,3266,3212,3251,3328,3407,3482,3475,3282,3208,3182,3203,3331,4190,4412,4199,3404,3336,3234,3278,3346,3469,3531,3428,3296,3252,3230,3279,3319,4184,4238,4015,3228,3159,3082,3098,3235,3828,3923,3575,3075,2995,3010,3142,3146,4013,4605,4375,3304,2977,3033,2980,3424,4066,4191,3881,3222,3087,2986,3240,3221,4387,4679,4451,3240,3032,3155,3027,3283,3967,4108,3836,3325,3244,3031,3340,3347,4459,4459,4236,3205,3047,3121,3108,3194,3593,3696,3496,3177,3134,3006,3097,3122,4234,3968,3754,2950,2871,2990,3084,3092,3272,3314,2981,2930,2763,2894,2928,2934,3743,3658,3454,2866,2688,2854,2724,3020,3159,3324,3105,2722,2736,2844,2928,3007,3468,3797,3599,2757,2671,2793,2618,3064,3161,3330,3210,2808,2650,2780,2970,2937,3538,3805,3596,2764,2725,2751,2632,2790,2977,3191,3028,2805,2608,2667,2847,2776,3563,3528,3312,2701,2641,2622,2568,2883,2993,3005,2831,2743,2667,2554,2633,2653,3266,3325,3076,2701,2621,2577,2565,2854,2910,2898,2802,2756,2587,2594,2607,2757,3115,3514,3281,2656,2501,2536,2595,2705,2772,2795,2783,2613,2525,2513,2454,2664,3277,3432,3202,2460,2351,2444,2415,2616,2644,2574,2510,2417,2359,2390,2427,2521,3190,3312,3069,2446,2408,2452,2404,2592,2572,2582,2423,2371,2285,2313,2427,2383,3096,3126,2889,2529,2317,2405,2432,2460,2520,2659,2585,2349,2285,2333,2336,2597,2952,2983,2734,2427,2303,2461,2504,2471,2601,2749,2653,2413,2226,2358,2319,2533,2879,2945,2815,2398,2410,2471,2484,2399,2581,2581,2478,2404,2307,2327,2294,2413,2786,2965,2757,2397,2422,2443,2419,2376,2526,2583,2358,2424,2383,2340,2302,2408,2698,2935,2751,2436,2346,2417,2344,2335,2484,2612,2466,2421,2386,2301,2343,2386,2652,2894,2644,2497,2361,2416,2350,2363,2503,2553,2415,2332,2350,2391,2380,2444,2723,2850,2645,2366,2329,2351,2395,2385,2512,2484,2436,2416,2384,2435,2439,2366,2663,2904,2706,2363,2246,2325,2395,2446,2483,2496,2468,2375,2353,2369,2446,2331,2655,2898,2666,2357,2327,2364,2260,2462,2471,2505,2484,2227,2265,2237,2414,2502,2734,2740,2618,2371,2394,2482,2347,2451,2536,2742,2713,2427,2372,2328,2297,2531,2590,2856,2713,2425,2396,2386,2407,2321,2601,2788,2724,2482,2466,2389,2405,2509,2694,2911,2712,2387,2296,2414,2419,2355,2553,2619,2503,2405,2387,2441,2414,2452,2822,2821,2620,2253,2350,2340,2349,2399,2468,2434,2355,2426,2384,2388,2408,2383,2667,2770,2630,2400,2394,2383,2348,2361,2614,2634,2467,2495,2434,2309,2305,2378,2577,2754,2641,2348,2384,2328,2294,2239,2532,2563,2471,2347,2323,2361,2320,2435,2528,2835,2661,2204,2354,2245,2250,2333,2413,2454,2479,2439,2320,2349,2350,2364,2649,2854,2696,2458,2426,2334,2284,2344,2473,2532,2430,2379,2239,2292,2354,2389,2588,2991,2795,2518,2464,2411,2385,2402,2452,2572,2459,2382,2328,2434,2406,2362,2774,3561,3332,2344,2404,2399,2364,2382,2530,2620,2476,2441,2302,2413,2307,2381,3338,4198,3973,2795,2530,2327,2350,2301,2435,2519,2370,2358,2269,2402,2419,2840,3976,4351,4126,2969,2617,2472,2410,2356,2430,2568,2403,2396,2357,2334,2681,2983,4130,4141,3916,2769,2469,2445,2450,2465,2482,2654,2538,2388,2332,2377,2563,2747,3917,3474,3256,2385,2392,2431,2378,2466,2463,2454,2358,2309,2386,2362,2313,2293,3240,3074,2863,2428,2362,2321,2314,2330,2266,2464,2318,2321,2385,2349,2329,2398,2857,2701,2560,2383,2304,2332,2271,2324,2260,2427,2367,2377,2415,2328,2359,2390,2544,2746,2550,2403,2363,2252,2363,2463,2306,2434,2388,2466,2438,2340,2363,2336,2597,2667,2510,2402,2394,2372,2244,2357,2378,2431,2481,2456,2343,2303,2375,2361,2548,3055,2823,2438,2315,2450,2454,2428,2551,2776,2763,2509,2359,2163,2343,2498,2841,3327,3111,2431,2344,2490,2577,2492,2550,2768,2777,2526,2278,2258,2372,2463,3085,4053,3831,2675,2514,2418,2480,2605,2567,2578,2562,2502,2370,2312,2665,2773,3832,4550,4331,3218,2842,2635,2576,2780,2937,2964,2767,2680,2681,2670,2976,3240,4328,4674,4455,3335,3083,2760,2664,2974,3325,3398,3175,2940,2834,2828,3043,3316,4449,4502,4284,3179,3034,2691,2751,3079,3467,3521,3239,3031,2839,2766,2830,3102,4271,4033,3828,2832,2803,2658,2606,2888,3299,3336,3027,2863,2786,2677,2687,2939,3814,3818,3608,2685,2497,2500,2477,2630,2915,2970,2672,2628,2657,2511,2439,2652,3590,3560,3343,2521,2379,2495,2491,2563,2795,2831,2581,2320,2463,2546,2402,2335,3336,3507,3279,2363,2377,2447,2329,2481,2659,2679,2439,2338,2519,2597,2510,2515,3294,3389,3170,2349,2318,2328,2373,2444,2485,2539,2384,2402,2398,2516,2536,2445,3146,3199,2980,2304,2280,2335,2347,2449,2348,2449,2379,2411,2435,2449,2380,2240,2975,3129,2901,2314,2389,2383,2463,2420,2482,2482,2286,2330,2267,2363,2220,2259,2916,3060,2815,2399,2364,2319,2402,2546,2587,2572,2513,2452,2351,2309,2321,2400,2890,3155,2938,2503,2443,2285,2439,2587,2643,2633,2508,2387,2321,2342,2453,2580,2933,3141,2933,2506,2427,2434,2491,2627,2603,2604,2474,2415,2421,2395,2469,2592,2959,3157,2945,2470,2428,2442,2484,2548,2513,2617,2490,2468,2417,2432,2504,2595,2968,3372,3140,2535,2506,2550,2490,2494,2576,2662,2622,2516,2402,2345,2524,2548,3183,3580,3359,2529,2482,2520,2519,2397,2494,2568,2481,2348,2385,2349,2502,2327,3354,3533,3316,2473,2391,2445,2390,2310,2385,2469,2324,2378,2393,2424,2441,2428,3302,3342,3163,2654,2510,2379,2373,2436,2518,2565,2455,2450,2266,2336,2423,2418,3105,3493,3279,3036,2812,2555,2614,2755,2792,2817,2896,2908,2686,2497,2587,2576,3268,3612,3394,3147,2980,2711,2793,2915,2891,2987,3105,3048,2797,2555,2613,2722,3372,3527,3313,2991,2873,2664,2749,2862,2850,2904,3022,2916,2770,2657,2616,2713,3258,3417,3200,2766,2647,2524,2650,2727,2775,2687,2813,2728,2638,2589,2657,2721,3203,3190,3015,2602,2468,2476,2602,2598,2583,2673,2594,2414,2346,2480,2581,2563,2979,3192,3007,2601,2515,2524,2563,2608,2731,2777,2568,2466,2499,2514,2636,2656,3034,3269,2994,2562,2474,2526,2543,2683,2745,2719,2533,2508,2417,2432,2588,2722,3069,3144,2870,2455,2417,2395,2375,2581,2560,2599,2402,2379,2318,2308,2403,2611,2982,3328,3091,2386,2405,2424,2380,2426,2583,2690,2526,2396,2400,2380,2379,2427,3107,3568,3336,2420,2386,2472,2399,2495,2954,3058,2758,2416,2443,2303,2408,2338,3337,3615,3388,2379,2368,2457,2406,2514,3057,3139,2811,2392,2371,2360,2332,2481,3391,3385,3164,2390,2405,2405,2365,2474,2826,2893,2610,2351,2361,2282,2322,2440,3163,3002,2770,2270,2251,2321,2419,2466,2689,2878,2746,2445,2351,2369,2395,2390,2778,3003,2718,2383,2231,2322,2424,2479,2687,3078,3010,2591,2370,2348,2385,2335,2836,3161,2938,2383,2174,2209,2305,2394,2539,2999,2932,2552,2355,2366,2361,2372,2944,2991,2721,2454,2290,2242,2369,2376,2472,2636,2533,2352,2430,2439,2417,2377,2792,3138,2943,2467,2351,2335,2382,2427,2606,2663,2507,2250,2258,2231,2332,2296,2906,3326,3103,2330,2340,2281,2407,2444,2674,2755,2639,2309,2303,2283,2250,2306,3105,3274,3064,2320,2340,2317,2241,2415,2706,2709,2528,2354,2392,2324,2240,2305,3033,3087,2878,2406,2349,2304,2239,2285,2488,2488,2340,2411,2379,2386,2364,2357,2876,2940,2720,2374,2224,2274,2271,2239,2316,2418,2316,2387,2326,2353,2337,2380,2753,2882,2657,2309,2366,2294,2364,2364,2371,2389,2399,2416,2333,2390,2287,2314,2632,3212,2995,2295,2230,2297,2347,2314,2358,2380,2364,2267,2297,2370,2305,2352,3013,3272,3052,2265,2224,2232,2323,2292,2333,2366,2273,2341,2225,2295,2341,2443,3056,2880,2660,2294,2279,2266,2231,2343,2321,2257,2241,2316,2319,2298,2267,2237,2618,3689,3471,2483,2315,2224,2232,2344,2400,2276,2338,2393,2354,2273,2255,2478,3467,4106,3885,2834,2433,2310,2390,2335,2396,2526,2478,2424,2358,2316,2435,2796,3882,4100,3877,2860,2644,2456,2430,2434,2635,2721,2584,2524,2537,2437,2428,2850,3877,3665,3464,2740,2472,2395,2423,2420,2586,2623,2568,2478,2502,2379,2370,2614,3440,3829,3601,2547,2399,2385,2453,2346,2377,2480,2484,2310,2383,2382,2368,2540,3607,3881,3652,2527,2364,2272,2416,2340,2485,2571,2521,2441,2416,2445,2398,2648,3665,3733,3505,2516,2396,2351,2343,2281,2481,2602,2560,2375,2413,2463,2402,2596,3520,3557,3327,2407,2383,2308,2279,2264,2374,2536,2542,2197,2203,2317,2443,2470,3339,3321,3090,2358,2346,2322,2337,2328,2417,2461,2392,2214,2293,2256,2378,2338,3109,3238,3007,2331,2294,2273,2308,2397,2440,2314,2312,2207,2300,2331,2279,2409,3029,3034,2804,2238,2295,2302,2351,2404,2450,2451,2361,2315,2364,2281,2342,2299,2817,2836,2648,2274,2247,2290,2278,2289,2394,2378,2303,2249,2281,2273,2319,2301,2674,2826,2603,2263,2266,2375,2342,2259,2277,2346,2320,2268,2210,2280,2306,2305,2659,2910,2655,2283,2138,2263,2373,2253,2291,2291,2300,2248,2308,2259,2263,2273,2690,2969,2711,2336,2262,2193,2272,2178,2172,2233,2257,2366,2301,2139,2198,2176,2726,3048,2799,2339,2220,2187,2237,2195,2272,2291,2236,2249,2171,2230,2283,2249,2821,3325,3098,2185,2110,2183,2205,2206,2283,2365,2217,2232,2180,2189,2229,2203,3090,3334,3107,2139,2126,2174,2059,2091,2253,2309,2183,2087,2156,2157,2136,2133,3103,3283,3065,2142,2145,2099,2055,2117,2187,2192,2139,2127,2147,2142,2116,2040,3052,3410,3186,2070,2136,2107,2121,2015,2073,2044,2115,2050,2054,1956,2014,1930,3180,3303,3082,2083,2097,2028,2127,2170,2035,1973,2110,2090,2078,2067,1984,2111,3078,3073,2847,1979,2110,2090,2086,1994,2030,1948,1971,2089,1923,2022,1999,2161,2858,2819,2526,2152,2191,2114,1991,1921,2137,2235,2149,2000,2007,2110,2218,2115,2613
,,,,,,,,,,,,,,,,,,,,,,,,,,,,,,,,,,,,,,,,,,,,,,,,,,,,,,,,,,,,,,,,,,,,,,,,,,,,,,,,,,,,,,,,,,,,,,,,,,,,,,,,,,,,,,,,,,,,,,,,,,,,,,,,,,,,,,,,,,,,,,,,,,,,,,,,,,,,,,,,,,,,,,,,,,,,,,,,,,,,,,,,,,,,,,,,,,,,,,,,,,,,,,,,,,,,,,,,,,,,,,,,,,,,,,,,,,,,,,,,,,,,,,,,,,,,,,,,,,,,,,,,,,,,,,,,,,,,,,,,,,,,,,,,,,,,,,,,,,,,,,,,,,,,,,,,,,,,,,,,,,,,,,,,,,,,,,,,,,,,,,,,,,,,,,,,,,,,,,,,,,,,,,,,,,,,,,,,,,,,,,,,,,,,,,,,,,,,,,,,,,,,,,,,,,,,,,,,,,,,,,,,,,,,,,,,,,,,,,,,,,,,,,,,,,,,,,,,,,,,,,,,,,,,,,,,,,,,,,,,,,,,,,,,,,,,,,,,,,,,,,,,,,,,,,,,,,,,,,,,,,,,,,,,,,,,,,,,,,,,,,,,,,,,,,,,,,,,,,,,,,,,,,,,,,,,,,,,,,,,,,,,,,,,,,,,,,,,,,,,,,,,,,,,,,,,,,,,,,,,,,,,,,,,,,,,,,,,,,,,,,,,,,,,,,,,,,,,,,,,,,,,,,,,,,,,,,,,,,,,,,,,,,,,,,,,,,,,,,,,,,,,,,,,,,,,,,,,,,,,,,,,,,,,,,,,,,,,,,,,,,,,,,,,,,,,,,,,,,,,,,,,,,,,,,,,,,,,,,,,,,,,,,,,,,,,,,,,,,,,,,,,,,,,,,,,,,,,,,,,,,,,,,,,,,,,,,,,,,,,,,,,,,,,,,,,,,,,,,,,,,,,,,,,,,,,,,,,,,,,,,,,,,,,,,,,,,,,,,,,,,,,,,,,,,,,,,,,,,,,,,,,,,,,,,,,,,,,,,,,,,,,,,,,,,,,,,,,,,,,,,,,,,,,,,,,,,,,,,,,,,,,,,,,,,,,,,,,,,,,,,,,,,,,,,,,,,,,,,,,,,,,,,,,,,,,,,,,,,,,,,,,,,,,,,,,,,,,,,,,,,,,,,,,,,,,,,,,,,,,,,,,,,,,,,,,,,,,,,,,,,,,,,,,,,,,,,,,,,,,,,,,,,,,,,,,,,,,,,,,,,,,,,,,,,,,,,,,,,,,,,,,,,,,,,,,,,,,,,,,,,,,,,,,,,,,,,,,,,,,,,,,,,,,,,,,,,,,,,,,,,,,,,,,,,,,,,,,,,,,,,,,,,,,,,,,,,,,,,,,,,,,,,,,,,,,,,,,,,,,,,,,,,,,,,,,,,,,,,,,,,,,,,,,,,,,,,,,,,,,,,,,,,,,,,,,,,,,,,,,,,,,,,,,,,,,,,,,,,,,,,,,,,,,,,,,,,,,,,,,,,,,,,,,,,,,,,,,,,,,,,,,,,,,,,,,,,,,,,,,,,,,,,,,,,,,,,,,,,,,,,,,,,,,,,,,,,,,,,,,,,,,,,,,,,,,,,,,,,,,,,,,,,,,,,,,,,,,,,,,,,,,,,,,,,,,,,,,,,,,,,,,,,,,,,,,,,,,,,,,,,,,,,,,,,,,,,,,,,,,,,,,,,,,,,,,,,,,,,,,,,,,,,,,,,,,,,,,,,,,,,,,,,,,,,,,,,,,,,,,,,,,,,,,,,,,,,,,,,,,,,,,,,,,,,,,,,,,,,,,,,,,,,,,,,,,,,,,,,,,,,,,,,,,,,,,,,,,,,,,,,,,,,,,,,,,,,,,,,,,,,,,,,,,,,,,,,,,,,,,,,,,,,,,,,,,,,,,,,,,,,,,,,,,,,,,,,,,,,,,,,,,,,,,,,,,,,,,,,,,,,,,,,,,,,,,,,,,,,,,,,,,,,,,,,,,,,,,,,,,,,,,,,,,,,,,,,,,,,,,,,,,,,,,,,,,,,,,,,,,,,,,,,,,,,,,,,,,,,,,,,,,,,,,,,,,,,,,,,,,,,,,,,,,,,,,,,,,,,,,,,,,,,,,,,,,,,,,,,,,,,,,,,,,,,,,,,,,,,,,,,,,,,,,,,,,,,,,,,,,,,,,,,,,,,,,,,,,,,,,,,,,,,,,,,,,,,,,,,,,,,,,,,,
,,,,,,,,,,,,,,,,,,,,,,,,,,,,,,,,,,,,,,,,,,,,,,,,,,,,,,,,,,,,,,,,,,,,,,,,,,,,,,,,,,,,,,,,,,,,,,,,,,,,,,,,,,,,,,,,,,,,,,,,,,,,,,,,,,,,,,,,,,,,,,,,,,,,,,,,,,,,,,,,,,,,,,,,,,,,,,,,,,,,,,,,,,,,,,,,,,,,,,,,,,,,,,,,,,,,,,,,,,,,,,,,,,,,,,,,,,,,,,,,,,,,,,,,,,,,,,,,,,,,,,,,,,,,,,,,,,,,,,,,,,,,,,,,,,,,,,,,,,,,,,,,,,,,,,,,,,,,,,,,,,,,,,,,,,,,,,,,,,,,,,,,,,,,,,,,,,,,,,,,,,,,,,,,,,,,,,,,,,,,,,,,,,,,,,,,,,,,,,,,,,,,,,,,,,,,,,,,,,,,,,,,,,,,,,,,,,,,,,,,,,,,,,,,,,,,,,,,,,,,,,,,,,,,,,,,,,,,,,,,,,,,,,,,,,,,,,,,,,,,,,,,,,,,,,,,,,,,,,,,,,,,,,,,,,,,,,,,,,,,,,,,,,,,,,,,,,,,,,,,,,,,,,,,,,,,,,,,,,,,,,,,,,,,,,,,,,,,,,,,,,,,,,,,,,,,,,,,,,,,,,,,,,,,,,,,,,,,,,,,,,,,,,,,,,,,,,,,,,,,,,,,,,,,,,,,,,,,,,,,,,,,,,,,,,,,,,,,,,,,,,,,,,,,,,,,,,,,,,,,,,,,,,,,,,,,,,,,,,,,,,,,,,,,,,,,,,,,,,,,,,,,,,,,,,,,,,,,,,,,,,,,,,,,,,,,,,,,,,,,,,,,,,,,,,,,,,,,,,,,,,,,,,,,,,,,,,,,,,,,,,,,,,,,,,,,,,,,,,,,,,,,,,,,,,,,,,,,,,,,,,,,,,,,,,,,,,,,,,,,,,,,,,,,,,,,,,,,,,,,,,,,,,,,,,,,,,,,,,,,,,,,,,,,,,,,,,,,,,,,,,,,,,,,,,,,,,,,,,,,,,,,,,,,,,,,,,,,,,,,,,,,,,,,,,,,,,,,,,,,,,,,,,,,,,,,,,,,,,,,,,,,,,,,,,,,,,,,,,,,,,,,,,,,,,,,,,,,,,,,,,,,,,,,,,,,,,,,,,,,,,,,,,,,,,,,,,,,,,,,,,,,,,,,,,,,,,,,,,,,,,,,,,,,,,,,,,,,,,,,,,,,,,,,,,,,,,,,,,,,,,,,,,,,,,,,,,,,,,,,,,,,,,,,,,,,,,,,,,,,,,,,,,,,,,,,,,,,,,,,,,,,,,,,,,,,,,,,,,,,,,,,,,,,,,,,,,,,,,,,,,,,,,,,,,,,,,,,,,,,,,,,,,,,,,,,,,,,,,,,,,,,,,,,,,,,,,,,,,,,,,,,,,,,,,,,,,,,,,,,,,,,,,,,,,,,,,,,,,,,,,,,,,,,,,,,,,,,,,,,,,,,,,,,,,,,,,,,,,,,,,,,,,,,,,,,,,,,,,,,,,,,,,,,,,,,,,,,,,,,,,,,,,,,,,,,,,,,,,,,,,,,,,,,,,,,,,,,,,,,,,,,,,,,,,,,,,,,,,,,,,,,,,,,,,,,,,,,,,,,,,,,,,,,,,,,,,,,,,,,,,,,,,,,,,,,,,,,,,,,,,,,,,,,,,,,,,,,,,,,,,,,,,,,,,,,,,,,,,,,,,,,,,,,,,,,,,,,,,,,,,,,,,,,,,,,,,,,,,,,,,,,,,,,,,,,,,,,,,,,,,,,,,,,,,,,,,,,,,,,,,,,,,,,,,,,,,,,,,,,,,,,,,,,,,,,,,,,,,,,,,,,,,,,,,,,,,,,,,,,,,,,,,,,,,,,,,,,,,,,,,,,,,,,,,,,,,,,,,,,,,,,,,,,,,,,,,,,,,,,,,,,,,,,,,,,,,,,,,,,,,,,,,,,,,,,,,,,,,,,,,,,,,,,,,,,,,,,,,,,,,,,,,,,,,,,,,,,,,,,,,,,,,,,,,,,,,,,,,,,,,,,,,,,,,,,,,,,,,,,,,,,,,,,,,,,,,,,,,,,,,,,,,,,,,,,,,,,,,,,,,,,,,,,,,,,,,,,,,,,,,,,,,,,,,,,,,,,,,,,,,,,,,,,,,,,,,,,,,,,,,,,,,,
,,,,,,,,,,,,,,,,,,,,,,,,,,,,,,,,,,,,,,,,,,,,,,,,,,,,,,,,,,,,,,,,,,,,,,,,,,,,,,,,,,,,,,,,,,,,,,,,,,,,,,,,,,,,,,,,,,,,,,,,,,,,,,,,,,,,,,,,,,,,,,,,,,,,,,,,,,,,,,,,,,,,,,,,,,,,,,,,,,,,,,,,,,,,,,,,,,,,,,,,,,,,,,,,,,,,,,,,,,,,,,,,,,,,,,,,,,,,,,,,,,,,,,,,,,,,,,,,,,,,,,,,,,,,,,,,,,,,,,,,,,,,,,,,,,,,,,,,,,,,,,,,,,,,,,,,,,,,,,,,,,,,,,,,,,,,,,,,,,,,,,,,,,,,,,,,,,,,,,,,,,,,,,,,,,,,,,,,,,,,,,,,,,,,,,,,,,,,,,,,,,,,,,,,,,,,,,,,,,,,,,,,,,,,,,,,,,,,,,,,,,,,,,,,,,,,,,,,,,,,,,,,,,,,,,,,,,,,,,,,,,,,,,,,,,,,,,,,,,,,,,,,,,,,,,,,,,,,,,,,,,,,,,,,,,,,,,,,,,,,,,,,,,,,,,,,,,,,,,,,,,,,,,,,,,,,,,,,,,,,,,,,,,,,,,,,,,,,,,,,,,,,,,,,,,,,,,,,,,,,,,,,,,,,,,,,,,,,,,,,,,,,,,,,,,,,,,,,,,,,,,,,,,,,,,,,,,,,,,,,,,,,,,,,,,,,,,,,,,,,,,,,,,,,,,,,,,,,,,,,,,,,,,,,,,,,,,,,,,,,,,,,,,,,,,,,,,,,,,,,,,,,,,,,,,,,,,,,,,,,,,,,,,,,,,,,,,,,,,,,,,,,,,,,,,,,,,,,,,,,,,,,,,,,,,,,,,,,,,,,,,,,,,,,,,,,,,,,,,,,,,,,,,,,,,,,,,,,,,,,,,,,,,,,,,,,,,,,,,,,,,,,,,,,,,,,,,,,,,,,,,,,,,,,,,,,,,,,,,,,,,,,,,,,,,,,,,,,,,,,,,,,,,,,,,,,,,,,,,,,,,,,,,,,,,,,,,,,,,,,,,,,,,,,,,,,,,,,,,,,,,,,,,,,,,,,,,,,,,,,,,,,,,,,,,,,,,,,,,,,,,,,,,,,,,,,,,,,,,,,,,,,,,,,,,,,,,,,,,,,,,,,,,,,,,,,,,,,,,,,,,,,,,,,,,,,,,,,,,,,,,,,,,,,,,,,,,,,,,,,,,,,,,,,,,,,,,,,,,,,,,,,,,,,,,,,,,,,,,,,,,,,,,,,,,,,,,,,,,,,,,,,,,,,,,,,,,,,,,,,,,,,,,,,,,,,,,,,,,,,,,,,,,,,,,,,,,,,,,,,,,,,,,,,,,,,,,,,,,,,,,,,,,,,,,,,,,,,,,,,,,,,,,,,,,,,,,,,,,,,,,,,,,,,,,,,,,,,,,,,,,,,,,,,,,,,,,,,,,,,,,,,,,,,,,,,,,,,,,,,,,,,,,,,,,,,,,,,,,,,,,,,,,,,,,,,,,,,,,,,,,,,,,,,,,,,,,,,,,,,,,,,,,,,,,,,,,,,,,,,,,,,,,,,,,,,,,,,,,,,,,,,,,,,,,,,,,,,,,,,,,,,,,,,,,,,,,,,,,,,,,,,,,,,,,,,,,,,,,,,,,,,,,,,,,,,,,,,,,,,,,,,,,,,,,,,,,,,,,,,,,,,,,,,,,,,,,,,,,,,,,,,,,,,,,,,,,,,,,,,,,,,,,,,,,,,,,,,,,,,,,,,,,,,,,,,,,,,,,,,,,,,,,,,,,,,,,,,,,,,,,,,,,,,,,,,,,,,,,,,,,,,,,,,,,,,,,,,,,,,,,,,,,,,,,,,,,,,,,,,,,,,,,,,,,,,,,,,,,,,,,,,,,,,,,,,,,,,,,,,,,,,,,,,,,,,,,,,,,,,,,,,,,,,,,,,,,,,,,,,,,,,,,,,,,,,,,,,,,,,,,,,,,,,,,,,,,,,,,,,,,,,,,,,,,,,,,,,,,,,,,,,,,,,,,,,,,,,,,,,,,,,,,,,,,,,,,,,,,,,,,,,,,,,,,,,,,,,,,,,,,,,,,,,,,,,,,,,,,,,,,,,,,,,,,,,,,,,,,,,,,,,,,,,,,,,,,,,,,,,,,,,,,,,,,,,,,,,,,,,,,,,,,,
,,,,,,,,,,,,,,,,,,,,,,,,,,,,,,,,,,,,,,,,,,,,,,,,,,,,,,,,,,,,,,,,,,,,,,,,,,,,,,,,,,,,,,,,,,,,,,,,,,,,,,,,,,,,,,,,,,,,,,,,,,,,,,,,,,,,,,,,,,,,,,,,,,,,,,,,,,,,,,,,,,,,,,,,,,,,,,,,,,,,,,,,,,,,,,,,,,,,,,,,,,,,,,,,,,,,,,,,,,,,,,,,,,,,,,,,,,,,,,,,,,,,,,,,,,,,,,,,,,,,,,,,,,,,,,,,,,,,,,,,,,,,,,,,,,,,,,,,,,,,,,,,,,,,,,,,,,,,,,,,,,,,,,,,,,,,,,,,,,,,,,,,,,,,,,,,,,,,,,,,,,,,,,,,,,,,,,,,,,,,,,,,,,,,,,,,,,,,,,,,,,,,,,,,,,,,,,,,,,,,,,,,,,,,,,,,,,,,,,,,,,,,,,,,,,,,,,,,,,,,,,,,,,,,,,,,,,,,,,,,,,,,,,,,,,,,,,,,,,,,,,,,,,,,,,,,,,,,,,,,,,,,,,,,,,,,,,,,,,,,,,,,,,,,,,,,,,,,,,,,,,,,,,,,,,,,,,,,,,,,,,,,,,,,,,,,,,,,,,,,,,,,,,,,,,,,,,,,,,,,,,,,,,,,,,,,,,,,,,,,,,,,,,,,,,,,,,,,,,,,,,,,,,,,,,,,,,,,,,,,,,,,,,,,,,,,,,,,,,,,,,,,,,,,,,,,,,,,,,,,,,,,,,,,,,,,,,,,,,,,,,,,,,,,,,,,,,,,,,,,,,,,,,,,,,,,,,,,,,,,,,,,,,,,,,,,,,,,,,,,,,,,,,,,,,,,,,,,,,,,,,,,,,,,,,,,,,,,,,,,,,,,,,,,,,,,,,,,,,,,,,,,,,,,,,,,,,,,,,,,,,,,,,,,,,,,,,,,,,,,,,,,,,,,,,,,,,,,,,,,,,,,,,,,,,,,,,,,,,,,,,,,,,,,,,,,,,,,,,,,,,,,,,,,,,,,,,,,,,,,,,,,,,,,,,,,,,,,,,,,,,,,,,,,,,,,,,,,,,,,,,,,,,,,,,,,,,,,,,,,,,,,,,,,,,,,,,,,,,,,,,,,,,,,,,,,,,,,,,,,,,,,,,,,,,,,,,,,,,,,,,,,,,,,,,,,,,,,,,,,,,,,,,,,,,,,,,,,,,,,,,,,,,,,,,,,,,,,,,,,,,,,,,,,,,,,,,,,,,,,,,,,,,,,,,,,,,,,,,,,,,,,,,,,,,,,,,,,,,,,,,,,,,,,,,,,,,,,,,,,,,,,,,,,,,,,,,,,,,,,,,,,,,,,,,,,,,,,,,,,,,,,,,,,,,,,,,,,,,,,,,,,,,,,,,,,,,,,,,,,,,,,,,,,,,,,,,,,,,,,,,,,,,,,,,,,,,,,,,,,,,,,,,,,,,,,,,,,,,,,,,,,,,,,,,,,,,,,,,,,,,,,,,,,,,,,,,,,,,,,,,,,,,,,,,,,,,,,,,,,,,,,,,,,,,,,,,,,,,,,,,,,,,,,,,,,,,,,,,,,,,,,,,,,,,,,,,,,,,,,,,,,,,,,,,,,,,,,,,,,,,,,,,,,,,,,,,,,,,,,,,,,,,,,,,,,,,,,,,,,,,,,,,,,,,,,,,,,,,,,,,,,,,,,,,,,,,,,,,,,,,,,,,,,,,,,,,,,,,,,,,,,,,,,,,,,,,,,,,,,,,,,,,,,,,,,,,,,,,,,,,,,,,,,,,,,,,,,,,,,,,,,,,,,,,,,,,,,,,,,,,,,,,,,,,,,,,,,,,,,,,,,,,,,,,,,,,,,,,,,,,,,,,,,,,,,,,,,,,,,,,,,,,,,,,,,,,,,,,,,,,,,,,,,,,,,,,,,,,,,,,,,,,,,,,,,,,,,,,,,,,,,,,,,,,,,,,,,,,,,,,,,,,,,,,,,,,,,,,,,,,,,,,,,,,,,,,,,,,,,,,,,,,,,,,,,,,,,,,,,,,,,,,,,,,,,,,,,,,,,,,,,,,,,,,,,,,,,,,,,,,,,,,,,,,,,,,,,,,,,,,,,,,,,,,,,,,,,,,,,,,,,,,,,,,,,,,,,,,,,,,,,,,,,,,,,,,,,,,,,,,,,,,,,,,,,,,,,,,,,,,,,,,,
,,,,,,,,,,,,,,,,,,,,,,,,,,,,,,,,,,,,,,,,,,,,,,,,,,,,,,,,,,,,,,,,,,,,,,,,,,,,,,,,,,,,,,,,,,,,,,,,,,,,,,,,,,,,,,,,,,,,,,,,,,,,,,,,,,,,,,,,,,,,,,,,,,,,,,,,,,,,,,,,,,,,,,,,,,,,,,,,,,,,,,,,,,,,,,,,,,,,,,,,,,,,,,,,,,,,,,,,,,,,,,,,,,,,,,,,,,,,,,,,,,,,,,,,,,,,,,,,,,,,,,,,,,,,,,,,,,,,,,,,,,,,,,,,,,,,,,,,,,,,,,,,,,,,,,,,,,,,,,,,,,,,,,,,,,,,,,,,,,,,,,,,,,,,,,,,,,,,,,,,,,,,,,,,,,,,,,,,,,,,,,,,,,,,,,,,,,,,,,,,,,,,,,,,,,,,,,,,,,,,,,,,,,,,,,,,,,,,,,,,,,,,,,,,,,,,,,,,,,,,,,,,,,,,,,,,,,,,,,,,,,,,,,,,,,,,,,,,,,,,,,,,,,,,,,,,,,,,,,,,,,,,,,,,,,,,,,,,,,,,,,,,,,,,,,,,,,,,,,,,,,,,,,,,,,,,,,,,,,,,,,,,,,,,,,,,,,,,,,,,,,,,,,,,,,,,,,,,,,,,,,,,,,,,,,,,,,,,,,,,,,,,,,,,,,,,,,,,,,,,,,,,,,,,,,,,,,,,,,,,,,,,,,,,,,,,,,,,,,,,,,,,,,,,,,,,,,,,,,,,,,,,,,,,,,,,,,,,,,,,,,,,,,,,,,,,,,,,,,,,,,,,,,,,,,,,,,,,,,,,,,,,,,,,,,,,,,,,,,,,,,,,,,,,,,,,,,,,,,,,,,,,,,,,,,,,,,,,,,,,,,,,,,,,,,,,,,,,,,,,,,,,,,,,,,,,,,,,,,,,,,,,,,,,,,,,,,,,,,,,,,,,,,,,,,,,,,,,,,,,,,,,,,,,,,,,,,,,,,,,,,,,,,,,,,,,,,,,,,,,,,,,,,,,,,,,,,,,,,,,,,,,,,,,,,,,,,,,,,,,,,,,,,,,,,,,,,,,,,,,,,,,,,,,,,,,,,,,,,,,,,,,,,,,,,,,,,,,,,,,,,,,,,,,,,,,,,,,,,,,,,,,,,,,,,,,,,,,,,,,,,,,,,,,,,,,,,,,,,,,,,,,,,,,,,,,,,,,,,,,,,,,,,,,,,,,,,,,,,,,,,,,,,,,,,,,,,,,,,,,,,,,,,,,,,,,,,,,,,,,,,,,,,,,,,,,,,,,,,,,,,,,,,,,,,,,,,,,,,,,,,,,,,,,,,,,,,,,,,,,,,,,,,,,,,,,,,,,,,,,,,,,,,,,,,,,,,,,,,,,,,,,,,,,,,,,,,,,,,,,,,,,,,,,,,,,,,,,,,,,,,,,,,,,,,,,,,,,,,,,,,,,,,,,,,,,,,,,,,,,,,,,,,,,,,,,,,,,,,,,,,,,,,,,,,,,,,,,,,,,,,,,,,,,,,,,,,,,,,,,,,,,,,,,,,,,,,,,,,,,,,,,,,,,,,,,,,,,,,,,,,,,,,,,,,,,,,,,,,,,,,,,,,,,,,,,,,,,,,,,,,,,,,,,,,,,,,,,,,,,,,,,,,,,,,,,,,,,,,,,,,,,,,,,,,,,,,,,,,,,,,,,,,,,,,,,,,,,,,,,,,,,,,,,,,,,,,,,,,,,,,,,,,,,,,,,,,,,,,,,,,,,,,,,,,,,,,,,,,,,,,,,,,,,,,,,,,,,,,,,,,,,,,,,,,,,,,,,,,,,,,,,,,,,,,,,,,,,,,,,,,,,,,,,,,,,,,,,,,,,,,,,,,,,,,,,,,,,,,,,,,,,,,,,,,,,,,,,,,,,,,,,,,,,,,,,,,,,,,,,,,,,,,,,,,,,,,,,,,,,,,,,,,,,,,,,,,,,,,,,,,,,,,,,,,,,,,,,,,,,,,,,,,,,,,,,,,,,,,,,,,,,,,,,,,,,,,,,,,,,,,,,,,,,,,,,,,,,,,,,,,,,,,,,,,,,,,,,,,,,,,,,,,,,,,,,,,,,,,,,,,,,,,,,,,,,,,,,,,,,,,,,,,,,,,,,,,,,,,,,,,,,,,,,,,,,,,,,,,,,,,,,,,,,,,,,,,,,,,,,,,,,,,,
3539,3342,2498,2378,2326,2415,2343,2288,2046,2288,2343,2415,2326,2378,2498,3342,3835,3614,2601,2368,2258,2407,2275,2362,2249,2270,2312,2328,2270,2437,2517,3609,4057,3835,2772,2389,2257,2323,2269,2263,2193,2176,2251,2310,2228,2470,2729,3835,4238,4017,2910,2479,2330,2299,2192,2177,2224,2232,2215,2214,2337,2541,2896,4018,4067,3846,2736,2378,2296,2333,2128,2221,2240,2211,2213,2291,2198,2434,2724,3847,3741,3519,2497,2259,2258,2331,2194,2158,2269,2309,2187,2153,2299,2292,2470,3513,3414,3192,2288,2155,2203,2221,2288,2296,2294,2182,2104,2038,2151,2235,2217,3179,3067,2831,2259,2148,2144,2312,2316,2295,2206,2176,2127,2232,2147,2224,2273,2850,2821,2706,2279,2360,2360,2294,2244,2220,2291,2268,2344,2302,2334,2227,2268,2632,2863,2711,2370,2297,2391,2299,2472,2514,2413,2590,2691,2532,2538,2499,2335,2671,3735,3547,3172,3096,3303,3319,3403,3463,3554,3511,3472,3313,3380,3341,3296,3524,4251,4031,3799,3745,3927,3751,3957,4037,4016,4078,4145,4007,4029,3928,3517,4098,4335,4241,4007,3952,4094,3761,4144,4063,4214,4201,4350,4243,4234,4068,3783,4150,4447,4300,4004,3920,3924,3740,3959,4064,4083,4089,4228,4151,4110,3816,3720,4215,4747,4527,3755,3608,3509,3457,3541,3784,3761,3869,3842,3789,3698,3531,3322,4512,4699,4474,3443,3202,3212,3006,3262,3379,3325,3468,3399,3398,3335,3310,3358,4475,4350,4132,3208,3002,2999,3046,2975,3201,3224,3223,3183,2969,2915,2999,3164,4123,4417,4190,3343,3325,3341,3183,3098,3370,3562,3508,3276,3158,3062,3166,3373,4200,4413,4191,3309,3333,3344,3198,3203,3487,3606,3550,3294,3277,3213,3162,3421,4196,4251,4060,3155,3368,3362,3361,3306,3806,3782,3254,3242,3227,3205,3033,3174,4027,4624,4417,3374,3572,3578,3558,3368,4018,4083,3786,3481,3330,3432,3088,3389,4399,4694,4482,3434,3535,3460,3386,3311,3943,4090,3892,3413,3294,3439,3259,3548,4469,4474,4258,3249,3309,3216,3180,3142,3655,3842,3685,3172,2999,3151,3139,3379,4249,3997,3789,2917,2990,2969,2951,3065,3318,3464,3254,3013,2853,2891,2909,2974,3779,3692,3463,2792,2775,2833,2829,2916,3128,3271,3183,2973,2867,2853,2848,2888,3492,3786,3562,2867,2605,2768,2779,2836,3107,3307,3257,2982,2872,2886,2914,2932,3563,3793,3580,2782,2520,2631,2652,2676,3008,3165,3111,2872,2708,2741,2690,2740,3566,3548,3329,2528,2592,2662,2650,2705,2843,3035,2950,2787,2532,2593,2735,2685,3322,3371,3172,2682,2641,2781,2674,2792,2939,3050,2915,2784,2645,2804,2730,2723,3154,3526,3306,2597,2562,2558,2542,2723,2838,2964,2772,2623,2526,2619,2678,2701,3307,3445,3230,2455,2444,2375,2480,2553,2595,2759,2623,2471,2336,2356,2367,2492,3218,3301,3112,2508,2356,2371,2480,2545,2560,2666,2541,2456,2407,2447,2429,2487,3066,3068,2930,2396,2354,2354,2488,2453,2517,2704,2674,2511,2404,2359,2346,2467,2901,2958,2763,2503,2424,2408,2425,2523,2518,2657,2629,2430,2320,2222,2284,2251,2718,2961,2685,2481,2394,2222,2258,2492,2562,2542,2454,2461,2371,2265,2308,2393,2826,2978,2678,2331,2401,2259,2296,2386,2563,2591,2434,2391,2373,2352,2329,2350,2823,2913,2744,2440,2319,2264,2293,2476,2546,2645,2546,2480,2385,2342,2264,2339,2686,2910,2705,2412,2276,2339,2359,2529,2535,2521,2460,2378,2310,2251,2364,2380,2671,2805,2706,2343,2349,2374,2197,2323,2477,2441,2382,2253,2286,2295,2410,2469,2664,2793,2634,2382,2351,2336,2243,2308,2369,2484,2324,2269,2299,2290,2319,2465,2625,2818,2583,2323,2331,2317,2377,2406,2407,2528,2390,2478,2421,2402,2315,2336,2649,2736,2590,2366,2260,2398,2495,2450,2412,2576,2566,2524,2457,2428,2299,2393,2617,2969,2788,2374,2224,2451,2515,2415,2433,2504,2443,2453,2274,2380,2411,2479,2815,2948,2737,2340,2295,2428,2389,2267,2294,2279,2372,2303,2251,2375,2390,2435,2757,2917,2730,2334,2298,2349,2362,2383,2323,2467,2429,2298,2235,2254,2273,2328,2715,2871,2597,2341,2290,2242,2389,2490,2350,2556,2528,2404,2318,2330,2296,2320,2658,2781,2577,2425,2340,2247,2324,2364,2375,2427,2480,2359,2246,2306,2251,2369,2624,2826,2575,2410,2340,2325,2343,2372,2345,2488,2461,2294,2295,2307,2335,2344,2675,2754,2556,2369,2329,2233,2241,2369,2371,2586,2528,2284,2338,2334,2266,2248,2632,3025,2797,2334,2243,2314,2318,2362,2490,2632,2446,2345,2414,2353,2325,2247,2841,3597,3383,2473,2267,2367,2312,2377,2589,2646,2565,2331,2463,2328,2348,2309,3360,4197,3976,2856,2484,2432,2412,2364,2520,2565,2511,2369,2356,2309,2418,2854,3973,4350,4129,3032,2525,2548,2412,2442,2450,2507,2541,2467,2423,2490,2539,3020,4128,4141,3919,2843,2274,2443,2331,2344,2391,2587,2518,2382,2337,2460,2422,2845,3921,3472,3239,2390,2279,2248,2248,2279,2379,2367,2353,2299,2226,2396,2271,2408,3269,3042,2836,2320,2367,2310,2266,2367,2352,2352,2239,2236,2202,2343,2347,2246,2823,2727,2570,2356,2367,2317,2251,2337,2278,2316,2375,2278,2209,2312,2363,2244,2539,2704,2547,2326,2305,2298,2277,2307,2366,2332,2427,2362,2288,2310,2317,2239,2532,2728,2593,2396,2279,2257,2288,2274,2358,2352,2383,2233,2291,2306,2336,2320,2576,2988,2756,2532,2351,2343,2329,2351,2286,2400,2351,2336,2285,2424,2323,2484,2747,3320,3111,2551,2386,2391,2350,2277,2336,2431,2455,2426,2274,2467,2381,2449,3091,4054,3833,2692,2416,2516,2453,2502,2381,2637,2473,2423,2414,2460,2621,2697,3833,4549,4327,3215,2763,2877,2674,2703,2921,3034,2813,2669,2717,2810,2949,3222,4325,4674,4455,3333,2949,3074,2961,3014,3286,3334,3095,2868,2903,2925,3040,3401,4455,4503,4276,3186,2991,3042,3037,2992,3387,3399,3093,2826,2877,2888,2990,3249,4285,4017,3819,2926,2825,2810,2803,2789,3212,3242,2902,2812,2695,2700,2763,2852,3795,3818,3593,2704,2674,2545,2563,2645,2908,2983,2687,2554,2518,2492,2482,2561,3586,3573,3363,2508,2397,2569,2506,2578,2758,2852,2673,2338,2466,2517,2416,2498,3341,3505,3289,2555,2370,2440,2465,2419,2556,2645,2553,2409,2444,2488,2473,2461,3278,3368,3133,2434,2384,2447,2365,2360,2574,2630,2462,2375,2398,2429,2342,2395,3161,3159,2949,2298,2295,2362,2286,2387,2372,2475,2424,2359,2346,2346,2289,2326,2934,3094,2878,2188,2289,2354,2258,2248,2303,2462,2410,2344,2324,2370,2384,2288,2895,2971,2744,2304,2387,2383,2363,2454,2366,2387,2460,2397,2340,2450,2440,2428,2803,3079,2869,2420,2477,2499,2387,2530,2538,2543,2499,2468,2324,2510,2552,2518,2854,3087,2859,2432,2406,2486,2368,2503,2615,2567,2434,2245,2302,2509,2607,2529,2924,3161,2976,2557,2467,2352,2369,2374,2570,2631,2532,2419,2328,2412,2581,2594,2934,3341,3183,2618,2493,2437,2443,2347,2598,2715,2611,2553,2416,2487,2517,2507,3143,3573,3356,2477,2477,2465,2450,2343,2518,2612,2430,2475,2365,2389,2409,2381,3346,3536,3321,2376,2403,2318,2382,2308,2368,2459,2415,2369,2251,2306,2303,2383,3315,3372,3169,2630,2577,2353,2291,2320,2408,2597,2508,2435,2380,2317,2394,2415,3156,3501,3319,3034,2891,2518,2527,2755,2768,2863,2901,2915,2708,2600,2518,2593,3283,3595,3418,3097,2943,2604,2747,2877,2793,2876,3011,3103,2884,2727,2612,2706,3378,3476,3233,2890,2671,2600,2614,2786,2730,2846,2998,3017,2798,2723,2666,2724,3244,3411,3170,2737,2665,2621,2564,2617,2635,2729,2877,2831,2672,2567,2602,2645,3209,3367,3132,2527,2535,2541,2331,2380,2466,2595,2702,2640,2496,2517,2522,2539,3165,3360,3113,2602,2590,2590,2489,2549,2674,2689,2751,2598,2568,2539,2535,2492,3170,3266,3034,2640,2629,2605,2479,2606,2660,2756,2729,2498,2470,2494,2549,2527,3031,3176,2936,2457,2427,2406,2328,2396,2599,2588,2547,2357,2402,2327,2373,2477,2974,3385,3162,2322,2197,2311,2370,2328,2483,2626,2481,2293,2395,2318,2319,2469,3174,3600,3370,2353,2421,2408,2496,2545,2861,2942,2489,2399,2389,2353,2337,2438,3387,3635,3401,2432,2424,2392,2526,2620,2985,3039,2633,2250,2383,2420,2390,2536,3426,3421,3188,2519,2470,2306,2400,2450,2792,2880,2704,2407,2358,2352,2408,2489,3224,3109,2877,2421,2427,2363,2301,2367,2640,2841,2668,2322,2326,2278,2170,2429,2936,2977,2718,2512,2498,2512,2479,2491,2480,2831,2754,2427,2362,2325,2243,2385,2789,2959,2794,2540,2540,2595,2484,2515,2315,2710,2650,2464,2397,2315,2378,2458,2712,2927,2723,2390,2399,2415,2442,2366,2385,2539,2434,2330,2352,2398,2384,2446,2740,3082,2871,2410,2280,2305,2391,2435,2490,2688,2561,2362,2420,2374,2346,2458,2902,3327,3099,2364,2343,2318,2406,2312,2667,2807,2681,2386,2431,2375,2377,2352,3108,3254,3031,2400,2357,2374,2327,2338,2691,2775,2598,2391,2347,2237,2346,2314,3035,3062,2855,2310,2327,2322,2319,2361,2574,2604,2429,2301,2336,2381,2372,2433,2837,2965,2727,2316,2268,2214,2229,2231,2375,2389,2196,2298,2257,2382,2295,2382,2767,2907,2609,2276,2213,2139,2270,2270,2167,2294,2204,2245,2263,2235,2292,2368,2693,3209,2983,2306,2172,2159,2225,2379,2348,2220,2183,2291,2261,2221,2233,2365,3007,3273,3048,2330,2266,2339,2296,2304,2354,2316,2270,2162,2197,2170,2205,2396,3052,2916,2726,2317,2168,2226,2288,2248,2197,2302,2303,2168,2146,2228,2230,2336,2705,3694,3472,2445,2249,2330,2237,2233,2297,2311,2255,2300,2258,2259,2307,2396,3467,4107,3885,2822,2365,2460,2283,2445,2474,2416,2348,2337,2286,2296,2503,2661,3880,4102,3883,2857,2425,2460,2301,2568,2653,2574,2419,2357,2355,2446,2555,2638,3874,3647,3417,2629,2476,2481,2384,2435,2595,2538,2443,2417,2378,2323,2422,2488,3423,3825,3594,2459,2360,2365,2344,2260,2445,2478,2289,2360,2373,2306,2334,2450,3598,3880,3654,2381,2358,2302,2366,2282,2435,2523,2512,2361,2340,2325,2226,2456,3651,3731,3503,2356,2381,2351,2383,2224,2354,2604,2576,2383,2396,2456,2316,2437,3504,3555,3325,2375,2348,2401,2325,2146,2325,2494,2498,2370,2311,2317,2366,2393,3336,3305,3062,2331,2349,2376,2241,2225,2348,2305,2338,2326,2206,2220,2250,2324,3089,3230,3028,2301,2260,2209,2213,2176,2381,2364,2207,2210,2238,2280,2232,2335,2995,3035,2849,2254,2211,2253,2188,2195,2427,2430,2323,2282,2334,2335,2293,2286,2808,2881,2685,2186,2270,2302,2312,2256,2331,2314,2333,2249,2259,2328,2197,2185,2646,2832,2670,2246,2329,2365,2354,2409,2268,2265,2237,2173,2185,2339,2323,2236,2642,2844,2564,2289,2320,2227,2221,2256,2200,2301,2354,2237,2247,2249,2232,2279,2666,3015,2791,2314,2209,2179,2131,2146,2297,2293,2236,2064,2237,2235,2202,2275,2820,3072,2845,2160,2137,2164,2127,2172,2290,2311,2203,2112,2218,2207,2203,2187,2873,3333,3104,2210,2039,2146,2184,2269,2242,2385,2361,2169,2142,2107,2067,2240,3121,3347,3125,2198,2033,2073,2160,2144,2152,2295,2271,2051,2035,2002,2099,2221,3130,3301,3081,2103,2137,2055,2094,2073,2115,2163,2093,2033,2000,1956,2071,2225,3083,3420,3199,2133,2098,2067,2129,2072,2091,2070,2076,2036,2040,2082,2110,2188,3196,3300,3084,2150,2043,1962,2052,2040,2110,2125,1989,1955,2034,1979,2065,2060,3077,3075,2868,2092,2013,1961,2001,1989,2180,2221,2108,2050,2095,2000,2024,2032,2840,2909,2714,2012,1992,1994,1985,2043,2136,2320,2279,2120,2032,2061,2061,2100,2700
,,,,,,,,,,,,,,,,,,,,,,,,,,,,,,,,,,,,,,,,,,,,,,,,,,,,,,,,,,,,,,,,,,,,,,,,,,,,,,,,,,,,,,,,,,,,,,,,,,,,,,,,,,,,,,,,,,,,,,,,,,,,,,,,,,,,,,,,,,,,,,,,,,,,,,,,,,,,,,,,,,,,,,,,,,,,,,,,,,,,,,,,,,,,,,,,,,,,,,,,,,,,,,,,,,,,,,,,,,,,,,,,,,,,,,,,,,,,,,,,,,,,,,,,,,,,,,,,,,,,,,,,,,,,,,,,,,,,,,,,,,,,,,,,,,,,,,,,,,,,,,,,,,,,,,,,,,,,,,,,,,,,,,,,,,,,,,,,,,,,,,,,,,,,,,,,,,,,,,,,,,,,,,,,,,,,,,,,,,,,,,,,,,,,,,,,,,,,,,,,,,,,,,,,,,,,,,,,,,,,,,,,,,,,,,,,,,,,,,,,,,,,,,,,,,,,,,,,,,,,,,,,,,,,,,,,,,,,,,,,,,,,,,,,,,,,,,,,,,,,,,,,,,,,,,,,,,,,,,,,,,,,,,,,,,,,,,,,,,,,,,,,,,,,,,,,,,,,,,,,,,,,,,,,,,,,,,,,,,,,,,,,,,,,,,,,,,,,,,,,,,,,,,,,,,,,,,,,,,,,,,,,,,,,,,,,,,,,,,,,,,,,,,,,,,,,,,,,,,,,,,,,,,,,,,,,,,,,,,,,,,,,,,,,,,,,,,,,,,,,,,,,,,,,,,,,,,,,,,,,,,,,,,,,,,,,,,,,,,,,,,,,,,,,,,,,,,,,,,,,,,,,,,,,,,,,,,,,,,,,,,,,,,,,,,,,,,,,,,,,,,,,,,,,,,,,,,,,,,,,,,,,,,,,,,,,,,,,,,,,,,,,,,,,,,,,,,,,,,,,,,,,,,,,,,,,,,,,,,,,,,,,,,,,,,,,,,,,,,,,,,,,,,,,,,,,,,,,,,,,,,,,,,,,,,,,,,,,,,,,,,,,,,,,,,,,,,,,,,,,,,,,,,,,,,,,,,,,,,,,,,,,,,,,,,,,,,,,,,,,,,,,,,,,,,,,,,,,,,,,,,,,,,,,,,,,,,,,,,,,,,,,,,,,,,,,,,,,,,,,,,,,,,,,,,,,,,,,,,,,,,,,,,,,,,,,,,,,,,,,,,,,,,,,,,,,,,,,,,,,,,,,,,,,,,,,,,,,,,,,,,,,,,,,,,,,,,,,,,,,,,,,,,,,,,,,,,,,,,,,,,,,,,,,,,,,,,,,,,,,,,,,,,,,,,,,,,,,,,,,,,,,,,,,,,,,,,,,,,,,,,,,,,,,,,,,,,,,,,,,,,,,,,,,,,,,,,,,,,,,,,,,,,,,,,,,,,,,,,,,,,,,,,,,,,,,,,,,,,,,,,,,,,,,,,,,,,,,,,,,,,,,,,,,,,,,,,,,,,,,,,,,,,,,,,,,,,,,,,,,,,,,,,,,,,,,,,,,,,,,,,,,,,,,,,,,,,,,,,,,,,,,,,,,,,,,,,,,,,,,,,,,,,,,,,,,,,,,,,,,,,,,,,,,,,,,,,,,,,,,,,,,,,,,,,,,,,,,,,,,,,,,,,,,,,,,,,,,,,,,,,,,,,,,,,,,,,,,,,,,,,,,,,,,,,,,,,,,,,,,,,,,,,,,,,,,,,,,,,,,,,,,,,,,,,,,,,,,,,,,,,,,,,,,,,,,,,,,,,,,,,,,,,,,,,,,,,,,,,,,,,,,,,,,,,,,,,,,,,,,,,,,,,,,,,,,,,,,,,,,,,,,,,,,,,,,,,,,,,,,,,,,,,,,,,,,,,,,,,,,,,,,,,,,,,,,,,,,,,,,,,,,,,,,,,,,,,,,,,,,,,,,,,,,,,,,,,,,,,,,,,,,,,,,,,,,,,,,,,,,,,,,,,,,,,,,,,,,,,,,,,,,,,,,,,,,,,,,,,,,,,,,,,,,,,,,,,,,,,,,,,,,,,,,,,,,,,,,,,,,,,,,,,,,,,,,,,,,,,,,,,,,,,,,,,,,,,,,,,,,,,,,,,,,,,,,,,,,,,,,,,,,,,,,,,,,,,,,,,,,,,,,,,,,,,,,,,,,,,,,,,,,,,,,,,,,,,,,,,,,,,,,,,,,,,,,,,,,,,,,,,,,,,,,,,,,,,,,,,,,,,,,,,,
,,,,,,,,,,,,,,,,,,,,,,,,,,,,,,,,,,,,,,,,,,,,,,,,,,,,,,,,,,,,,,,,,,,,,,,,,,,,,,,,,,,,,,,,,,,,,,,,,,,,,,,,,,,,,,,,,,,,,,,,,,,,,,,,,,,,,,,,,,,,,,,,,,,,,,,,,,,,,,,,,,,,,,,,,,,,,,,,,,,,,,,,,,,,,,,,,,,,,,,,,,,,,,,,,,,,,,,,,,,,,,,,,,,,,,,,,,,,,,,,,,,,,,,,,,,,,,,,,,,,,,,,,,,,,,,,,,,,,,,,,,,,,,,,,,,,,,,,,,,,,,,,,,,,,,,,,,,,,,,,,,,,,,,,,,,,,,,,,,,,,,,,,,,,,,,,,,,,,,,,,,,,,,,,,,,,,,,,,,,,,,,,,,,,,,,,,,,,,,,,,,,,,,,,,,,,,,,,,,,,,,,,,,,,,,,,,,,,,,,,,,,,,,,,,,,,,,,,,,,,,,,,,,,,,,,,,,,,,,,,,,,,,,,,,,,,,,,,,,,,,,,,,,,,,,,,,,,,,,,,,,,,,,,,,,,,,,,,,,,,,,,,,,,,,,,,,,,,,,,,,,,,,,,,,,,,,,,,,,,,,,,,,,,,,,,,,,,,,,,,,,,,,,,,,,,,,,,,,,,,,,,,,,,,,,,,,,,,,,,,,,,,,,,,,,,,,,,,,,,,,,,,,,,,,,,,,,,,,,,,,,,,,,,,,,,,,,,,,,,,,,,,,,,,,,,,,,,,,,,,,,,,,,,,,,,,,,,,,,,,,,,,,,,,,,,,,,,,,,,,,,,,,,,,,,,,,,,,,,,,,,,,,,,,,,,,,,,,,,,,,,,,,,,,,,,,,,,,,,,,,,,,,,,,,,,,,,,,,,,,,,,,,,,,,,,,,,,,,,,,,,,,,,,,,,,,,,,,,,,,,,,,,,,,,,,,,,,,,,,,,,,,,,,,,,,,,,,,,,,,,,,,,,,,,,,,,,,,,,,,,,,,,,,,,,,,,,,,,,,,,,,,,,,,,,,,,,,,,,,,,,,,,,,,,,,,,,,,,,,,,,,,,,,,,,,,,,,,,,,,,,,,,,,,,,,,,,,,,,,,,,,,,,,,,,,,,,,,,,,,,,,,,,,,,,,,,,,,,,,,,,,,,,,,,,,,,,,,,,,,,,,,,,,,,,,,,,,,,,,,,,,,,,,,,,,,,,,,,,,,,,,,,,,,,,,,,,,,,,,,,,,,,,,,,,,,,,,,,,,,,,,,,,,,,,,,,,,,,,,,,,,,,,,,,,,,,,,,,,,,,,,,,,,,,,,,,,,,,,,,,,,,,,,,,,,,,,,,,,,,,,,,,,,,,,,,,,,,,,,,,,,,,,,,,,,,,,,,,,,,,,,,,,,,,,,,,,,,,,,,,,,,,,,,,,,,,,,,,,,,,,,,,,,,,,,,,,,,,,,,,,,,,,,,,,,,,,,,,,,,,,,,,,,,,,,,,,,,,,,,,,,,,,,,,,,,,,,,,,,,,,,,,,,,,,,,,,,,,,,,,,,,,,,,,,,,,,,,,,,,,,,,,,,,,,,,,,,,,,,,,,,,,,,,,,,,,,,,,,,,,,,,,,,,,,,,,,,,,,,,,,,,,,,,,,,,,,,,,,,,,,,,,,,,,,,,,,,,,,,,,,,,,,,,,,,,,,,,,,,,,,,,,,,,,,,,,,,,,,,,,,,,,,,,,,,,,,,,,,,,,,,,,,,,,,,,,,,,,,,,,,,,,,,,,,,,,,,,,,,,,,,,,,,,,,,,,,,,,,,,,,,,,,,,,,,,,,,,,,,,,,,,,,,,,,,,,,,,,,,,,,,,,,,,,,,,,,,,,,,,,,,,,,,,,,,,,,,,,,,,,,,,,,,,,,,,,,,,,,,,,,,,,,,,,,,,,,,,,,,,,,,,,,,,,,,,,,,,,,,,,,,,,,,,,,,,,,,,,,,,,,,,,,,,,,,,,,,,,,,,,,,,,,,,,,,,,,,,,,,,,,,,,,,,,,,,,,,,,,,,,,,,,,,,,,,,,,,,,,,,,,,,,,,,,,,,,,,,,,,,,,,,,,,,,,,,,,,,,,,,,,,,,,,,,,,,,,,,,,,,,,,,,,,,,,,,,,,,,,,,,,,,,,,,,,,,,,,,,,,,,,,,,,,,,,,,,,,,,,,,,,,,,,,
,,,,,,,,,,,,,,,,,,,,,,,,,,,,,,,,,,,,,,,,,,,,,,,,,,,,,,,,,,,,,,,,,,,,,,,,,,,,,,,,,,,,,,,,,,,,,,,,,,,,,,,,,,,,,,,,,,,,,,,,,,,,,,,,,,,,,,,,,,,,,,,,,,,,,,,,,,,,,,,,,,,,,,,,,,,,,,,,,,,,,,,,,,,,,,,,,,,,,,,,,,,,,,,,,,,,,,,,,,,,,,,,,,,,,,,,,,,,,,,,,,,,,,,,,,,,,,,,,,,,,,,,,,,,,,,,,,,,,,,,,,,,,,,,,,,,,,,,,,,,,,,,,,,,,,,,,,,,,,,,,,,,,,,,,,,,,,,,,,,,,,,,,,,,,,,,,,,,,,,,,,,,,,,,,,,,,,,,,,,,,,,,,,,,,,,,,,,,,,,,,,,,,,,,,,,,,,,,,,,,,,,,,,,,,,,,,,,,,,,,,,,,,,,,,,,,,,,,,,,,,,,,,,,,,,,,,,,,,,,,,,,,,,,,,,,,,,,,,,,,,,,,,,,,,,,,,,,,,,,,,,,,,,,,,,,,,,,,,,,,,,,,,,,,,,,,,,,,,,,,,,,,,,,,,,,,,,,,,,,,,,,,,,,,,,,,,,,,,,,,,,,,,,,,,,,,,,,,,,,,,,,,,,,,,,,,,,,,,,,,,,,,,,,,,,,,,,,,,,,,,,,,,,,,,,,,,,,,,,,,,,,,,,,,,,,,,,,,,,,,,,,,,,,,,,,,,,,,,,,,,,,,,,,,,,,,,,,,,,,,,,,,,,,,,,,,,,,,,,,,,,,,,,,,,,,,,,,,,,,,,,,,,,,,,,,,,,,,,,,,,,,,,,,,,,,,,,,,,,,,,,,,,,,,,,,,,,,,,,,,,,,,,,,,,,,,,,,,,,,,,,,,,,,,,,,,,,,,,,,,,,,,,,,,,,,,,,,,,,,,,,,,,,,,,,,,,,,,,,,,,,,,,,,,,,,,,,,,,,,,,,,,,,,,,,,,,,,,,,,,,,,,,,,,,,,,,,,,,,,,,,,,,,,,,,,,,,,,,,,,,,,,,,,,,,,,,,,,,,,,,,,,,,,,,,,,,,,,,,,,,,,,,,,,,,,,,,,,,,,,,,,,,,,,,,,,,,,,,,,,,,,,,,,,,,,,,,,,,,,,,,,,,,,,,,,,,,,,,,,,,,,,,,,,,,,,,,,,,,,,,,,,,,,,,,,,,,,,,,,,,,,,,,,,,,,,,,,,,,,,,,,,,,,,,,,,,,,,,,,,,,,,,,,,,,,,,,,,,,,,,,,,,,,,,,,,,,,,,,,,,,,,,,,,,,,,,,,,,,,,,,,,,,,,,,,,,,,,,,,,,,,,,,,,,,,,,,,,,,,,,,,,,,,,,,,,,,,,,,,,,,,,,,,,,,,,,,,,,,,,,,,,,,,,,,,,,,,,,,,,,,,,,,,,,,,,,,,,,,,,,,,,,,,,,,,,,,,,,,,,,,,,,,,,,,,,,,,,,,,,,,,,,,,,,,,,,,,,,,,,,,,,,,,,,,,,,,,,,,,,,,,,,,,,,,,,,,,,,,,,,,,,,,,,,,,,,,,,,,,,,,,,,,,,,,,,,,,,,,,,,,,,,,,,,,,,,,,,,,,,,,,,,,,,,,,,,,,,,,,,,,,,,,,,,,,,,,,,,,,,,,,,,,,,,,,,,,,,,,,,,,,,,,,,,,,,,,,,,,,,,,,,,,,,,,,,,,,,,,,,,,,,,,,,,,,,,,,,,,,,,,,,,,,,,,,,,,,,,,,,,,,,,,,,,,,,,,,,,,,,,,,,,,,,,,,,,,,,,,,,,,,,,,,,,,,,,,,,,,,,,,,,,,,,,,,,,,,,,,,,,,,,,,,,,,,,,,,,,,,,,,,,,,,,,,,,,,,,,,,,,,,,,,,,,,,,,,,,,,,,,,,,,,,,,,,,,,,,,,,,,,,,,,,,,,,,,,,,,,,,,,,,,,,,,,,,,,,,,,,,,,,,,,,,,,,,,,,,,,,,,,,,,,,,,,,,,,,,,,,,,,,,,,,,,,,,,,,,,,,,,,,,,,,,,,,,,,,,,,,,,,,,,,,,,,,,,,,,,,,,,,,,,,,,,,,,,,,,,,,,,,,,,,,,,,,,,,,,,,,,,,,,,,,,,,,,,,,,,,,,,,,,,,,
,,,,,,,,,,,,,,,,,,,,,,,,,,,,,,,,,,,,,,,,,,,,,,,,,,,,,,,,,,,,,,,,,,,,,,,,,,,,,,,,,,,,,,,,,,,,,,,,,,,,,,,,,,,,,,,,,,,,,,,,,,,,,,,,,,,,,,,,,,,,,,,,,,,,,,,,,,,,,,,,,,,,,,,,,,,,,,,,,,,,,,,,,,,,,,,,,,,,,,,,,,,,,,,,,,,,,,,,,,,,,,,,,,,,,,,,,,,,,,,,,,,,,,,,,,,,,,,,,,,,,,,,,,,,,,,,,,,,,,,,,,,,,,,,,,,,,,,,,,,,,,,,,,,,,,,,,,,,,,,,,,,,,,,,,,,,,,,,,,,,,,,,,,,,,,,,,,,,,,,,,,,,,,,,,,,,,,,,,,,,,,,,,,,,,,,,,,,,,,,,,,,,,,,,,,,,,,,,,,,,,,,,,,,,,,,,,,,,,,,,,,,,,,,,,,,,,,,,,,,,,,,,,,,,,,,,,,,,,,,,,,,,,,,,,,,,,,,,,,,,,,,,,,,,,,,,,,,,,,,,,,,,,,,,,,,,,,,,,,,,,,,,,,,,,,,,,,,,,,,,,,,,,,,,,,,,,,,,,,,,,,,,,,,,,,,,,,,,,,,,,,,,,,,,,,,,,,,,,,,,,,,,,,,,,,,,,,,,,,,,,,,,,,,,,,,,,,,,,,,,,,,,,,,,,,,,,,,,,,,,,,,,,,,,,,,,,,,,,,,,,,,,,,,,,,,,,,,,,,,,,,,,,,,,,,,,,,,,,,,,,,,,,,,,,,,,,,,,,,,,,,,,,,,,,,,,,,,,,,,,,,,,,,,,,,,,,,,,,,,,,,,,,,,,,,,,,,,,,,,,,,,,,,,,,,,,,,,,,,,,,,,,,,,,,,,,,,,,,,,,,,,,,,,,,,,,,,,,,,,,,,,,,,,,,,,,,,,,,,,,,,,,,,,,,,,,,,,,,,,,,,,,,,,,,,,,,,,,,,,,,,,,,,,,,,,,,,,,,,,,,,,,,,,,,,,,,,,,,,,,,,,,,,,,,,,,,,,,,,,,,,,,,,,,,,,,,,,,,,,,,,,,,,,,,,,,,,,,,,,,,,,,,,,,,,,,,,,,,,,,,,,,,,,,,,,,,,,,,,,,,,,,,,,,,,,,,,,,,,,,,,,,,,,,,,,,,,,,,,,,,,,,,,,,,,,,,,,,,,,,,,,,,,,,,,,,,,,,,,,,,,,,,,,,,,,,,,,,,,,,,,,,,,,,,,,,,,,,,,,,,,,,,,,,,,,,,,,,,,,,,,,,,,,,,,,,,,,,,,,,,,,,,,,,,,,,,,,,,,,,,,,,,,,,,,,,,,,,,,,,,,,,,,,,,,,,,,,,,,,,,,,,,,,,,,,,,,,,,,,,,,,,,,,,,,,,,,,,,,,,,,,,,,,,,,,,,,,,,,,,,,,,,,,,,,,,,,,,,,,,,,,,,,,,,,,,,,,,,,,,,,,,,,,,,,,,,,,,,,,,,,,,,,,,,,,,,,,,,,,,,,,,,,,,,,,,,,,,,,,,,,,,,,,,,,,,,,,,,,,,,,,,,,,,,,,,,,,,,,,,,,,,,,,,,,,,,,,,,,,,,,,,,,,,,,,,,,,,,,,,,,,,,,,,,,,,,,,,,,,,,,,,,,,,,,,,,,,,,,,,,,,,,,,,,,,,,,,,,,,,,,,,,,,,,,,,,,,,,,,,,,,,,,,,,,,,,,,,,,,,,,,,,,,,,,,,,,,,,,,,,,,,,,,,,,,,,,,,,,,,,,,,,,,,,,,,,,,,,,,,,,,,,,,,,,,,,,,,,,,,,,,,,,,,,,,,,,,,,,,,,,,,,,,,,,,,,,,,,,,,,,,,,,,,,,,,,,,,,,,,,,,,,,,,,,,,,,,,,,,,,,,,,,,,,,,,,,,,,,,,,,,,,,,,,,,,,,,,,,,,,,,,,,,,,,,,,,,,,,,,,,,,,,,,,,,,,,,,,,,,,,,,,,,,,,,,,,,,,,,,,,,,,,,,,,,,,,,,,,,,,,,,,,,,,,,,,,,,,,,,,,,,,,,,,,,,,,,,,,,,,,,,,,,,,,,,,,,,,,,,,,,,,,,,,,,,,,,,,,,,,,,,,,,,,,,,,,,,,,,,,,,,,,,,,,,,,,,,,,,,,,,,,,,
,,,,,,,,,,,,,,,,,,,,,,,,,,,,,,,,,,,,,,,,,,,,,,,,,,,,,,,,,,,,,,,,,,,,,,,,,,,,,,,,,,,,,,,,,,,,,,,,,,,,,,,,,,,,,,,,,,,,,,,,,,,,,,,,,,,,,,,,,,,,,,,,,,,,,,,,,,,,,,,,,,,,,,,,,,,,,,,,,,,,,,,,,,,,,,,,,,,,,,,,,,,,,,,,,,,,,,,,,,,,,,,,,,,,,,,,,,,,,,,,,,,,,,,,,,,,,,,,,,,,,,,,,,,,,,,,,,,,,,,,,,,,,,,,,,,,,,,,,,,,,,,,,,,,,,,,,,,,,,,,,,,,,,,,,,,,,,,,,,,,,,,,,,,,,,,,,,,,,,,,,,,,,,,,,,,,,,,,,,,,,,,,,,,,,,,,,,,,,,,,,,,,,,,,,,,,,,,,,,,,,,,,,,,,,,,,,,,,,,,,,,,,,,,,,,,,,,,,,,,,,,,,,,,,,,,,,,,,,,,,,,,,,,,,,,,,,,,,,,,,,,,,,,,,,,,,,,,,,,,,,,,,,,,,,,,,,,,,,,,,,,,,,,,,,,,,,,,,,,,,,,,,,,,,,,,,,,,,,,,,,,,,,,,,,,,,,,,,,,,,,,,,,,,,,,,,,,,,,,,,,,,,,,,,,,,,,,,,,,,,,,,,,,,,,,,,,,,,,,,,,,,,,,,,,,,,,,,,,,,,,,,,,,,,,,,,,,,,,,,,,,,,,,,,,,,,,,,,,,,,,,,,,,,,,,,,,,,,,,,,,,,,,,,,,,,,,,,,,,,,,,,,,,,,,,,,,,,,,,,,,,,,,,,,,,,,,,,,,,,,,,,,,,,,,,,,,,,,,,,,,,,,,,,,,,,,,,,,,,,,,,,,,,,,,,,,,,,,,,,,,,,,,,,,,,,,,,,,,,,,,,,,,,,,,,,,,,,,,,,,,,,,,,,,,,,,,,,,,,,,,,,,,,,,,,,,,,,,,,,,,,,,,,,,,,,,,,,,,,,,,,,,,,,,,,,,,,,,,,,,,,,,,,,,,,,,,,,,,,,,,,,,,,,,,,,,,,,,,,,,,,,,,,,,,,,,,,,,,,,,,,,,,,,,,,,,,,,,,,,,,,,,,,,,,,,,,,,,,,,,,,,,,,,,,,,,,,,,,,,,,,,,,,,,,,,,,,,,,,,,,,,,,,,,,,,,,,,,,,,,,,,,,,,,,,,,,,,,,,,,,,,,,,,,,,,,,,,,,,,,,,,,,,,,,,,,,,,,,,,,,,,,,,,,,,,,,,,,,,,,,,,,,,,,,,,,,,,,,,,,,,,,,,,,,,,,,,,,,,,,,,,,,,,,,,,,,,,,,,,,,,,,,,,,,,,,,,,,,,,,,,,,,,,,,,,,,,,,,,,,,,,,,,,,,,,,,,,,,,,,,,,,,,,,,,,,,,,,,,,,,,,,,,,,,,,,,,,,,,,,,,,,,,,,,,,,,,,,,,,,,,,,,,,,,,,,,,,,,,,,,,,,,,,,,,,,,,,,,,,,,,,,,,,,,,,,,,,,,,,,,,,,,,,,,,,,,,,,,,,,,,,,,,,,,,,,,,,,,,,,,,,,,,,,,,,,,,,,,,,,,,,,,,,,,,,,,,,,,,,,,,,,,,,,,,,,,,,,,,,,,,,,,,,,,,,,,,,,,,,,,,,,,,,,,,,,,,,,,,,,,,,,,,,,,,,,,,,,,,,,,,,,,,,,,,,,,,,,,,,,,,,,,,,,,,,,,,,,,,,,,,,,,,,,,,,,,,,,,,,,,,,,,,,,,,,,,,,,,,,,,,,,,,,,,,,,,,,,,,,,,,,,,,,,,,,,,,,,,,,,,,,,,,,,,,,,,,,,,,,,,,,,,,,,,,,,,,,,,,,,,,,,,,,,,,,,,,,,,,,,,,,,,,,,,,,,,,,,,,,,,,,,,,,,,,,,,,,,,,,,,,,,,,,,,,,,,,,,,,,,,,,,,,,,,,,,,,,,,,,,,,,,,,,,,,,,,,,,,,,,,,,,,,,,,,,,,,,,,,,,,,,,,,,,,,,,,,,,,,,,,,,,,,,,,,,,,,,,,,,,,,,,,,,,,,,,,,,,,,,,,,,,,,,,,,,,,,,,,,,,,,,,,,,,,,,,,,,,,,,,,,,,,,,,,,,,,,,,,,,,,,,,,,,
3536,3372,2587,2276,2330,2300,2384,2392,2221,2392,2384,2300,2330,2276,2587,3372,3833,3616,2625,2315,2246,2320,2367,2364,2379,2439,2333,2323,2357,2406,2554,3608,4058,3834,2744,2353,2375,2258,2334,2297,2371,2341,2299,2356,2304,2468,2753,3840,4240,4018,2909,2463,2425,2280,2221,2296,2290,2358,2286,2352,2396,2556,2895,4019,4069,3848,2750,2447,2283,2302,2286,2283,2258,2336,2315,2271,2405,2439,2732,3849,3749,3521,2469,2293,2219,2344,2309,2317,2239,2329,2324,2221,2180,2364,2455,3526,3439,3221,2368,2199,2235,2313,2286,2068,2242,2221,2226,2244,2283,2316,2376,3217,3064,2815,2214,2169,2206,2272,2337,2301,2270,2258,2181,2295,2303,2274,2291,2864,2872,2683,2253,2200,2229,2269,2322,2375,2283,2333,2309,2346,2335,2307,2298,2685,2902,2736,2524,2284,2330,2221,2531,2423,2475,2696,2711,2511,2311,2261,2481,2801,3682,3545,3395,3074,2997,2889,3368,3429,3307,3349,3391,3193,3147,2972,3359,3488,4191,4165,4011,3643,3698,3525,3890,4019,3992,4129,4148,3892,3654,3544,3852,4024,4235,4372,4199,3751,3884,3757,4155,4048,4208,4389,4391,4104,3736,3947,4065,4240,4585,4394,4105,3752,3730,3689,4119,4135,4144,4303,4285,3996,3668,3908,3972,4427,4776,4569,3794,3498,3383,3272,3747,3781,3833,3932,3883,3575,3495,3540,3700,4559,4711,4506,3514,3249,3027,3107,3369,3398,3332,3423,3437,3196,3047,3179,3381,4480,4351,4151,3138,2975,2861,3004,3166,3205,3252,3199,3015,2967,2899,2862,3122,4117,4423,4202,3362,3238,3178,3105,3141,3437,3578,3552,3373,3168,3216,3225,3405,4215,4416,4194,3396,3268,3215,3154,3170,3584,3681,3487,3399,3220,3246,3316,3439,4205,4219,3980,3141,3044,3001,3094,3114,3822,3919,3537,3201,3127,3179,3125,3224,4007,4609,4374,3021,3130,3077,3255,3338,3964,4053,3701,3262,3343,3354,2921,3322,4387,4684,4447,3074,3123,2987,3059,3335,3839,3865,3572,3271,3308,3342,2997,3441,4468,4471,4228,2999,2993,2798,2916,3151,3609,3696,3496,3030,2947,3060,2974,3342,4263,4010,3762,2791,2830,2828,2881,2990,3315,3380,3200,3013,2900,2914,2967,3066,3814,3693,3469,2656,2720,2750,2789,2913,3177,3271,3170,2963,2708,2704,2773,2880,3502,3747,3509,2715,2680,2772,2671,2948,3232,3339,3292,2982,2787,2808,2693,2926,3537,3765,3494,2685,2595,2742,2538,2769,3081,3189,3078,2781,2545,2642,2509,2842,3566,3533,3285,2639,2639,2675,2642,2712,2912,3022,2906,2780,2522,2572,2652,2745,3326,3360,3180,2720,2566,2518,2694,2819,2834,2948,2913,2731,2599,2657,2747,2914,3161,3528,3271,2688,2579,2427,2624,2691,2722,2791,2744,2557,2640,2589,2544,2792,3349,3447,3208,2505,2395,2260,2460,2516,2631,2642,2551,2446,2442,2372,2281,2513,3248,3304,3070,2400,2387,2333,2434,2522,2644,2651,2519,2429,2422,2409,2336,2372,3111,3108,2881,2323,2421,2337,2313,2464,2674,2675,2540,2589,2374,2344,2354,2444,2927,3076,2894,2326,2280,2191,2149,2417,2612,2689,2587,2582,2403,2371,2448,2440,2840,3035,2833,2346,2286,2246,2252,2379,2476,2582,2421,2450,2423,2403,2299,2405,2814,3014,2791,2367,2371,2275,2312,2294,2588,2594,2512,2456,2423,2334,2367,2293,2829,2987,2672,2528,2445,2342,2315,2435,2628,2651,2534,2518,2464,2439,2435,2376,2836,2857,2664,2462,2371,2367,2380,2458,2557,2545,2498,2539,2468,2324,2429,2372,2721,2785,2626,2412,2354,2382,2368,2394,2457,2478,2533,2463,2391,2369,2439,2390,2573,2733,2604,2392,2431,2370,2262,2325,2469,2478,2499,2427,2213,2268,2400,2445,2539,2841,2645,2431,2350,2360,2296,2373,2412,2570,2531,2469,2380,2167,2356,2446,2654,2713,2581,2388,2420,2405,2189,2475,2606,2710,2644,2574,2542,2346,2453,2480,2566,2863,2682,2396,2433,2409,2222,2442,2570,2660,2667,2538,2508,2430,2444,2480,2690,2958,2787,2346,2399,2419,2355,2312,2424,2523,2502,2510,2385,2350,2420,2381,2721,2921,2682,2404,2432,2439,2310,2321,2515,2627,2513,2351,2375,2328,2326,2386,2725,2947,2725,2379,2446,2431,2346,2398,2582,2741,2567,2345,2382,2393,2306,2319,2698,2822,2634,2297,2365,2328,2321,2300,2472,2576,2564,2392,2404,2297,2307,2422,2599,2856,2655,2338,2356,2294,2381,2305,2265,2370,2392,2404,2353,2336,2392,2425,2632,2798,2618,2351,2261,2314,2359,2339,2474,2483,2457,2370,2415,2401,2300,2262,2624,2937,2676,2247,2370,2319,2321,2335,2526,2537,2618,2426,2441,2398,2392,2378,2723,3568,3341,2437,2338,2293,2271,2308,2505,2566,2548,2432,2339,2258,2410,2452,3349,4196,3972,2866,2458,2350,2396,2320,2502,2643,2509,2388,2318,2312,2488,2872,3972,4350,4127,3010,2531,2497,2402,2368,2438,2687,2585,2372,2302,2488,2636,3007,4127,4142,3920,2828,2382,2462,2384,2387,2362,2603,2521,2413,2261,2373,2433,2815,3918,3473,3259,2407,2348,2329,2290,2237,2307,2467,2462,2379,2257,2304,2334,2426,3256,3043,2861,2340,2402,2349,2266,2240,2314,2478,2432,2372,2257,2198,2283,2328,2819,2740,2481,2375,2396,2390,2287,2319,2447,2398,2304,2289,2280,2180,2377,2368,2535,2685,2454,2322,2457,2368,2331,2418,2481,2413,2328,2353,2285,2166,2273,2244,2486,2722,2571,2329,2427,2351,2405,2460,2476,2425,2467,2357,2282,2227,2327,2396,2586,3044,2874,2412,2463,2390,2422,2472,2539,2664,2728,2513,2287,2246,2382,2664,2898,3335,3115,2410,2493,2411,2357,2365,2605,2784,2752,2504,2356,2388,2577,2702,3112,4052,3830,2651,2565,2392,2431,2614,2751,2686,2651,2485,2419,2377,2644,2783,3827,4548,4327,3230,2707,2700,2564,2827,2971,2940,2777,2726,2732,2580,2832,3129,4324,4672,4452,3391,2840,2927,2776,3017,3297,3347,3179,2949,2962,2864,3001,3345,4451,4503,4281,3244,2860,2821,2744,3100,3453,3512,3250,2954,2983,2966,2847,3214,4285,4003,3789,2889,2823,2537,2619,2925,3309,3365,3025,2587,2787,2770,2552,2895,3774,3824,3605,2687,2586,2513,2449,2585,2955,3029,2741,2314,2513,2435,2382,2685,3598,3569,3361,2527,2538,2584,2515,2501,2740,2836,2597,2323,2307,2357,2458,2504,3350,3497,3288,2538,2473,2569,2435,2533,2712,2770,2619,2440,2413,2510,2416,2424,3255,3371,3159,2437,2392,2362,2458,2500,2612,2707,2578,2470,2467,2495,2348,2407,3163,3193,2983,2238,2370,2439,2455,2439,2512,2590,2508,2390,2393,2380,2427,2506,2996,3062,2893,2376,2327,2366,2317,2329,2330,2478,2400,2402,2354,2376,2421,2446,2813,3062,2861,2476,2394,2257,2279,2503,2468,2347,2327,2341,2295,2245,2441,2384,2866,3050,2860,2501,2406,2383,2312,2633,2588,2424,2464,2466,2379,2346,2430,2488,2824,3075,2905,2479,2312,2388,2301,2516,2603,2433,2498,2526,2444,2348,2435,2569,2839,3151,2975,2483,2390,2402,2450,2588,2590,2451,2584,2502,2384,2446,2495,2540,2954,3412,3203,2581,2371,2361,2560,2532,2510,2588,2631,2541,2382,2424,2357,2463,3187,3562,3346,2588,2371,2322,2489,2437,2407,2526,2504,2470,2374,2330,2349,2522,3332,3529,3314,2437,2259,2311,2353,2336,2342,2262,2292,2298,2391,2347,2328,2440,3302,3332,3110,2640,2485,2334,2249,2305,2562,2553,2462,2519,2427,2431,2407,2340,3107,3457,3339,3081,2899,2575,2446,2534,2821,2863,2884,2923,2733,2711,2691,2663,3178,3537,3439,3137,2999,2772,2557,2612,2852,3015,3097,3076,2908,2866,2763,2814,3274,3454,3278,2904,2802,2680,2609,2696,2821,2978,3071,2943,2735,2670,2626,2743,3222,3310,3162,2798,2712,2665,2638,2703,2690,2795,2835,2685,2591,2491,2460,2656,3135,3381,3138,2685,2645,2588,2627,2668,2551,2587,2610,2601,2571,2536,2465,2487,3143,3370,3164,2714,2582,2529,2480,2586,2707,2562,2708,2637,2602,2614,2525,2429,3140,3285,3050,2598,2523,2424,2379,2601,2812,2795,2618,2607,2498,2485,2496,2477,3085,3092,2849,2257,2307,2337,2326,2400,2623,2719,2512,2417,2427,2337,2307,2336,2905,3303,3054,2358,2289,2290,2254,2350,2674,2784,2551,2393,2332,2277,2323,2346,3098,3620,3393,2443,2326,2246,2232,2493,2993,3067,2787,2370,2387,2302,2319,2370,3402,3670,3447,2457,2373,2281,2284,2510,3078,3164,2814,2286,2251,2319,2351,2463,3453,3439,3214,2457,2386,2393,2290,2510,2853,2963,2649,2337,2348,2397,2342,2406,3222,3157,2949,2454,2389,2382,2435,2419,2765,2803,2547,2274,2235,2314,2351,2371,2932,3071,2908,2536,2476,2469,2436,2334,2672,2623,2457,2361,2391,2440,2335,2353,2862,2949,2819,2525,2483,2495,2471,2307,2484,2530,2479,2269,2340,2291,2308,2289,2739,2937,2737,2331,2392,2400,2329,2246,2482,2528,2341,2206,2273,2293,2285,2309,2735,3123,2892,2306,2295,2286,2270,2335,2535,2654,2482,2218,2301,2288,2397,2446,2916,3372,3127,2379,2278,2269,2389,2366,2706,2746,2620,2346,2387,2333,2388,2463,3168,3301,3060,2326,2281,2374,2298,2333,2731,2803,2536,2424,2463,2380,2336,2385,3097,3072,2871,2298,2274,2352,2415,2268,2612,2693,2400,2396,2425,2477,2437,2406,2843,2963,2733,2320,2331,2383,2404,2353,2415,2494,2404,2329,2445,2437,2380,2427,2761,2945,2734,2324,2348,2314,2358,2353,2340,2400,2399,2414,2412,2338,2364,2359,2710,3204,2986,2267,2352,2263,2308,2314,2313,2319,2375,2418,2350,2296,2286,2314,2967,3267,3055,2294,2268,2155,2225,2323,2342,2364,2370,2264,2339,2241,2279,2363,3033,2887,2637,2335,2321,2225,2322,2354,2442,2423,2289,2325,2329,2297,2296,2250,2658,3694,3467,2374,2437,2362,2348,2381,2389,2369,2337,2352,2311,2289,2285,2364,3469,4109,3888,2828,2476,2357,2409,2450,2451,2568,2483,2318,2214,2264,2500,2717,3884,4104,3885,2896,2594,2529,2455,2491,2639,2736,2697,2555,2403,2461,2579,2666,3878,3647,3437,2686,2486,2388,2442,2427,2555,2686,2691,2558,2412,2353,2436,2403,3410,3838,3607,2576,2403,2206,2315,2319,2458,2524,2524,2393,2376,2268,2320,2735,3622,3897,3673,2607,2381,2411,2319,2247,2465,2632,2547,2383,2411,2383,2383,2809,3684,3743,3517,2577,2519,2454,2378,2366,2432,2653,2600,2345,2362,2266,2410,2601,3524,3559,3333,2441,2424,2369,2267,2425,2429,2574,2481,2336,2419,2286,2325,2384,3343,3327,3103,2390,2265,2276,2240,2358,2431,2403,2370,2357,2263,2251,2241,2299,3118,3245,3045,2369,2306,2275,2198,2301,2399,2414,2351,2208,2254,2279,2294,2360,3017,3057,2862,2260,2293,2139,2164,2282,2231,2194,2308,2334,2305,2282,2320,2373,2831,2849,2655,2244,2217,2104,2201,2347,2351,2291,2368,2332,2359,2365,2310,2297,2631,2813,2624,2287,2252,2198,2283,2393,2355,2299,2351,2366,2351,2315,2313,2324,2617,2912,2703,2322,2297,2248,2312,2328,2321,2258,2227,2326,2269,2245,2175,2286,2719,3016,2786,2234,2236,2261,2292,2266,2334,2232,2202,2222,2359,2376,2244,2278,2839,3007,2775,2266,2281,2193,2201,2245,2336,2275,2155,2175,2177,2242,2209,2183,2806,3300,3074,2308,2323,2238,2160,2179,2262,2269,2134,2221,2250,2009,2169,2259,3079,3350,3125,2233,2225,2240,2163,2092,2066,2224,2191,2216,2143,2103,2182,2264,3133,3303,3072,2178,2149,2054,2170,2091,1981,2141,2158,2146,2108,2066,2161,2179,3082,3398,3170,2133,2186,2185,2131,1969,1989,1971,2050,2155,2124,2008,2045,2107,3169,3246,3020,2159,2169,2060,1994,2041,2029,1995,1991,2107,2076,2006,2095,2145,3018,3083,2860,2057,1999,2050,2039,2055,1969,2119,2106,2034,2041,2073,2065,1996,2839,2978,2795,2156,2164,2179,2140,2232,2367,2467,2325,2100,2118,2073,2043,2150,2756
