3475,3260,2454,2451,2432,2388,2454,2411,2460,2411,2454,2388,2432,2451,2454,3260,3700,3463,2431,2494,2352,2235,2405,2408,2445,2486,2418,2375,2338,2385,2587,3484,4071,3850,2722,2520,2336,2387,2409,2349,2297,2355,2341,2303,2325,2435,2799,3851,4207,3984,2862,2517,2209,2370,2280,2346,2314,2132,2183,2328,2283,2454,2888,3987,4022,3801,2682,2406,2185,2304,2352,2361,2353,2228,2023,2298,2252,2392,2714,3802,3620,3419,2504,2305,2315,2352,2317,2219,2306,2295,2093,2219,2213,2337,2595,3369,3419,3201,2400,2260,2199,2275,2308,2270,2399,2274,2075,2291,2223,2320,2400,3197,3197,2971,2242,2337,2370,2346,2286,2192,2335,2221,2161,2328,2345,2310,2356,2975,3126,2912,2369,2375,2357,2238,2256,2261,2192,2119,2182,2253,2291,2232,2222,2926,3027,2845,2384,2377,2324,2263,2228,2301,2365,2211,2261,2243,2290,2305,2376,2868,3106,2876,2379,2343,2268,2448,2285,2653,2620,2231,2265,2237,2366,2580,2666,2992,3706,3555,3246,3056,2784,3158,3159,3491,3539,3291,2571,2762,3083,3290,3383,3616,4474,4262,3770,3784,3574,3899,3952,4251,4170,3623,3691,3262,3659,3980,4146,4399,4656,4382,3697,3931,3914,4141,4244,4488,4307,3987,4095,3479,3673,4154,4380,4612,4504,4149,3667,3598,3801,4030,4182,4357,4100,4205,4139,3506,3798,3959,4249,4461,4437,4201,3608,3370,3423,3575,3797,3820,3621,4050,3883,3266,3669,3554,3758,4290,4511,4279,3316,3300,3103,3182,3410,3253,3288,3494,3403,2949,3243,3220,3518,4315,4453,4233,3166,3072,2764,2943,3169,3174,3223,3163,3035,2904,2801,3072,3383,4237,4249,4070,3315,3298,2956,3075,3193,3373,3474,3473,3342,3054,3184,3403,3544,4092,4062,3841,3119,3178,2909,3231,3297,3372,3463,3503,3313,3060,3152,3326,3386,3854,3881,3647,3084,3139,3130,3207,3304,3683,3835,3586,3024,3040,3036,3093,3060,3669,4526,4291,3334,3276,3278,3327,3322,3760,3982,3748,3319,3280,3217,3241,3426,4327,4668,4444,3412,3320,3216,3152,3273,3723,3861,3598,3245,3322,3255,3259,3591,4466,4469,4248,3242,3126,3098,2976,3078,3439,3498,3239,3126,3186,3099,3011,3316,4254,4006,3780,2648,2663,2991,2893,2862,3163,3294,3009,2886,2922,2905,2863,3082,3795,3743,3547,2814,2733,2639,2898,2807,3095,3376,3213,2759,2673,2964,3027,3043,3531,3830,3596,2793,2675,2592,2749,2723,2992,3289,3126,2496,2450,2921,3003,2852,3608,3718,3473,2673,2592,2401,2660,2718,2981,3155,3002,2514,2492,2665,2807,2736,3511,3418,3166,2594,2657,2464,2573,2739,2790,2909,2750,2478,2525,2443,2707,2608,3209,3494,3259,2433,2463,2508,2437,2626,2730,2987,2873,2632,2487,2450,2586,2627,3260,3603,3396,2628,2628,2548,2752,2815,2996,3043,2897,2643,2579,2480,2502,2699,3347,3469,3275,2437,2608,2457,2715,2845,2959,2871,2845,2582,2516,2497,2504,2690,3220,3127,2862,2256,2424,2278,2311,2423,2559,2711,2647,2519,2268,2393,2466,2580,2931,3203,2964,2363,2453,2346,2178,2365,2627,2762,2633,2316,2343,2186,2419,2644,3048,3298,3105,2465,2388,2278,2341,2458,2640,2768,2668,2433,2246,2225,2420,2611,3103,3217,3028,2429,2327,2034,2269,2348,2465,2556,2510,2415,2162,2140,2243,2370,3000,3119,2942,2404,2225,2222,2407,2356,2480,2590,2402,2278,2216,2301,2254,2277,2857,2991,2809,2454,2283,2333,2383,2297,2482,2544,2342,2301,2186,2261,2302,2326,2792,3009,2847,2420,2268,2264,2421,2329,2550,2756,2500,2332,2375,2239,2309,2466,2771,2846,2704,2332,2279,2319,2500,2395,2469,2757,2499,2366,2373,2294,2276,2436,2602,2844,2647,2088,2307,2330,2420,2460,2330,2483,2430,2328,2306,2344,2341,2386,2689,2545,2333,2428,2408,2391,2449,2409,2358,2402,2436,2488,2223,2255,2224,2194,2517,2920,2623,2425,2305,2183,2432,2485,2363,2456,2552,2491,2263,2415,2458,2290,2767,2848,2498,2445,2445,2445,2395,2481,2595,2676,2488,2371,2283,2463,2558,2324,2638,2870,2771,2392,2278,2421,2383,2451,2510,2572,2388,2317,2301,2272,2430,2417,2585,2933,2846,2365,2319,2365,2398,2264,2428,2408,2525,2442,2367,2291,2391,2245,2656,2904,2763,2375,2411,2290,2325,2274,2612,2681,2558,2418,2329,2281,2291,2339,2674,2886,2704,2281,2375,2401,2331,2272,2704,2775,2671,2421,2221,2300,2294,2365,2642,2864,2543,2133,2209,2370,2216,2206,2562,2638,2484,2397,2357,2216,2342,2342,2641,2823,2489,2206,2335,2294,2304,2280,2470,2544,2460,2454,2406,2226,2101,2211,2598,2755,2594,2196,2249,2219,2301,2306,2496,2617,2563,2405,2220,2348,2195,2244,2613,2832,2632,2249,2229,2213,2290,2306,2412,2519,2448,2119,2310,2327,2361,2299,2599,3106,2875,2195,2133,2154,2219,2284,2348,2471,2374,2121,2206,2320,2195,2248,2862,3489,3271,2338,2299,2324,2357,2410,2678,2745,2436,2266,2313,2322,2326,2435,3252,3453,3216,2353,2264,2218,2236,2105,2603,2641,2227,2165,2363,2280,2348,2485,3230,3157,2944,2104,2293,2218,2098,2268,2343,2334,2390,2317,2253,1972,2123,2283,2942,2806,2545,2404,2377,2162,2063,2247,2360,2277,2353,2380,2194,2085,2315,2138,2629,2714,2490,2378,2258,2308,2317,2219,2445,2420,2371,2408,2263,2309,2331,2366,2545,2804,2549,2236,2295,2337,2348,2308,2372,2314,2297,2339,2341,2351,2287,2365,2671,2842,2674,2203,2239,2215,2208,2361,2402,2412,2269,2139,2246,2283,2213,2337,2653,2919,2695,2273,2218,2219,2394,2449,2711,2689,2272,2321,2365,2462,2471,2562,2785,2905,2575,2077,2251,2247,2370,2453,2754,2739,2308,2370,2266,2465,2496,2640,2770,3938,3716,2646,2268,2183,2214,2304,2511,2479,2373,2236,2223,2279,2490,2583,3718,4427,4206,3133,2667,2705,2456,2449,2863,2969,2793,2347,2478,2517,2738,3053,4204,4554,4340,3336,2774,3001,2790,2761,3257,3365,3222,2761,2840,2807,3059,3044,4327,4218,4000,3152,2795,2969,2798,2932,3319,3333,3265,2885,2933,2932,3097,3059,4005,4182,3967,2921,2661,2719,2839,2811,3154,3299,3100,2747,2755,2914,2892,2956,3964,3713,3487,2627,2394,2628,2726,2667,2764,2964,2889,2596,2584,2547,2568,2501,3490,3461,3238,2444,2375,2538,2575,2442,2519,2695,2586,2426,2370,2348,2355,2225,3226,3423,3201,2378,2365,2374,2435,2417,2465,2687,2408,2354,2150,2257,2184,2428,3237,3384,3170,2354,2399,2522,2597,2428,2489,2721,2462,2395,2348,2484,2402,2476,3130,3214,3016,2343,2319,2459,2532,2526,2262,2580,2396,2375,2326,2338,2348,2338,2953,3132,2946,2248,2233,2449,2390,2325,2393,2618,2430,2400,2343,2216,2370,2327,2867,2973,2710,2195,2112,2339,2281,2290,2503,2430,2193,2329,2229,2320,2428,2423,2748,2827,2435,2288,2226,2186,2296,2342,2412,2313,2243,2283,2191,2383,2324,2250,2629,2828,2618,2280,2272,2330,2408,2417,2257,2348,2244,2253,2330,2318,2471,2467,2667,3036,2876,2397,2442,2360,2470,2521,2225,2396,2235,2230,2456,2218,2365,2574,2844,3475,3259,2527,2643,2525,2478,2476,2454,2660,2479,2266,2487,2432,2331,2585,3246,3695,3482,2399,2570,2508,2394,2561,2505,2779,2641,2333,2417,2339,2416,2651,3458,3645,3431,2382,2371,2286,2346,2438,2439,2697,2578,2320,2271,2454,2406,2603,3416,3529,3307,2371,2441,2231,2366,2340,2274,2393,2414,2435,2418,2359,2197,2432,3307,3415,3195,2410,2407,2399,2424,2332,2552,2617,2537,2514,2450,2294,2307,2444,3194,3313,3079,2350,2355,2312,2444,2422,2690,2750,2543,2395,2294,2372,2402,2296,3122,2856,2617,2279,2281,2461,2368,2362,2633,2757,2566,2392,2489,2389,2454,2511,2790,2963,2753,2305,2353,2445,2208,2353,2554,2719,2626,2506,2436,2410,2490,2538,2856,2945,2712,2443,2340,2419,2435,2400,2624,2562,2479,2467,2486,2427,2365,2505,2835,3094,2911,2462,2287,2407,2363,2448,2579,2680,2554,2456,2486,2465,2281,2473,2824,3094,2954,2443,2434,2479,2379,2370,2533,2724,2638,2307,2526,2462,2246,2312,2836,3111,2984,2434,2484,2584,2546,2557,2657,2755,2709,2281,2617,2465,2263,2424,2855,2924,2745,2418,2415,2564,2528,2495,2658,2681,2629,2325,2518,2436,2385,2582,2756,3092,2895,2240,2445,2410,2276,2433,2482,2463,2430,2183,2270,2276,2420,2511,2829,2974,2782,2222,2347,2171,2254,2326,2636,2742,2565,2243,2243,2322,2384,2390,2868,3179,2956,2298,2314,2085,2388,2421,2836,2976,2795,2412,2269,2363,2443,2468,3020,3052,2838,2289,2353,2282,2311,2270,2809,2973,2745,2366,2110,2282,2416,2503,2903,3071,2880,2259,2251,2194,2224,2303,2542,2668,2517,2399,2292,2275,2215,2289,2837,2984,2802,2386,2188,2094,2168,2248,2438,2560,2621,2444,2279,2089,2188,2306,2696,3024,2677,2424,2232,2162,2237,2410,2519,2727,2497,2409,2275,2274,2365,2443,2906,3169,2888,2510,2437,2268,2218,2385,2587,2634,2484,2206,2352,2175,2398,2533,3006,3244,2928,2402,2420,2331,2430,2394,2523,2623,2454,2346,2247,2281,2278,2459,3055,3194,2943,2175,2286,2321,2385,2349,2434,2665,2417,2416,2379,2264,2400,2370,3000,3018,2809,2384,2158,2251,2311,2207,2485,2647,2473,2399,2359,2267,2285,2371,2820,2848,2595,2374,2280,2348,2305,2113,2395,2546,2418,2418,2157,2335,2338,2318,2684,2662,2472,2288,2363,2333,2304,2305,2421,2478,2343,2347,2261,2325,2297,2332,2598,2945,2815,2304,2207,2255,2144,2411,2430,2473,2365,2278,2350,2373,1965,2277,2727,3223,3006,2365,2168,2135,2150,2394,2333,2342,2360,2243,2276,2206,2044,2355,3023,3080,2854,2112,2187,2075,2134,2250,2302,2324,2259,2316,2282,2383,2344,2103,2876,3033,2828,2145,2292,2146,2263,2317,2235,2435,2247,2356,2230,2259,2298,2255,2815,3531,3303,2400,2337,2154,2295,2204,2558,2748,2517,2408,2289,2208,2123,2349,3314,3680,3456,2382,2300,2396,2295,2427,2811,2936,2810,2515,2182,2193,2229,2491,3459,3574,3353,2423,2263,2447,2257,2374,2722,2798,2769,2512,2203,2321,2217,2502,3358,3719,3509,2542,2333,2425,2332,2408,2391,2434,2554,2437,2257,2151,2176,2507,3503,4028,3813,2757,2444,2325,2315,2338,2356,2413,2385,2452,2196,2143,2416,2735,3809,4045,3824,2720,2499,2334,2344,2149,2380,2333,2295,2351,2301,2267,2490,2698,3822,3861,3641,2585,2423,2352,2324,2066,2519,2533,2414,2165,2252,2363,2232,2518,3633,3496,3280,2440,2249,2274,2093,2217,2435,2390,2353,2246,2184,2253,2267,2379,3261,3169,2958,2352,2141,2201,2063,2101,2107,2250,2193,2160,2337,2223,2338,2165,2794,2975,2700,2241,2280,2246,2228,2239,2169,2222,2122,2197,2303,2202,2324,2359,2744,2813,2581,2214,2193,2159,2254,2278,2268,2334,2219,2325,2392,2331,2333,2278,2599,2794,2574,2109,2178,2149,2276,2211,2145,2276,2296,2315,2247,2125,2190,2127,2608,2737,2481,2126,2208,2168,2167,2189,2267,2306,2227,2317,2240,2137,2160,2136,2541,2797,2600,2164,2138,2085,2166,2109,2261,2198,2162,2278,2170,2203,2158,2140,2518,3088,2878,2153,2062,2145,2123,2102,2251,2100,2148,2280,2192,2247,2064,2002,2831,3342,3139,2312,1967,2138,2116,2060,2159,2303,2179,2120,2211,2145,2045,2234,3122,3322,3111,2291,1930,2100,2158,2194,2028,2176,2104,2091,2139,2162,2099,2232,3104,3040,2820,2053,1980,2082,2138,2057,1889,2041,2045,2010,2071,2084,2030,2141,2836,2514,2327,2092,1966,1992,2163,2075,1935,1964,1983,1897,2049,2138,2110,1962,2337,2500,2227,1996,1954,1998,1959,2043,1958,2218,2249,1962,1894,1751,1731,1952,2296,2479,2254,1916,1944,2134,2094,2027,2069,2443,2411,2102,1996,1972,1836,1891,2250
,,,,,,,,,,,,,,,,,,,,,,,,,,,,,,,,,,,,,,,,,,,,,,,,,,,,,,,,,,,,,,,,,,,,,,,,,,,,,,,,,,,,,,,,,,,,,,,,,,,,,,,,,,,,,,,,,,,,,,,,,,,,,,,,,,,,,,,,,,,,,,,,,,,,,,,,,,,,,,,,,,,,,,,,,,,,,,,,,,,,,,,,,,,,,,,,,,,,,,,,,,,,,,,,,,,,,,,,,,,,,,,,,,,,,,,,,,,,,,,,,,,,,,,,,,,,,,,,,,,,,,,,,,,,,,,,,,,,,,,,,,,,,,,,,,,,,,,,,,,,,,,,,,,,,,,,,,,,,,,,,,,,,,,,,,,,,,,,,,,,,,,,,,,,,,,,,,,,,,,,,,,,,,,,,,,,,,,,,,,,,,,,,,,,,,,,,,,,,,,,,,,,,,,,,,,,,,,,,,,,,,,,,,,,,,,,,,,,,,,,,,,,,,,,,,,,,,,,,,,,,,,,,,,,,,,,,,,,,,,,,,,,,,,,,,,,,,,,,,,,,,,,,,,,,,,,,,,,,,,,,,,,,,,,,,,,,,,,,,,,,,,,,,,,,,,,,,,,,,,,,,,,,,,,,,,,,,,,,,,,,,,,,,,,,,,,,,,,,,,,,,,,,,,,,,,,,,,,,,,,,,,,,,,,,,,,,,,,,,,,,,,,,,,,,,,,,,,,,,,,,,,,,,,,,,,,,,,,,,,,,,,,,,,,,,,,,,,,,,,,,,,,,,,,,,,,,,,,,,,,,,,,,,,,,,,,,,,,,,,,,,,,,,,,,,,,,,,,,,,,,,,,,,,,,,,,,,,,,,,,,,,,,,,,,,,,,,,,,,,,,,,,,,,,,,,,,,,,,,,,,,,,,,,,,,,,,,,,,,,,,,,,,,,,,,,,,,,,,,,,,,,,,,,,,,,,,,,,,,,,,,,,,,,,,,,,,,,,,,,,,,,,,,,,,,,,,,,,,,,,,,,,,,,,,,,,,,,,,,,,,,,,,,,,,,,,,,,,,,,,,,,,,,,,,,,,,,,,,,,,,,,,,,,,,,,,,,,,,,,,,,,,,,,,,,,,,,,,,,,,,,,,,,,,,,,,,,,,,,,,,,,,,,,,,,,,,,,,,,,,,,,,,,,,,,,,,,,,,,,,,,,,,,,,,,,,,,,,,,,,,,,,,,,,,,,,,,,,,,,,,,,,,,,,,,,,,,,,,,,,,,,,,,,,,,,,,,,,,,,,,,,,,,,,,,,,,,,,,,,,,,,,,,,,,,,,,,,,,,,,,,,,,,,,,,,,,,,,,,,,,,,,,,,,,,,,,,,,,,,,,,,,,,,,,,,,,,,,,,,,,,,,,,,,,,,,,,,,,,,,,,,,,,,,,,,,,,,,,,,,,,,,,,,,,,,,,,,,,,,,,,,,,,,,,,,,,,,,,,,,,,,,,,,,,,,,,,,,,,,,,,,,,,,,,,,,,,,,,,,,,,,,,,,,,,,,,,,,,,,,,,,,,,,,,,,,,,,,,,,,,,,,,,,,,,,,,,,,,,,,,,,,,,,,,,,,,,,,,,,,,,,,,,,,,,,,,,,,,,,,,,,,,,,,,,,,,,,,,,,,,,,,,,,,,,,,,,,,,,,,,,,,,,,,,,,,,,,,,,,,,,,,,,,,,,,,,,,,,,,,,,,,,,,,,,,,,,,,,,,,,,,,,,,,,,,,,,,,,,,,,,,,,,,,,,,,,,,,,,,,,,,,,,,,,,,,,,,,,,,,,,,,,,,,,,,,,,,,,,,,,,,,,,,,,,,,,,,,,,,,,,,,,,,,,,,,,,,,,,,,,,,,,,,,,,,,,,,,,,,,,,,,,,,,,,,,,,,,,,,,,,,,,,,,,,,,,,,,,,,,,,,,,,,,,,,,,,,,,,,,,,,,,,,,,,,,,,,,,,,,,,,,,,,,,,,,,,,,,,,,,,,,,,,,,,,,,,,,,,,,,,,,,,,,,,,,,,,,,,,,,,,,,,,,,,,,,,,,,,,,,,,,,,,,,,,,,,,,,,,,,,,,,,,,,,,,,,,,,,,,,,,,,,,,,,,,,,,,,,,,,,,,,,,,,,,,,,,,,,,,,,,,,,,,,,,,,,,,,,,,,,,,,,,,,,,,,,,,,,,,,,,,,,,,,,,,,,,,,,,,,,,,,,,,,,,,,,,,,,,,,,,,,,,
,,,,,,,,,,,,,,,,,,,,,,,,,,,,,,,,,,,,,,,,,,,,,,,,,,,,,,,,,,,,,,,,,,,,,,,,,,,,,,,,,,,,,,,,,,,,,,,,,,,,,,,,,,,,,,,,,,,,,,,,,,,,,,,,,,,,,,,,,,,,,,,,,,,,,,,,,,,,,,,,,,,,,,,,,,,,,,,,,,,,,,,,,,,,,,,,,,,,,,,,,,,,,,,,,,,,,,,,,,,,,,,,,,,,,,,,,,,,,,,,,,,,,,,,,,,,,,,,,,,,,,,,,,,,,,,,,,,,,,,,,,,,,,,,,,,,,,,,,,,,,,,,,,,,,,,,,,,,,,,,,,,,,,,,,,,,,,,,,,,,,,,,,,,,,,,,,,,,,,,,,,,,,,,,,,,,,,,,,,,,,,,,,,,,,,,,,,,,,,,,,,,,,,,,,,,,,,,,,,,,,,,,,,,,,,,,,,,,,,,,,,,,,,,,,,,,,,,,,,,,,,,,,,,,,,,,,,,,,,,,,,,,,,,,,,,,,,,,,,,,,,,,,,,,,,,,,,,,,,,,,,,,,,,,,,,,,,,,,,,,,,,,,,,,,,,,,,,,,,,,,,,,,,,,,,,,,,,,,,,,,,,,,,,,,,,,,,,,,,,,,,,,,,,,,,,,,,,,,,,,,,,,,,,,,,,,,,,,,,,,,,,,,,,,,,,,,,,,,,,,,,,,,,,,,,,,,,,,,,,,,,,,,,,,,,,,,,,,,,,,,,,,,,,,,,,,,,,,,,,,,,,,,,,,,,,,,,,,,,,,,,,,,,,,,,,,,,,,,,,,,,,,,,,,,,,,,,,,,,,,,,,,,,,,,,,,,,,,,,,,,,,,,,,,,,,,,,,,,,,,,,,,,,,,,,,,,,,,,,,,,,,,,,,,,,,,,,,,,,,,,,,,,,,,,,,,,,,,,,,,,,,,,,,,,,,,,,,,,,,,,,,,,,,,,,,,,,,,,,,,,,,,,,,,,,,,,,,,,,,,,,,,,,,,,,,,,,,,,,,,,,,,,,,,,,,,,,,,,,,,,,,,,,,,,,,,,,,,,,,,,,,,,,,,,,,,,,,,,,,,,,,,,,,,,,,,,,,,,,,,,,,,,,,,,,,,,,,,,,,,,,,,,,,,,,,,,,,,,,,,,,,,,,,,,,,,,,,,,,,,,,,,,,,,,,,,,,,,,,,,,,,,,,,,,,,,,,,,,,,,,,,,,,,,,,,,,,,,,,,,,,,,,,,,,,,,,,,,,,,,,,,,,,,,,,,,,,,,,,,,,,,,,,,,,,,,,,,,,,,,,,,,,,,,,,,,,,,,,,,,,,,,,,,,,,,,,,,,,,,,,,,,,,,,,,,,,,,,,,,,,,,,,,,,,,,,,,,,,,,,,,,,,,,,,,,,,,,,,,,,,,,,,,,,,,,,,,,,,,,,,,,,,,,,,,,,,,,,,,,,,,,,,,,,,,,,,,,,,,,,,,,,,,,,,,,,,,,,,,,,,,,,,,,,,,,,,,,,,,,,,,,,,,,,,,,,,,,,,,,,,,,,,,,,,,,,,,,,,,,,,,,,,,,,,,,,,,,,,,,,,,,,,,,,,,,,,,,,,,,,,,,,,,,,,,,,,,,,,,,,,,,,,,,,,,,,,,,,,,,,,,,,,,,,,,,,,,,,,,,,,,,,,,,,,,,,,,,,,,,,,,,,,,,,,,,,,,,,,,,,,,,,,,,,,,,,,,,,,,,,,,,,,,,,,,,,,,,,,,,,,,,,,,,,,,,,,,,,,,,,,,,,,,,,,,,,,,,,,,,,,,,,,,,,,,,,,,,,,,,,,,,,,,,,,,,,,,,,,,,,,,,,,,,,,,,,,,,,,,,,,,,,,,,,,,,,,,,,,,,,,,,,,,,,,,,,,,,,,,,,,,,,,,,,,,,,,,,,,,,,,,,,,,,,,,,,,,,,,,,,,,,,,,,,,,,,,,,,,,,,,,,,,,,,,,,,,,,,,,,,,,,,,,,,,,,,,,,,,,,,,,,,,,,,,,,,,,,,,,,,,,,,,,,,,,,,,,,,,,,,,,,,,,,,,,,,,,,,,,,,,,,,,,,,,,,,,,,,,,,,,,,,,,,,,,,,,,,,,,,,,,,,,,,,,,,,,,,,,,,,,,,,,,,,,,,,,,,,,,,,,,,,,,,,,,,,,,,,,,,,,,,,,,,
,,,,,,,,,,,,,,,,,,,,,,,,,,,,,,,,,,,,,,,,,,,,,,,,,,,,,,,,,,,,,,,,,,,,,,,,,,,,,,,,,,,,,,,,,,,,,,,,,,,,,,,,,,,,,,,,,,,,,,,,,,,,,,,,,,,,,,,,,,,,,,,,,,,,,,,,,,,,,,,,,,,,,,,,,,,,,,,,,,,,,,,,,,,,,,,,,,,,,,,,,,,,,,,,,,,,,,,,,,,,,,,,,,,,,,,,,,,,,,,,,,,,,,,,,,,,,,,,,,,,,,,,,,,,,,,,,,,,,,,,,,,,,,,,,,,,,,,,,,,,,,,,,,,,,,,,,,,,,,,,,,,,,,,,,,,,,,,,,,,,,,,,,,,,,,,,,,,,,,,,,,,,,,,,,,,,,,,,,,,,,,,,,,,,,,,,,,,,,,,,,,,,,,,,,,,,,,,,,,,,,,,,,,,,,,,,,,,,,,,,,,,,,,,,,,,,,,,,,,,,,,,,,,,,,,,,,,,,,,,,,,,,,,,,,,,,,,,,,,,,,,,,,,,,,,,,,,,,,,,,,,,,,,,,,,,,,,,,,,,,,,,,,,,,,,,,,,,,,,,,,,,,,,,,,,,,,,,,,,,,,,,,,,,,,,,,,,,,,,,,,,,,,,,,,,,,,,,,,,,,,,,,,,,,,,,,,,,,,,,,,,,,,,,,,,,,,,,,,,,,,,,,,,,,,,,,,,,,,,,,,,,,,,,,,,,,,,,,,,,,,,,,,,,,,,,,,,,,,,,,,,,,,,,,,,,,,,,,,,,,,,,,,,,,,,,,,,,,,,,,,,,,,,,,,,,,,,,,,,,,,,,,,,,,,,,,,,,,,,,,,,,,,,,,,,,,,,,,,,,,,,,,,,,,,,,,,,,,,,,,,,,,,,,,,,,,,,,,,,,,,,,,,,,,,,,,,,,,,,,,,,,,,,,,,,,,,,,,,,,,,,,,,,,,,,,,,,,,,,,,,,,,,,,,,,,,,,,,,,,,,,,,,,,,,,,,,,,,,,,,,,,,,,,,,,,,,,,,,,,,,,,,,,,,,,,,,,,,,,,,,,,,,,,,,,,,,,,,,,,,,,,,,,,,,,,,,,,,,,,,,,,,,,,,,,,,,,,,,,,,,,,,,,,,,,,,,,,,,,,,,,,,,,,,,,,,,,,,,,,,,,,,,,,,,,,,,,,,,,,,,,,,,,,,,,,,,,,,,,,,,,,,,,,,,,,,,,,,,,,,,,,,,,,,,,,,,,,,,,,,,,,,,,,,,,,,,,,,,,,,,,,,,,,,,,,,,,,,,,,,,,,,,,,,,,,,,,,,,,,,,,,,,,,,,,,,,,,,,,,,,,,,,,,,,,,,,,,,,,,,,,,,,,,,,,,,,,,,,,,,,,,,,,,,,,,,,,,,,,,,,,,,,,,,,,,,,,,,,,,,,,,,,,,,,,,,,,,,,,,,,,,,,,,,,,,,,,,,,,,,,,,,,,,,,,,,,,,,,,,,,,,,,,,,,,,,,,,,,,,,,,,,,,,,,,,,,,,,,,,,,,,,,,,,,,,,,,,,,,,,,,,,,,,,,,,,,,,,,,,,,,,,,,,,,,,,,,,,,,,,,,,,,,,,,,,,,,,,,,,,,,,,,,,,,,,,,,,,,,,,,,,,,,,,,,,,,,,,,,,,,,,,,,,,,,,,,,,,,,,,,,,,,,,,,,,,,,,,,,,,,,,,,,,,,,,,,,,,,,,,,,,,,,,,,,,,,,,,,,,,,,,,,,,,,,,,,,,,,,,,,,,,,,,,,,,,,,,,,,,,,,,,,,,,,,,,,,,,,,,,,,,,,,,,,,,,,,,,,,,,,,,,,,,,,,,,,,,,,,,,,,,,,,,,,,,,,,,,,,,,,,,,,,,,,,,,,,,,,,,,,,,,,,,,,,,,,,,,,,,,,,,,,,,,,,,,,,,,,,,,,,,,,,,,,,,,,,,,,,,,,,,,,,,,,,,,,,,,,,,,,,,,,,,,,,,,,,,,,,,,,,,,,,,,,,,,,,,,,,,,,,,,,,,,,,,,,,,,,,,,,,,,,,,,,,,,,,,,,,,,,,,,,,,,,,,,,,,,,,,,,,,,,,,,,,,,,,,,,,,,,,,,,,,,,,,,,,,,,,,,,,,,,,,,,,,,,,,,,,,,,,,,,,,,,,,,,,,,,,,,,,,,,,,
,,,,,,,,,,,,,,,,,,,,,,,,,,,,,,,,,,,,,,,,,,,,,,,,,,,,,,,,,,,,,,,,,,,,,,,,,,,,,,,,,,,,,,,,,,,,,,,,,,,,,,,,,,,,,,,,,,,,,,,,,,,,,,,,,,,,,,,,,,,,,,,,,,,,,,,,,,,,,,,,,,,,,,,,,,,,,,,,,,,,,,,,,,,,,,,,,,,,,,,,,,,,,,,,,,,,,,,,,,,,,,,,,,,,,,,,,,,,,,,,,,,,,,,,,,,,,,,,,,,,,,,,,,,,,,,,,,,,,,,,,,,,,,,,,,,,,,,,,,,,,,,,,,,,,,,,,,,,,,,,,,,,,,,,,,,,,,,,,,,,,,,,,,,,,,,,,,,,,,,,,,,,,,,,,,,,,,,,,,,,,,,,,,,,,,,,,,,,,,,,,,,,,,,,,,,,,,,,,,,,,,,,,,,,,,,,,,,,,,,,,,,,,,,,,,,,,,,,,,,,,,,,,,,,,,,,,,,,,,,,,,,,,,,,,,,,,,,,,,,,,,,,,,,,,,,,,,,,,,,,,,,,,,,,,,,,,,,,,,,,,,,,,,,,,,,,,,,,,,,,,,,,,,,,,,,,,,,,,,,,,,,,,,,,,,,,,,,,,,,,,,,,,,,,,,,,,,,,,,,,,,,,,,,,,,,,,,,,,,,,,,,,,,,,,,,,,,,,,,,,,,,,,,,,,,,,,,,,,,,,,,,,,,,,,,,,,,,,,,,,,,,,,,,,,,,,,,,,,,,,,,,,,,,,,,,,,,,,,,,,,,,,,,,,,,,,,,,,,,,,,,,,,,,,,,,,,,,,,,,,,,,,,,,,,,,,,,,,,,,,,,,,,,,,,,,,,,,,,,,,,,,,,,,,,,,,,,,,,,,,,,,,,,,,,,,,,,,,,,,,,,,,,,,,,,,,,,,,,,,,,,,,,,,,,,,,,,,,,,,,,,,,,,,,,,,,,,,,,,,,,,,,,,,,,,,,,,,,,,,,,,,,,,,,,,,,,,,,,,,,,,,,,,,,,,,,,,,,,,,,,,,,,,,,,,,,,,,,,,,,,,,,,,,,,,,,,,,,,,,,,,,,,,,,,,,,,,,,,,,,,,,,,,,,,,,,,,,,,,,,,,,,,,,,,,,,,,,,,,,,,,,,,,,,,,,,,,,,,,,,,,,,,,,,,,,,,,,,,,,,,,,,,,,,,,,,,,,,,,,,,,,,,,,,,,,,,,,,,,,,,,,,,,,,,,,,,,,,,,,,,,,,,,,,,,,,,,,,,,,,,,,,,,,,,,,,,,,,,,,,,,,,,,,,,,,,,,,,,,,,,,,,,,,,,,,,,,,,,,,,,,,,,,,,,,,,,,,,,,,,,,,,,,,,,,,,,,,,,,,,,,,,,,,,,,,,,,,,,,,,,,,,,,,,,,,,,,,,,,,,,,,,,,,,,,,,,,,,,,,,,,,,,,,,,,,,,,,,,,,,,,,,,,,,,,,,,,,,,,,,,,,,,,,,,,,,,,,,,,,,,,,,,,,,,,,,,,,,,,,,,,,,,,,,,,,,,,,,,,,,,,,,,,,,,,,,,,,,,,,,,,,,,,,,,,,,,,,,,,,,,,,,,,,,,,,,,,,,,,,,,,,,,,,,,,,,,,,,,,,,,,,,,,,,,,,,,,,,,,,,,,,,,,,,,,,,,,,,,,,,,,,,,,,,,,,,,,,,,,,,,,,,,,,,,,,,,,,,,,,,,,,,,,,,,,,,,,,,,,,,,,,,,,,,,,,,,,,,,,,,,,,,,,,,,,,,,,,,,,,,,,,,,,,,,,,,,,,,,,,,,,,,,,,,,,,,,,,,,,,,,,,,,,,,,,,,,,,,,,,,,,,,,,,,,,,,,,,,,,,,,,,,,,,,,,,,,,,,,,,,,,,,,,,,,,,,,,,,,,,,,,,,,,,,,,,,,,,,,,,,,,,,,,,,,,,,,,,,,,,,,,,,,,,,,,,,,,,,,,,,,,,,,,,,,,,,,,,,,,,,,,,,,,,,,,,,,,,,,,,,,,,,,,,,,,,,,,,,,,,,,,,,,,,,,,,,,,,,,,,,,,,,,,,,,,,,,,,,,,,,,,,,,,,,,,,,,,,,,,,,,,,,,,,,,,,,,,,,,,,,,,,,,,,,,,,,,,,,,,,,,,,,,,,,,,,,,,,,,,,,,,,,,,,
,,,,,,,,,,,,,,,,,,,,,,,,,,,,,,,,,,,,,,,,,,,,,,,,,,,,,,,,,,,,,,,,,,,,,,,,,,,,,,,,,,,,,,,,,,,,,,,,,,,,,,,,,,,,,,,,,,,,,,,,,,,,,,,,,,,,,,,,,,,,,,,,,,,,,,,,,,,,,,,,,,,,,,,,,,,,,,,,,,,,,,,,,,,,,,,,,,,,,,,,,,,,,,,,,,,,,,,,,,,,,,,,,,,,,,,,,,,,,,,,,,,,,,,,,,,,,,,,,,,,,,,,,,,,,,,,,,,,,,,,,,,,,,,,,,,,,,,,,,,,,,,,,,,,,,,,,,,,,,,,,,,,,,,,,,,,,,,,,,,,,,,,,,,,,,,,,,,,,,,,,,,,,,,,,,,,,,,,,,,,,,,,,,,,,,,,,,,,,,,,,,,,,,,,,,,,,,,,,,,,,,,,,,,,,,,,,,,,,,,,,,,,,,,,,,,,,,,,,,,,,,,,,,,,,,,,,,,,,,,,,,,,,,,,,,,,,,,,,,,,,,,,,,,,,,,,,,,,,,,,,,,,,,,,,,,,,,,,,,,,,,,,,,,,,,,,,,,,,,,,,,,,,,,,,,,,,,,,,,,,,,,,,,,,,,,,,,,,,,,,,,,,,,,,,,,,,,,,,,,,,,,,,,,,,,,,,,,,,,,,,,,,,,,,,,,,,,,,,,,,,,,,,,,,,,,,,,,,,,,,,,,,,,,,,,,,,,,,,,,,,,,,,,,,,,,,,,,,,,,,,,,,,,,,,,,,,,,,,,,,,,,,,,,,,,,,,,,,,,,,,,,,,,,,,,,,,,,,,,,,,,,,,,,,,,,,,,,,,,,,,,,,,,,,,,,,,,,,,,,,,,,,,,,,,,,,,,,,,,,,,,,,,,,,,,,,,,,,,,,,,,,,,,,,,,,,,,,,,,,,,,,,,,,,,,,,,,,,,,,,,,,,,,,,,,,,,,,,,,,,,,,,,,,,,,,,,,,,,,,,,,,,,,,,,,,,,,,,,,,,,,,,,,,,,,,,,,,,,,,,,,,,,,,,,,,,,,,,,,,,,,,,,,,,,,,,,,,,,,,,,,,,,,,,,,,,,,,,,,,,,,,,,,,,,,,,,,,,,,,,,,,,,,,,,,,,,,,,,,,,,,,,,,,,,,,,,,,,,,,,,,,,,,,,,,,,,,,,,,,,,,,,,,,,,,,,,,,,,,,,,,,,,,,,,,,,,,,,,,,,,,,,,,,,,,,,,,,,,,,,,,,,,,,,,,,,,,,,,,,,,,,,,,,,,,,,,,,,,,,,,,,,,,,,,,,,,,,,,,,,,,,,,,,,,,,,,,,,,,,,,,,,,,,,,,,,,,,,,,,,,,,,,,,,,,,,,,,,,,,,,,,,,,,,,,,,,,,,,,,,,,,,,,,,,,,,,,,,,,,,,,,,,,,,,,,,,,,,,,,,,,,,,,,,,,,,,,,,,,,,,,,,,,,,,,,,,,,,,,,,,,,,,,,,,,,,,,,,,,,,,,,,,,,,,,,,,,,,,,,,,,,,,,,,,,,,,,,,,,,,,,,,,,,,,,,,,,,,,,,,,,,,,,,,,,,,,,,,,,,,,,,,,,,,,,,,,,,,,,,,,,,,,,,,,,,,,,,,,,,,,,,,,,,,,,,,,,,,,,,,,,,,,,,,,,,,,,,,,,,,,,,,,,,,,,,,,,,,,,,,,,,,,,,,,,,,,,,,,,,,,,,,,,,,,,,,,,,,,,,,,,,,,,,,,,,,,,,,,,,,,,,,,,,,,,,,,,,,,,,,,,,,,,,,,,,,,,,,,,,,,,,,,,,,,,,,,,,,,,,,,,,,,,,,,,,,,,,,,,,,,,,,,,,,,,,,,,,,,,,,,,,,,,,,,,,,,,,,,,,,,,,,,,,,,,,,,,,,,,,,,,,,,,,,,,,,,,,,,,,,,,,,,,,,,,,,,,,,,,,,,,,,,,,,,,,,,,,,,,,,,,,,,,,,,,,,,,,,,,,,,,,,,,,,,,,,,,,,,,,,,,,,,,,,,,,,,,,,,,,,,,,,,,,,,,,,,,,,,,,,,,,,,,,,,,,,,,,,,,,,,,,,,,,,,,,,,,,,,,,,,,,,,,,,,,,,,,,,,,,,,,,,,,,,,,,,,,,,,,,,,,,,,,,,,,,,,,,,,,,,,,,,,,,
3541,3334,2432,2304,2430,2118,2374,2379,2200,2379,2374,2118,2430,2304,2432,3334,3706,3472,2415,2379,2338,2129,2372,2389,2322,2337,2264,2226,2377,2295,2466,3492,4069,3846,2658,2535,2361,2291,2347,2333,2370,2333,2245,2329,2267,2408,2750,3849,4204,3981,2817,2529,2385,2326,2342,2208,2161,2294,2295,2387,2375,2502,2872,3984,4016,3794,2620,2381,2330,2366,2270,2143,2135,2172,2298,2306,2357,2368,2715,3798,3638,3404,2381,2328,2192,2349,2229,2151,2189,2231,2152,2219,2192,2214,2493,3423,3400,3172,2403,2372,2275,2330,2090,2149,2218,2295,2332,2305,2181,2310,2332,3172,3219,2987,2351,2379,2273,2096,2243,2264,2224,2103,2245,2359,2323,2431,2373,2994,3138,2930,2439,2384,2426,2393,2435,2323,2273,2200,2179,2199,2176,2384,2397,2902,3030,2825,2432,2411,2316,2282,2494,2517,2462,2418,2274,2175,2230,2297,2275,2787,3048,2893,2498,2272,2285,2223,2606,2808,2815,2685,2456,2295,2394,2335,2582,2793,3383,3452,3284,2737,2840,3054,3275,3557,3592,3336,2806,2805,2710,2711,3373,3551,4376,4240,3876,3408,3543,3541,4039,4320,4354,4149,3826,3448,3513,3621,4123,4311,4628,4434,3883,3678,3883,3758,4276,4549,4559,4379,4160,3514,3722,3908,4333,4552,4534,4342,3679,3624,3766,3816,4155,4395,4366,4233,4099,3681,3695,3879,4134,4443,4490,4289,3572,3317,3366,3551,3676,3891,4080,3951,3702,3503,3531,3603,3665,4274,4516,4307,3271,3083,3057,3076,3181,3651,3773,3526,3375,3230,3144,3041,3339,4283,4445,4222,3154,2921,2812,2794,3079,3340,3425,3322,2957,3035,2645,2942,3145,4220,4249,4037,3369,3095,3079,3038,3278,3564,3680,3624,3251,3085,2956,3139,3328,4070,4021,3843,3317,3129,3011,3087,3241,3438,3722,3644,3318,3176,2879,3233,3191,3806,3925,3714,3102,2837,2884,2893,2987,3606,3756,3516,3024,2892,2725,3019,2873,3750,4511,4297,3364,2928,2948,2771,3002,3774,3938,3694,2840,2966,2763,2842,3238,4281,4645,4444,3497,2909,3014,2636,2953,3773,3909,3510,3121,2991,2886,2911,3339,4401,4450,4253,3315,2768,2962,2925,2985,3541,3691,3460,3026,2864,2862,2904,3104,4187,3984,3799,3044,2688,2882,3045,2804,3207,3377,3198,2837,2706,2805,2942,3071,3744,3761,3556,2851,2696,2921,3091,3169,3273,3339,3182,2522,2721,2835,2932,3013,3531,3847,3630,2660,2743,2887,2861,2994,3114,3230,3131,2641,2584,2696,2702,2814,3638,3718,3504,2724,2762,2849,2780,2712,2859,3079,2982,2683,2548,2588,2529,2565,3488,3414,3246,2729,2600,2713,2691,2661,2662,2861,2857,2661,2633,2555,2549,2643,3161,3495,3317,2638,2506,2412,2392,2582,2851,2940,2879,2628,2521,2538,2510,2615,3215,3598,3409,2534,2594,2588,2535,2881,2890,2791,2810,2582,2560,2459,2234,2675,3328,3448,3271,2480,2649,2644,2577,2841,2985,2884,2555,2599,2511,2174,2347,2617,3178,3231,3037,2511,2439,2400,2266,2502,2695,2693,2450,2558,2504,2236,2276,2506,3014,3287,3015,2664,2619,2259,2211,2556,2778,2930,2809,2520,2287,2346,2501,2725,3160,3298,3005,2614,2628,2359,2358,2614,2742,2917,2770,2388,2073,2413,2458,2705,3141,3178,2892,2462,2414,2300,2454,2629,2711,2604,2317,2206,2196,2345,2399,2478,2979,3080,2829,2226,2178,2329,2421,2534,2616,2586,2364,2169,2192,2355,2415,2454,2873,3004,2763,2190,2310,2322,2444,2544,2680,2686,2386,2163,2280,2365,2405,2370,2825,3001,2732,2401,2224,2263,2268,2439,2599,2773,2575,2154,2303,2344,2410,2342,2784,2872,2684,2494,2366,2348,2301,2202,2672,2802,2666,2309,2277,2222,2291,2432,2666,2830,2563,2462,2354,2362,2278,2216,2560,2620,2540,2379,2319,2129,2246,2409,2670,2739,2573,2456,2318,2294,2187,2350,2463,2532,2499,2317,2353,2191,2366,2266,2625,2948,2777,2523,2438,2322,2398,2346,2551,2555,2452,2337,2144,2330,2522,2547,2782,2789,2693,2528,2373,2325,2456,2429,2471,2655,2491,2344,2360,2324,2361,2457,2563,2819,2617,2333,2421,2301,2309,2528,2641,2520,2402,2395,2472,2442,2233,2213,2524,2796,2543,2280,2421,2317,2369,2546,2515,2481,2622,2596,2554,2422,2333,2258,2526,2868,2631,2344,2276,2437,2374,2220,2516,2699,2554,2528,2566,2434,2425,2342,2673,2852,2599,2199,2150,2200,2240,2414,2499,2695,2423,2330,2524,2435,2319,2244,2693,2841,2596,2237,2034,2034,2247,2350,2557,2634,2371,2265,2393,2354,2325,2240,2661,2749,2510,2327,2298,2254,2267,2421,2562,2551,2370,2261,2279,2350,2334,2279,2534,2713,2621,2349,2282,2259,2368,2399,2512,2666,2501,2257,2199,2253,2413,2149,2579,2781,2576,2167,2172,2285,2342,2270,2450,2487,2447,2199,2139,2360,2337,2297,2527,3119,2903,2317,2298,2333,2422,2327,2415,2457,2380,2092,2341,2384,2395,2362,2890,3494,3257,2386,2265,2398,2382,2504,2595,2681,2447,2265,2341,2323,2353,2443,3281,3464,3213,2359,2384,2366,2313,2463,2441,2679,2390,2315,2272,2329,2299,2443,3247,3196,2969,2217,2383,2361,2141,2398,2402,2461,2441,2228,2290,2350,2295,2421,2982,2810,2677,2362,2393,2365,2045,2193,2383,2366,2233,2340,2344,2089,2104,2333,2565,2712,2600,2404,2380,2324,2268,2327,2298,2380,2377,2405,2444,2350,2355,2256,2462,2683,2532,2311,2312,2404,2327,2270,2309,2306,2453,2514,2378,2200,2165,2291,2472,2745,2592,2296,2438,2255,2325,2371,2385,2319,2467,2382,2346,2211,2279,2174,2459,2926,2767,2344,2460,2352,2218,2404,2288,2433,2642,2302,2371,2492,2307,2286,2665,2988,2799,2284,2435,2398,2410,2486,2343,2673,2727,2383,2460,2485,2229,2341,2718,3934,3709,2636,2364,2343,2444,2456,2289,2512,2382,2255,2293,2283,2390,2587,3713,4424,4200,3058,2701,2552,2345,2457,2783,2927,2868,2590,2431,2422,2704,3077,4200,4548,4328,3146,2843,2746,2569,2647,3284,3419,3196,2893,2637,2545,2709,3161,4320,4225,3993,3046,2826,2783,2743,2795,3327,3472,3222,2835,2619,2702,2705,3075,4016,4184,3968,2932,2671,2740,2604,2609,3085,3249,2880,2669,2660,2459,2446,2893,3964,3709,3486,2619,2456,2585,2432,2460,2841,2985,2769,2426,2417,2332,2437,2466,3488,3446,3216,2376,2388,2470,2290,2386,2575,2662,2519,2404,2507,2484,2441,2260,3227,3399,3184,2207,2349,2478,2455,2393,2534,2565,2388,2438,2371,2365,2388,2351,3179,3395,3183,2245,2431,2411,2396,2482,2621,2686,2544,2484,2483,2373,2427,2438,3167,3206,3008,2054,2325,2328,2369,2545,2576,2604,2441,2334,2408,2421,2464,2326,2962,3164,2954,2093,2215,2336,2333,2414,2406,2494,2407,2261,2316,2372,2334,2273,2944,3047,2850,2161,2226,2261,2416,2500,2486,2417,2283,2390,2468,2477,2394,2286,2846,2888,2615,2274,2298,2264,2367,2458,2525,2507,2349,2359,2434,2464,2341,2235,2704,2795,2576,2224,2164,2124,2377,2553,2568,2556,2430,2338,2447,2375,2267,2136,2687,3043,2790,2342,2452,2312,2388,2583,2555,2583,2389,2263,2294,2468,2380,2480,2828,3471,3244,2424,2393,2286,2362,2502,2685,2526,2473,2258,2334,2457,2253,2651,3285,3711,3489,2463,2338,2311,2332,2349,2708,2699,2512,2412,2368,2449,2413,2529,3492,3669,3447,2320,2276,2317,2400,2261,2559,2655,2434,2366,2380,2296,2348,2495,3446,3547,3326,2267,2280,2347,2387,2317,2509,2578,2258,2375,2419,2287,2286,2317,3324,3422,3214,2429,2384,2318,2391,2330,2491,2483,2384,2378,2414,2360,2380,2273,3189,3360,3167,2244,2368,2219,2323,2376,2667,2686,2480,2374,2428,2302,2413,2332,3125,3138,2949,2281,2357,2217,2381,2438,2657,2772,2608,2416,2509,2370,2276,2385,2881,2929,2715,2356,2293,2309,2363,2347,2507,2619,2453,2551,2496,2316,2405,2461,2752,2952,2728,2329,2267,2306,2220,2312,2501,2666,2640,2527,2373,2383,2390,2389,2819,3031,2834,2273,2265,2200,2350,2131,2362,2577,2636,2393,2276,2342,2413,2387,2807,2922,2828,2493,2380,2319,2310,2080,2483,2567,2627,2589,2183,2345,2426,2430,2652,2849,2799,2513,2561,2403,2380,2349,2721,2720,2828,2709,2502,2450,2333,2516,2743,3001,2921,2478,2589,2478,2455,2382,2742,2734,2768,2605,2486,2370,2358,2466,2774,3085,2894,2469,2421,2408,2414,2297,2541,2586,2444,2323,2334,2243,2214,2299,2867,3141,2949,2286,2357,2365,2210,2235,2412,2634,2526,2330,2218,2167,2304,2312,2915,3078,2972,2602,2604,2492,2413,2438,2777,2937,2620,2378,2355,2370,2418,2369,2888,3106,2938,2646,2555,2358,2400,2512,2807,2943,2678,2369,2427,2446,2457,2320,2942,2925,2787,2373,2300,2285,2276,2369,2595,2685,2504,2319,2346,2247,2362,2374,2812,3015,2847,2273,2223,2236,2211,2374,2474,2583,2377,2279,2235,2320,2198,2373,2681,3087,2917,2303,2282,2300,2361,2275,2541,2711,2616,2384,2372,2347,2196,2343,2842,3054,2887,2386,2352,2286,2404,2519,2504,2759,2696,2297,2327,2251,2192,2243,2865,3231,3018,2346,2411,2443,2469,2446,2417,2538,2443,2278,2384,2349,2163,2456,3020,3249,3036,2312,2316,2448,2330,2127,2354,2604,2433,2291,2283,2454,2363,2335,3020,3055,2884,2415,2333,2301,2213,2318,2227,2487,2381,2244,2349,2401,2393,2232,2827,2858,2639,2337,2389,2264,2333,2349,2420,2355,2319,2353,2246,2269,2241,2340,2641,2682,2523,2263,2304,2250,2367,2310,2392,2457,2462,2356,2284,2225,2315,2308,2447,2933,2745,2327,2348,2234,2143,2345,2277,2439,2377,2291,2136,2311,2306,2208,2716,3213,2988,2282,2401,2294,2090,2375,2352,2224,2297,2268,2184,2254,2318,2195,2979,3085,2861,2321,2351,2343,2309,2346,2349,2235,2018,2277,2285,2280,2299,2295,2860,3036,2813,2280,2457,2460,2399,2253,2276,2323,2090,2179,2336,2289,2230,2352,2837,3527,3301,2321,2486,2289,2257,2192,2510,2661,2516,2228,2385,2193,2348,2406,3303,3679,3441,2315,2433,2531,2392,2106,2808,2923,2766,2429,2456,2336,2276,2486,3459,3573,3324,2326,2207,2496,2441,2342,2711,2816,2740,2527,2513,2307,2369,2517,3361,3711,3485,2436,2284,2441,2283,2300,2516,2651,2509,2383,2285,2349,2250,2556,3499,4023,3805,2802,2455,2414,2291,2291,2512,2567,2458,2337,2345,2329,2284,2722,3800,4043,3824,2853,2411,2340,2304,2246,2433,2448,2439,2273,2390,2215,2355,2619,3816,3859,3641,2686,2455,2438,2366,2239,2310,2499,2355,2326,2366,2259,2301,2424,3626,3504,3291,2423,2380,2399,2325,2310,2429,2446,2337,2363,2413,2228,2387,2417,3279,3187,2984,2304,2335,2490,2400,2291,2267,2227,2278,2233,2411,2316,2365,2389,2984,3021,2849,2295,2414,2412,2369,2384,2324,2359,2237,2183,2417,2338,2126,2305,2727,2717,2508,2218,2311,2333,2343,2260,2303,2391,2303,2275,2324,2237,2254,2221,2450,2733,2568,2317,2347,2209,2274,2226,2145,2311,2257,2299,2292,2265,2243,2266,2492,2727,2637,2365,2319,2230,2168,2115,2275,2267,2199,2251,2197,2251,2370,2267,2496,2828,2658,2263,2295,2094,2212,2281,2238,2107,2115,2262,2256,2220,2171,2160,2566,3077,2841,1997,2160,2037,2082,2050,2141,2087,2286,2238,2248,2246,2132,2277,2852,3321,3096,2201,2122,2076,2151,2165,2168,2091,2237,2238,2085,2125,2192,2229,3092,3272,3064,2160,2124,2204,2225,2133,2028,2036,2110,2124,2133,2158,2158,2181,3039,3004,2806,2006,2144,2114,1993,2038,1991,2084,1929,2104,2067,2115,2080,2186,2776,2510,2309,1939,2111,2018,1951,1858,2012,2038,1990,2086,2067,2121,1961,2210,2418,2499,2308,1990,1955,1946,1972,1824,1980,2145,2030,2085,1989,2029,2077,2170,2429,2588,2425,2149,2039,2022,2075,2050,2196,2367,2268,2100,2083,2062,2129,2142,2423
,,,,,,,,,,,,,,,,,,,,,,,,,,,,,,,,,,,,,,,,,,,,,,,,,,,,,,,,,,,,,,,,,,,,,,,,,,,,,,,,,,,,,,,,,,,,,,,,,,,,,,,,,,,,,,,,,,,,,,,,,,,,,,,,,,,,,,,,,,,,,,,,,,,,,,,,,,,,,,,,,,,,,,,,,,,,,,,,,,,,,,,,,,,,,,,,,,,,,,,,,,,,,,,,,,,,,,,,,,,,,,,,,,,,,,,,,,,,,,,,,,,,,,,,,,,,,,,,,,,,,,,,,,,,,,,,,,,,,,,,,,,,,,,,,,,,,,,,,,,,,,,,,,,,,,,,,,,,,,,,,,,,,,,,,,,,,,,,,,,,,,,,,,,,,,,,,,,,,,,,,,,,,,,,,,,,,,,,,,,,,,,,,,,,,,,,,,,,,,,,,,,,,,,,,,,,,,,,,,,,,,,,,,,,,,,,,,,,,,,,,,,,,,,,,,,,,,,,,,,,,,,,,,,,,,,,,,,,,,,,,,,,,,,,,,,,,,,,,,,,,,,,,,,,,,,,,,,,,,,,,,,,,,,,,,,,,,,,,,,,,,,,,,,,,,,,,,,,,,,,,,,,,,,,,,,,,,,,,,,,,,,,,,,,,,,,,,,,,,,,,,,,,,,,,,,,,,,,,,,,,,,,,,,,,,,,,,,,,,,,,,,,,,,,,,,,,,,,,,,,,,,,,,,,,,,,,,,,,,,,,,,,,,,,,,,,,,,,,,,,,,,,,,,,,,,,,,,,,,,,,,,,,,,,,,,,,,,,,,,,,,,,,,,,,,,,,,,,,,,,,,,,,,,,,,,,,,,,,,,,,,,,,,,,,,,,,,,,,,,,,,,,,,,,,,,,,,,,,,,,,,,,,,,,,,,,,,,,,,,,,,,,,,,,,,,,,,,,,,,,,,,,,,,,,,,,,,,,,,,,,,,,,,,,,,,,,,,,,,,,,,,,,,,,,,,,,,,,,,,,,,,,,,,,,,,,,,,,,,,,,,,,,,,,,,,,,,,,,,,,,,,,,,,,,,,,,,,,,,,,,,,,,,,,,,,,,,,,,,,,,,,,,,,,,,,,,,,,,,,,,,,,,,,,,,,,,,,,,,,,,,,,,,,,,,,,,,,,,,,,,,,,,,,,,,,,,,,,,,,,,,,,,,,,,,,,,,,,,,,,,,,,,,,,,,,,,,,,,,,,,,,,,,,,,,,,,,,,,,,,,,,,,,,,,,,,,,,,,,,,,,,,,,,,,,,,,,,,,,,,,,,,,,,,,,,,,,,,,,,,,,,,,,,,,,,,,,,,,,,,,,,,,,,,,,,,,,,,,,,,,,,,,,,,,,,,,,,,,,,,,,,,,,,,,,,,,,,,,,,,,,,,,,,,,,,,,,,,,,,,,,,,,,,,,,,,,,,,,,,,,,,,,,,,,,,,,,,,,,,,,,,,,,,,,,,,,,,,,,,,,,,,,,,,,,,,,,,,,,,,,,,,,,,,,,,,,,,,,,,,,,,,,,,,,,,,,,,,,,,,,,,,,,,,,,,,,,,,,,,,,,,,,,,,,,,,,,,,,,,,,,,,,,,,,,,,,,,,,,,,,,,,,,,,,,,,,,,,,,,,,,,,,,,,,,,,,,,,,,,,,,,,,,,,,,,,,,,,,,,,,,,,,,,,,,,,,,,,,,,,,,,,,,,,,,,,,,,,,,,,,,,,,,,,,,,,,,,,,,,,,,,,,,,,,,,,,,,,,,,,,,,,,,,,,,,,,,,,,,,,,,,,,,,,,,,,,,,,,,,,,,,,,,,,,,,,,,,,,,,,,,,,,,,,,,,,,,,,,,,,,,,,,,,,,,,,,,,,,,,,,,,,,,,,,,,,,,,,,,,,,,,,,,,,,,,,,,,,,,,,,,,,,,,,,,,,,,,,,,,,,,,,,,,,,,,,,,,,,,,,,,,,,,,,,,,,,,,,,,,,,,,,,,,,,,,,,,,,,,,,,,,,,,,,,,,,,,,,,,,,,,,,,,,,,,,,,,,,,,,,,,,,,,,,,,,,,,,,,,,,,,,,,,,,,,,,,,,,,,,,,,,,,,,,,,,,,,,,,,,,,,,,,,,,,,,,,,,,,,,,,,,,,,,,,,,,,,,,,,,,,,,,,,,,,,,,,,,,,,,,,,,,,,,,,,,,,,,,,,,,,,,,,,,,,,,,,,,,,,,,,,,,,,,
,,,,,,,,,,,,,,,,,,,,,,,,,,,,,,,,,,,,,,,,,,,,,,,,,,,,,,,,,,,,,,,,,,,,,,,,,,,,,,,,,,,,,,,,,,,,,,,,,,,,,,,,,,,,,,,,,,,,,,,,,,,,,,,,,,,,,,,,,,,,,,,,,,,,,,,,,,,,,,,,,,,,,,,,,,,,,,,,,,,,,,,,,,,,,,,,,,,,,,,,,,,,,,,,,,,,,,,,,,,,,,,,,,,,,,,,,,,,,,,,,,,,,,,,,,,,,,,,,,,,,,,,,,,,,,,,,,,,,,,,,,,,,,,,,,,,,,,,,,,,,,,,,,,,,,,,,,,,,,,,,,,,,,,,,,,,,,,,,,,,,,,,,,,,,,,,,,,,,,,,,,,,,,,,,,,,,,,,,,,,,,,,,,,,,,,,,,,,,,,,,,,,,,,,,,,,,,,,,,,,,,,,,,,,,,,,,,,,,,,,,,,,,,,,,,,,,,,,,,,,,,,,,,,,,,,,,,,,,,,,,,,,,,,,,,,,,,,,,,,,,,,,,,,,,,,,,,,,,,,,,,,,,,,,,,,,,,,,,,,,,,,,,,,,,,,,,,,,,,,,,,,,,,,,,,,,,,,,,,,,,,,,,,,,,,,,,,,,,,,,,,,,,,,,,,,,,,,,,,,,,,,,,,,,,,,,,,,,,,,,,,,,,,,,,,,,,,,,,,,,,,,,,,,,,,,,,,,,,,,,,,,,,,,,,,,,,,,,,,,,,,,,,,,,,,,,,,,,,,,,,,,,,,,,,,,,,,,,,,,,,,,,,,,,,,,,,,,,,,,,,,,,,,,,,,,,,,,,,,,,,,,,,,,,,,,,,,,,,,,,,,,,,,,,,,,,,,,,,,,,,,,,,,,,,,,,,,,,,,,,,,,,,,,,,,,,,,,,,,,,,,,,,,,,,,,,,,,,,,,,,,,,,,,,,,,,,,,,,,,,,,,,,,,,,,,,,,,,,,,,,,,,,,,,,,,,,,,,,,,,,,,,,,,,,,,,,,,,,,,,,,,,,,,,,,,,,,,,,,,,,,,,,,,,,,,,,,,,,,,,,,,,,,,,,,,,,,,,,,,,,,,,,,,,,,,,,,,,,,,,,,,,,,,,,,,,,,,,,,,,,,,,,,,,,,,,,,,,,,,,,,,,,,,,,,,,,,,,,,,,,,,,,,,,,,,,,,,,,,,,,,,,,,,,,,,,,,,,,,,,,,,,,,,,,,,,,,,,,,,,,,,,,,,,,,,,,,,,,,,,,,,,,,,,,,,,,,,,,,,,,,,,,,,,,,,,,,,,,,,,,,,,,,,,,,,,,,,,,,,,,,,,,,,,,,,,,,,,,,,,,,,,,,,,,,,,,,,,,,,,,,,,,,,,,,,,,,,,,,,,,,,,,,,,,,,,,,,,,,,,,,,,,,,,,,,,,,,,,,,,,,,,,,,,,,,,,,,,,,,,,,,,,,,,,,,,,,,,,,,,,,,,,,,,,,,,,,,,,,,,,,,,,,,,,,,,,,,,,,,,,,,,,,,,,,,,,,,,,,,,,,,,,,,,,,,,,,,,,,,,,,,,,,,,,,,,,,,,,,,,,,,,,,,,,,,,,,,,,,,,,,,,,,,,,,,,,,,,,,,,,,,,,,,,,,,,,,,,,,,,,,,,,,,,,,,,,,,,,,,,,,,,,,,,,,,,,,,,,,,,,,,,,,,,,,,,,,,,,,,,,,,,,,,,,,,,,,,,,,,,,,,,,,,,,,,,,,,,,,,,,,,,,,,,,,,,,,,,,,,,,,,,,,,,,,,,,,,,,,,,,,,,,,,,,,,,,,,,,,,,,,,,,,,,,,,,,,,,,,,,,,,,,,,,,,,,,,,,,,,,,,,,,,,,,,,,,,,,,,,,,,,,,,,,,,,,,,,,,,,,,,,,,,,,,,,,,,,,,,,,,,,,,,,,,,,,,,,,,,,,,,,,,,,,,,,,,,,,,,,,,,,,,,,,,,,,,,,,,,,,,,,,,,,,,,,,,,,,,,,,,,,,,,,,,,,,,,,,,,,,,,,,,,,,,,,,,,,,,,,,,,,,,,,,,,,,,,,,,,,,,,,,,,,,,,,,,,,,,,,,,,,,,,,,,,,,,,,,,,,,,,,,,,,,,,,,,,,,,,,,,,,,,,,,,,,,,,,,,,,,,,,,,,,,,,,,,,,,,,,,,,,,,,,
,,,,,,,,,,,,,,,,,,,,,,,,,,,,,,,,,,,,,,,,,,,,,,,,,,,,,,,,,,,,,,,,,,,,,,,,,,,,,,,,,,,,,,,,,,,,,,,,,,,,,,,,,,,,,,,,,,,,,,,,,,,,,,,,,,,,,,,,,,,,,,,,,,,,,,,,,,,,,,,,,,,,,,,,,,,,,,,,,,,,,,,,,,,,,,,,,,,,,,,,,,,,,,,,,,,,,,,,,,,,,,,,,,,,,,,,,,,,,,,,,,,,,,,,,,,,,,,,,,,,,,,,,,,,,,,,,,,,,,,,,,,,,,,,,,,,,,,,,,,,,,,,,,,,,,,,,,,,,,,,,,,,,,,,,,,,,,,,,,,,,,,,,,,,,,,,,,,,,,,,,,,,,,,,,,,,,,,,,,,,,,,,,,,,,,,,,,,,,,,,,,,,,,,,,,,,,,,,,,,,,,,,,,,,,,,,,,,,,,,,,,,,,,,,,,,,,,,,,,,,,,,,,,,,,,,,,,,,,,,,,,,,,,,,,,,,,,,,,,,,,,,,,,,,,,,,,,,,,,,,,,,,,,,,,,,,,,,,,,,,,,,,,,,,,,,,,,,,,,,,,,,,,,,,,,,,,,,,,,,,,,,,,,,,,,,,,,,,,,,,,,,,,,,,,,,,,,,,,,,,,,,,,,,,,,,,,,,,,,,,,,,,,,,,,,,,,,,,,,,,,,,,,,,,,,,,,,,,,,,,,,,,,,,,,,,,,,,,,,,,,,,,,,,,,,,,,,,,,,,,,,,,,,,,,,,,,,,,,,,,,,,,,,,,,,,,,,,,,,,,,,,,,,,,,,,,,,,,,,,,,,,,,,,,,,,,,,,,,,,,,,,,,,,,,,,,,,,,,,,,,,,,,,,,,,,,,,,,,,,,,,,,,,,,,,,,,,,,,,,,,,,,,,,,,,,,,,,,,,,,,,,,,,,,,,,,,,,,,,,,,,,,,,,,,,,,,,,,,,,,,,,,,,,,,,,,,,,,,,,,,,,,,,,,,,,,,,,,,,,,,,,,,,,,,,,,,,,,,,,,,,,,,,,,,,,,,,,,,,,,,,,,,,,,,,,,,,,,,,,,,,,,,,,,,,,,,,,,,,,,,,,,,,,,,,,,,,,,,,,,,,,,,,,,,,,,,,,,,,,,,,,,,,,,,,,,,,,,,,,,,,,,,,,,,,,,,,,,,,,,,,,,,,,,,,,,,,,,,,,,,,,,,,,,,,,,,,,,,,,,,,,,,,,,,,,,,,,,,,,,,,,,,,,,,,,,,,,,,,,,,,,,,,,,,,,,,,,,,,,,,,,,,,,,,,,,,,,,,,,,,,,,,,,,,,,,,,,,,,,,,,,,,,,,,,,,,,,,,,,,,,,,,,,,,,,,,,,,,,,,,,,,,,,,,,,,,,,,,,,,,,,,,,,,,,,,,,,,,,,,,,,,,,,,,,,,,,,,,,,,,,,,,,,,,,,,,,,,,,,,,,,,,,,,,,,,,,,,,,,,,,,,,,,,,,,,,,,,,,,,,,,,,,,,,,,,,,,,,,,,,,,,,,,,,,,,,,,,,,,,,,,,,,,,,,,,,,,,,,,,,,,,,,,,,,,,,,,,,,,,,,,,,,,,,,,,,,,,,,,,,,,,,,,,,,,,,,,,,,,,,,,,,,,,,,,,,,,,,,,,,,,,,,,,,,,,,,,,,,,,,,,,,,,,,,,,,,,,,,,,,,,,,,,,,,,,,,,,,,,,,,,,,,,,,,,,,,,,,,,,,,,,,,,,,,,,,,,,,,,,,,,,,,,,,,,,,,,,,,,,,,,,,,,,,,,,,,,,,,,,,,,,,,,,,,,,,,,,,,,,,,,,,,,,,,,,,,,,,,,,,,,,,,,,,,,,,,,,,,,,,,,,,,,,,,,,,,,,,,,,,,,,,,,,,,,,,,,,,,,,,,,,,,,,,,,,,,,,,,,,,,,,,,,,,,,,,,,,,,,,,,,,,,,,,,,,,,,,,,,,,,,,,,,,,,,,,,,,,,,,,,,,,,,,,,,,,,,,,,,,,,,,,,,,,,,,,,,,,,,,,,,,,,,,,,,,,,,,,,,,,,,,,,,,,,,,,,,,,,,,,,,,,,,,,,,,,,,,,,,,,,,,,,,,,,,,,,,,,,,,,,,,,,,,,,,,,,,,,,,,,,,,,,,,,,,,,,,,,,,,,,,,,,,
,,,,,,,,,,,,,,,,,,,,,,,,,,,,,,,,,,,,,,,,,,,,,,,,,,,,,,,,,,,,,,,,,,,,,,,,,,,,,,,,,,,,,,,,,,,,,,,,,,,,,,,,,,,,,,,,,,,,,,,,,,,,,,,,,,,,,,,,,,,,,,,,,,,,,,,,,,,,,,,,,,,,,,,,,,,,,,,,,,,,,,,,,,,,,,,,,,,,,,,,,,,,,,,,,,,,,,,,,,,,,,,,,,,,,,,,,,,,,,,,,,,,,,,,,,,,,,,,,,,,,,,,,,,,,,,,,,,,,,,,,,,,,,,,,,,,,,,,,,,,,,,,,,,,,,,,,,,,,,,,,,,,,,,,,,,,,,,,,,,,,,,,,,,,,,,,,,,,,,,,,,,,,,,,,,,,,,,,,,,,,,,,,,,,,,,,,,,,,,,,,,,,,,,,,,,,,,,,,,,,,,,,,,,,,,,,,,,,,,,,,,,,,,,,,,,,,,,,,,,,,,,,,,,,,,,,,,,,,,,,,,,,,,,,,,,,,,,,,,,,,,,,,,,,,,,,,,,,,,,,,,,,,,,,,,,,,,,,,,,,,,,,,,,,,,,,,,,,,,,,,,,,,,,,,,,,,,,,,,,,,,,,,,,,,,,,,,,,,,,,,,,,,,,,,,,,,,,,,,,,,,,,,,,,,,,,,,,,,,,,,,,,,,,,,,,,,,,,,,,,,,,,,,,,,,,,,,,,,,,,,,,,,,,,,,,,,,,,,,,,,,,,,,,,,,,,,,,,,,,,,,,,,,,,,,,,,,,,,,,,,,,,,,,,,,,,,,,,,,,,,,,,,,,,,,,,,,,,,,,,,,,,,,,,,,,,,,,,,,,,,,,,,,,,,,,,,,,,,,,,,,,,,,,,,,,,,,,,,,,,,,,,,,,,,,,,,,,,,,,,,,,,,,,,,,,,,,,,,,,,,,,,,,,,,,,,,,,,,,,,,,,,,,,,,,,,,,,,,,,,,,,,,,,,,,,,,,,,,,,,,,,,,,,,,,,,,,,,,,,,,,,,,,,,,,,,,,,,,,,,,,,,,,,,,,,,,,,,,,,,,,,,,,,,,,,,,,,,,,,,,,,,,,,,,,,,,,,,,,,,,,,,,,,,,,,,,,,,,,,,,,,,,,,,,,,,,,,,,,,,,,,,,,,,,,,,,,,,,,,,,,,,,,,,,,,,,,,,,,,,,,,,,,,,,,,,,,,,,,,,,,,,,,,,,,,,,,,,,,,,,,,,,,,,,,,,,,,,,,,,,,,,,,,,,,,,,,,,,,,,,,,,,,,,,,,,,,,,,,,,,,,,,,,,,,,,,,,,,,,,,,,,,,,,,,,,,,,,,,,,,,,,,,,,,,,,,,,,,,,,,,,,,,,,,,,,,,,,,,,,,,,,,,,,,,,,,,,,,,,,,,,,,,,,,,,,,,,,,,,,,,,,,,,,,,,,,,,,,,,,,,,,,,,,,,,,,,,,,,,,,,,,,,,,,,,,,,,,,,,,,,,,,,,,,,,,,,,,,,,,,,,,,,,,,,,,,,,,,,,,,,,,,,,,,,,,,,,,,,,,,,,,,,,,,,,,,,,,,,,,,,,,,,,,,,,,,,,,,,,,,,,,,,,,,,,,,,,,,,,,,,,,,,,,,,,,,,,,,,,,,,,,,,,,,,,,,,,,,,,,,,,,,,,,,,,,,,,,,,,,,,,,,,,,,,,,,,,,,,,,,,,,,,,,,,,,,,,,,,,,,,,,,,,,,,,,,,,,,,,,,,,,,,,,,,,,,,,,,,,,,,,,,,,,,,,,,,,,,,,,,,,,,,,,,,,,,,,,,,,,,,,,,,,,,,,,,,,,,,,,,,,,,,,,,,,,,,,,,,,,,,,,,,,,,,,,,,,,,,,,,,,,,,,,,,,,,,,,,,,,,,,,,,,,,,,,,,,,,,,,,,,,,,,,,,,,,,,,,,,,,,,,,,,,,,,,,,,,,,,,,,,,,,,,,,,,,,,,,,,,,,,,,,,,,,,,,,,,,,,,,,,,,,,,,,,,,,,,,,,,,,,,,,,,,,,,,,,,,,,,,,,,,,,,,,,,,,,,,,,,,,,,,,,,,,,,,,,,,,,,,,,,,,,,,,,,,,,,,,,,,,,,,,,,,,,,,,,,,,,,,,,,,,,,,,,,,,,,,,,,,,,,,,,,,,,,,,,,,,,,,,,,,,,
,,,,,,,,,,,,,,,,,,,,,,,,,,,,,,,,,,,,,,,,,,,,,,,,,,,,,,,,,,,,,,,,,,,,,,,,,,,,,,,,,,,,,,,,,,,,,,,,,,,,,,,,,,,,,,,,,,,,,,,,,,,,,,,,,,,,,,,,,,,,,,,,,,,,,,,,,,,,,,,,,,,,,,,,,,,,,,,,,,,,,,,,,,,,,,,,,,,,,,,,,,,,,,,,,,,,,,,,,,,,,,,,,,,,,,,,,,,,,,,,,,,,,,,,,,,,,,,,,,,,,,,,,,,,,,,,,,,,,,,,,,,,,,,,,,,,,,,,,,,,,,,,,,,,,,,,,,,,,,,,,,,,,,,,,,,,,,,,,,,,,,,,,,,,,,,,,,,,,,,,,,,,,,,,,,,,,,,,,,,,,,,,,,,,,,,,,,,,,,,,,,,,,,,,,,,,,,,,,,,,,,,,,,,,,,,,,,,,,,,,,,,,,,,,,,,,,,,,,,,,,,,,,,,,,,,,,,,,,,,,,,,,,,,,,,,,,,,,,,,,,,,,,,,,,,,,,,,,,,,,,,,,,,,,,,,,,,,,,,,,,,,,,,,,,,,,,,,,,,,,,,,,,,,,,,,,,,,,,,,,,,,,,,,,,,,,,,,,,,,,,,,,,,,,,,,,,,,,,,,,,,,,,,,,,,,,,,,,,,,,,,,,,,,,,,,,,,,,,,,,,,,,,,,,,,,,,,,,,,,,,,,,,,,,,,,,,,,,,,,,,,,,,,,,,,,,,,,,,,,,,,,,,,,,,,,,,,,,,,,,,,,,,,,,,,,,,,,,,,,,,,,,,,,,,,,,,,,,,,,,,,,,,,,,,,,,,,,,,,,,,,,,,,,,,,,,,,,,,,,,,,,,,,,,,,,,,,,,,,,,,,,,,,,,,,,,,,,,,,,,,,,,,,,,,,,,,,,,,,,,,,,,,,,,,,,,,,,,,,,,,,,,,,,,,,,,,,,,,,,,,,,,,,,,,,,,,,,,,,,,,,,,,,,,,,,,,,,,,,,,,,,,,,,,,,,,,,,,,,,,,,,,,,,,,,,,,,,,,,,,,,,,,,,,,,,,,,,,,,,,,,,,,,,,,,,,,,,,,,,,,,,,,,,,,,,,,,,,,,,,,,,,,,,,,,,,,,,,,,,,,,,,,,,,,,,,,,,,,,,,,,,,,,,,,,,,,,,,,,,,,,,,,,,,,,,,,,,,,,,,,,,,,,,,,,,,,,,,,,,,,,,,,,,,,,,,,,,,,,,,,,,,,,,,,,,,,,,,,,,,,,,,,,,,,,,,,,,,,,,,,,,,,,,,,,,,,,,,,,,,,,,,,,,,,,,,,,,,,,,,,,,,,,,,,,,,,,,,,,,,,,,,,,,,,,,,,,,,,,,,,,,,,,,,,,,,,,,,,,,,,,,,,,,,,,,,,,,,,,,,,,,,,,,,,,,,,,,,,,,,,,,,,,,,,,,,,,,,,,,,,,,,,,,,,,,,,,,,,,,,,,,,,,,,,,,,,,,,,,,,,,,,,,,,,,,,,,,,,,,,,,,,,,,,,,,,,,,,,,,,,,,,,,,,,,,,,,,,,,,,,,,,,,,,,,,,,,,,,,,,,,,,,,,,,,,,,,,,,,,,,,,,,,,,,,,,,,,,,,,,,,,,,,,,,,,,,,,,,,,,,,,,,,,,,,,,,,,,,,,,,,,,,,,,,,,,,,,,,,,,,,,,,,,,,,,,,,,,,,,,,,,,,,,,,,,,,,,,,,,,,,,,,,,,,,,,,,,,,,,,,,,,,,,,,,,,,,,,,,,,,,,,,,,,,,,,,,,,,,,,,,,,,,,,,,,,,,,,,,,,,,,,,,,,,,,,,,,,,,,,,,,,,,,,,,,,,,,,,,,,,,,,,,,,,,,,,,,,,,,,,,,,,,,,,,,,,,,,,,,,,,,,,,,,,,,,,,,,,,,,,,,,,,,,,,,,,,,,,,,,,,,,,,,,,,,,,,,,,,,,,,,,,,,,,,,,,,,,,,,,,,,,,,,,,,,,,,,,,,,,,,,,,,,,,,,,,,,,,,,,,,,,,,,,,,,,,,,,,,,,,,,,,,,,,,,,,,,,,,,,,,,,,,,,,,,,,,,,,,,,,,,,,,,,,,,,,,,,,,,,,,,,,,,,,,,,,,,,,,,,,,,,,,,,,,,,,,,,,,,,,,,,,,,
3219,3171,2427,2350,2225,2347,2438,2299,2243,2299,2438,2347,2225,2350,2427,3171,3710,3486,2519,2397,2165,2248,2393,2093,2210,2283,2379,2304,2320,2439,2423,3488,4071,3849,2681,2561,2225,2213,2402,2237,2189,2181,2394,2337,2391,2448,2682,3849,4205,3983,2866,2586,2319,2147,2284,2228,2244,2372,2374,2279,2432,2464,2818,3983,4018,3800,2768,2450,2277,2289,2342,2323,2316,2330,2161,2382,2380,2470,2578,3798,3616,3404,2532,2300,2294,2333,2307,2240,2112,2144,2173,2390,2370,2258,2464,3384,3411,3190,2245,2306,2354,2271,2338,2416,2325,2320,2335,2303,2309,2308,2185,3200,3219,2998,2232,2249,2202,2316,2428,2434,2370,2396,2319,2188,2304,2353,2189,2994,3122,2893,2273,2219,2205,2361,2411,2255,2282,2396,2157,2241,2352,2327,2363,2900,3019,2817,2176,2270,2235,2311,2367,2320,2374,2255,2019,2105,2282,2347,2445,2760,3011,2819,2496,2410,2325,2174,2522,2683,2776,2567,2253,2510,2481,2364,2538,2824,3419,3270,3111,3107,3061,2791,3120,3288,3353,3253,2973,2691,2588,2836,3363,3456,4314,4181,3908,3762,3733,3522,3867,4131,4182,4032,3414,3515,3339,3701,4018,3962,4560,4415,4103,3999,3950,3496,3978,4390,4454,4295,3981,3904,3876,4041,4194,4372,4521,4347,3851,3943,3792,3702,3666,4284,4385,4243,4038,3937,3958,4000,4042,4418,4490,4327,3668,3614,3204,3669,3403,3834,4075,3985,3782,3690,3688,3642,3664,4215,4520,4319,3361,3255,3089,3373,3332,3356,3652,3598,3399,3328,3212,3299,3351,4291,4437,4214,3181,3038,2964,3038,3007,3345,3534,3333,2975,2943,3070,3083,3126,4213,4199,3948,3288,3367,3176,3205,3191,3633,3722,3513,3215,3265,3262,3167,3100,3987,3994,3805,3236,3329,3156,3211,3212,3462,3610,3468,3105,3252,3253,3040,3085,3794,3910,3703,3018,3119,3235,3094,2884,3513,3533,3451,3149,3082,3050,3052,3012,3689,4503,4288,3101,3187,3420,3282,3138,3614,3856,3682,3381,3388,3354,3300,3203,4271,4636,4431,3194,3259,3411,3397,3281,3718,3900,3631,3307,3315,3378,3452,3307,4395,4437,4230,2825,3090,3230,3213,3127,3554,3738,3519,3101,2939,2908,3297,2988,4185,3932,3726,2736,2710,2903,2995,2909,3282,3406,3167,3063,2846,2775,2908,3068,3688,3754,3507,2658,2729,2862,3029,3051,3228,3303,3153,3047,2759,2626,2756,3075,3566,3841,3627,2599,2593,2682,2868,2908,3056,3263,3131,2851,2540,2534,2471,2763,3631,3732,3539,2740,2679,2711,2680,2622,3002,3147,3014,2646,2447,2461,2381,2589,3494,3436,3278,2590,2583,2642,2550,2556,2701,2771,2693,2587,2484,2455,2395,2568,3191,3526,3344,2560,2474,2550,2570,2670,2791,2793,2780,2492,2450,2492,2489,2601,3268,3633,3435,2543,2399,2483,2504,2810,2791,2904,2784,2579,2447,2452,2493,2665,3387,3489,3268,2633,2491,2446,2545,2781,2772,2877,2651,2517,2492,2496,2462,2543,3258,3182,2913,2551,2519,2467,2555,2554,2593,2600,2605,2409,2386,2366,2387,2499,3011,3209,2893,2562,2433,2523,2660,2629,2814,2929,2665,2381,2329,2214,2373,2625,3116,3222,2823,2599,2346,2394,2607,2531,2857,2948,2712,2590,2430,2515,2546,2692,3125,3133,2782,2440,2273,2331,2435,2336,2538,2647,2544,2393,2320,2517,2562,2623,3000,3024,2800,2281,2313,2288,2352,2303,2461,2479,2509,2458,2376,2431,2423,2382,2760,3034,2900,2316,2427,2333,2159,2322,2569,2634,2498,2323,2256,2314,2325,2376,2797,3096,2879,2210,2328,2367,2317,2365,2682,2695,2523,2412,2504,2480,2276,2304,2889,2917,2679,2385,2295,2342,2381,2423,2651,2640,2404,2449,2542,2474,2392,2410,2657,2791,2602,2277,2311,2423,2406,2423,2500,2484,2324,2351,2431,2444,2318,2319,2509,2787,2523,2398,2340,2378,2545,2505,2599,2537,2350,2357,2412,2428,2264,2370,2631,3037,2815,2385,2545,2418,2562,2457,2413,2462,2460,2328,2191,2362,2180,2239,2836,2961,2781,2381,2409,2360,2436,2312,2530,2638,2562,2336,2287,2361,2367,2355,2799,2879,2694,2278,2355,2360,2403,2384,2446,2555,2556,2372,2351,2216,2335,2464,2693,2863,2674,2301,2393,2426,2259,2431,2395,2533,2450,2449,2378,2441,2432,2329,2605,2947,2824,2477,2360,2249,2334,2469,2592,2669,2449,2447,2483,2448,2436,2265,2668,2925,2730,2569,2497,2408,2399,2543,2631,2723,2497,2455,2533,2452,2488,2456,2664,2841,2704,2447,2472,2422,2354,2439,2427,2451,2275,2341,2429,2466,2499,2462,2687,2981,2758,2355,2358,2341,2380,2389,2310,2441,2144,2306,2353,2237,2527,2323,2809,2983,2748,2360,2326,2396,2355,2403,2527,2636,2521,2295,2293,2353,2493,2295,2764,2777,2614,2437,2463,2452,2335,2446,2551,2691,2653,2425,2234,2329,2421,2377,2534,3178,2974,2392,2359,2337,2379,2456,2344,2585,2507,2362,2225,2359,2430,2188,2974,3551,3319,2296,2330,2336,2255,2307,2536,2620,2395,2315,2288,2312,2371,2344,3337,3496,3270,2315,2328,2400,2313,2336,2472,2583,2431,2350,2266,2295,2278,2152,3280,3140,2881,2312,2359,2397,2252,2408,2400,2310,2245,2225,2146,2315,2302,2334,2917,2773,2637,2305,2372,2403,2286,2351,2473,2406,2272,2346,2259,2269,2483,2518,2648,2635,2560,2329,2323,2283,2290,2266,2365,2475,2341,2396,2325,2195,2484,2454,2405,2744,2573,2396,2271,2289,2251,2293,2334,2432,2357,2296,2391,2202,2462,2450,2497,2873,2664,2345,2340,2305,2226,2261,2338,2283,2228,2236,2255,2277,2225,2319,2666,2898,2680,2317,2387,2296,2468,2478,2499,2569,2508,2401,2400,2380,2468,2308,2729,3004,2814,2339,2370,2428,2513,2577,2597,2706,2635,2407,2503,2426,2560,2456,2755,3934,3710,2618,2283,2427,2325,2387,2537,2553,2477,2357,2350,2399,2533,2644,3716,4424,4200,3081,2600,2565,2488,2431,2789,2979,2812,2417,2344,2541,2640,3075,4201,4548,4326,3166,2738,2852,2682,2951,3265,3434,3277,2756,2490,2778,2718,3148,4320,4214,3994,2984,2872,2897,2702,3043,3374,3523,3347,3001,2644,2694,2575,3047,4000,4172,3950,2838,2721,2639,2498,2882,3200,3264,3032,2938,2451,2455,2591,2856,3942,3713,3499,2430,2490,2417,2525,2501,2812,2916,2828,2646,2404,2395,2567,2541,3506,3458,3228,2332,2446,2514,2533,2489,2518,2652,2560,2412,2460,2299,2455,2539,3244,3422,3224,2430,2502,2493,2477,2419,2583,2552,2448,2383,2562,2485,2176,2443,3206,3404,3182,2244,2183,2406,2330,2286,2508,2675,2590,2491,2482,2465,2328,2356,3154,3221,3031,2447,2297,2458,2325,2267,2434,2540,2549,2446,2359,2350,2424,2289,2955,3161,2962,2390,2348,2398,2236,2002,2301,2401,2450,2375,2253,2259,2360,2310,2915,3077,2877,2321,2177,2272,2024,2195,2261,2500,2474,2266,2198,2369,2332,2330,2843,2824,2683,2454,2357,2258,2162,2186,2394,2498,2434,2369,2205,2360,2313,2384,2526,2812,2673,2370,2362,2453,2431,2360,2531,2495,2353,2230,2338,2338,2371,2238,2586,3149,2955,2484,2436,2455,2501,2565,2654,2600,2293,2439,2346,2449,2448,2285,2914,3498,3284,2557,2458,2440,2421,2476,2701,2751,2635,2581,2391,2444,2450,2585,3280,3700,3485,2622,2524,2431,2296,2247,2406,2658,2617,2544,2374,2359,2458,2535,3473,3650,3430,2455,2381,2280,2302,2211,2383,2511,2474,2326,2141,2230,2095,2330,3428,3541,3315,2303,2344,2347,2307,2324,2348,2448,2460,2407,2236,2273,2138,2206,3321,3424,3182,2332,2282,2298,2233,2244,2323,2369,2414,2434,2381,2263,2234,2314,3197,3354,3164,2233,2474,2401,2348,2434,2391,2588,2500,2468,2490,2243,2314,2300,3095,3113,2933,2335,2389,2449,2320,2329,2357,2596,2577,2430,2439,2365,2375,2287,2785,3081,2900,2501,2316,2311,2376,2145,2514,2620,2556,2439,2470,2423,2355,2298,2823,2965,2617,2399,2278,2431,2413,2282,2446,2606,2493,2418,2483,2402,2227,2332,2769,3081,2809,2406,2372,2475,2402,2455,2427,2567,2507,2338,2280,2368,2333,2335,2850,3092,2911,2392,2390,2469,2443,2479,2368,2392,2543,2476,2297,2285,2390,2357,2932,3047,2821,2624,2481,2476,2416,2344,2547,2491,2629,2697,2366,2438,2548,2373,2929,3013,2779,2597,2492,2416,2440,2389,2484,2553,2617,2645,2400,2366,2387,2353,2839,2867,2728,2371,2447,2473,2381,2401,2407,2468,2397,2280,2232,2200,2223,2463,2742,3049,2799,2387,2507,2403,2308,2227,2399,2543,2462,2296,2405,2380,2339,2438,2793,3006,2739,2543,2511,2430,2310,2299,2559,2741,2484,2403,2471,2446,2264,2466,2916,3215,3024,2500,2427,2430,2247,2365,2710,2808,2490,2510,2512,2505,2399,2461,2981,3125,2919,2539,2317,2335,2412,2372,2536,2673,2393,2474,2545,2498,2440,2385,2848,2906,2735,2551,2347,2176,2343,2353,2299,2522,2325,2411,2434,2435,2454,2414,2638,2965,2655,2459,2366,2209,2362,2406,2404,2638,2424,2377,2461,2314,2435,2435,2780,3103,2804,2385,2315,2244,2399,2496,2597,2755,2654,2402,2433,2413,2388,2342,2917,3286,3053,2401,2296,2220,2274,2378,2568,2739,2624,2347,2426,2424,2409,2290,3065,3302,3078,2501,2221,2163,2181,2445,2546,2653,2521,2359,2354,2423,2408,2364,3082,3001,2727,2493,2324,2288,2397,2420,2573,2629,2477,2420,2440,2285,2192,2343,2766,2714,2499,2419,2462,2331,2325,2331,2333,2395,2485,2514,2422,2307,2186,2381,2603,2711,2564,2413,2483,2405,2257,2260,2222,2330,2515,2487,2369,2256,2241,2398,2575,3002,2833,2456,2424,2342,2218,2361,2170,2378,2405,2416,2244,2110,2182,2443,2856,3254,3052,2504,2360,2316,2238,2349,2233,2326,2392,2163,2192,2247,2294,2419,3049,3118,2901,2386,2357,2299,2338,2193,2398,2229,2209,2051,1986,2156,2309,2357,2907,3051,2779,2337,2314,2303,2327,2181,2443,2451,2230,2219,2263,2315,2335,2109,2866,3528,3298,2444,2485,2359,2380,2388,2601,2741,2343,2311,2358,2461,2333,2412,3307,3675,3450,2451,2457,2340,2385,2498,2813,2929,2588,2410,2485,2456,2413,2458,3450,3571,3348,2394,2379,2387,2362,2468,2689,2849,2567,2489,2442,2503,2544,2302,3344,3706,3493,2495,2378,2424,2360,2491,2393,2480,2393,2449,2421,2441,2314,2425,3468,4014,3800,2733,2483,2513,2490,2567,2555,2611,2322,2404,2450,2387,2574,2436,3774,4042,3830,2841,2460,2406,2484,2574,2505,2615,2480,2405,2373,2383,2522,2529,3803,3863,3649,2676,2446,2203,2257,2480,2569,2527,2388,2360,2389,2369,2437,2505,3634,3510,3298,2555,2459,2354,2280,2416,2460,2381,2303,2400,2210,2307,2371,2294,3289,3209,2999,2531,2445,2282,2273,2419,2330,2380,2339,2451,2379,2280,2290,2299,2957,2999,2810,2405,2340,2345,2403,2377,2314,2340,2317,2269,2251,2273,2294,2327,2753,2781,2676,2384,2165,2227,2327,2313,2182,2315,2317,2235,2238,2273,2337,2294,2520,2722,2559,2292,2256,2140,2180,2356,2355,2310,2313,2351,2233,2246,2408,2211,2520,2694,2531,2268,2251,2185,2229,2295,2312,2271,2303,2308,2351,2253,2255,2237,2525,2886,2701,2276,2296,2203,2250,2198,2301,2259,2216,2123,2274,2220,2006,2223,2634,3065,2833,2216,2201,2134,2170,2062,2292,2256,2235,2211,2383,2252,1973,2268,2844,3286,3043,2163,2187,2193,2192,2056,2256,2244,2143,2008,2293,2107,2241,2346,3081,3248,2999,2113,2074,2169,2055,2101,2237,2191,2020,2102,2187,2028,2310,2284,3043,2998,2763,2048,2133,1980,2050,1983,2089,2057,2059,2124,1872,2007,2141,2149,2788,2557,2393,2125,2080,2095,1988,2016,1850,2057,2171,2095,1939,2075,2162,2061,2269,2480,2321,2044,2057,2017,1920,1946,2114,2254,2282,2073,1968,2148,2184,2130,2317,2531,2276,2013,2213,2095,1862,1835,2195,2294,2280,2070,2075,2185,2211,2170,2331
,,,,,,,,,,,,,,,,,,,,,,,,,,,,,,,,,,,,,,,,,,,,,,,,,,,,,,,,,,,,,,,,,,,,,,,,,,,,,,,,,,,,,,,,,,,,,,,,,,,,,,,,,,,,,,,,,,,,,,,,,,,,,,,,,,,,,,,,,,,,,,,,,,,,,,,,,,,,,,,,,,,,,,,,,,,,,,,,,,,,,,,,,,,,,,,,,,,,,,,,,,,,,,,,,,,,,,,,,,,,,,,,,,,,,,,,,,,,,,,,,,,,,,,,,,,,,,,,,,,,,,,,,,,,,,,,,,,,,,,,,,,,,,,,,,,,,,,,,,,,,,,,,,,,,,,,,,,,,,,,,,,,,,,,,,,,,,,,,,,,,,,,,,,,,,,,,,,,,,,,,,,,,,,,,,,,,,,,,,,,,,,,,,,,,,,,,,,,,,,,,,,,,,,,,,,,,,,,,,,,,,,,,,,,,,,,,,,,,,,,,,,,,,,,,,,,,,,,,,,,,,,,,,,,,,,,,,,,,,,,,,,,,,,,,,,,,,,,,,,,,,,,,,,,,,,,,,,,,,,,,,,,,,,,,,,,,,,,,,,,,,,,,,,,,,,,,,,,,,,,,,,,,,,,,,,,,,,,,,,,,,,,,,,,,,,,,,,,,,,,,,,,,,,,,,,,,,,,,,,,,,,,,,,,,,,,,,,,,,,,,,,,,,,,,,,,,,,,,,,,,,,,,,,,,,,,,,,,,,,,,,,,,,,,,,,,,,,,,,,,,,,,,,,,,,,,,,,,,,,,,,,,,,,,,,,,,,,,,,,,,,,,,,,,,,,,,,,,,,,,,,,,,,,,,,,,,,,,,,,,,,,,,,,,,,,,,,,,,,,,,,,,,,,,,,,,,,,,,,,,,,,,,,,,,,,,,,,,,,,,,,,,,,,,,,,,,,,,,,,,,,,,,,,,,,,,,,,,,,,,,,,,,,,,,,,,,,,,,,,,,,,,,,,,,,,,,,,,,,,,,,,,,,,,,,,,,,,,,,,,,,,,,,,,,,,,,,,,,,,,,,,,,,,,,,,,,,,,,,,,,,,,,,,,,,,,,,,,,,,,,,,,,,,,,,,,,,,,,,,,,,,,,,,,,,,,,,,,,,,,,,,,,,,,,,,,,,,,,,,,,,,,,,,,,,,,,,,,,,,,,,,,,,,,,,,,,,,,,,,,,,,,,,,,,,,,,,,,,,,,,,,,,,,,,,,,,,,,,,,,,,,,,,,,,,,,,,,,,,,,,,,,,,,,,,,,,,,,,,,,,,,,,,,,,,,,,,,,,,,,,,,,,,,,,,,,,,,,,,,,,,,,,,,,,,,,,,,,,,,,,,,,,,,,,,,,,,,,,,,,,,,,,,,,,,,,,,,,,,,,,,,,,,,,,,,,,,,,,,,,,,,,,,,,,,,,,,,,,,,,,,,,,,,,,,,,,,,,,,,,,,,,,,,,,,,,,,,,,,,,,,,,,,,,,,,,,,,,,,,,,,,,,,,,,,,,,,,,,,,,,,,,,,,,,,,,,,,,,,,,,,,,,,,,,,,,,,,,,,,,,,,,,,,,,,,,,,,,,,,,,,,,,,,,,,,,,,,,,,,,,,,,,,,,,,,,,,,,,,,,,,,,,,,,,,,,,,,,,,,,,,,,,,,,,,,,,,,,,,,,,,,,,,,,,,,,,,,,,,,,,,,,,,,,,,,,,,,,,,,,,,,,,,,,,,,,,,,,,,,,,,,,,,,,,,,,,,,,,,,,,,,,,,,,,,,,,,,,,,,,,,,,,,,,,,,,,,,,,,,,,,,,,,,,,,,,,,,,,,,,,,,,,,,,,,,,,,,,,,,,,,,,,,,,,,,,,,,,,,,,,,,,,,,,,,,,,,,,,,,,,,,,,,,,,,,,,,,,,,,,,,,,,,,,,,,,,,,,,,,,,,,,,,,,,,,,,,,,,,,,,,,,,,,,,,,,,,,,,,,,,,,,,,,,,,,,,,,,,,,,,,,,,,,,,,,,,,,,,,,,,,,,,,,,,,,,,,,,,,,,,,,,,,,,,,,,,,,,,,,,,,,,,,,,,,,,,,,,,,,,,,,,,,,,,,,,,,,,,,,,,,,,,,,,,,,,,,,,,,,,,,,,,,,,,,,,,,,,,,,,,,,,,,,,,,,,,,,,,,,,,,,,,,,,,,,,,,,,,,,,,,,,,,,,,,,,,,,,,,,,,,,,,,,
,,,,,,,,,,,,,,,,,,,,,,,,,,,,,,,,,,,,,,,,,,,,,,,,,,,,,,,,,,,,,,,,,,,,,,,,,,,,,,,,,,,,,,,,,,,,,,,,,,,,,,,,,,,,,,,,,,,,,,,,,,,,,,,,,,,,,,,,,,,,,,,,,,,,,,,,,,,,,,,,,,,,,,,,,,,,,,,,,,,,,,,,,,,,,,,,,,,,,,,,,,,,,,,,,,,,,,,,,,,,,,,,,,,,,,,,,,,,,,,,,,,,,,,,,,,,,,,,,,,,,,,,,,,,,,,,,,,,,,,,,,,,,,,,,,,,,,,,,,,,,,,,,,,,,,,,,,,,,,,,,,,,,,,,,,,,,,,,,,,,,,,,,,,,,,,,,,,,,,,,,,,,,,,,,,,,,,,,,,,,,,,,,,,,,,,,,,,,,,,,,,,,,,,,,,,,,,,,,,,,,,,,,,,,,,,,,,,,,,,,,,,,,,,,,,,,,,,,,,,,,,,,,,,,,,,,,,,,,,,,,,,,,,,,,,,,,,,,,,,,,,,,,,,,,,,,,,,,,,,,,,,,,,,,,,,,,,,,,,,,,,,,,,,,,,,,,,,,,,,,,,,,,,,,,,,,,,,,,,,,,,,,,,,,,,,,,,,,,,,,,,,,,,,,,,,,,,,,,,,,,,,,,,,,,,,,,,,,,,,,,,,,,,,,,,,,,,,,,,,,,,,,,,,,,,,,,,,,,,,,,,,,,,,,,,,,,,,,,,,,,,,,,,,,,,,,,,,,,,,,,,,,,,,,,,,,,,,,,,,,,,,,,,,,,,,,,,,,,,,,,,,,,,,,,,,,,,,,,,,,,,,,,,,,,,,,,,,,,,,,,,,,,,,,,,,,,,,,,,,,,,,,,,,,,,,,,,,,,,,,,,,,,,,,,,,,,,,,,,,,,,,,,,,,,,,,,,,,,,,,,,,,,,,,,,,,,,,,,,,,,,,,,,,,,,,,,,,,,,,,,,,,,,,,,,,,,,,,,,,,,,,,,,,,,,,,,,,,,,,,,,,,,,,,,,,,,,,,,,,,,,,,,,,,,,,,,,,,,,,,,,,,,,,,,,,,,,,,,,,,,,,,,,,,,,,,,,,,,,,,,,,,,,,,,,,,,,,,,,,,,,,,,,,,,,,,,,,,,,,,,,,,,,,,,,,,,,,,,,,,,,,,,,,,,,,,,,,,,,,,,,,,,,,,,,,,,,,,,,,,,,,,,,,,,,,,,,,,,,,,,,,,,,,,,,,,,,,,,,,,,,,,,,,,,,,,,,,,,,,,,,,,,,,,,,,,,,,,,,,,,,,,,,,,,,,,,,,,,,,,,,,,,,,,,,,,,,,,,,,,,,,,,,,,,,,,,,,,,,,,,,,,,,,,,,,,,,,,,,,,,,,,,,,,,,,,,,,,,,,,,,,,,,,,,,,,,,,,,,,,,,,,,,,,,,,,,,,,,,,,,,,,,,,,,,,,,,,,,,,,,,,,,,,,,,,,,,,,,,,,,,,,,,,,,,,,,,,,,,,,,,,,,,,,,,,,,,,,,,,,,,,,,,,,,,,,,,,,,,,,,,,,,,,,,,,,,,,,,,,,,,,,,,,,,,,,,,,,,,,,,,,,,,,,,,,,,,,,,,,,,,,,,,,,,,,,,,,,,,,,,,,,,,,,,,,,,,,,,,,,,,,,,,,,,,,,,,,,,,,,,,,,,,,,,,,,,,,,,,,,,,,,,,,,,,,,,,,,,,,,,,,,,,,,,,,,,,,,,,,,,,,,,,,,,,,,,,,,,,,,,,,,,,,,,,,,,,,,,,,,,,,,,,,,,,,,,,,,,,,,,,,,,,,,,,,,,,,,,,,,,,,,,,,,,,,,,,,,,,,,,,,,,,,,,,,,,,,,,,,,,,,,,,,,,,,,,,,,,,,,,,,,,,,,,,,,,,,,,,,,,,,,,,,,,,,,,,,,,,,,,,,,,,,,,,,,,,,,,,,,,,,,,,,,,,,,,,,,,,,,,,,,,,,,,,,,,,,,,,,,,,,,,,,,,,,,,,,,,,,,,,,,,,,,,,,,,,,,,,,,,,,,,,,,,,,,,,,,,,,,,,,,,,,,,,,,,,,,,,,,,,,,,,,,,,,,,,,,,,,,,,,,,,,,,,,,,,,,,,,,,,,,,,,,,,,,,,,,,,,,,,,,,,,,,,,,,,,,,,,,,,,,,,,
,,,,,,,,,,,,,,,,,,,,,,,,,,,,,,,,,,,,,,,,,,,,,,,,,,,,,,,,,,,,,,,,,,,,,,,,,,,,,,,,,,,,,,,,,,,,,,,,,,,,,,,,,,,,,,,,,,,,,,,,,,,,,,,,,,,,,,,,,,,,,,,,,,,,,,,,,,,,,,,,,,,,,,,,,,,,,,,,,,,,,,,,,,,,,,,,,,,,,,,,,,,,,,,,,,,,,,,,,,,,,,,,,,,,,,,,,,,,,,,,,,,,,,,,,,,,,,,,,,,,,,,,,,,,,,,,,,,,,,,,,,,,,,,,,,,,,,,,,,,,,,,,,,,,,,,,,,,,,,,,,,,,,,,,,,,,,,,,,,,,,,,,,,,,,,,,,,,,,,,,,,,,,,,,,,,,,,,,,,,,,,,,,,,,,,,,,,,,,,,,,,,,,,,,,,,,,,,,,,,,,,,,,,,,,,,,,,,,,,,,,,,,,,,,,,,,,,,,,,,,,,,,,,,,,,,,,,,,,,,,,,,,,,,,,,,,,,,,,,,,,,,,,,,,,,,,,,,,,,,,,,,,,,,,,,,,,,,,,,,,,,,,,,,,,,,,,,,,,,,,,,,,,,,,,,,,,,,,,,,,,,,,,,,,,,,,,,,,,,,,,,,,,,,,,,,,,,,,,,,,,,,,,,,,,,,,,,,,,,,,,,,,,,,,,,,,,,,,,,,,,,,,,,,,,,,,,,,,,,,,,,,,,,,,,,,,,,,,,,,,,,,,,,,,,,,,,,,,,,,,,,,,,,,,,,,,,,,,,,,,,,,,,,,,,,,,,,,,,,,,,,,,,,,,,,,,,,,,,,,,,,,,,,,,,,,,,,,,,,,,,,,,,,,,,,,,,,,,,,,,,,,,,,,,,,,,,,,,,,,,,,,,,,,,,,,,,,,,,,,,,,,,,,,,,,,,,,,,,,,,,,,,,,,,,,,,,,,,,,,,,,,,,,,,,,,,,,,,,,,,,,,,,,,,,,,,,,,,,,,,,,,,,,,,,,,,,,,,,,,,,,,,,,,,,,,,,,,,,,,,,,,,,,,,,,,,,,,,,,,,,,,,,,,,,,,,,,,,,,,,,,,,,,,,,,,,,,,,,,,,,,,,,,,,,,,,,,,,,,,,,,,,,,,,,,,,,,,,,,,,,,,,,,,,,,,,,,,,,,,,,,,,,,,,,,,,,,,,,,,,,,,,,,,,,,,,,,,,,,,,,,,,,,,,,,,,,,,,,,,,,,,,,,,,,,,,,,,,,,,,,,,,,,,,,,,,,,,,,,,,,,,,,,,,,,,,,,,,,,,,,,,,,,,,,,,,,,,,,,,,,,,,,,,,,,,,,,,,,,,,,,,,,,,,,,,,,,,,,,,,,,,,,,,,,,,,,,,,,,,,,,,,,,,,,,,,,,,,,,,,,,,,,,,,,,,,,,,,,,,,,,,,,,,,,,,,,,,,,,,,,,,,,,,,,,,,,,,,,,,,,,,,,,,,,,,,,,,,,,,,,,,,,,,,,,,,,,,,,,,,,,,,,,,,,,,,,,,,,,,,,,,,,,,,,,,,,,,,,,,,,,,,,,,,,,,,,,,,,,,,,,,,,,,,,,,,,,,,,,,,,,,,,,,,,,,,,,,,,,,,,,,,,,,,,,,,,,,,,,,,,,,,,,,,,,,,,,,,,,,,,,,,,,,,,,,,,,,,,,,,,,,,,,,,,,,,,,,,,,,,,,,,,,,,,,,,,,,,,,,,,,,,,,,,,,,,,,,,,,,,,,,,,,,,,,,,,,,,,,,,,,,,,,,,,,,,,,,,,,,,,,,,,,,,,,,,,,,,,,,,,,,,,,,,,,,,,,,,,,,,,,,,,,,,,,,,,,,,,,,,,,,,,,,,,,,,,,,,,,,,,,,,,,,,,,,,,,,,,,,,,,,,,,,,,,,,,,,,,,,,,,,,,,,,,,,,,,,,,,,,,,,,,,,,,,,,,,,,,,,,,,,,,,,,,,,,,,,,,,,,,,,,,,,,,,,,,,,,,,,,,,,,,,,,,,,,,,,,,,,,,,,,,,,,,,,,,,,,,,,,,,,,,,,,,,,,,,,,,,,,,,,,,,,,,,,,,,,,,,,,,,,,,,,,,,,,,,,,,,,,,,,,,,,,,,,,,,,,,,,,,,,,,,,,,,,,,,,,,,,,,,,,,,,,,,,,,,,,,,,,,,,,,,,
,,,,,,,,,,,,,,,,,,,,,,,,,,,,,,,,,,,,,,,,,,,,,,,,,,,,,,,,,,,,,,,,,,,,,,,,,,,,,,,,,,,,,,,,,,,,,,,,,,,,,,,,,,,,,,,,,,,,,,,,,,,,,,,,,,,,,,,,,,,,,,,,,,,,,,,,,,,,,,,,,,,,,,,,,,,,,,,,,,,,,,,,,,,,,,,,,,,,,,,,,,,,,,,,,,,,,,,,,,,,,,,,,,,,,,,,,,,,,,,,,,,,,,,,,,,,,,,,,,,,,,,,,,,,,,,,,,,,,,,,,,,,,,,,,,,,,,,,,,,,,,,,,,,,,,,,,,,,,,,,,,,,,,,,,,,,,,,,,,,,,,,,,,,,,,,,,,,,,,,,,,,,,,,,,,,,,,,,,,,,,,,,,,,,,,,,,,,,,,,,,,,,,,,,,,,,,,,,,,,,,,,,,,,,,,,,,,,,,,,,,,,,,,,,,,,,,,,,,,,,,,,,,,,,,,,,,,,,,,,,,,,,,,,,,,,,,,,,,,,,,,,,,,,,,,,,,,,,,,,,,,,,,,,,,,,,,,,,,,,,,,,,,,,,,,,,,,,,,,,,,,,,,,,,,,,,,,,,,,,,,,,,,,,,,,,,,,,,,,,,,,,,,,,,,,,,,,,,,,,,,,,,,,,,,,,,,,,,,,,,,,,,,,,,,,,,,,,,,,,,,,,,,,,,,,,,,,,,,,,,,,,,,,,,,,,,,,,,,,,,,,,,,,,,,,,,,,,,,,,,,,,,,,,,,,,,,,,,,,,,,,,,,,,,,,,,,,,,,,,,,,,,,,,,,,,,,,,,,,,,,,,,,,,,,,,,,,,,,,,,,,,,,,,,,,,,,,,,,,,,,,,,,,,,,,,,,,,,,,,,,,,,,,,,,,,,,,,,,,,,,,,,,,,,,,,,,,,,,,,,,,,,,,,,,,,,,,,,,,,,,,,,,,,,,,,,,,,,,,,,,,,,,,,,,,,,,,,,,,,,,,,,,,,,,,,,,,,,,,,,,,,,,,,,,,,,,,,,,,,,,,,,,,,,,,,,,,,,,,,,,,,,,,,,,,,,,,,,,,,,,,,,,,,,,,,,,,,,,,,,,,,,,,,,,,,,,,,,,,,,,,,,,,,,,,,,,,,,,,,,,,,,,,,,,,,,,,,,,,,,,,,,,,,,,,,,,,,,,,,,,,,,,,,,,,,,,,,,,,,,,,,,,,,,,,,,,,,,,,,,,,,,,,,,,,,,,,,,,,,,,,,,,,,,,,,,,,,,,,,,,,,,,,,,,,,,,,,,,,,,,,,,,,,,,,,,,,,,,,,,,,,,,,,,,,,,,,,,,,,,,,,,,,,,,,,,,,,,,,,,,,,,,,,,,,,,,,,,,,,,,,,,,,,,,,,,,,,,,,,,,,,,,,,,,,,,,,,,,,,,,,,,,,,,,,,,,,,,,,,,,,,,,,,,,,,,,,,,,,,,,,,,,,,,,,,,,,,,,,,,,,,,,,,,,,,,,,,,,,,,,,,,,,,,,,,,,,,,,,,,,,,,,,,,,,,,,,,,,,,,,,,,,,,,,,,,,,,,,,,,,,,,,,,,,,,,,,,,,,,,,,,,,,,,,,,,,,,,,,,,,,,,,,,,,,,,,,,,,,,,,,,,,,,,,,,,,,,,,,,,,,,,,,,,,,,,,,,,,,,,,,,,,,,,,,,,,,,,,,,,,,,,,,,,,,,,,,,,,,,,,,,,,,,,,,,,,,,,,,,,,,,,,,,,,,,,,,,,,,,,,,,,,,,,,,,,,,,,,,,,,,,,,,,,,,,,,,,,,,,,,,,,,,,,,,,,,,,,,,,,,,,,,,,,,,,,,,,,,,,,,,,,,,,,,,,,,,,,,,,,,,,,,,,,,,,,,,,,,,,,,,,,,,,,,,,,,,,,,,,,,,,,,,,,,,,,,,,,,,,,,,,,,,,,,,,,,,,,,,,,,,,,,,,,,,,,,,,,,,,,,,,,,,,,,,,,,,,,,,,,,,,,,,,,,,,,,,,,,,,,,,,,,,,,,,,,,,,,,,,,,,,,,,,,,,,,,,,,,,,,,,,,,,,,,,,,,,,,,,,,,,,,,,,,,,,,,,,,,,,,,,,,,,,,,,,,,,,,,,,,,,,,,,,,,,,,,,,,,,,,,,,,,,,,,,,,,,,,,,,,,,,,,,,
,,,,,,,,,,,,,,,,,,,,,,,,,,,,,,,,,,,,,,,,,,,,,,,,,,,,,,,,,,,,,,,,,,,,,,,,,,,,,,,,,,,,,,,,,,,,,,,,,,,,,,,,,,,,,,,,,,,,,,,,,,,,,,,,,,,,,,,,,,,,,,,,,,,,,,,,,,,,,,,,,,,,,,,,,,,,,,,,,,,,,,,,,,,,,,,,,,,,,,,,,,,,,,,,,,,,,,,,,,,,,,,,,,,,,,,,,,,,,,,,,,,,,,,,,,,,,,,,,,,,,,,,,,,,,,,,,,,,,,,,,,,,,,,,,,,,,,,,,,,,,,,,,,,,,,,,,,,,,,,,,,,,,,,,,,,,,,,,,,,,,,,,,,,,,,,,,,,,,,,,,,,,,,,,,,,,,,,,,,,,,,,,,,,,,,,,,,,,,,,,,,,,,,,,,,,,,,,,,,,,,,,,,,,,,,,,,,,,,,,,,,,,,,,,,,,,,,,,,,,,,,,,,,,,,,,,,,,,,,,,,,,,,,,,,,,,,,,,,,,,,,,,,,,,,,,,,,,,,,,,,,,,,,,,,,,,,,,,,,,,,,,,,,,,,,,,,,,,,,,,,,,,,,,,,,,,,,,,,,,,,,,,,,,,,,,,,,,,,,,,,,,,,,,,,,,,,,,,,,,,,,,,,,,,,,,,,,,,,,,,,,,,,,,,,,,,,,,,,,,,,,,,,,,,,,,,,,,,,,,,,,,,,,,,,,,,,,,,,,,,,,,,,,,,,,,,,,,,,,,,,,,,,,,,,,,,,,,,,,,,,,,,,,,,,,,,,,,,,,,,,,,,,,,,,,,,,,,,,,,,,,,,,,,,,,,,,,,,,,,,,,,,,,,,,,,,,,,,,,,,,,,,,,,,,,,,,,,,,,,,,,,,,,,,,,,,,,,,,,,,,,,,,,,,,,,,,,,,,,,,,,,,,,,,,,,,,,,,,,,,,,,,,,,,,,,,,,,,,,,,,,,,,,,,,,,,,,,,,,,,,,,,,,,,,,,,,,,,,,,,,,,,,,,,,,,,,,,,,,,,,,,,,,,,,,,,,,,,,,,,,,,,,,,,,,,,,,,,,,,,,,,,,,,,,,,,,,,,,,,,,,,,,,,,,,,,,,,,,,,,,,,,,,,,,,,,,,,,,,,,,,,,,,,,,,,,,,,,,,,,,,,,,,,,,,,,,,,,,,,,,,,,,,,,,,,,,,,,,,,,,,,,,,,,,,,,,,,,,,,,,,,,,,,,,,,,,,,,,,,,,,,,,,,,,,,,,,,,,,,,,,,,,,,,,,,,,,,,,,,,,,,,,,,,,,,,,,,,,,,,,,,,,,,,,,,,,,,,,,,,,,,,,,,,,,,,,,,,,,,,,,,,,,,,,,,,,,,,,,,,,,,,,,,,,,,,,,,,,,,,,,,,,,,,,,,,,,,,,,,,,,,,,,,,,,,,,,,,,,,,,,,,,,,,,,,,,,,,,,,,,,,,,,,,,,,,,,,,,,,,,,,,,,,,,,,,,,,,,,,,,,,,,,,,,,,,,,,,,,,,,,,,,,,,,,,,,,,,,,,,,,,,,,,,,,,,,,,,,,,,,,,,,,,,,,,,,,,,,,,,,,,,,,,,,,,,,,,,,,,,,,,,,,,,,,,,,,,,,,,,,,,,,,,,,,,,,,,,,,,,,,,,,,,,,,,,,,,,,,,,,,,,,,,,,,,,,,,,,,,,,,,,,,,,,,,,,,,,,,,,,,,,,,,,,,,,,,,,,,,,,,,,,,,,,,,,,,,,,,,,,,,,,,,,,,,,,,,,,,,,,,,,,,,,,,,,,,,,,,,,,,,,,,,,,,,,,,,,,,,,,,,,,,,,,,,,,,,,,,,,,,,,,,,,,,,,,,,,,,,,,,,,,,,,,,,,,,,,,,,,,,,,,,,,,,,,,,,,,,,,,,,,,,,,,,,,,,,,,,,,,,,,,,,,,,,,,,,,,,,,,,,,,,,,,,,,,,,,,,,,,,,,,,,,,,,,,,,,,,,,,,,,,,,,,,,,,,,,,,,,,,,,,,,,,,,,,,,,,,,,,,,,,,,,,,,,,,,,,,,,,,,,,,,,,,,,,,,,,,,,,,,,,,,,,,,,,,,,,,,,,,,,,,,,,,,,,,,,,,,,,,,,,,,,,,,,,,,,,,,,,,,,,,,,,,,,,,,,,,,,,,,,,,,
3362,3231,2499,2509,2278,2263,2385,2459,2513,2459,2385,2263,2278,2509,2499,3231,3703,3449,2470,2373,2233,2246,2380,2229,2475,2485,2426,2265,2229,2387,2476,3488,4071,3847,2683,2393,2315,2277,2282,2237,2401,2503,2319,2315,2225,2458,2732,3851,4205,3983,2851,2499,2245,2165,2218,2350,2385,2442,2383,2214,2289,2532,2855,3983,4018,3797,2780,2321,2215,2274,2218,2229,2306,2353,2381,2307,2072,2380,2759,3797,3619,3422,2645,2275,2220,2357,2336,2350,2259,2126,2367,2188,2288,2300,2547,3429,3423,3203,2523,2287,2336,2261,2265,2369,2283,1914,2278,2258,2323,2060,2393,3212,3201,2990,2387,2334,2387,2345,2164,2293,2186,2315,2320,2258,2327,2247,2110,2942,3122,2907,2427,2166,2319,2353,2445,2429,2313,2386,2357,2471,2348,2361,2290,2863,3040,2846,2398,2289,2249,2189,2243,2327,2264,2307,2354,2360,2261,2304,2234,2798,2960,2778,2397,2322,2330,2329,2325,2541,2632,2553,2379,2329,2150,2118,2210,2798,3402,3298,3102,3178,3185,3126,2715,3202,3345,3255,2563,2953,3002,3186,2995,3386,4257,4046,3826,3774,3846,3818,3685,4065,4196,4082,3626,3672,3611,3849,3559,3892,4573,4446,4158,3951,4008,4008,4052,4361,4452,4339,3976,3915,3832,4006,3930,4259,4569,4482,4169,3853,3940,3825,4032,4281,4328,4273,3962,3883,3821,3860,3878,4359,4516,4362,3921,3471,3601,3507,3666,3752,3971,4079,3762,3673,3647,3512,3701,4288,4525,4311,3535,3132,3090,3173,3060,3428,3666,3678,3350,3260,3178,3323,3420,4311,4442,4224,3269,3162,2993,2894,3028,3311,3507,3400,3061,2851,2756,3184,3315,4216,4219,4056,3354,3329,3193,3274,3324,3607,3745,3615,3268,3125,3132,3315,3533,3964,3904,3809,3321,3225,3217,3285,3257,3608,3717,3532,3156,3067,3055,3251,3408,3709,3918,3660,3242,3104,2993,3278,3159,3610,3591,3429,3053,2969,2840,3001,2958,3719,4509,4289,3411,3055,3147,3313,3303,3680,3865,3686,3175,3334,3272,2936,3459,4301,4641,4429,3451,3073,3168,3126,3235,3776,3934,3661,3105,3412,3346,3084,3521,4419,4444,4235,3175,2769,3041,2870,3009,3598,3760,3552,3018,3200,3118,2847,3302,4205,3965,3761,2931,2677,2557,2774,2989,3278,3437,3240,2840,2866,2864,2791,3087,3732,3745,3542,2804,2583,2535,2495,2826,3128,3296,3164,2794,2564,2736,2695,2950,3557,3831,3599,2726,2620,2709,2624,2734,3087,3206,3125,2730,2489,2626,2809,2839,3641,3701,3468,2595,2598,2612,2747,2645,3004,3148,3045,2742,2610,2696,2787,2616,3489,3370,3127,2529,2514,2618,2704,2664,2689,2800,2843,2666,2519,2661,2559,2576,3164,3492,3273,2575,2464,2522,2689,2490,2646,2723,2667,2513,2498,2369,2447,2449,3269,3611,3370,2611,2558,2594,2791,2663,2781,2729,2754,2243,2518,2584,2585,2521,3389,3483,3261,2516,2452,2426,2762,2728,2840,2761,2688,2630,2523,2599,2597,2658,3245,3245,3003,2484,2375,2408,2502,2503,2697,2705,2612,2539,2365,2463,2442,2420,3051,3271,3075,2478,2504,2345,2552,2511,2688,2878,2871,2512,2341,2251,2613,2511,3121,3314,3126,2456,2483,2363,2443,2383,2642,2896,2829,2492,2423,2312,2656,2556,3132,3171,2958,2333,2259,2279,2378,2257,2464,2640,2586,2390,2389,2117,2496,2497,2966,2996,2762,2406,2321,2311,2363,2362,2621,2595,2267,2382,2362,2334,2322,2419,2786,2991,2787,2366,2285,2431,2344,2282,2622,2711,2423,2307,2349,2356,2363,2225,2745,2941,2736,2410,2296,2394,2332,2201,2601,2654,2383,2296,2296,2389,2281,2330,2692,2921,2713,2420,2297,2358,2201,2092,2535,2614,2411,2340,2182,2389,2380,2392,2730,2853,2752,2363,2304,2387,2319,2267,2497,2558,2549,2539,2398,2210,2193,2323,2578,2640,2606,2279,2317,2388,2316,2331,2502,2547,2570,2587,2330,2388,2242,2368,2398,2933,2644,2401,2390,2382,2295,2399,2492,2547,2475,2449,2389,2496,2359,2193,2789,2930,2571,2400,2500,2397,2343,2431,2573,2685,2449,2281,2345,2329,2217,2201,2815,2841,2611,2335,2351,2254,2302,2453,2510,2556,2504,2361,2201,2236,2129,2103,2668,2860,2665,2194,2265,2136,2161,2371,2515,2581,2518,2512,2438,2283,2165,2194,2653,2924,2718,2185,2331,2346,2260,2326,2556,2627,2688,2512,2491,2453,2366,2334,2697,2884,2683,2307,2410,2475,2311,2479,2685,2665,2638,2358,2330,2436,2489,2413,2636,2762,2628,2375,2347,2406,2361,2494,2634,2639,2542,2278,2243,2345,2355,2314,2618,2823,2670,2353,2366,2361,2426,2438,2504,2603,2570,2399,2151,2193,2324,2402,2618,2831,2696,2408,2276,2404,2391,2497,2385,2630,2652,2509,2251,2266,2576,2471,2616,2823,2686,2414,2258,2424,2449,2564,2649,2624,2540,2506,2368,2413,2554,2450,2607,3104,2906,2273,2269,2411,2410,2484,2651,2706,2592,2319,2282,2307,2251,2320,2904,3508,3286,2438,2342,2452,2444,2350,2527,2638,2457,2261,2247,2253,2345,2381,3285,3484,3251,2324,2293,2364,2315,2354,2482,2580,2417,2243,2362,2289,2253,2302,3252,3203,2974,2252,2329,2282,2184,2284,2352,2374,2387,2275,2350,2252,2250,2299,2983,2857,2635,2191,2335,2231,2360,2171,2383,2387,2392,2346,2151,2219,2391,2372,2699,2658,2510,2325,2239,2200,2295,2285,2288,2338,2164,2191,2334,2508,2482,2394,2526,2679,2542,2393,2366,2285,2322,2353,2336,2276,2399,2389,2221,2459,2431,2344,2398,2766,2581,2340,2366,2398,2267,2147,2471,2483,2417,2399,2275,2233,2396,2347,2635,2919,2709,2344,2312,2285,2313,2498,2782,2743,2531,2315,2298,2278,2257,2515,2762,3016,2810,2404,2463,2282,2399,2516,2775,2714,2475,2414,2271,2315,2408,2445,2816,3934,3706,2602,2399,2303,2362,2426,2603,2464,2452,2336,2387,2484,2424,2620,3714,4424,4200,3027,2743,2614,2493,2517,2817,2996,2898,2472,2427,2507,2706,3007,4198,4546,4328,3135,2771,3021,2846,2832,3256,3404,3289,2880,2800,2910,2991,3066,4313,4211,4007,3005,2836,3112,3068,2957,3356,3479,3307,2898,2897,3045,3013,3117,3966,4178,3956,2843,2756,2914,2974,2910,3163,3192,2997,2717,2686,2812,2799,3054,3959,3723,3502,2647,2419,2580,2627,2701,2738,2982,2866,2541,2417,2432,2562,2775,3522,3450,3239,2530,2385,2524,2592,2475,2461,2658,2501,2449,2429,2443,2413,2440,3227,3459,3201,2341,2134,2514,2500,2382,2513,2643,2526,2272,2324,2401,2331,2387,3272,3357,3149,2333,2333,2403,2411,2298,2438,2670,2552,2411,2351,2466,2390,2465,3161,3213,2992,2396,2377,2329,2353,2275,2364,2646,2590,2349,2304,2340,2116,2473,2973,3183,2945,2277,2320,2291,2394,2294,2320,2620,2492,2190,2253,2168,2254,2416,2946,3015,2811,2210,2286,2326,2296,2241,2274,2417,2370,2473,2324,2202,2270,2276,2752,2882,2700,2262,2271,2213,2296,2169,2310,2317,2210,2408,2406,2404,2444,2363,2614,2909,2784,2410,2406,2242,2301,2336,2276,2337,2215,2344,2436,2458,2456,2469,2687,3027,2839,2293,2380,2373,2417,2478,2474,2383,2364,2322,2410,2392,2540,2456,2768,3437,3183,2360,2455,2391,2397,2607,2732,2642,2385,2339,2348,2415,2501,2472,3242,3659,3425,2214,2483,2494,2268,2499,2649,2616,2300,2323,2322,2442,2281,2504,3447,3610,3383,2461,2399,2345,2308,2457,2388,2457,2281,2172,2216,2349,2176,2428,3400,3498,3269,2446,2321,2294,2339,2208,2276,2311,2151,2159,2324,2405,2288,2355,3288,3410,3155,2307,2182,2272,2327,2255,2401,2458,2392,2228,2214,2318,2367,2315,3207,3351,3078,2300,2217,2189,2211,2401,2589,2661,2360,2356,2299,2398,2400,2303,3148,3051,2664,2299,2383,2374,2300,2480,2617,2622,2430,2387,2383,2494,2519,2388,2878,2941,2657,2362,2405,2360,2279,2465,2627,2693,2593,2439,2440,2332,2448,2460,2760,3000,2806,2325,2370,2438,2291,2476,2679,2732,2632,2501,2411,2140,2284,2276,2823,3078,2846,2214,2224,2477,2344,2375,2431,2449,2562,2564,2364,2428,2438,2353,2882,3162,2910,2317,2425,2482,2367,2234,2417,2577,2621,2468,2348,2337,2374,2380,2928,3307,3162,2496,2554,2499,2455,2415,2641,2784,2846,2622,2318,2434,2433,2552,3045,3100,3003,2433,2544,2413,2498,2371,2562,2794,2831,2605,2392,2500,2484,2449,2874,3022,2775,2185,2386,2389,2430,2362,2423,2612,2673,2546,2524,2415,2249,2351,2828,3194,2938,2294,2245,2367,2376,2410,2518,2519,2513,2402,2457,2400,2221,2368,2984,3278,2994,2360,2344,2332,2460,2549,2803,2866,2613,2476,2345,2529,2466,2475,3084,3294,2947,2412,2188,2194,2359,2526,2783,2917,2690,2392,2363,2537,2393,2437,3113,3272,3062,2373,2364,2371,2414,2294,2478,2740,2676,2469,2334,2356,2144,2093,3043,3019,2823,2314,2392,2431,2453,2377,2403,2600,2619,2436,2306,2281,2396,2253,2763,3013,2679,2371,2496,2509,2351,2505,2496,2574,2532,2439,2367,2295,2442,2432,2856,3247,2990,2375,2471,2448,2320,2316,2635,2647,2384,2389,2315,2140,2445,2478,3041,3256,3066,2414,2387,2298,2198,2382,2684,2741,2495,2354,2363,2342,2495,2473,3039,3187,2998,2370,2424,2319,2388,2430,2561,2559,2306,2223,2264,2383,2375,2336,2969,3008,2837,2392,2416,2466,2269,2364,2516,2602,2368,2264,2277,2242,2327,2349,2792,2862,2722,2291,2281,2316,2214,2262,2434,2570,2377,2304,2438,2276,2255,2237,2582,2660,2497,2233,2109,2229,2350,2423,2288,2450,2497,2432,2428,2352,2134,2318,2517,2994,2785,2229,2314,2301,2231,2254,2291,2433,2435,2447,2401,2279,2318,2377,2789,3223,3002,2263,2239,2231,2218,2218,2149,2443,2438,2456,2373,2307,2335,2340,3025,3084,2874,2276,2271,2273,2355,2255,2237,2442,2427,2255,2414,2401,2349,2291,2880,3008,2758,2288,2132,2107,2291,2124,2239,2432,2246,2022,2343,2438,2337,2252,2803,3519,3279,2396,2171,2315,2347,2200,2451,2614,2377,2379,2190,2350,2395,2433,3317,3663,3429,2496,2281,2418,2447,2308,2690,2843,2500,2375,2326,2355,2367,2582,3450,3556,3321,2499,2226,2425,2485,2172,2646,2729,2457,2357,2497,2397,2315,2517,3343,3716,3495,2411,2299,2358,2384,2151,2391,2588,2421,2256,2385,2425,2292,2506,3502,4029,3816,2835,2383,2364,2366,2236,2466,2626,2495,2212,2260,2345,2466,2672,3804,4050,3830,2856,1977,2412,2315,2299,2551,2540,2329,2297,2366,2428,2394,2781,3827,3862,3643,2689,2338,2312,2218,2133,2442,2344,2211,2424,2309,2372,2458,2689,3643,3511,3306,2472,2448,2372,2264,2253,2468,2433,2231,2464,2290,2252,2342,2545,3290,3222,3037,2447,2432,2393,2333,2321,2369,2340,2230,2271,2267,2121,2249,2330,2996,2976,2787,2281,2263,2317,2397,2364,2375,2374,2239,2269,2284,2210,2272,2337,2688,2709,2547,2152,2306,2148,2303,2239,2274,2429,2387,2288,2266,2199,2258,2355,2361,2763,2572,2175,2328,2220,2312,2343,2277,2316,2327,2309,2255,2208,2076,2246,2486,2785,2614,2345,2323,2211,2285,2289,2364,2234,2111,2180,2282,2258,2055,2110,2521,2883,2718,2317,2327,2256,2221,2183,2224,2146,2130,2126,2260,2187,2114,2118,2558,3068,2851,2126,2347,2182,2075,2151,2016,2234,2269,2134,2156,2287,2222,2096,2838,3313,3076,2300,2286,2275,2087,2126,2127,2063,2284,2138,2153,2095,2136,2170,3093,3277,3055,2145,1976,2057,1910,2079,2070,2159,2184,2120,2032,2157,2085,2123,3051,2994,2761,2047,1991,1902,1780,1944,2004,2171,2028,2086,2214,2125,2245,2221,2744,2534,2425,2105,2138,1965,1992,1954,2173,2156,2059,2112,2251,2031,2184,2220,2339,2476,2277,1965,2062,2126,2069,2039,2137,2285,2166,2103,2021,2020,1990,2129,2310,2573,2349,1853,1980,2111,2137,2034,2278,2395,2301,1995,2017,1963,1967,2088,2450
,,,,,,,,,,,,,,,,,,,,,,,,,,,,,,,,,,,,,,,,,,,,,,,,,,,,,,,,,,,,,,,,,,,,,,,,,,,,,,,,,,,,,,,,,,,,,,,,,,,,,,,,,,,,,,,,,,,,,,,,,,,,,,,,,,,,,,,,,,,,,,,,,,,,,,,,,,,,,,,,,,,,,,,,,,,,,,,,,,,,,,,,,,,,,,,,,,,,,,,,,,,,,,,,,,,,,,,,,,,,,,,,,,,,,,,,,,,,,,,,,,,,,,,,,,,,,,,,,,,,,,,,,,,,,,,,,,,,,,,,,,,,,,,,,,,,,,,,,,,,,,,,,,,,,,,,,,,,,,,,,,,,,,,,,,,,,,,,,,,,,,,,,,,,,,,,,,,,,,,,,,,,,,,,,,,,,,,,,,,,,,,,,,,,,,,,,,,,,,,,,,,,,,,,,,,,,,,,,,,,,,,,,,,,,,,,,,,,,,,,,,,,,,,,,,,,,,,,,,,,,,,,,,,,,,,,,,,,,,,,,,,,,,,,,,,,,,,,,,,,,,,,,,,,,,,,,,,,,,,,,,,,,,,,,,,,,,,,,,,,,,,,,,,,,,,,,,,,,,,,,,,,,,,,,,,,,,,,,,,,,,,,,,,,,,,,,,,,,,,,,,,,,,,,,,,,,,,,,,,,,,,,,,,,,,,,,,,,,,,,,,,,,,,,,,,,,,,,,,,,,,,,,,,,,,,,,,,,,,,,,,,,,,,,,,,,,,,,,,,,,,,,,,,,,,,,,,,,,,,,,,,,,,,,,,,,,,,,,,,,,,,,,,,,,,,,,,,,,,,,,,,,,,,,,,,,,,,,,,,,,,,,,,,,,,,,,,,,,,,,,,,,,,,,,,,,,,,,,,,,,,,,,,,,,,,,,,,,,,,,,,,,,,,,,,,,,,,,,,,,,,,,,,,,,,,,,,,,,,,,,,,,,,,,,,,,,,,,,,,,,,,,,,,,,,,,,,,,,,,,,,,,,,,,,,,,,,,,,,,,,,,,,,,,,,,,,,,,,,,,,,,,,,,,,,,,,,,,,,,,,,,,,,,,,,,,,,,,,,,,,,,,,,,,,,,,,,,,,,,,,,,,,,,,,,,,,,,,,,,,,,,,,,,,,,,,,,,,,,,,,,,,,,,,,,,,,,,,,,,,,,,,,,,,,,,,,,,,,,,,,,,,,,,,,,,,,,,,,,,,,,,,,,,,,,,,,,,,,,,,,,,,,,,,,,,,,,,,,,,,,,,,,,,,,,,,,,,,,,,,,,,,,,,,,,,,,,,,,,,,,,,,,,,,,,,,,,,,,,,,,,,,,,,,,,,,,,,,,,,,,,,,,,,,,,,,,,,,,,,,,,,,,,,,,,,,,,,,,,,,,,,,,,,,,,,,,,,,,,,,,,,,,,,,,,,,,,,,,,,,,,,,,,,,,,,,,,,,,,,,,,,,,,,,,,,,,,,,,,,,,,,,,,,,,,,,,,,,,,,,,,,,,,,,,,,,,,,,,,,,,,,,,,,,,,,,,,,,,,,,,,,,,,,,,,,,,,,,,,,,,,,,,,,,,,,,,,,,,,,,,,,,,,,,,,,,,,,,,,,,,,,,,,,,,,,,,,,,,,,,,,,,,,,,,,,,,,,,,,,,,,,,,,,,,,,,,,,,,,,,,,,,,,,,,,,,,,,,,,,,,,,,,,,,,,,,,,,,,,,,,,,,,,,,,,,,,,,,,,,,,,,,,,,,,,,,,,,,,,,,,,,,,,,,,,,,,,,,,,,,,,,,,,,,,,,,,,,,,,,,,,,,,,,,,,,,,,,,,,,,,,,,,,,,,,,,,,,,,,,,,,,,,,,,,,,,,,,,,,,,,,,,,,,,,,,,,,,,,,,,,,,,,,,,,,,,,,,,,,,,,,,,,,,,,,,,,,,,,,,,,,,,,,,,,,,,,,,,,,,,,,,,,,,,,,,,,,,,,,,,,,,,,,,,,,,,,,,,,,,,,,,,,,,,,,,,,,,,,,,,,,,,,,,,,,,,,,,,,,,,,,,,,,,,,,,,,,,,,,,,,,,,,,,,,,,,,,,,,,,,,,,,,,,,,,,,,,,,,,,,,,,,,,,,,,,,,,,,,,,,,,,,,,,,,,,,,,,,,,,,,,,,,,,,,,,,,,,,,,,,,,,,,,,,,,,,,,,,,,,,,,,,,,,,,,,,,,,,,,,,,,,,,,,
,,,,,,,,,,,,,,,,,,,,,,,,,,,,,,,,,,,,,,,,,,,,,,,,,,,,,,,,,,,,,,,,,,,,,,,,,,,,,,,,,,,,,,,,,,,,,,,,,,,,,,,,,,,,,,,,,,,,,,,,,,,,,,,,,,,,,,,,,,,,,,,,,,,,,,,,,,,,,,,,,,,,,,,,,,,,,,,,,,,,,,,,,,,,,,,,,,,,,,,,,,,,,,,,,,,,,,,,,,,,,,,,,,,,,,,,,,,,,,,,,,,,,,,,,,,,,,,,,,,,,,,,,,,,,,,,,,,,,,,,,,,,,,,,,,,,,,,,,,,,,,,,,,,,,,,,,,,,,,,,,,,,,,,,,,,,,,,,,,,,,,,,,,,,,,,,,,,,,,,,,,,,,,,,,,,,,,,,,,,,,,,,,,,,,,,,,,,,,,,,,,,,,,,,,,,,,,,,,,,,,,,,,,,,,,,,,,,,,,,,,,,,,,,,,,,,,,,,,,,,,,,,,,,,,,,,,,,,,,,,,,,,,,,,,,,,,,,,,,,,,,,,,,,,,,,,,,,,,,,,,,,,,,,,,,,,,,,,,,,,,,,,,,,,,,,,,,,,,,,,,,,,,,,,,,,,,,,,,,,,,,,,,,,,,,,,,,,,,,,,,,,,,,,,,,,,,,,,,,,,,,,,,,,,,,,,,,,,,,,,,,,,,,,,,,,,,,,,,,,,,,,,,,,,,,,,,,,,,,,,,,,,,,,,,,,,,,,,,,,,,,,,,,,,,,,,,,,,,,,,,,,,,,,,,,,,,,,,,,,,,,,,,,,,,,,,,,,,,,,,,,,,,,,,,,,,,,,,,,,,,,,,,,,,,,,,,,,,,,,,,,,,,,,,,,,,,,,,,,,,,,,,,,,,,,,,,,,,,,,,,,,,,,,,,,,,,,,,,,,,,,,,,,,,,,,,,,,,,,,,,,,,,,,,,,,,,,,,,,,,,,,,,,,,,,,,,,,,,,,,,,,,,,,,,,,,,,,,,,,,,,,,,,,,,,,,,,,,,,,,,,,,,,,,,,,,,,,,,,,,,,,,,,,,,,,,,,,,,,,,,,,,,,,,,,,,,,,,,,,,,,,,,,,,,,,,,,,,,,,,,,,,,,,,,,,,,,,,,,,,,,,,,,,,,,,,,,,,,,,,,,,,,,,,,,,,,,,,,,,,,,,,,,,,,,,,,,,,,,,,,,,,,,,,,,,,,,,,,,,,,,,,,,,,,,,,,,,,,,,,,,,,,,,,,,,,,,,,,,,,,,,,,,,,,,,,,,,,,,,,,,,,,,,,,,,,,,,,,,,,,,,,,,,,,,,,,,,,,,,,,,,,,,,,,,,,,,,,,,,,,,,,,,,,,,,,,,,,,,,,,,,,,,,,,,,,,,,,,,,,,,,,,,,,,,,,,,,,,,,,,,,,,,,,,,,,,,,,,,,,,,,,,,,,,,,,,,,,,,,,,,,,,,,,,,,,,,,,,,,,,,,,,,,,,,,,,,,,,,,,,,,,,,,,,,,,,,,,,,,,,,,,,,,,,,,,,,,,,,,,,,,,,,,,,,,,,,,,,,,,,,,,,,,,,,,,,,,,,,,,,,,,,,,,,,,,,,,,,,,,,,,,,,,,,,,,,,,,,,,,,,,,,,,,,,,,,,,,,,,,,,,,,,,,,,,,,,,,,,,,,,,,,,,,,,,,,,,,,,,,,,,,,,,,,,,,,,,,,,,,,,,,,,,,,,,,,,,,,,,,,,,,,,,,,,,,,,,,,,,,,,,,,,,,,,,,,,,,,,,,,,,,,,,,,,,,,,,,,,,,,,,,,,,,,,,,,,,,,,,,,,,,,,,,,,,,,,,,,,,,,,,,,,,,,,,,,,,,,,,,,,,,,,,,,,,,,,,,,,,,,,,,,,,,,,,,,,,,,,,,,,,,,,,,,,,,,,,,,,,,,,,,,,,,,,,,,,,,,,,,,,,,,,,,,,,,,,,,,,,,,,,,,,,,,,,,,,,,,,,,,,,,,,,,,,,,,,,,,,,,,,,,,,,,,,,,,,,,,,,,,,,,,,,,,,,,,,,,,,,,,,,,,,,,,,,,,,,,,,,,,,,,,,,,,,,,,,,,,,,,,,,,,,,,,,,,,,,,,,,,,,,,,,,,,,,,,,,,,,,,,,,,,,,,,,,,,,,,,,,,,,,,,,,,,,,,,,,,,,,,,,,,,,,
,,,,,,,,,,,,,,,,,,,,,,,,,,,,,,,,,,,,,,,,,,,,,,,,,,,,,,,,,,,,,,,,,,,,,,,,,,,,,,,,,,,,,,,,,,,,,,,,,,,,,,,,,,,,,,,,,,,,,,,,,,,,,,,,,,,,,,,,,,,,,,,,,,,,,,,,,,,,,,,,,,,,,,,,,,,,,,,,,,,,,,,,,,,,,,,,,,,,,,,,,,,,,,,,,,,,,,,,,,,,,,,,,,,,,,,,,,,,,,,,,,,,,,,,,,,,,,,,,,,,,,,,,,,,,,,,,,,,,,,,,,,,,,,,,,,,,,,,,,,,,,,,,,,,,,,,,,,,,,,,,,,,,,,,,,,,,,,,,,,,,,,,,,,,,,,,,,,,,,,,,,,,,,,,,,,,,,,,,,,,,,,,,,,,,,,,,,,,,,,,,,,,,,,,,,,,,,,,,,,,,,,,,,,,,,,,,,,,,,,,,,,,,,,,,,,,,,,,,,,,,,,,,,,,,,,,,,,,,,,,,,,,,,,,,,,,,,,,,,,,,,,,,,,,,,,,,,,,,,,,,,,,,,,,,,,,,,,,,,,,,,,,,,,,,,,,,,,,,,,,,,,,,,,,,,,,,,,,,,,,,,,,,,,,,,,,,,,,,,,,,,,,,,,,,,,,,,,,,,,,,,,,,,,,,,,,,,,,,,,,,,,,,,,,,,,,,,,,,,,,,,,,,,,,,,,,,,,,,,,,,,,,,,,,,,,,,,,,,,,,,,,,,,,,,,,,,,,,,,,,,,,,,,,,,,,,,,,,,,,,,,,,,,,,,,,,,,,,,,,,,,,,,,,,,,,,,,,,,,,,,,,,,,,,,,,,,,,,,,,,,,,,,,,,,,,,,,,,,,,,,,,,,,,,,,,,,,,,,,,,,,,,,,,,,,,,,,,,,,,,,,,,,,,,,,,,,,,,,,,,,,,,,,,,,,,,,,,,,,,,,,,,,,,,,,,,,,,,,,,,,,,,,,,,,,,,,,,,,,,,,,,,,,,,,,,,,,,,,,,,,,,,,,,,,,,,,,,,,,,,,,,,,,,,,,,,,,,,,,,,,,,,,,,,,,,,,,,,,,,,,,,,,,,,,,,,,,,,,,,,,,,,,,,,,,,,,,,,,,,,,,,,,,,,,,,,,,,,,,,,,,,,,,,,,,,,,,,,,,,,,,,,,,,,,,,,,,,,,,,,,,,,,,,,,,,,,,,,,,,,,,,,,,,,,,,,,,,,,,,,,,,,,,,,,,,,,,,,,,,,,,,,,,,,,,,,,,,,,,,,,,,,,,,,,,,,,,,,,,,,,,,,,,,,,,,,,,,,,,,,,,,,,,,,,,,,,,,,,,,,,,,,,,,,,,,,,,,,,,,,,,,,,,,,,,,,,,,,,,,,,,,,,,,,,,,,,,,,,,,,,,,,,,,,,,,,,,,,,,,,,,,,,,,,,,,,,,,,,,,,,,,,,,,,,,,,,,,,,,,,,,,,,,,,,,,,,,,,,,,,,,,,,,,,,,,,,,,,,,,,,,,,,,,,,,,,,,,,,,,,,,,,,,,,,,,,,,,,,,,,,,,,,,,,,,,,,,,,,,,,,,,,,,,,,,,,,,,,,,,,,,,,,,,,,,,,,,,,,,,,,,,,,,,,,,,,,,,,,,,,,,,,,,,,,,,,,,,,,,,,,,,,,,,,,,,,,,,,,,,,,,,,,,,,,,,,,,,,,,,,,,,,,,,,,,,,,,,,,,,,,,,,,,,,,,,,,,,,,,,,,,,,,,,,,,,,,,,,,,,,,,,,,,,,,,,,,,,,,,,,,,,,,,,,,,,,,,,,,,,,,,,,,,,,,,,,,,,,,,,,,,,,,,,,,,,,,,,,,,,,,,,,,,,,,,,,,,,,,,,,,,,,,,,,,,,,,,,,,,,,,,,,,,,,,,,,,,,,,,,,,,,,,,,,,,,,,,,,,,,,,,,,,,,,,,,,,,,,,,,,,,,,,,,,,,,,,,,,,,,,,,,,,,,,,,,,,,,,,,,,,,,,,,,,,,,,,,,,,,,,,,,,,,,,,,,,,,,,,,,,,,,,,,,,,,,,,,,,,,,,,,,,,,,,,,,,,,,,,,,,,,,,,,,,,,,,,,,,,,,,,,,,,,,,,,,,,,,,,,,,,,,,,,,,,,,,,,,,,,,,,,,,,,,,,,,,,,,,,,,,,,,,,,,
,,,,,,,,,,,,,,,,,,,,,,,,,,,,,,,,,,,,,,,,,,,,,,,,,,,,,,,,,,,,,,,,,,,,,,,,,,,,,,,,,,,,,,,,,,,,,,,,,,,,,,,,,,,,,,,,,,,,,,,,,,,,,,,,,,,,,,,,,,,,,,,,,,,,,,,,,,,,,,,,,,,,,,,,,,,,,,,,,,,,,,,,,,,,,,,,,,,,,,,,,,,,,,,,,,,,,,,,,,,,,,,,,,,,,,,,,,,,,,,,,,,,,,,,,,,,,,,,,,,,,,,,,,,,,,,,,,,,,,,,,,,,,,,,,,,,,,,,,,,,,,,,,,,,,,,,,,,,,,,,,,,,,,,,,,,,,,,,,,,,,,,,,,,,,,,,,,,,,,,,,,,,,,,,,,,,,,,,,,,,,,,,,,,,,,,,,,,,,,,,,,,,,,,,,,,,,,,,,,,,,,,,,,,,,,,,,,,,,,,,,,,,,,,,,,,,,,,,,,,,,,,,,,,,,,,,,,,,,,,,,,,,,,,,,,,,,,,,,,,,,,,,,,,,,,,,,,,,,,,,,,,,,,,,,,,,,,,,,,,,,,,,,,,,,,,,,,,,,,,,,,,,,,,,,,,,,,,,,,,,,,,,,,,,,,,,,,,,,,,,,,,,,,,,,,,,,,,,,,,,,,,,,,,,,,,,,,,,,,,,,,,,,,,,,,,,,,,,,,,,,,,,,,,,,,,,,,,,,,,,,,,,,,,,,,,,,,,,,,,,,,,,,,,,,,,,,,,,,,,,,,,,,,,,,,,,,,,,,,,,,,,,,,,,,,,,,,,,,,,,,,,,,,,,,,,,,,,,,,,,,,,,,,,,,,,,,,,,,,,,,,,,,,,,,,,,,,,,,,,,,,,,,,,,,,,,,,,,,,,,,,,,,,,,,,,,,,,,,,,,,,,,,,,,,,,,,,,,,,,,,,,,,,,,,,,,,,,,,,,,,,,,,,,,,,,,,,,,,,,,,,,,,,,,,,,,,,,,,,,,,,,,,,,,,,,,,,,,,,,,,,,,,,,,,,,,,,,,,,,,,,,,,,,,,,,,,,,,,,,,,,,,,,,,,,,,,,,,,,,,,,,,,,,,,,,,,,,,,,,,,,,,,,,,,,,,,,,,,,,,,,,,,,,,,,,,,,,,,,,,,,,,,,,,,,,,,,,,,,,,,,,,,,,,,,,,,,,,,,,,,,,,,,,,,,,,,,,,,,,,,,,,,,,,,,,,,,,,,,,,,,,,,,,,,,,,,,,,,,,,,,,,,,,,,,,,,,,,,,,,,,,,,,,,,,,,,,,,,,,,,,,,,,,,,,,,,,,,,,,,,,,,,,,,,,,,,,,,,,,,,,,,,,,,,,,,,,,,,,,,,,,,,,,,,,,,,,,,,,,,,,,,,,,,,,,,,,,,,,,,,,,,,,,,,,,,,,,,,,,,,,,,,,,,,,,,,,,,,,,,,,,,,,,,,,,,,,,,,,,,,,,,,,,,,,,,,,,,,,,,,,,,,,,,,,,,,,,,,,,,,,,,,,,,,,,,,,,,,,,,,,,,,,,,,,,,,,,,,,,,,,,,,,,,,,,,,,,,,,,,,,,,,,,,,,,,,,,,,,,,,,,,,,,,,,,,,,,,,,,,,,,,,,,,,,,,,,,,,,,,,,,,,,,,,,,,,,,,,,,,,,,,,,,,,,,,,,,,,,,,,,,,,,,,,,,,,,,,,,,,,,,,,,,,,,,,,,,,,,,,,,,,,,,,,,,,,,,,,,,,,,,,,,,,,,,,,,,,,,,,,,,,,,,,,,,,,,,,,,,,,,,,,,,,,,,,,,,,,,,,,,,,,,,,,,,,,,,,,,,,,,,,,,,,,,,,,,,,,,,,,,,,,,,,,,,,,,,,,,,,,,,,,,,,,,,,,,,,,,,,,,,,,,,,,,,,,,,,,,,,,,,,,,,,,,,,,,,,,,,,,,,,,,,,,,,,,,,,,,,,,,,,,,,,,,,,,,,,,,,,,,,,,,,,,,,,,,,,,,,,,,,,,,,,,,,,,,,,,,,,,,,,,,,,,,,,,,,,,,,,,,,,,,,,,,,,,,,,,,,,,,,,,,,,,,,,,,,,,,,,,,,,,,,,,,,,,,,,,,,,,,,,,,,,,,,,,,,,,,,,,,,,,,,,,,,,,,,,,,,,,,,,,,,,,,,,,,,,,,,,,,,,,,,
,,,,,,,,,,,,,,,,,,,,,,,,,,,,,,,,,,,,,,,,,,,,,,,,,,,,,,,,,,,,,,,,,,,,,,,,,,,,,,,,,,,,,,,,,,,,,,,,,,,,,,,,,,,,,,,,,,,,,,,,,,,,,,,,,,,,,,,,,,,,,,,,,,,,,,,,,,,,,,,,,,,,,,,,,,,,,,,,,,,,,,,,,,,,,,,,,,,,,,,,,,,,,,,,,,,,,,,,,,,,,,,,,,,,,,,,,,,,,,,,,,,,,,,,,,,,,,,,,,,,,,,,,,,,,,,,,,,,,,,,,,,,,,,,,,,,,,,,,,,,,,,,,,,,,,,,,,,,,,,,,,,,,,,,,,,,,,,,,,,,,,,,,,,,,,,,,,,,,,,,,,,,,,,,,,,,,,,,,,,,,,,,,,,,,,,,,,,,,,,,,,,,,,,,,,,,,,,,,,,,,,,,,,,,,,,,,,,,,,,,,,,,,,,,,,,,,,,,,,,,,,,,,,,,,,,,,,,,,,,,,,,,,,,,,,,,,,,,,,,,,,,,,,,,,,,,,,,,,,,,,,,,,,,,,,,,,,,,,,,,,,,,,,,,,,,,,,,,,,,,,,,,,,,,,,,,,,,,,,,,,,,,,,,,,,,,,,,,,,,,,,,,,,,,,,,,,,,,,,,,,,,,,,,,,,,,,,,,,,,,,,,,,,,,,,,,,,,,,,,,,,,,,,,,,,,,,,,,,,,,,,,,,,,,,,,,,,,,,,,,,,,,,,,,,,,,,,,,,,,,,,,,,,,,,,,,,,,,,,,,,,,,,,,,,,,,,,,,,,,,,,,,,,,,,,,,,,,,,,,,,,,,,,,,,,,,,,,,,,,,,,,,,,,,,,,,,,,,,,,,,,,,,,,,,,,,,,,,,,,,,,,,,,,,,,,,,,,,,,,,,,,,,,,,,,,,,,,,,,,,,,,,,,,,,,,,,,,,,,,,,,,,,,,,,,,,,,,,,,,,,,,,,,,,,,,,,,,,,,,,,,,,,,,,,,,,,,,,,,,,,,,,,,,,,,,,,,,,,,,,,,,,,,,,,,,,,,,,,,,,,,,,,,,,,,,,,,,,,,,,,,,,,,,,,,,,,,,,,,,,,,,,,,,,,,,,,,,,,,,,,,,,,,,,,,,,,,,,,,,,,,,,,,,,,,,,,,,,,,,,,,,,,,,,,,,,,,,,,,,,,,,,,,,,,,,,,,,,,,,,,,,,,,,,,,,,,,,,,,,,,,,,,,,,,,,,,,,,,,,,,,,,,,,,,,,,,,,,,,,,,,,,,,,,,,,,,,,,,,,,,,,,,,,,,,,,,,,,,,,,,,,,,,,,,,,,,,,,,,,,,,,,,,,,,,,,,,,,,,,,,,,,,,,,,,,,,,,,,,,,,,,,,,,,,,,,,,,,,,,,,,,,,,,,,,,,,,,,,,,,,,,,,,,,,,,,,,,,,,,,,,,,,,,,,,,,,,,,,,,,,,,,,,,,,,,,,,,,,,,,,,,,,,,,,,,,,,,,,,,,,,,,,,,,,,,,,,,,,,,,,,,,,,,,,,,,,,,,,,,,,,,,,,,,,,,,,,,,,,,,,,,,,,,,,,,,,,,,,,,,,,,,,,,,,,,,,,,,,,,,,,,,,,,,,,,,,,,,,,,,,,,,,,,,,,,,,,,,,,,,,,,,,,,,,,,,,,,,,,,,,,,,,,,,,,,,,,,,,,,,,,,,,,,,,,,,,,,,,,,,,,,,,,,,,,,,,,,,,,,,,,,,,,,,,,,,,,,,,,,,,,,,,,,,,,,,,,,,,,,,,,,,,,,,,,,,,,,,,,,,,,,,,,,,,,,,,,,,,,,,,,,,,,,,,,,,,,,,,,,,,,,,,,,,,,,,,,,,,,,,,,,,,,,,,,,,,,,,,,,,,,,,,,,,,,,,,,,,,,,,,,,,,,,,,,,,,,,,,,,,,,,,,,,,,,,,,,,,,,,,,,,,,,,,,,,,,,,,,,,,,,,,,,,,,,,,,,,,,,,,,,,,,,,,,,,,,,,,,,,,,,,,,,,,,,,,,,,,,,,,,,,,,,,,,,,,,,,,,,,,,,,,,,,,,,,,,,,,,,,,,,,,,,,,,,,,,,,,,,,,,,,,,,,,,,,,,,,,,,,,,,,,,,,,,,,,,,,,,,,,,,,,,,,,,,,,,,,,,,,,,,,,,,,
3309,3181,2452,2258,2355,2341,2486,2462,2312,2462,2486,2341,2355,2258,2452,3181,3718,3490,2445,2445,2449,2194,2473,2493,2321,2382,2376,2433,2329,2281,2578,3502,4070,3853,2702,2437,2368,2392,2410,2380,2306,2335,2274,2304,2459,2322,2764,3849,4206,3984,2853,2543,2332,2295,2337,2408,2362,2298,2077,2324,2388,2485,2862,3984,4018,3798,2663,2436,2384,2359,2265,2269,2236,2263,2268,2261,2144,2449,2714,3797,3634,3399,2426,2215,2292,2403,2391,2248,2302,2277,2171,2189,2231,2455,2484,3437,3410,3175,2264,2236,2353,2369,2368,2293,2385,2308,2353,2272,2094,2228,2318,3190,3212,2967,2206,2342,2342,2292,2318,2241,2367,2304,2243,2241,2160,2142,2249,2985,3094,2830,2267,2371,2376,2255,2107,2150,2265,2317,2144,2347,2123,2258,2298,2850,2990,2791,2313,2306,2254,2240,2231,2333,2320,2332,2240,2318,2239,2384,2310,2760,3100,2922,2281,2248,2284,2362,2351,2639,2751,2459,2413,2411,2389,2477,2366,2913,3678,3540,3252,2802,2761,2854,3178,3560,3634,3370,2581,2710,2771,2896,3367,3648,4479,4281,3808,3297,3432,3542,3845,4237,4288,3995,3620,3339,3632,3670,4017,4377,4661,4428,3836,3719,3642,3853,4059,4404,4394,4039,3971,3731,3935,3964,4141,4552,4470,4205,3791,3629,3821,3982,3908,4166,4005,3869,3936,3815,3903,3903,3827,4349,4438,4193,3476,3276,3538,3718,3446,3539,3898,3845,3755,3609,3596,3419,3606,4227,4502,4278,3327,3099,2990,3361,3151,3261,3524,3077,3490,3315,3241,3048,3157,4268,4444,4223,3248,2798,2898,3002,3090,3270,3347,3334,3211,3085,2743,2905,3153,4223,4257,4056,3335,3163,3082,3059,3203,3471,3550,3564,3333,3235,3032,3218,3258,4071,4043,3866,3313,3137,3012,3072,3206,3477,3638,3630,3420,3300,2901,3226,3153,3832,3892,3673,3148,2805,2844,2685,3053,3651,3811,3568,3221,2987,2671,2861,2875,3713,4516,4294,3365,2876,2636,2696,2970,3807,3983,3743,3115,2851,2806,2952,3251,4297,4656,4445,3513,2899,2709,2742,2905,3769,3891,3529,3237,3005,2814,3115,3435,4431,4461,4255,3366,2798,2680,2761,2960,3491,3568,3206,3010,2886,2823,3045,3214,4217,3982,3801,3075,2567,2600,2678,2981,3194,3272,2944,2726,2819,2894,3002,3020,3694,3755,3557,2882,2558,2710,2851,2873,3099,3270,3058,2575,2724,2730,2881,3055,3525,3845,3623,2681,2502,2676,2623,2731,2962,3186,3038,2625,2645,2694,2669,2843,3641,3724,3494,2683,2599,2678,2722,2803,2897,3058,2951,2675,2732,2741,2706,2887,3518,3416,3211,2617,2466,2583,2712,2722,2762,2920,2858,2636,2525,2640,2604,2696,3217,3502,3306,2460,2382,2394,2561,2635,2907,2986,2888,2537,2429,2347,2426,2659,3258,3604,3415,2595,2477,2481,2500,2772,2942,2912,2859,2491,2535,2343,2352,2610,3349,3464,3297,2663,2462,2590,2611,2741,2985,2958,2715,2557,2605,2352,2490,2575,3166,3181,2985,2561,2466,2361,2388,2451,2657,2777,2619,2499,2348,2319,2456,2515,2932,3225,2915,2526,2597,2349,2293,2562,2711,2932,2766,2359,2354,2213,2487,2569,3073,3259,2969,2566,2649,2385,2383,2540,2708,2936,2793,2408,2411,2175,2375,2548,3084,3157,2902,2401,2512,2319,2342,2327,2445,2588,2538,2385,2349,2297,2248,2401,2958,3066,2873,2296,2292,2356,2289,2383,2436,2528,2512,2347,2333,2291,2190,2297,2835,2956,2738,2347,2362,2348,2240,2289,2469,2547,2490,2260,2376,2403,2309,2365,2672,3036,2811,2207,2358,2413,2391,2272,2605,2777,2532,2378,2390,2373,2357,2389,2823,2916,2640,2371,2307,2316,2232,2300,2690,2811,2564,2451,2398,2448,2204,2374,2756,2842,2535,2311,2304,2311,2133,2357,2577,2531,2464,2318,2443,2326,2240,2427,2736,2716,2547,2296,2399,2418,2311,2304,2507,2548,2391,2298,2357,2257,2198,2408,2589,2866,2669,2372,2456,2452,2457,2317,2458,2492,2488,2460,2463,2291,2375,2523,2742,2847,2681,2416,2415,2390,2415,2348,2464,2629,2544,2500,2368,2372,2494,2474,2670,2795,2611,2360,2411,2285,2358,2454,2588,2609,2664,2461,2396,2435,2534,2284,2569,2858,2609,2447,2385,2337,2331,2447,2486,2506,2607,2356,2427,2539,2430,2405,2689,2832,2616,2339,2405,2445,2439,2445,2483,2532,2475,2356,2541,2462,2420,2397,2720,2778,2724,2414,2395,2459,2540,2546,2539,2615,2525,2389,2511,2346,2234,2360,2541,2840,2681,2360,2312,2374,2442,2477,2466,2421,2583,2369,2431,2434,2356,2242,2621,2941,2751,2383,2352,2269,2412,2493,2511,2538,2495,2478,2361,2446,2487,2323,2735,2832,2634,2302,2425,2350,2364,2385,2553,2675,2510,2417,2251,2232,2433,2463,2620,2817,2646,2433,2552,2505,2407,2339,2498,2540,2462,2386,2344,2337,2409,2479,2610,3171,2918,2429,2534,2483,2457,2312,2274,2402,2330,2288,2389,2428,2370,2398,2951,3518,3287,2438,2394,2359,2433,2375,2553,2718,2544,2319,2487,2445,2362,2193,3300,3454,3222,2383,2251,2361,2363,2342,2606,2770,2575,2260,2416,2379,2312,2241,3237,3068,2813,2457,2425,2455,2441,2204,2310,2537,2390,2330,2211,2319,2232,2406,2820,2858,2725,2475,2490,2418,2342,2194,2163,2410,2320,2321,2287,2180,2228,2294,2648,2739,2641,2332,2401,2386,2372,2281,2350,2420,2387,2439,2370,2255,2261,2214,2499,2764,2578,2354,2363,2256,2408,2395,2395,2432,2408,2419,2375,2207,2324,2345,2654,2767,2674,2443,2345,2293,2253,2295,2413,2423,2502,2434,2363,2354,2349,2434,2623,2865,2704,2396,2501,2485,2397,2439,2441,2460,2617,2417,2484,2385,2373,2409,2547,2892,2650,2256,2406,2456,2434,2466,2384,2556,2687,2494,2510,2371,2294,2347,2670,3938,3719,2655,2372,2363,2314,2397,2422,2534,2473,2458,2362,2368,2323,2552,3715,4427,4203,3111,2672,2454,2537,2506,2905,3007,2814,2429,2360,2534,2635,3069,4204,4554,4334,3244,2874,2506,2647,2785,3294,3426,3222,2663,2701,2624,2858,3197,4329,4234,4000,3005,2632,2506,2793,2850,3335,3470,3246,2717,2831,2543,2746,3119,4037,4188,3978,2967,2784,2423,2582,2602,3044,3244,2990,2659,2750,2483,2596,2949,3968,3703,3490,2623,2654,2438,2428,2346,2786,2974,2813,2478,2460,2402,2390,2624,3477,3432,3179,2364,2405,2506,2444,2331,2440,2635,2472,2364,2410,2366,2393,2508,3195,3436,3223,2389,2410,2558,2520,2407,2580,2674,2412,2297,2404,2440,2472,2410,3217,3381,3152,2367,2543,2550,2430,2361,2633,2653,2524,2441,2550,2586,2506,2328,3149,3212,2988,2347,2391,2364,2405,2329,2499,2518,2362,2402,2493,2391,2326,2383,2992,3199,3006,2416,2284,2295,2095,2345,2439,2492,2356,2407,2325,2310,2254,2317,2977,3092,2891,2436,2353,2435,2312,2419,2499,2450,2322,2384,2340,2358,2366,2391,2896,3075,2846,2352,2267,2336,2410,2368,2431,2522,2424,2244,2274,2117,2147,2390,2907,2820,2553,2308,2371,2316,2292,2323,2476,2487,2472,2341,2342,2269,2343,2296,2737,3172,2932,2410,2413,2423,2437,2416,2464,2544,2453,2279,2333,2295,2360,2403,2962,3468,3250,2491,2432,2307,2356,2450,2564,2663,2508,2404,2369,2357,2324,2558,3269,3694,3468,2395,2446,2251,2454,2333,2620,2754,2559,2315,2453,2356,2486,2403,3468,3653,3431,2429,2428,2439,2406,2255,2492,2668,2536,2476,2562,2352,2506,2467,3427,3538,3316,2480,2429,2382,2366,2229,2330,2400,2450,2575,2517,2290,2396,2416,3313,3420,3222,2501,2327,2192,2207,2244,2468,2475,2496,2528,2319,2253,2342,2326,3190,3278,3104,2471,2305,2299,2304,2306,2536,2666,2354,2401,2423,2453,2481,2460,3019,2859,2734,2212,2373,2310,2421,2352,2556,2735,2614,2363,2376,2450,2481,2361,2611,2938,2696,2346,2408,2306,2508,2441,2439,2633,2651,2493,2491,2519,2454,2238,2815,2961,2776,2307,2316,2368,2406,2457,2426,2506,2499,2446,2409,2436,2451,2267,2777,3044,2875,2410,2314,2329,2293,2214,2426,2474,2350,2266,2346,2500,2417,2489,2748,3089,2859,2377,2473,2279,2472,2469,2624,2589,2489,2366,2152,2425,2451,2535,2913,3025,2755,2464,2511,2277,2527,2563,2659,2733,2697,2584,2400,2441,2473,2630,2944,2907,2558,2474,2450,2414,2467,2450,2639,2708,2619,2554,2347,2510,2518,2686,2913,2935,2652,2470,2330,2263,2450,2330,2311,2304,2388,2365,2466,2419,2338,2426,2721,3151,2962,2503,2317,2129,2243,2299,2452,2537,2290,2405,2407,2465,2375,2302,2912,3128,2999,2618,2437,2407,2297,2306,2756,2874,2609,2382,2420,2388,2457,2323,2867,3149,2982,2614,2520,2388,2324,2309,2767,2905,2560,2365,2388,2259,2295,2456,2886,3145,2927,2358,2410,2300,2289,2303,2472,2629,2440,2302,2400,2290,2262,2259,2906,2853,2591,2286,2256,2278,2327,2395,2408,2556,2346,2198,2301,2352,2373,2368,2712,2991,2785,2292,2274,2296,2368,2178,2541,2797,2677,2273,2150,2349,2324,2411,2833,3096,2907,2447,2493,2387,2336,2193,2587,2835,2653,2356,2361,2214,2418,2606,2809,3203,2985,2480,2464,2424,2425,2452,2632,2728,2571,2326,2466,2353,2374,2512,2996,3164,2883,2440,2411,2418,2277,2382,2589,2689,2507,2229,2337,2350,2162,2278,2965,3068,2819,2368,2482,2318,2365,2390,2550,2640,2481,2282,2233,2301,2353,2439,2873,2908,2662,2352,2325,2144,2315,2335,2305,2454,2319,2366,2174,2269,2400,2328,2745,2766,2612,2328,2335,2199,2240,2337,2387,2472,2397,2324,2249,2097,2379,2200,2606,2865,2651,2312,2349,2261,2266,2449,2415,2329,2295,2354,2417,2229,2391,2182,2639,3237,2995,2381,2351,2185,2330,2516,2403,2290,2281,2269,2474,2391,2331,2164,3005,3095,2872,2358,2289,2312,2407,2324,2243,2365,2455,2462,2501,2292,2299,2103,2870,3003,2812,2239,2284,2259,2296,2393,2141,2343,2425,2470,2388,2310,2271,2143,2747,3526,3302,2338,2303,2232,2325,2319,2569,2724,2644,2405,2274,2314,2251,2286,3287,3665,3437,2451,2227,2283,2317,2227,2815,2994,2839,2480,2365,2269,2370,2296,3435,3557,3313,2348,2326,2300,2301,2436,2783,2867,2718,2481,2485,2494,2534,2246,3327,3711,3486,2482,2277,2231,2428,2409,2469,2483,2602,2474,2506,2467,2499,2437,3489,4020,3799,2751,2380,2421,2341,2312,2396,2442,2649,2491,2571,2543,2498,2607,3795,4043,3821,2802,2426,2466,2460,2234,2480,2506,2548,2492,2490,2552,2550,2654,3818,3864,3645,2674,2459,2384,2410,2315,2523,2548,2320,2391,2577,2503,2543,2559,3640,3505,3290,2312,2340,2202,2333,2439,2481,2523,2266,2367,2415,2406,2529,2489,3285,3168,2964,2326,2421,2317,2290,2431,2369,2389,2303,2463,2422,2445,2434,2412,2927,2986,2766,2407,2412,2283,2399,2393,2340,2291,2244,2351,2346,2303,2364,2386,2777,2800,2549,2321,2234,2221,2243,2345,2245,2359,2299,2226,2314,2207,2291,2269,2656,2699,2366,2336,2281,2219,2202,2217,2273,2202,2220,2341,2398,2238,2202,2172,2449,2714,2501,2222,2165,2173,2178,2288,2313,2290,2301,2384,2283,2278,2300,2235,2497,2897,2663,2238,2161,2240,2098,2277,2235,2260,2240,2355,2220,2119,2332,2352,2686,3010,2806,2211,2092,2241,2182,2184,2073,2156,2068,2187,2136,2176,2264,2327,2817,3254,3047,2283,2238,2184,2151,2115,2174,2169,2104,2143,2126,2204,2132,2276,2980,3243,3034,2164,2114,1987,2131,2151,2136,2133,2027,2003,2211,2271,2147,2185,3008,3019,2800,2041,2011,1936,2054,2054,1996,2089,2058,2083,2137,2146,2074,2083,2792,2646,2488,2195,2148,2036,2078,2121,2010,2151,2138,2086,2056,2093,2051,2068,2420,2564,2391,2120,2032,2003,1918,2086,2135,2294,2230,1996,2078,2069,2009,2075,2334,2602,2467,2103,2158,2100,1995,2005,2252,2436,2281,2045,2083,2084,2082,2131,2448
,,,,,,,,,,,,,,,,,,,,,,,,,,,,,,,,,,,,,,,,,,,,,,,,,,,,,,,,,,,,,,,,,,,,,,,,,,,,,,,,,,,,,,,,,,,,,,,,,,,,,,,,,,,,,,,,,,,,,,,,,,,,,,,,,,,,,,,,,,,,,,,,,,,,,,,,,,,,,,,,,,,,,,,,,,,,,,,,,,,,,,,,,,,,,,,,,,,,,,,,,,,,,,,,,,,,,,,,,,,,,,,,,,,,,,,,,,,,,,,,,,,,,,,,,,,,,,,,,,,,,,,,,,,,,,,,,,,,,,,,,,,,,,,,,,,,,,,,,,,,,,,,,,,,,,,,,,,,,,,,,,,,,,,,,,,,,,,,,,,,,,,,,,,,,,,,,,,,,,,,,,,,,,,,,,,,,,,,,,,,,,,,,,,,,,,,,,,,,,,,,,,,,,,,,,,,,,,,,,,,,,,,,,,,,,,,,,,,,,,,,,,,,,,,,,,,,,,,,,,,,,,,,,,,,,,,,,,,,,,,,,,,,,,,,,,,,,,,,,,,,,,,,,,,,,,,,,,,,,,,,,,,,,,,,,,,,,,,,,,,,,,,,,,,,,,,,,,,,,,,,,,,,,,,,,,,,,,,,,,,,,,,,,,,,,,,,,,,,,,,,,,,,,,,,,,,,,,,,,,,,,,,,,,,,,,,,,,,,,,,,,,,,,,,,,,,,,,,,,,,,,,,,,,,,,,,,,,,,,,,,,,,,,,,,,,,,,,,,,,,,,,,,,,,,,,,,,,,,,,,,,,,,,,,,,,,,,,,,,,,,,,,,,,,,,,,,,,,,,,,,,,,,,,,,,,,,,,,,,,,,,,,,,,,,,,,,,,,,,,,,,,,,,,,,,,,,,,,,,,,,,,,,,,,,,,,,,,,,,,,,,,,,,,,,,,,,,,,,,,,,,,,,,,,,,,,,,,,,,,,,,,,,,,,,,,,,,,,,,,,,,,,,,,,,,,,,,,,,,,,,,,,,,,,,,,,,,,,,,,,,,,,,,,,,,,,,,,,,,,,,,,,,,,,,,,,,,,,,,,,,,,,,,,,,,,,,,,,,,,,,,,,,,,,,,,,,,,,,,,,,,,,,,,,,,,,,,,,,,,,,,,,,,,,,,,,,,,,,,,,,,,,,,,,,,,,,,,,,,,,,,,,,,,,,,,,,,,,,,,,,,,,,,,,,,,,,,,,,,,,,,,,,,,,,,,,,,,,,,,,,,,,,,,,,,,,,,,,,,,,,,,,,,,,,,,,,,,,,,,,,,,,,,,,,,,,,,,,,,,,,,,,,,,,,,,,,,,,,,,,,,,,,,,,,,,,,,,,,,,,,,,,,,,,,,,,,,,,,,,,,,,,,,,,,,,,,,,,,,,,,,,,,,,,,,,,,,,,,,,,,,,,,,,,,,,,,,,,,,,,,,,,,,,,,,,,,,,,,,,,,,,,,,,,,,,,,,,,,,,,,,,,,,,,,,,,,,,,,,,,,,,,,,,,,,,,,,,,,,,,,,,,,,,,,,,,,,,,,,,,,,,,,,,,,,,,,,,,,,,,,,,,,,,,,,,,,,,,,,,,,,,,,,,,,,,,,,,,,,,,,,,,,,,,,,,,,,,,,,,,,,,,,,,,,,,,,,,,,,,,,,,,,,,,,,,,,,,,,,,,,,,,,,,,,,,,,,,,,,,,,,,,,,,,,,,,,,,,,,,,,,,,,,,,,,,,,,,,,,,,,,,,,,,,,,,,,,,,,,,,,,,,,,,,,,,,,,,,,,,,,,,,,,,,,,,,,,,,,,,,,,,,,,,,,,,,,,,,,,,,,,,,,,,,,,,,,,,,,,,,,,,,,,,,,,,,,,,,,,,,,,,,,,,,,,,,,,,,,,,,,,,,,,,,,,,,,,,,,,,,,,,,,,,,,,,,,,,,,,,,,,,,,,,,,,,,,,,,,,,,,,,,,,,,,,,,,,,,,,,,,,,,,,,,,,,,,,,,,,,,,,,,,,,,,,,,,,,,,,,,,,,,,,,,,,,,,,,,,,,,,,,,,,,,,,,,,,,,,,,,,,,,,,,,,,,,,,,,,,,,,,,,,,,,,,,,,,,,,,,,,,,,,,,,,,,,,,,,,,,,,,,,,,,,,,,,,,,,,,,,,,,,,,,,,,,,,,,,,,,,,,,,,,,,,,,,,,,,,,,,,,,,,,,,,,,,,,,,,,,,,,,,,,,
,,,,,,,,,,,,,,,,,,,,,,,,,,,,,,,,,,,,,,,,,,,,,,,,,,,,,,,,,,,,,,,,,,,,,,,,,,,,,,,,,,,,,,,,,,,,,,,,,,,,,,,,,,,,,,,,,,,,,,,,,,,,,,,,,,,,,,,,,,,,,,,,,,,,,,,,,,,,,,,,,,,,,,,,,,,,,,,,,,,,,,,,,,,,,,,,,,,,,,,,,,,,,,,,,,,,,,,,,,,,,,,,,,,,,,,,,,,,,,,,,,,,,,,,,,,,,,,,,,,,,,,,,,,,,,,,,,,,,,,,,,,,,,,,,,,,,,,,,,,,,,,,,,,,,,,,,,,,,,,,,,,,,,,,,,,,,,,,,,,,,,,,,,,,,,,,,,,,,,,,,,,,,,,,,,,,,,,,,,,,,,,,,,,,,,,,,,,,,,,,,,,,,,,,,,,,,,,,,,,,,,,,,,,,,,,,,,,,,,,,,,,,,,,,,,,,,,,,,,,,,,,,,,,,,,,,,,,,,,,,,,,,,,,,,,,,,,,,,,,,,,,,,,,,,,,,,,,,,,,,,,,,,,,,,,,,,,,,,,,,,,,,,,,,,,,,,,,,,,,,,,,,,,,,,,,,,,,,,,,,,,,,,,,,,,,,,,,,,,,,,,,,,,,,,,,,,,,,,,,,,,,,,,,,,,,,,,,,,,,,,,,,,,,,,,,,,,,,,,,,,,,,,,,,,,,,,,,,,,,,,,,,,,,,,,,,,,,,,,,,,,,,,,,,,,,,,,,,,,,,,,,,,,,,,,,,,,,,,,,,,,,,,,,,,,,,,,,,,,,,,,,,,,,,,,,,,,,,,,,,,,,,,,,,,,,,,,,,,,,,,,,,,,,,,,,,,,,,,,,,,,,,,,,,,,,,,,,,,,,,,,,,,,,,,,,,,,,,,,,,,,,,,,,,,,,,,,,,,,,,,,,,,,,,,,,,,,,,,,,,,,,,,,,,,,,,,,,,,,,,,,,,,,,,,,,,,,,,,,,,,,,,,,,,,,,,,,,,,,,,,,,,,,,,,,,,,,,,,,,,,,,,,,,,,,,,,,,,,,,,,,,,,,,,,,,,,,,,,,,,,,,,,,,,,,,,,,,,,,,,,,,,,,,,,,,,,,,,,,,,,,,,,,,,,,,,,,,,,,,,,,,,,,,,,,,,,,,,,,,,,,,,,,,,,,,,,,,,,,,,,,,,,,,,,,,,,,,,,,,,,,,,,,,,,,,,,,,,,,,,,,,,,,,,,,,,,,,,,,,,,,,,,,,,,,,,,,,,,,,,,,,,,,,,,,,,,,,,,,,,,,,,,,,,,,,,,,,,,,,,,,,,,,,,,,,,,,,,,,,,,,,,,,,,,,,,,,,,,,,,,,,,,,,,,,,,,,,,,,,,,,,,,,,,,,,,,,,,,,,,,,,,,,,,,,,,,,,,,,,,,,,,,,,,,,,,,,,,,,,,,,,,,,,,,,,,,,,,,,,,,,,,,,,,,,,,,,,,,,,,,,,,,,,,,,,,,,,,,,,,,,,,,,,,,,,,,,,,,,,,,,,,,,,,,,,,,,,,,,,,,,,,,,,,,,,,,,,,,,,,,,,,,,,,,,,,,,,,,,,,,,,,,,,,,,,,,,,,,,,,,,,,,,,,,,,,,,,,,,,,,,,,,,,,,,,,,,,,,,,,,,,,,,,,,,,,,,,,,,,,,,,,,,,,,,,,,,,,,,,,,,,,,,,,,,,,,,,,,,,,,,,,,,,,,,,,,,,,,,,,,,,,,,,,,,,,,,,,,,,,,,,,,,,,,,,,,,,,,,,,,,,,,,,,,,,,,,,,,,,,,,,,,,,,,,,,,,,,,,,,,,,,,,,,,,,,,,,,,,,,,,,,,,,,,,,,,,,,,,,,,,,,,,,,,,,,,,,,,,,,,,,,,,,,,,,,,,,,,,,,,,,,,,,,,,,,,,,,,,,,,,,,,,,,,,,,,,,,,,,,,,,,,,,,,,,,,,,,,,,,,,,,,,,,,,,,,,,,,,,,,,,,,,,,,,,,,,,,,,,,,,,,,,,,,,,,,,,,,,,,,,,,,,,,,,,,,,,,,,,,,,,,,,,,,,,,,,,,,,,,,,,,,,,,,,,,,,,,,,,,,,,,,,,,,,,,,,,,,,,,,,,,,,,,,,,,,,,,,,,,,,,,,,,,,,,,,,,,,,,,,,,,,,,
,,,,,,,,,,,,,,,,,,,,,,,,,,,,,,,,,,,,,,,,,,,,,,,,,,,,,,,,,,,,,,,,,,,,,,,,,,,,,,,,,,,,,,,,,,,,,,,,,,,,,,,,,,,,,,,,,,,,,,,,,,,,,,,,,,,,,,,,,,,,,,,,,,,,,,,,,,,,,,,,,,,,,,,,,,,,,,,,,,,,,,,,,,,,,,,,,,,,,,,,,,,,,,,,,,,,,,,,,,,,,,,,,,,,,,,,,,,,,,,,,,,,,,,,,,,,,,,,,,,,,,,,,,,,,,,,,,,,,,,,,,,,,,,,,,,,,,,,,,,,,,,,,,,,,,,,,,,,,,,,,,,,,,,,,,,,,,,,,,,,,,,,,,,,,,,,,,,,,,,,,,,,,,,,,,,,,,,,,,,,,,,,,,,,,,,,,,,,,,,,,,,,,,,,,,,,,,,,,,,,,,,,,,,,,,,,,,,,,,,,,,,,,,,,,,,,,,,,,,,,,,,,,,,,,,,,,,,,,,,,,,,,,,,,,,,,,,,,,,,,,,,,,,,,,,,,,,,,,,,,,,,,,,,,,,,,,,,,,,,,,,,,,,,,,,,,,,,,,,,,,,,,,,,,,,,,,,,,,,,,,,,,,,,,,,,,,,,,,,,,,,,,,,,,,,,,,,,,,,,,,,,,,,,,,,,,,,,,,,,,,,,,,,,,,,,,,,,,,,,,,,,,,,,,,,,,,,,,,,,,,,,,,,,,,,,,,,,,,,,,,,,,,,,,,,,,,,,,,,,,,,,,,,,,,,,,,,,,,,,,,,,,,,,,,,,,,,,,,,,,,,,,,,,,,,,,,,,,,,,,,,,,,,,,,,,,,,,,,,,,,,,,,,,,,,,,,,,,,,,,,,,,,,,,,,,,,,,,,,,,,,,,,,,,,,,,,,,,,,,,,,,,,,,,,,,,,,,,,,,,,,,,,,,,,,,,,,,,,,,,,,,,,,,,,,,,,,,,,,,,,,,,,,,,,,,,,,,,,,,,,,,,,,,,,,,,,,,,,,,,,,,,,,,,,,,,,,,,,,,,,,,,,,,,,,,,,,,,,,,,,,,,,,,,,,,,,,,,,,,,,,,,,,,,,,,,,,,,,,,,,,,,,,,,,,,,,,,,,,,,,,,,,,,,,,,,,,,,,,,,,,,,,,,,,,,,,,,,,,,,,,,,,,,,,,,,,,,,,,,,,,,,,,,,,,,,,,,,,,,,,,,,,,,,,,,,,,,,,,,,,,,,,,,,,,,,,,,,,,,,,,,,,,,,,,,,,,,,,,,,,,,,,,,,,,,,,,,,,,,,,,,,,,,,,,,,,,,,,,,,,,,,,,,,,,,,,,,,,,,,,,,,,,,,,,,,,,,,,,,,,,,,,,,,,,,,,,,,,,,,,,,,,,,,,,,,,,,,,,,,,,,,,,,,,,,,,,,,,,,,,,,,,,,,,,,,,,,,,,,,,,,,,,,,,,,,,,,,,,,,,,,,,,,,,,,,,,,,,,,,,,,,,,,,,,,,,,,,,,,,,,,,,,,,,,,,,,,,,,,,,,,,,,,,,,,,,,,,,,,,,,,,,,,,,,,,,,,,,,,,,,,,,,,,,,,,,,,,,,,,,,,,,,,,,,,,,,,,,,,,,,,,,,,,,,,,,,,,,,,,,,,,,,,,,,,,,,,,,,,,,,,,,,,,,,,,,,,,,,,,,,,,,,,,,,,,,,,,,,,,,,,,,,,,,,,,,,,,,,,,,,,,,,,,,,,,,,,,,,,,,,,,,,,,,,,,,,,,,,,,,,,,,,,,,,,,,,,,,,,,,,,,,,,,,,,,,,,,,,,,,,,,,,,,,,,,,,,,,,,,,,,,,,,,,,,,,,,,,,,,,,,,,,,,,,,,,,,,,,,,,,,,,,,,,,,,,,,,,,,,,,,,,,,,,,,,,,,,,,,,,,,,,,,,,,,,,,,,,,,,,,,,,,,,,,,,,,,,,,,,,,,,,,,,,,,,,,,,,,,,,,,,,,,,,,,,,,,,,,,,,,,,,,,,,,,,,,,,,,,,,,,,,,,,,,,,,,,,,,,,,,,,,,,,,,,,,,,,,,,,,,,,,,,,,,,,,,,,,,,,,,,,,,,,,,,,,,,,,,,,,,,,,,,,,,,,,,,,,,,,,,,,,,,,,,,,,,,,,,,,,,,,,,,,,,,,,,,,,,,,,,,,,,,
,,,,,,,,,,,,,,,,,,,,,,,,,,,,,,,,,,,,,,,,,,,,,,,,,,,,,,,,,,,,,,,,,,,,,,,,,,,,,,,,,,,,,,,,,,,,,,,,,,,,,,,,,,,,,,,,,,,,,,,,,,,,,,,,,,,,,,,,,,,,,,,,,,,,,,,,,,,,,,,,,,,,,,,,,,,,,,,,,,,,,,,,,,,,,,,,,,,,,,,,,,,,,,,,,,,,,,,,,,,,,,,,,,,,,,,,,,,,,,,,,,,,,,,,,,,,,,,,,,,,,,,,,,,,,,,,,,,,,,,,,,,,,,,,,,,,,,,,,,,,,,,,,,,,,,,,,,,,,,,,,,,,,,,,,,,,,,,,,,,,,,,,,,,,,,,,,,,,,,,,,,,,,,,,,,,,,,,,,,,,,,,,,,,,,,,,,,,,,,,,,,,,,,,,,,,,,,,,,,,,,,,,,,,,,,,,,,,,,,,,,,,,,,,,,,,,,,,,,,,,,,,,,,,,,,,,,,,,,,,,,,,,,,,,,,,,,,,,,,,,,,,,,,,,,,,,,,,,,,,,,,,,,,,,,,,,,,,,,,,,,,,,,,,,,,,,,,,,,,,,,,,,,,,,,,,,,,,,,,,,,,,,,,,,,,,,,,,,,,,,,,,,,,,,,,,,,,,,,,,,,,,,,,,,,,,,,,,,,,,,,,,,,,,,,,,,,,,,,,,,,,,,,,,,,,,,,,,,,,,,,,,,,,,,,,,,,,,,,,,,,,,,,,,,,,,,,,,,,,,,,,,,,,,,,,,,,,,,,,,,,,,,,,,,,,,,,,,,,,,,,,,,,,,,,,,,,,,,,,,,,,,,,,,,,,,,,,,,,,,,,,,,,,,,,,,,,,,,,,,,,,,,,,,,,,,,,,,,,,,,,,,,,,,,,,,,,,,,,,,,,,,,,,,,,,,,,,,,,,,,,,,,,,,,,,,,,,,,,,,,,,,,,,,,,,,,,,,,,,,,,,,,,,,,,,,,,,,,,,,,,,,,,,,,,,,,,,,,,,,,,,,,,,,,,,,,,,,,,,,,,,,,,,,,,,,,,,,,,,,,,,,,,,,,,,,,,,,,,,,,,,,,,,,,,,,,,,,,,,,,,,,,,,,,,,,,,,,,,,,,,,,,,,,,,,,,,,,,,,,,,,,,,,,,,,,,,,,,,,,,,,,,,,,,,,,,,,,,,,,,,,,,,,,,,,,,,,,,,,,,,,,,,,,,,,,,,,,,,,,,,,,,,,,,,,,,,,,,,,,,,,,,,,,,,,,,,,,,,,,,,,,,,,,,,,,,,,,,,,,,,,,,,,,,,,,,,,,,,,,,,,,,,,,,,,,,,,,,,,,,,,,,,,,,,,,,,,,,,,,,,,,,,,,,,,,,,,,,,,,,,,,,,,,,,,,,,,,,,,,,,,,,,,,,,,,,,,,,,,,,,,,,,,,,,,,,,,,,,,,,,,,,,,,,,,,,,,,,,,,,,,,,,,,,,,,,,,,,,,,,,,,,,,,,,,,,,,,,,,,,,,,,,,,,,,,,,,,,,,,,,,,,,,,,,,,,,,,,,,,,,,,,,,,,,,,,,,,,,,,,,,,,,,,,,,,,,,,,,,,,,,,,,,,,,,,,,,,,,,,,,,,,,,,,,,,,,,,,,,,,,,,,,,,,,,,,,,,,,,,,,,,,,,,,,,,,,,,,,,,,,,,,,,,,,,,,,,,,,,,,,,,,,,,,,,,,,,,,,,,,,,,,,,,,,,,,,,,,,,,,,,,,,,,,,,,,,,,,,,,,,,,,,,,,,,,,,,,,,,,,,,,,,,,,,,,,,,,,,,,,,,,,,,,,,,,,,,,,,,,,,,,,,,,,,,,,,,,,,,,,,,,,,,,,,,,,,,,,,,,,,,,,,,,,,,,,,,,,,,,,,,,,,,,,,,,,,,,,,,,,,,,,,,,,,,,,,,,,,,,,,,,,,,,,,,,,,,,,,,,,,,,,,,,,,,,,,,,,,,,,,,,,,,,,,,,,,,,,,,,,,,,,,,,,,,,,,,,,,,,,,,,,,,,,,,,,,,,,,,,,,,,,,,,,,,,,,,,,,,,,,,,,,,,,,,,,,,,,,,,,,,,,,,,,,,,,,,,,,,,,,,,,,,,,,,,,,,,,,,,,,,,,,,,,,,,,,,,,,,,,,,,,,,,,,,,,,,,,,,,,,,,,,,,
,,,,,,,,,,,,,,,,,,,,,,,,,,,,,,,,,,,,,,,,,,,,,,,,,,,,,,,,,,,,,,,,,,,,,,,,,,,,,,,,,,,,,,,,,,,,,,,,,,,,,,,,,,,,,,,,,,,,,,,,,,,,,,,,,,,,,,,,,,,,,,,,,,,,,,,,,,,,,,,,,,,,,,,,,,,,,,,,,,,,,,,,,,,,,,,,,,,,,,,,,,,,,,,,,,,,,,,,,,,,,,,,,,,,,,,,,,,,,,,,,,,,,,,,,,,,,,,,,,,,,,,,,,,,,,,,,,,,,,,,,,,,,,,,,,,,,,,,,,,,,,,,,,,,,,,,,,,,,,,,,,,,,,,,,,,,,,,,,,,,,,,,,,,,,,,,,,,,,,,,,,,,,,,,,,,,,,,,,,,,,,,,,,,,,,,,,,,,,,,,,,,,,,,,,,,,,,,,,,,,,,,,,,,,,,,,,,,,,,,,,,,,,,,,,,,,,,,,,,,,,,,,,,,,,,,,,,,,,,,,,,,,,,,,,,,,,,,,,,,,,,,,,,,,,,,,,,,,,,,,,,,,,,,,,,,,,,,,,,,,,,,,,,,,,,,,,,,,,,,,,,,,,,,,,,,,,,,,,,,,,,,,,,,,,,,,,,,,,,,,,,,,,,,,,,,,,,,,,,,,,,,,,,,,,,,,,,,,,,,,,,,,,,,,,,,,,,,,,,,,,,,,,,,,,,,,,,,,,,,,,,,,,,,,,,,,,,,,,,,,,,,,,,,,,,,,,,,,,,,,,,,,,,,,,,,,,,,,,,,,,,,,,,,,,,,,,,,,,,,,,,,,,,,,,,,,,,,,,,,,,,,,,,,,,,,,,,,,,,,,,,,,,,,,,,,,,,,,,,,,,,,,,,,,,,,,,,,,,,,,,,,,,,,,,,,,,,,,,,,,,,,,,,,,,,,,,,,,,,,,,,,,,,,,,,,,,,,,,,,,,,,,,,,,,,,,,,,,,,,,,,,,,,,,,,,,,,,,,,,,,,,,,,,,,,,,,,,,,,,,,,,,,,,,,,,,,,,,,,,,,,,,,,,,,,,,,,,,,,,,,,,,,,,,,,,,,,,,,,,,,,,,,,,,,,,,,,,,,,,,,,,,,,,,,,,,,,,,,,,,,,,,,,,,,,,,,,,,,,,,,,,,,,,,,,,,,,,,,,,,,,,,,,,,,,,,,,,,,,,,,,,,,,,,,,,,,,,,,,,,,,,,,,,,,,,,,,,,,,,,,,,,,,,,,,,,,,,,,,,,,,,,,,,,,,,,,,,,,,,,,,,,,,,,,,,,,,,,,,,,,,,,,,,,,,,,,,,,,,,,,,,,,,,,,,,,,,,,,,,,,,,,,,,,,,,,,,,,,,,,,,,,,,,,,,,,,,,,,,,,,,,,,,,,,,,,,,,,,,,,,,,,,,,,,,,,,,,,,,,,,,,,,,,,,,,,,,,,,,,,,,,,,,,,,,,,,,,,,,,,,,,,,,,,,,,,,,,,,,,,,,,,,,,,,,,,,,,,,,,,,,,,,,,,,,,,,,,,,,,,,,,,,,,,,,,,,,,,,,,,,,,,,,,,,,,,,,,,,,,,,,,,,,,,,,,,,,,,,,,,,,,,,,,,,,,,,,,,,,,,,,,,,,,,,,,,,,,,,,,,,,,,,,,,,,,,,,,,,,,,,,,,,,,,,,,,,,,,,,,,,,,,,,,,,,,,,,,,,,,,,,,,,,,,,,,,,,,,,,,,,,,,,,,,,,,,,,,,,,,,,,,,,,,,,,,,,,,,,,,,,,,,,,,,,,,,,,,,,,,,,,,,,,,,,,,,,,,,,,,,,,,,,,,,,,,,,,,,,,,,,,,,,,,,,,,,,,,,,,,,,,,,,,,,,,,,,,,,,,,,,,,,,,,,,,,,,,,,,,,,,,,,,,,,,,,,,,,,,,,,,,,,,,,,,,,,,,,,,,,,,,,,,,,,,,,,,,,,,,,,,,,,,,,,,,,,,,,,,,,,,,,,,,,,,,,,,,,,,,,,,,,,,,,,,,,,,,,,,,,,,,,,,,,,,,,,,,,,,,,,,,,,,,,,,,,,,,,,,,,,,,,,,,,,,,,,,,,,,,,,,,,,,,,,,,,,,,,,,,,,,,,,,,,,,,,,,,,,,,,,,,,,,,,,,,,,,,,,,,,,,,,,,,,,,,,,,,,,,,,,,,,,,,,
3439,3220,2292,2420,2352,2406,2352,2379,2393,2379,2352,2406,2352,2420,2292,3220,3711,3484,2452,2381,2440,2301,2454,2313,2369,2167,2247,2304,2366,2360,2444,3492,4070,3850,2713,2493,2443,2344,2358,2252,2268,2257,2322,2275,2254,2499,2709,3849,4205,3982,2875,2535,2351,2287,2304,2380,2287,2272,2212,2276,2299,2547,2851,3983,4017,3795,2754,2396,2265,2333,2419,2327,2161,2268,2203,2310,2285,2357,2666,3797,3642,3427,2563,2383,2063,2325,2456,2364,2254,2145,2279,2323,2257,2421,2371,3387,3415,3188,2302,2366,2223,2271,2437,2346,2086,2221,2234,2208,2208,2360,2237,3196,3216,3009,2310,2356,2315,2173,2366,2389,2319,2206,2248,2296,2220,2317,2335,2983,3132,2944,2387,2336,2269,2328,2193,2315,2344,2286,2352,2312,2199,2380,2323,2914,3059,2908,2350,2255,2258,2351,2385,2320,2149,2259,2383,2287,2291,2252,2316,2899,3071,2793,2463,2301,2326,2314,2445,2487,2319,2366,2463,2455,2378,2197,2596,2923,3438,3203,3095,2925,2944,2958,3312,3465,3333,3001,2932,3014,2831,2781,3470,3567,4249,3933,3726,3631,3364,3238,3896,4112,3999,3771,3782,3755,3356,3407,4136,4189,4440,4211,3884,3826,3750,3477,3956,4274,4222,4177,4118,4022,3761,3456,4279,4266,4306,4047,4047,3881,3882,3806,3845,3987,4021,4132,4061,3949,3794,3556,3928,4184,4457,4184,3856,3699,3670,3649,3643,3728,3522,3495,3700,3600,3555,3530,3654,4260,4513,4282,3507,3371,3210,3280,3157,3323,3456,3487,3288,3089,3250,3077,3517,4309,4444,4215,3270,3136,3013,2916,2882,3360,3538,3380,3145,2948,3042,3133,3251,4223,4234,3948,3449,3365,3066,3269,3177,3499,3631,3405,3244,3245,3163,3337,3208,4055,4018,3749,3347,3313,2975,3274,3319,3400,3553,3339,3180,3173,3159,3298,3309,3852,3849,3671,2965,3031,3076,3139,3151,3756,3909,3651,3132,3193,3002,3083,3119,3641,4524,4296,3221,3234,3284,3365,3161,3872,4079,3871,3435,3400,3197,3284,3337,4317,4685,4458,3458,3298,3290,3420,3344,3631,3950,3789,3396,3281,3011,3466,3463,4480,4503,4270,3216,3186,3204,3381,3266,3475,3595,3361,3102,3083,2797,3310,3323,4300,4054,3813,3014,2823,2875,3139,3123,3320,3353,3001,2883,2967,2850,2962,3135,3890,3806,3593,2932,2802,2721,3004,3084,3209,3239,2883,2690,2793,2832,2953,3193,3637,3868,3641,2799,2771,2466,2701,2746,3062,3230,3046,2635,2549,2636,2852,2933,3666,3739,3504,2637,2604,2579,2671,2732,2778,3067,2950,2711,2420,2659,2717,2807,3538,3426,3171,2470,2359,2505,2619,2857,2773,2703,2848,2689,2331,2370,2631,2572,3224,3504,3295,2589,2403,2482,2534,2697,2737,2872,2740,2585,2539,2387,2456,2649,3276,3600,3378,2573,2518,2555,2313,2835,2911,2918,2551,2591,2644,2530,2527,2749,3398,3426,3098,2406,2557,2573,2270,2804,2964,2839,2620,2639,2614,2505,2578,2770,3266,3044,2864,2367,2281,2336,2204,2455,2651,2593,2591,2519,2520,2427,2404,2522,2833,3030,2703,2410,2285,2391,2531,2444,2685,2550,2491,2431,2387,2421,2450,2548,2897,3190,2919,2320,2375,2463,2616,2435,2703,2702,2475,2556,2420,2553,2539,2419,2942,3192,2965,2420,2414,2431,2436,2311,2596,2597,2511,2476,2362,2375,2344,2300,2964,3131,2918,2537,2391,2424,2428,2283,2431,2680,2567,2191,2338,2359,2364,2420,2931,3018,2859,2428,2281,2380,2463,2340,2599,2708,2530,2384,2272,2341,2344,2377,2786,3094,2880,2148,2307,2353,2361,2396,2561,2727,2691,2533,2361,2387,2290,2233,2855,2932,2739,2471,2469,2284,2197,2444,2728,2833,2605,2414,2309,2265,2509,2382,2655,2852,2694,2519,2484,2338,2286,2458,2615,2716,2514,2415,2388,2452,2535,2523,2503,2587,2560,2384,2403,2402,2522,2571,2573,2659,2483,2372,2391,2414,2509,2460,2304,2841,2682,2386,2399,2420,2505,2368,2528,2694,2662,2542,2467,2398,2423,2391,2694,2870,2658,2508,2453,2404,2425,2390,2525,2583,2663,2529,2464,2389,2449,2353,2713,2747,2609,2464,2456,2485,2462,2371,2405,2568,2599,2459,2325,2309,2461,2438,2666,2778,2611,2373,2448,2534,2489,2415,2605,2597,2451,2368,2014,2318,2363,2450,2671,2793,2631,2387,2291,2461,2494,2494,2756,2718,2495,2434,2335,2351,2572,2560,2693,2801,2671,2431,2345,2347,2431,2478,2756,2618,2547,2417,2350,2245,2533,2531,2635,2795,2637,2403,2311,2357,2315,2366,2670,2693,2461,2334,2318,2183,2469,2398,2562,2898,2697,2445,2371,2265,2394,2237,2655,2747,2471,2386,2248,2266,2415,2278,2674,2793,2551,2535,2405,2400,2354,2398,2673,2712,2508,2457,2480,2339,2474,2261,2588,2805,2632,2395,2302,2429,2463,2482,2420,2461,2465,2333,2394,2345,2506,2355,2565,3151,2952,2117,2334,2384,2473,2364,2470,2543,2387,2273,2191,2328,2304,2331,2886,3500,3253,2315,2317,2392,2376,2234,2610,2728,2521,2303,2356,2332,2351,2373,3294,3468,3214,2437,2396,2425,2428,2361,2486,2699,2522,2445,2199,2366,2401,2417,3272,3177,2939,2338,2327,2292,2244,2348,2389,2410,2347,2219,2201,2244,2273,2411,2974,2898,2626,2260,2257,2291,2462,2468,2495,2329,2319,2237,2219,2184,2253,2298,2718,2696,2521,2262,2325,2107,2421,2376,2384,2306,2354,2309,2286,2163,2334,2253,2503,2742,2563,2344,2356,2307,2368,2354,2252,2368,2402,2477,2485,2467,2451,2213,2579,2908,2729,2378,2376,2281,2338,2396,2376,2355,2370,2444,2530,2578,2310,2309,2668,2947,2762,2457,2346,2259,2329,2485,2415,2421,2398,2483,2540,2509,2337,2276,2725,2863,2673,2450,2420,2231,2372,2523,2533,2580,2348,2588,2608,2359,2547,2530,2723,3940,3719,2541,2483,2319,2265,2470,2421,2469,2311,2508,2474,2328,2471,2652,3718,4429,4201,3061,2625,2525,2418,2489,2878,2972,2796,2588,2294,2598,2697,3112,4208,4557,4329,3153,2807,2838,2770,2905,3242,3262,3100,2963,2827,2778,2840,3276,4343,4192,3948,2880,2829,2896,2887,2937,3311,3285,3155,2979,2980,2815,2806,3051,3985,4166,3947,2813,2731,2712,2675,2752,3184,3250,3067,2794,2832,2558,2684,2757,3931,3672,3465,2554,2550,2555,2522,2496,2726,2949,2836,2622,2562,2261,2409,2595,3442,3458,3219,2442,2562,2612,2582,2500,2616,2670,2514,2365,2474,2455,2391,2406,3256,3428,3260,2523,2368,2463,2499,2563,2675,2807,2509,2432,2541,2396,2416,2563,3191,3410,3203,2543,2329,2470,2403,2362,2592,2786,2468,2522,2571,2475,2418,2452,3196,3200,2967,2472,2378,2309,2279,2246,2432,2540,2410,2452,2430,2432,2479,2455,2979,3171,2905,2402,2368,2254,2343,2368,2389,2412,2376,2458,2499,2387,2453,2426,2947,3057,2853,2516,2463,2400,2482,2374,2388,2335,2344,2433,2538,2417,2442,2365,2880,2995,2811,2308,2369,2449,2440,2313,2354,2346,2347,2457,2491,2372,2227,2328,2745,2915,2708,2254,2453,2552,2486,2504,2493,2477,2341,2340,2432,2435,2377,2455,2718,3142,2910,2360,2425,2522,2508,2638,2693,2618,2346,2399,2328,2385,2310,2623,2899,3479,3272,2354,2450,2577,2350,2520,2705,2664,2539,2397,2297,2271,2298,2514,3240,3703,3483,2451,2556,2608,2406,2285,2553,2649,2676,2326,2200,2324,2311,2503,3484,3666,3443,2544,2414,2468,2308,2271,2427,2570,2560,2280,2356,2381,2478,2365,3447,3545,3317,2509,2426,2410,2369,2364,2405,2325,2324,2377,2428,2316,2341,2419,3323,3421,3194,2429,2382,2284,2313,2440,2417,2525,2442,2276,2317,2329,2243,2313,3203,3268,3045,2232,2437,2253,2227,2339,2565,2739,2603,2439,2416,2359,2361,2327,3038,2797,2578,2269,2405,2301,2420,2461,2614,2795,2689,2443,2435,2298,2407,2459,2552,2983,2824,2424,2378,2333,2423,2518,2564,2678,2618,2475,2335,2334,2414,2328,2833,3038,2857,2277,2326,2243,2378,2527,2370,2499,2582,2505,2354,2363,2258,2337,2818,3032,2842,2357,2361,2255,2385,2573,2545,2552,2582,2359,2379,2363,2342,2437,2756,2999,2883,2648,2351,2278,2481,2513,2656,2666,2744,2556,2383,2314,2493,2401,2830,3075,2971,2731,2489,2402,2445,2679,2720,2788,2913,2771,2498,2496,2606,2249,2934,2949,2803,2655,2470,2404,2292,2579,2665,2682,2764,2654,2464,2465,2534,2597,2894,2907,2678,2475,2223,2273,2243,2288,2346,2496,2487,2430,2284,2373,2378,2595,2776,3172,2927,2313,2393,2221,2261,2421,2429,2565,2455,2186,2214,2281,2283,2515,2960,3143,2897,2462,2338,2357,2371,2361,2730,2725,2650,2315,2371,2419,2263,2541,2956,3247,3022,2351,2468,2491,2400,2424,2757,2843,2616,2419,2423,2406,2348,2539,3030,3180,2950,2256,2354,2393,2451,2420,2596,2679,2513,2337,2415,2392,2306,2393,2980,2862,2625,2335,2225,2264,2422,2295,2353,2447,2295,2373,2446,2340,2299,2247,2682,3136,2903,2378,2262,2289,2510,2545,2522,2544,2360,2123,2338,2320,2283,2301,2938,3145,2954,2370,2415,2413,2486,2605,2573,2685,2513,2292,2238,2335,2428,2436,2923,3204,2960,2360,2376,2340,2526,2505,2486,2642,2502,2416,2393,2263,2337,2294,3022,3271,3043,2236,2272,2216,2387,2399,2485,2617,2537,2361,2327,2287,2346,2342,3044,3052,2820,2177,2263,2313,2146,2253,2492,2540,2527,2394,2324,2297,2336,2329,2872,2817,2707,2353,2444,2350,2199,2332,2529,2536,2395,2391,2236,2278,2370,2317,2546,2762,2627,2166,2409,2299,2215,2306,2524,2515,2411,2453,2387,2422,2435,2246,2625,2955,2733,2214,2329,2466,2431,2323,2453,2461,2426,2302,2314,2411,2360,2435,2782,3202,2972,2249,2391,2532,2460,2322,2295,2357,2262,2226,2233,2367,2322,2381,3008,3056,2805,2226,2242,2407,2361,2262,2272,2374,2387,2260,2277,2361,2455,2387,2861,3029,2801,2332,2383,2350,2321,2288,2388,2395,2290,2248,2151,2218,2360,2407,2786,3547,3324,2429,2323,2322,2112,2322,2531,2529,2321,2291,2146,2279,2446,2586,3343,3685,3454,2600,2323,2318,2290,2479,2761,2789,2588,2237,2327,2368,2324,2647,3482,3583,3366,2536,2357,2434,2408,2462,2709,2667,2578,2180,2367,2445,2299,2512,3369,3709,3502,2590,2267,2372,2301,2333,2464,2557,2450,2060,2344,2520,2386,2363,3482,4014,3800,2777,2387,2363,2370,2372,2489,2640,2434,2107,2257,2558,2528,2304,3776,4037,3819,2786,2368,2350,2392,2436,2544,2649,2500,2379,2342,2418,2506,2468,3801,3859,3640,2601,2309,2423,2412,2191,2442,2542,2495,2346,2327,2374,2458,2540,3625,3512,3304,2531,2322,2426,2393,2327,2377,2483,2441,2372,2365,2419,2495,2467,3287,3209,3037,2454,2163,2263,2322,2270,2350,2379,2339,2290,2509,2409,2362,2379,2976,3010,2716,2302,2345,2275,2241,2289,2289,2270,2060,2356,2484,2360,2337,2262,2800,2798,2555,2314,2309,2282,2208,2372,2349,2345,2299,2366,2413,2235,2264,2085,2580,2790,2607,2393,2227,2263,2315,2228,2380,2377,2330,2370,2228,2192,2342,2212,2581,2702,2579,2457,2321,2176,2300,2265,2248,2259,2303,2330,2310,2254,2171,2218,2540,2904,2680,2338,2326,2138,2232,2239,2262,2307,2100,2161,2253,2286,2137,2243,2713,3027,2824,2204,2228,2158,2166,2231,2309,2374,2250,1934,2244,2222,2183,2239,2759,3245,3037,2118,2163,2175,2178,2148,2190,2270,2196,2122,2218,2185,2121,2167,3026,3223,2993,2000,2012,2052,2034,2015,2164,2094,2084,2044,2092,2098,2079,2258,3020,3001,2772,2129,2143,2050,1964,2061,2053,2002,2052,2047,2106,2110,2030,2135,2790,2588,2389,2120,2123,2136,2128,2041,2054,2083,2055,2047,2126,2142,2004,2097,2431,2499,2362,2001,2037,2106,2155,2141,2221,2331,2185,2054,1880,2035,2058,2031,2340,2623,2469,2045,1891,1840,1928,2021,2380,2517,2330,2048,2149,2103,2119,2101,2405
,,,,,,,,,,,,,,,,,,,,,,,,,,,,,,,,,,,,,,,,,,,,,,,,,,,,,,,,,,,,,,,,,,,,,,,,,,,,,,,,,,,,,,,,,,,,,,,,,,,,,,,,,,,,,,,,,,,,,,,,,,,,,,,,,,,,,,,,,,,,,,,,,,,,,,,,,,,,,,,,,,,,,,,,,,,,,,,,,,,,,,,,,,,,,,,,,,,,,,,,,,,,,,,,,,,,,,,,,,,,,,,,,,,,,,,,,,,,,,,,,,,,,,,,,,,,,,,,,,,,,,,,,,,,,,,,,,,,,,,,,,,,,,,,,,,,,,,,,,,,,,,,,,,,,,,,,,,,,,,,,,,,,,,,,,,,,,,,,,,,,,,,,,,,,,,,,,,,,,,,,,,,,,,,,,,,,,,,,,,,,,,,,,,,,,,,,,,,,,,,,,,,,,,,,,,,,,,,,,,,,,,,,,,,,,,,,,,,,,,,,,,,,,,,,,,,,,,,,,,,,,,,,,,,,,,,,,,,,,,,,,,,,,,,,,,,,,,,,,,,,,,,,,,,,,,,,,,,,,,,,,,,,,,,,,,,,,,,,,,,,,,,,,,,,,,,,,,,,,,,,,,,,,,,,,,,,,,,,,,,,,,,,,,,,,,,,,,,,,,,,,,,,,,,,,,,,,,,,,,,,,,,,,,,,,,,,,,,,,,,,,,,,,,,,,,,,,,,,,,,,,,,,,,,,,,,,,,,,,,,,,,,,,,,,,,,,,,,,,,,,,,,,,,,,,,,,,,,,,,,,,,,,,,,,,,,,,,,,,,,,,,,,,,,,,,,,,,,,,,,,,,,,,,,,,,,,,,,,,,,,,,,,,,,,,,,,,,,,,,,,,,,,,,,,,,,,,,,,,,,,,,,,,,,,,,,,,,,,,,,,,,,,,,,,,,,,,,,,,,,,,,,,,,,,,,,,,,,,,,,,,,,,,,,,,,,,,,,,,,,,,,,,,,,,,,,,,,,,,,,,,,,,,,,,,,,,,,,,,,,,,,,,,,,,,,,,,,,,,,,,,,,,,,,,,,,,,,,,,,,,,,,,,,,,,,,,,,,,,,,,,,,,,,,,,,,,,,,,,,,,,,,,,,,,,,,,,,,,,,,,,,,,,,,,,,,,,,,,,,,,,,,,,,,,,,,,,,,,,,,,,,,,,,,,,,,,,,,,,,,,,,,,,,,,,,,,,,,,,,,,,,,,,,,,,,,,,,,,,,,,,,,,,,,,,,,,,,,,,,,,,,,,,,,,,,,,,,,,,,,,,,,,,,,,,,,,,,,,,,,,,,,,,,,,,,,,,,,,,,,,,,,,,,,,,,,,,,,,,,,,,,,,,,,,,,,,,,,,,,,,,,,,,,,,,,,,,,,,,,,,,,,,,,,,,,,,,,,,,,,,,,,,,,,,,,,,,,,,,,,,,,,,,,,,,,,,,,,,,,,,,,,,,,,,,,,,,,,,,,,,,,,,,,,,,,,,,,,,,,,,,,,,,,,,,,,,,,,,,,,,,,,,,,,,,,,,,,,,,,,,,,,,,,,,,,,,,,,,,,,,,,,,,,,,,,,,,,,,,,,,,,,,,,,,,,,,,,,,,,,,,,,,,,,,,,,,,,,,,,,,,,,,,,,,,,,,,,,,,,,,,,,,,,,,,,,,,,,,,,,,,,,,,,,,,,,,,,,,,,,,,,,,,,,,,,,,,,,,,,,,,,,,,,,,,,,,,,,,,,,,,,,,,,,,,,,,,,,,,,,,,,,,,,,,,,,,,,,,,,,,,,,,,,,,,,,,,,,,,,,,,,,,,,,,,,,,,,,,,,,,,,,,,,,,,,,,,,,,,,,,,,,,,,,,,,,,,,,,,,,,,,,,,,,,,,,,,,,,,,,,,,,,,,,,,,,,,,,,,,,,,,,,,,,,,,,,,,,,,,,,,,,,,,,,,,,,,,,,,,,,,,,,,,,,,,,,,,,,,,,,,,,,,,,,,,,,,,,,,,,,,,,,,,,,,,,,,,,,,,,,,,,,,,,,,,,,,,,,,,,,,,,,,,,,,,,,,,,,,,,,,,,,,,,,,,,,,,,,,,,,,,,,,,,,,,,,,,,,,,,,,,,,,,,,,,,,,,,,,,,,,,,,,,,,,,,,,,,,,,,,,,,,,,,,,,,,,,,,,,,,,,,,,,,,,,,,,,,,,,,,,,,,,,,,,,,,,,,,,,,,,,,,,,
,,,,,,,,,,,,,,,,,,,,,,,,,,,,,,,,,,,,,,,,,,,,,,,,,,,,,,,,,,,,,,,,,,,,,,,,,,,,,,,,,,,,,,,,,,,,,,,,,,,,,,,,,,,,,,,,,,,,,,,,,,,,,,,,,,,,,,,,,,,,,,,,,,,,,,,,,,,,,,,,,,,,,,,,,,,,,,,,,,,,,,,,,,,,,,,,,,,,,,,,,,,,,,,,,,,,,,,,,,,,,,,,,,,,,,,,,,,,,,,,,,,,,,,,,,,,,,,,,,,,,,,,,,,,,,,,,,,,,,,,,,,,,,,,,,,,,,,,,,,,,,,,,,,,,,,,,,,,,,,,,,,,,,,,,,,,,,,,,,,,,,,,,,,,,,,,,,,,,,,,,,,,,,,,,,,,,,,,,,,,,,,,,,,,,,,,,,,,,,,,,,,,,,,,,,,,,,,,,,,,,,,,,,,,,,,,,,,,,,,,,,,,,,,,,,,,,,,,,,,,,,,,,,,,,,,,,,,,,,,,,,,,,,,,,,,,,,,,,,,,,,,,,,,,,,,,,,,,,,,,,,,,,,,,,,,,,,,,,,,,,,,,,,,,,,,,,,,,,,,,,,,,,,,,,,,,,,,,,,,,,,,,,,,,,,,,,,,,,,,,,,,,,,,,,,,,,,,,,,,,,,,,,,,,,,,,,,,,,,,,,,,,,,,,,,,,,,,,,,,,,,,,,,,,,,,,,,,,,,,,,,,,,,,,,,,,,,,,,,,,,,,,,,,,,,,,,,,,,,,,,,,,,,,,,,,,,,,,,,,,,,,,,,,,,,,,,,,,,,,,,,,,,,,,,,,,,,,,,,,,,,,,,,,,,,,,,,,,,,,,,,,,,,,,,,,,,,,,,,,,,,,,,,,,,,,,,,,,,,,,,,,,,,,,,,,,,,,,,,,,,,,,,,,,,,,,,,,,,,,,,,,,,,,,,,,,,,,,,,,,,,,,,,,,,,,,,,,,,,,,,,,,,,,,,,,,,,,,,,,,,,,,,,,,,,,,,,,,,,,,,,,,,,,,,,,,,,,,,,,,,,,,,,,,,,,,,,,,,,,,,,,,,,,,,,,,,,,,,,,,,,,,,,,,,,,,,,,,,,,,,,,,,,,,,,,,,,,,,,,,,,,,,,,,,,,,,,,,,,,,,,,,,,,,,,,,,,,,,,,,,,,,,,,,,,,,,,,,,,,,,,,,,,,,,,,,,,,,,,,,,,,,,,,,,,,,,,,,,,,,,,,,,,,,,,,,,,,,,,,,,,,,,,,,,,,,,,,,,,,,,,,,,,,,,,,,,,,,,,,,,,,,,,,,,,,,,,,,,,,,,,,,,,,,,,,,,,,,,,,,,,,,,,,,,,,,,,,,,,,,,,,,,,,,,,,,,,,,,,,,,,,,,,,,,,,,,,,,,,,,,,,,,,,,,,,,,,,,,,,,,,,,,,,,,,,,,,,,,,,,,,,,,,,,,,,,,,,,,,,,,,,,,,,,,,,,,,,,,,,,,,,,,,,,,,,,,,,,,,,,,,,,,,,,,,,,,,,,,,,,,,,,,,,,,,,,,,,,,,,,,,,,,,,,,,,,,,,,,,,,,,,,,,,,,,,,,,,,,,,,,,,,,,,,,,,,,,,,,,,,,,,,,,,,,,,,,,,,,,,,,,,,,,,,,,,,,,,,,,,,,,,,,,,,,,,,,,,,,,,,,,,,,,,,,,,,,,,,,,,,,,,,,,,,,,,,,,,,,,,,,,,,,,,,,,,,,,,,,,,,,,,,,,,,,,,,,,,,,,,,,,,,,,,,,,,,,,,,,,,,,,,,,,,,,,,,,,,,,,,,,,,,,,,,,,,,,,,,,,,,,,,,,,,,,,,,,,,,,,,,,,,,,,,,,,,,,,,,,,,,,,,,,,,,,,,,,,,,,,,,,,,,,,,,,,,,,,,,,,,,,,,,,,,,,,,,,,,,,,,,,,,,,,,,,,,,,,,,,,,,,,,,,,,,,,,,,,,,,,,,,,,,,,,,,,,,,,,,,,,,,,,,,,,,,,,,,,,,,,,,,,,,,,,,,,,,,,,,,,,,,,,,,,,,,,,,,,,,,,,,,,,,,,,,,,,,,,,,,,,,,,,,,,,,,,,,,,,,,,,,,,,,,,,,,,,,,,,,,,,,,,,,,,,,,,,,,,,,,,,,,,,,,,,,,,,,,,,,,,,,,,,,,,,
,,,,,,,,,,,,,,,,,,,,,,,,,,,,,,,,,,,,,,,,,,,,,,,,,,,,,,,,,,,,,,,,,,,,,,,,,,,,,,,,,,,,,,,,,,,,,,,,,,,,,,,,,,,,,,,,,,,,,,,,,,,,,,,,,,,,,,,,,,,,,,,,,,,,,,,,,,,,,,,,,,,,,,,,,,,,,,,,,,,,,,,,,,,,,,,,,,,,,,,,,,,,,,,,,,,,,,,,,,,,,,,,,,,,,,,,,,,,,,,,,,,,,,,,,,,,,,,,,,,,,,,,,,,,,,,,,,,,,,,,,,,,,,,,,,,,,,,,,,,,,,,,,,,,,,,,,,,,,,,,,,,,,,,,,,,,,,,,,,,,,,,,,,,,,,,,,,,,,,,,,,,,,,,,,,,,,,,,,,,,,,,,,,,,,,,,,,,,,,,,,,,,,,,,,,,,,,,,,,,,,,,,,,,,,,,,,,,,,,,,,,,,,,,,,,,,,,,,,,,,,,,,,,,,,,,,,,,,,,,,,,,,,,,,,,,,,,,,,,,,,,,,,,,,,,,,,,,,,,,,,,,,,,,,,,,,,,,,,,,,,,,,,,,,,,,,,,,,,,,,,,,,,,,,,,,,,,,,,,,,,,,,,,,,,,,,,,,,,,,,,,,,,,,,,,,,,,,,,,,,,,,,,,,,,,,,,,,,,,,,,,,,,,,,,,,,,,,,,,,,,,,,,,,,,,,,,,,,,,,,,,,,,,,,,,,,,,,,,,,,,,,,,,,,,,,,,,,,,,,,,,,,,,,,,,,,,,,,,,,,,,,,,,,,,,,,,,,,,,,,,,,,,,,,,,,,,,,,,,,,,,,,,,,,,,,,,,,,,,,,,,,,,,,,,,,,,,,,,,,,,,,,,,,,,,,,,,,,,,,,,,,,,,,,,,,,,,,,,,,,,,,,,,,,,,,,,,,,,,,,,,,,,,,,,,,,,,,,,,,,,,,,,,,,,,,,,,,,,,,,,,,,,,,,,,,,,,,,,,,,,,,,,,,,,,,,,,,,,,,,,,,,,,,,,,,,,,,,,,,,,,,,,,,,,,,,,,,,,,,,,,,,,,,,,,,,,,,,,,,,,,,,,,,,,,,,,,,,,,,,,,,,,,,,,,,,,,,,,,,,,,,,,,,,,,,,,,,,,,,,,,,,,,,,,,,,,,,,,,,,,,,,,,,,,,,,,,,,,,,,,,,,,,,,,,,,,,,,,,,,,,,,,,,,,,,,,,,,,,,,,,,,,,,,,,,,,,,,,,,,,,,,,,,,,,,,,,,,,,,,,,,,,,,,,,,,,,,,,,,,,,,,,,,,,,,,,,,,,,,,,,,,,,,,,,,,,,,,,,,,,,,,,,,,,,,,,,,,,,,,,,,,,,,,,,,,,,,,,,,,,,,,,,,,,,,,,,,,,,,,,,,,,,,,,,,,,,,,,,,,,,,,,,,,,,,,,,,,,,,,,,,,,,,,,,,,,,,,,,,,,,,,,,,,,,,,,,,,,,,,,,,,,,,,,,,,,,,,,,,,,,,,,,,,,,,,,,,,,,,,,,,,,,,,,,,,,,,,,,,,,,,,,,,,,,,,,,,,,,,,,,,,,,,,,,,,,,,,,,,,,,,,,,,,,,,,,,,,,,,,,,,,,,,,,,,,,,,,,,,,,,,,,,,,,,,,,,,,,,,,,,,,,,,,,,,,,,,,,,,,,,,,,,,,,,,,,,,,,,,,,,,,,,,,,,,,,,,,,,,,,,,,,,,,,,,,,,,,,,,,,,,,,,,,,,,,,,,,,,,,,,,,,,,,,,,,,,,,,,,,,,,,,,,,,,,,,,,,,,,,,,,,,,,,,,,,,,,,,,,,,,,,,,,,,,,,,,,,,,,,,,,,,,,,,,,,,,,,,,,,,,,,,,,,,,,,,,,,,,,,,,,,,,,,,,,,,,,,,,,,,,,,,,,,,,,,,,,,,,,,,,,,,,,,,,,,,,,,,,,,,,,,,,,,,,,,,,,,,,,,,,,,,,,,,,,,,,,,,,,,,,,,,,,,,,,,,,,,,,,,,,,,,,,,,,,,,,,,,,,,,,,,,,,,,,,,,,,,,,,,,,,,,,,,,,,,,,,,,,,,,,,,,,,,,,,,,,,,,,,,,,,,,,,,,,,,,,,,,,,,,,,,,,,,,,,,,,,,,,,,,,,,,,,,,,,,,,,,,,,,,,,,,,,
,,,,,,,,,,,,,,,,,,,,,,,,,,,,,,,,,,,,,,,,,,,,,,,,,,,,,,,,,,,,,,,,,,,,,,,,,,,,,,,,,,,,,,,,,,,,,,,,,,,,,,,,,,,,,,,,,,,,,,,,,,,,,,,,,,,,,,,,,,,,,,,,,,,,,,,,,,,,,,,,,,,,,,,,,,,,,,,,,,,,,,,,,,,,,,,,,,,,,,,,,,,,,,,,,,,,,,,,,,,,,,,,,,,,,,,,,,,,,,,,,,,,,,,,,,,,,,,,,,,,,,,,,,,,,,,,,,,,,,,,,,,,,,,,,,,,,,,,,,,,,,,,,,,,,,,,,,,,,,,,,,,,,,,,,,,,,,,,,,,,,,,,,,,,,,,,,,,,,,,,,,,,,,,,,,,,,,,,,,,,,,,,,,,,,,,,,,,,,,,,,,,,,,,,,,,,,,,,,,,,,,,,,,,,,,,,,,,,,,,,,,,,,,,,,,,,,,,,,,,,,,,,,,,,,,,,,,,,,,,,,,,,,,,,,,,,,,,,,,,,,,,,,,,,,,,,,,,,,,,,,,,,,,,,,,,,,,,,,,,,,,,,,,,,,,,,,,,,,,,,,,,,,,,,,,,,,,,,,,,,,,,,,,,,,,,,,,,,,,,,,,,,,,,,,,,,,,,,,,,,,,,,,,,,,,,,,,,,,,,,,,,,,,,,,,,,,,,,,,,,,,,,,,,,,,,,,,,,,,,,,,,,,,,,,,,,,,,,,,,,,,,,,,,,,,,,,,,,,,,,,,,,,,,,,,,,,,,,,,,,,,,,,,,,,,,,,,,,,,,,,,,,,,,,,,,,,,,,,,,,,,,,,,,,,,,,,,,,,,,,,,,,,,,,,,,,,,,,,,,,,,,,,,,,,,,,,,,,,,,,,,,,,,,,,,,,,,,,,,,,,,,,,,,,,,,,,,,,,,,,,,,,,,,,,,,,,,,,,,,,,,,,,,,,,,,,,,,,,,,,,,,,,,,,,,,,,,,,,,,,,,,,,,,,,,,,,,,,,,,,,,,,,,,,,,,,,,,,,,,,,,,,,,,,,,,,,,,,,,,,,,,,,,,,,,,,,,,,,,,,,,,,,,,,,,,,,,,,,,,,,,,,,,,,,,,,,,,,,,,,,,,,,,,,,,,,,,,,,,,,,,,,,,,,,,,,,,,,,,,,,,,,,,,,,,,,,,,,,,,,,,,,,,,,,,,,,,,,,,,,,,,,,,,,,,,,,,,,,,,,,,,,,,,,,,,,,,,,,,,,,,,,,,,,,,,,,,,,,,,,,,,,,,,,,,,,,,,,,,,,,,,,,,,,,,,,,,,,,,,,,,,,,,,,,,,,,,,,,,,,,,,,,,,,,,,,,,,,,,,,,,,,,,,,,,,,,,,,,,,,,,,,,,,,,,,,,,,,,,,,,,,,,,,,,,,,,,,,,,,,,,,,,,,,,,,,,,,,,,,,,,,,,,,,,,,,,,,,,,,,,,,,,,,,,,,,,,,,,,,,,,,,,,,,,,,,,,,,,,,,,,,,,,,,,,,,,,,,,,,,,,,,,,,,,,,,,,,,,,,,,,,,,,,,,,,,,,,,,,,,,,,,,,,,,,,,,,,,,,,,,,,,,,,,,,,,,,,,,,,,,,,,,,,,,,,,,,,,,,,,,,,,,,,,,,,,,,,,,,,,,,,,,,,,,,,,,,,,,,,,,,,,,,,,,,,,,,,,,,,,,,,,,,,,,,,,,,,,,,,,,,,,,,,,,,,,,,,,,,,,,,,,,,,,,,,,,,,,,,,,,,,,,,,,,,,,,,,,,,,,,,,,,,,,,,,,,,,,,,,,,,,,,,,,,,,,,,,,,,,,,,,,,,,,,,,,,,,,,,,,,,,,,,,,,,,,,,,,,,,,,,,,,,,,,,,,,,,,,,,,,,,,,,,,,,,,,,,,,,,,,,,,,,,,,,,,,,,,,,,,,,,,,,,,,,,,,,,,,,,,,,,,,,,,,,,,,,,,,,,,,,,,,,,,,,,,,,,,,,,,,,,,,,,,,,,,,,,,,,,,,,,,,,,,,,,,,,,,,,,,,,,,,,,,,,,,,,,,,,,,,,,,,,,,,,,,,,,,,,,,,,,,,,,,,,,,,,,,,,,,,,,,,,,,,,,,,,,,,,,,,,,,,,,,,,,,,,,,,,,,,,,,,,,,,,,,,,,,,,,,,,,,,,,
,,,,,,,,,,,,,,,,,,,,,,,,,,,,,,,,,,,,,,,,,,,,,,,,,,,,,,,,,,,,,,,,,,,,,,,,,,,,,,,,,,,,,,,,,,,,,,,,,,,,,,,,,,,,,,,,,,,,,,,,,,,,,,,,,,,,,,,,,,,,,,,,,,,,,,,,,,,,,,,,,,,,,,,,,,,,,,,,,,,,,,,,,,,,,,,,,,,,,,,,,,,,,,,,,,,,,,,,,,,,,,,,,,,,,,,,,,,,,,,,,,,,,,,,,,,,,,,,,,,,,,,,,,,,,,,,,,,,,,,,,,,,,,,,,,,,,,,,,,,,,,,,,,,,,,,,,,,,,,,,,,,,,,,,,,,,,,,,,,,,,,,,,,,,,,,,,,,,,,,,,,,,,,,,,,,,,,,,,,,,,,,,,,,,,,,,,,,,,,,,,,,,,,,,,,,,,,,,,,,,,,,,,,,,,,,,,,,,,,,,,,,,,,,,,,,,,,,,,,,,,,,,,,,,,,,,,,,,,,,,,,,,,,,,,,,,,,,,,,,,,,,,,,,,,,,,,,,,,,,,,,,,,,,,,,,,,,,,,,,,,,,,,,,,,,,,,,,,,,,,,,,,,,,,,,,,,,,,,,,,,,,,,,,,,,,,,,,,,,,,,,,,,,,,,,,,,,,,,,,,,,,,,,,,,,,,,,,,,,,,,,,,,,,,,,,,,,,,,,,,,,,,,,,,,,,,,,,,,,,,,,,,,,,,,,,,,,,,,,,,,,,,,,,,,,,,,,,,,,,,,,,,,,,,,,,,,,,,,,,,,,,,,,,,,,,,,,,,,,,,,,,,,,,,,,,,,,,,,,,,,,,,,,,,,,,,,,,,,,,,,,,,,,,,,,,,,,,,,,,,,,,,,,,,,,,,,,,,,,,,,,,,,,,,,,,,,,,,,,,,,,,,,,,,,,,,,,,,,,,,,,,,,,,,,,,,,,,,,,,,,,,,,,,,,,,,,,,,,,,,,,,,,,,,,,,,,,,,,,,,,,,,,,,,,,,,,,,,,,,,,,,,,,,,,,,,,,,,,,,,,,,,,,,,,,,,,,,,,,,,,,,,,,,,,,,,,,,,,,,,,,,,,,,,,,,,,,,,,,,,,,,,,,,,,,,,,,,,,,,,,,,,,,,,,,,,,,,,,,,,,,,,,,,,,,,,,,,,,,,,,,,,,,,,,,,,,,,,,,,,,,,,,,,,,,,,,,,,,,,,,,,,,,,,,,,,,,,,,,,,,,,,,,,,,,,,,,,,,,,,,,,,,,,,,,,,,,,,,,,,,,,,,,,,,,,,,,,,,,,,,,,,,,,,,,,,,,,,,,,,,,,,,,,,,,,,,,,,,,,,,,,,,,,,,,,,,,,,,,,,,,,,,,,,,,,,,,,,,,,,,,,,,,,,,,,,,,,,,,,,,,,,,,,,,,,,,,,,,,,,,,,,,,,,,,,,,,,,,,,,,,,,,,,,,,,,,,,,,,,,,,,,,,,,,,,,,,,,,,,,,,,,,,,,,,,,,,,,,,,,,,,,,,,,,,,,,,,,,,,,,,,,,,,,,,,,,,,,,,,,,,,,,,,,,,,,,,,,,,,,,,,,,,,,,,,,,,,,,,,,,,,,,,,,,,,,,,,,,,,,,,,,,,,,,,,,,,,,,,,,,,,,,,,,,,,,,,,,,,,,,,,,,,,,,,,,,,,,,,,,,,,,,,,,,,,,,,,,,,,,,,,,,,,,,,,,,,,,,,,,,,,,,,,,,,,,,,,,,,,,,,,,,,,,,,,,,,,,,,,,,,,,,,,,,,,,,,,,,,,,,,,,,,,,,,,,,,,,,,,,,,,,,,,,,,,,,,,,,,,,,,,,,,,,,,,,,,,,,,,,,,,,,,,,,,,,,,,,,,,,,,,,,,,,,,,,,,,,,,,,,,,,,,,,,,,,,,,,,,,,,,,,,,,,,,,,,,,,,,,,,,,,,,,,,,,,,,,,,,,,,,,,,,,,,,,,,,,,,,,,,,,,,,,,,,,,,,,,,,,,,,,,,,,,,,,,,,,,,,,,,,,,,,,,,,,,,,,,,,,,,,,,,,,,,,,,,,,,,,,,,,,,,,,,,,,,,,,,,,,,,,,,,,,,,,,,,,,,,,,,,,,,,,,,,,,,,,,,,,,,,,,,,,,,,,,,,,,,,,,,,,,,,,,,,,,,,,,,,,,,,,,,,,,
3432,3242,2388,2216,2381,2427,2289,2320,1994,2320,2289,2427,2381,2216,2388,3242,3715,3485,2451,2319,2350,2362,2189,2315,2336,2221,2281,2357,2390,2220,2413,3491,4072,3851,2713,2467,2320,2221,2163,2122,2276,2081,2231,2276,2431,2292,2684,3849,4206,3984,2858,2530,2309,2269,2222,2316,2230,2083,2276,2223,2394,2497,2820,3983,4020,3799,2688,2467,2254,2017,2294,2292,2103,2255,2260,2192,2062,2459,2679,3797,3592,3391,2402,2335,2214,2118,2205,2220,2143,2275,2166,2300,2088,2233,2486,3399,3403,3165,2249,2257,2130,2307,2332,2195,1985,2316,2345,2357,2270,2144,2178,3174,3207,2990,2241,2143,2126,2313,2368,1995,2102,2237,2079,2218,2293,2293,2331,2998,3105,2897,2234,2092,2166,2196,2239,2227,2265,2214,2253,2339,2326,2358,2273,2882,3031,2836,2355,2253,2200,2051,2180,2289,2303,2341,2371,2289,2156,2293,2353,2835,3119,2934,2352,2209,2324,2309,2248,2589,2690,2576,2421,2401,2197,2377,2323,2903,3250,3220,3151,3194,3151,3191,2806,3367,3527,3395,2829,2910,3021,3247,2613,3160,4417,4267,3849,3741,3763,3840,3713,4151,4247,4113,3746,3706,3634,3871,3695,4209,4690,4526,4081,3954,3978,4032,3971,4406,4470,4335,4011,3970,3792,4017,4040,4511,4592,4407,4034,3942,3917,3896,3909,4302,4343,4252,4048,3898,3577,3825,3952,4436,4499,4184,3784,3679,3540,3555,3649,3835,3997,4018,3802,3557,3396,3478,3605,4278,4530,4298,3450,3190,3102,3215,2952,3413,3703,3680,3341,3191,3004,3238,3242,4314,4455,4234,3328,2931,3024,3037,3022,3213,3498,3470,3146,3074,2913,3098,3389,4242,4265,4028,3385,3137,3221,3303,3269,3447,3644,3562,3328,3290,3218,3421,3510,4068,4025,3851,3308,3193,3279,3349,3319,3382,3576,3513,3296,3208,3124,3387,3520,3808,3792,3580,3175,3045,3096,3256,3121,3701,3852,3621,3122,3131,3057,3013,3229,3667,4503,4274,3176,2944,3168,3358,3322,3871,4064,3870,3359,3356,3253,2936,3384,4291,4675,4439,3308,2924,3140,3319,3321,3770,4020,3868,3369,3250,3138,2778,3518,4465,4494,4251,3033,2656,2817,3127,3185,3624,3816,3636,3094,2907,2830,2765,3274,4293,3988,3723,2844,2528,2471,2892,3046,3412,3552,3309,2698,2868,2926,2740,2879,3781,3766,3518,2739,2641,2548,2749,2795,3195,3370,3175,2691,2852,2943,2884,2940,3540,3851,3633,2637,2691,2677,2632,2770,2921,3222,3127,2654,2698,2872,2794,2861,3652,3733,3496,2574,2608,2514,2776,2728,2878,3061,3003,2624,2428,2726,2590,2850,3535,3405,3115,2608,2490,2453,2703,2644,2738,2972,2905,2627,2501,2504,2652,2721,3202,3485,3231,2423,2359,2279,2644,2605,2674,2799,2882,2619,2460,2399,2571,2580,3243,3598,3346,2740,2638,2450,2803,2674,2720,2727,2705,2684,2542,2334,2696,2514,3370,3455,3202,2663,2595,2549,2791,2565,2803,2747,2737,2738,2463,2476,2652,2520,3220,3188,2929,2509,2460,2400,2556,2412,2546,2672,2683,2510,2222,2317,2564,2515,2970,3313,3136,2587,2429,2495,2504,2457,2722,2872,2727,2426,2530,2363,2730,2510,3094,3357,3172,2460,2557,2481,2314,2349,2757,2902,2668,2412,2556,2295,2679,2497,3128,3244,3062,2293,2493,2447,2382,2309,2576,2749,2559,2386,2371,2215,2495,2413,2988,3053,2854,2332,2100,2345,2281,2281,2558,2601,2488,2393,2393,2383,2216,2243,2790,2965,2793,2297,2263,2382,2323,2290,2495,2636,2451,2176,2358,2292,2231,2229,2632,3065,2857,2439,2493,2366,2349,2240,2587,2750,2506,2306,2277,2351,2415,2184,2805,2951,2807,2315,2410,2394,2258,2274,2570,2762,2534,2258,2264,2391,2412,2262,2689,2914,2755,2297,2206,2248,2385,2363,2334,2551,2340,2339,2291,2379,2460,2155,2703,2771,2695,2371,2276,2372,2493,2503,2349,2501,2274,2324,2264,2262,2375,2267,2508,2783,2595,2415,2387,2354,2509,2497,2513,2639,2470,2388,2353,2382,2352,2266,2432,2710,2462,2404,2391,2251,2424,2419,2483,2588,2427,2301,2373,2378,2426,2365,2578,2800,2624,2356,2257,2370,2371,2227,2394,2561,2500,2340,2422,2274,2267,2308,2581,2746,2551,2278,2141,2379,2382,2321,2541,2629,2494,2490,2531,2273,2369,2328,2593,2776,2618,2372,2292,2346,2404,2424,2474,2472,2394,2358,2400,2346,2430,2354,2592,2817,2726,2336,2352,2247,2269,2311,2511,2616,2554,2335,2331,2404,2515,2429,2665,2852,2667,2425,2351,2198,2117,2185,2529,2648,2515,2370,2258,2333,2351,2342,2558,2740,2628,2407,2309,2375,2220,2156,2592,2684,2564,2388,2123,2236,2377,2472,2535,2735,2615,2447,2368,2369,2362,2360,2557,2549,2515,2275,2390,2396,2494,2474,2577,2779,2650,2389,2344,2284,2324,2452,2386,2451,2478,2289,2407,2265,2444,2418,2478,3033,2857,2350,2272,2256,2256,2404,2472,2562,2362,2234,2356,2452,2425,2456,2871,3503,3278,2437,2325,2134,2315,2226,2535,2508,2403,2154,2339,2484,2449,2466,3282,3486,3279,2456,2215,2265,2166,2291,2456,2445,2426,2252,2244,2318,2391,2339,3251,3198,3025,2284,2166,2280,2356,2395,2352,2445,2488,2340,2358,2316,2364,2314,2946,2860,2693,2395,2229,2288,2451,2352,2252,2384,2393,2289,2357,2310,2177,2121,2605,2576,2560,2469,2292,2236,2243,2332,2198,2367,2440,2328,2198,2209,2089,2126,2470,2737,2585,2280,2225,2258,2337,2359,2323,2334,2329,2347,2247,2261,2226,2098,2520,2676,2472,2250,2299,2337,2466,2419,2378,2399,2250,2338,2264,2260,2356,2242,2503,2811,2586,2272,2347,2365,2525,2548,2753,2722,2560,2427,2401,2182,2379,2440,2734,3078,2867,2038,2346,2284,2392,2506,2813,2797,2561,2431,2243,2401,2389,2463,2835,3936,3720,2697,2278,2185,2230,2161,2553,2571,2426,2245,2356,2324,2383,2631,3713,4424,4200,3120,2648,2619,2455,2173,2863,3068,2870,2347,2278,2575,2743,3015,4200,4552,4332,3270,2886,2903,2823,2708,3251,3440,3198,2810,2660,2757,2772,3080,4327,4191,3998,3141,2777,2952,2948,2803,3200,3379,3209,2839,2622,2940,2868,3149,3947,4177,3952,2920,2577,2727,2801,2747,3099,3313,3212,2773,2543,2783,2716,3031,3964,3651,3412,2502,2356,2508,2620,2541,2861,3044,2913,2488,2425,2555,2517,2374,3439,3441,3212,2467,2417,2517,2488,2420,2539,2792,2580,2349,2493,2570,2451,2239,3220,3420,3180,2405,2337,2398,2430,2531,2708,2789,2574,2291,2470,2394,2409,2458,3212,3399,3156,2431,2305,2292,2277,2429,2661,2734,2520,2275,2404,2488,2328,2486,3195,3226,2991,2358,2355,2292,2247,2346,2600,2676,2500,2279,2261,2438,2423,2397,3003,3181,2968,2318,2283,2344,2303,2295,2474,2510,2504,2368,2389,2426,2432,2346,2964,3088,2878,2283,2027,2219,2293,2304,2306,2351,2429,2396,2465,2458,2344,2249,2873,2901,2717,2218,2207,2414,2446,2285,2255,2240,2279,2397,2410,2326,2321,2391,2714,2881,2756,2329,2226,2382,2469,2421,2450,2204,2243,2358,2317,2419,2235,2442,2686,3125,2936,2384,2369,2278,2455,2502,2504,2465,2512,2378,2398,2479,2418,2315,2928,3422,3194,2355,2137,2213,2378,2293,2620,2674,2464,2402,2463,2526,2305,2338,3224,3658,3430,2507,2337,2503,2439,2225,2533,2441,2425,2252,2434,2477,2329,2189,3437,3621,3402,2482,2377,2427,2394,2163,2287,2286,2155,2321,2406,2480,2326,2297,3395,3529,3300,2438,2279,2323,2240,2146,2339,2381,2148,2308,2354,2330,2326,2474,3314,3422,3199,2230,2211,2360,2367,2378,2182,2501,2324,2167,2277,2273,2245,2420,3222,3323,3074,2336,2251,2278,2359,2409,2601,2700,2583,2308,2313,2369,2290,2362,3123,3021,2819,2533,2352,2464,2465,2337,2597,2666,2607,2440,2451,2462,2368,2433,2814,2830,2555,2648,2439,2406,2497,2397,2670,2704,2577,2436,2442,2421,2399,2388,2758,2927,2675,2580,2379,2355,2383,2446,2739,2822,2620,2226,2231,2271,2431,2445,2723,3109,2883,2500,2487,2416,2269,2362,2578,2664,2518,2322,2319,2368,2432,2525,2929,3151,2877,2308,2385,2401,2403,2389,2439,2573,2612,2411,2362,2425,2476,2541,2935,3021,2746,2384,2313,2443,2416,2514,2628,2502,2551,2547,2519,2500,2515,2701,2790,3075,2899,2489,2358,2338,2377,2490,2618,2591,2366,2465,2376,2388,2416,2624,2806,3067,2906,2373,2307,2382,2376,2341,2567,2663,2517,2375,2380,2133,2279,2476,2817,3137,2914,2096,2221,2387,2348,2336,2467,2681,2500,2239,2321,2268,2261,2389,2898,3228,3006,2336,2250,2291,2290,2425,2811,2894,2636,2241,2179,2421,2483,2522,3077,3346,3113,2385,2195,2286,2401,2501,2863,2924,2600,2329,2360,2429,2553,2365,3147,3058,2815,2350,2297,2222,2387,2449,2523,2592,2513,2165,2276,2456,2525,2427,2795,2874,2645,2271,2234,2278,2305,2328,2157,2410,2528,2368,2259,2377,2501,2487,2673,2946,2711,2379,2296,2155,2326,2395,2676,2776,2676,2398,2352,2416,2362,2493,2814,3027,2840,2438,2266,2397,2416,2403,2805,2910,2708,2529,2372,2518,2115,2503,2848,3210,2973,2487,2456,2504,2385,2178,2668,2801,2580,2486,2517,2464,2345,2327,2990,3248,3017,2416,2446,2451,2357,2327,2486,2662,2553,2397,2452,2371,2309,2237,3029,3063,2814,2402,2233,2410,2411,2390,2524,2628,2497,2370,2327,2323,2279,2201,2831,2725,2530,2330,2348,2109,2379,2411,2462,2472,2223,2292,2241,2224,2173,2186,2527,2782,2612,2316,2334,2314,2305,2403,2463,2391,2292,2193,2278,2253,2262,2293,2522,2996,2842,2344,2387,2460,2375,2382,2451,2444,2293,2343,2253,2177,2202,2365,2818,3212,3014,2434,2384,2348,2395,2334,2412,2402,2267,2347,2317,2210,2098,2187,2990,3073,2876,2330,2394,2306,2307,2240,2356,2433,2325,2405,2301,2273,2143,2246,2837,3022,2850,2288,2364,2311,2192,2154,2303,2434,2430,2308,2142,2257,2146,2371,2802,3539,3313,2438,2364,2362,2289,2249,2542,2703,2579,2339,2266,2173,2394,2513,3334,3684,3440,2351,2366,2332,2397,2326,2754,2951,2762,2291,2407,2290,2325,2508,3474,3562,3310,2344,2403,2458,2393,2368,2677,2885,2690,2389,2427,2382,2199,2458,3360,3715,3498,2573,2434,2459,2326,2347,2442,2571,2488,2307,2409,2358,2385,2408,3498,4027,3815,2849,2413,2460,2337,2371,2548,2536,2596,2431,2380,2397,2489,2656,3805,4049,3829,2844,2133,2522,2432,2352,2576,2685,2515,2442,2391,2398,2344,2729,3826,3862,3639,2617,2394,2335,2317,2344,2483,2515,2413,2327,2370,2324,2328,2547,3635,3493,3273,2318,2348,2376,2340,2240,2301,2219,2267,2368,2397,2317,2255,2270,3266,3187,2946,2125,2206,2209,2324,2220,2291,2386,2375,2342,2318,2163,2238,2133,2977,3005,2742,2237,2330,2222,2367,2384,2339,2407,2335,2047,2064,2158,2155,2282,2790,2783,2620,2383,2378,2396,2396,2339,2223,2329,2216,2044,2094,2153,2198,2260,2578,2824,2586,2381,2312,2359,2334,2271,2396,2476,2380,2193,2230,2192,2133,2112,2602,2820,2578,2265,2118,2247,2310,2311,2272,2284,2372,2320,2227,2215,2023,2031,2614,2904,2665,2030,2141,2099,2276,2118,2197,2327,2365,2344,2276,2221,2207,2081,2698,3045,2812,2125,2049,2140,2061,2065,2183,2260,2246,2242,2147,2181,2215,2045,2840,3219,3003,2084,2096,2030,2020,2054,2091,2291,2195,2051,2104,2296,2204,2037,2959,3224,3002,2026,2164,2204,2188,2044,2019,2142,2168,2049,1942,2101,2065,2124,2987,3002,2779,1975,2077,2043,2029,2117,2049,2111,1909,1822,2028,2135,2023,2075,2778,2563,2332,2041,2046,1914,1827,1871,1885,2014,2011,1914,2094,2045,2017,1988,2411,2480,2304,2010,2169,2085,1831,2028,2092,2338,2299,2138,2140,2156,2089,2018,2326,2474,2258,2049,2147,2042,1996,2037,2303,2451,2372,2194,2060,2057,2141,2109,2338
,,,,,,,,,,,,,,,,,,,,,,,,,,,,,,,,,,,,,,,,,,,,,,,,,,,,,,,,,,,,,,,,,,,,,,,,,,,,,,,,,,,,,,,,,,,,,,,,,,,,,,,,,,,,,,,,,,,,,,,,,,,,,,,,,,,,,,,,,,,,,,,,,,,,,,,,,,,,,,,,,,,,,,,,,,,,,,,,,,,,,,,,,,,,,,,,,,,,,,,,,,,,,,,,,,,,,,,,,,,,,,,,,,,,,,,,,,,,,,,,,,,,,,,,,,,,,,,,,,,,,,,,,,,,,,,,,,,,,,,,,,,,,,,,,,,,,,,,,,,,,,,,,,,,,,,,,,,,,,,,,,,,,,,,,,,,,,,,,,,,,,,,,,,,,,,,,,,,,,,,,,,,,,,,,,,,,,,,,,,,,,,,,,,,,,,,,,,,,,,,,,,,,,,,,,,,,,,,,,,,,,,,,,,,,,,,,,,,,,,,,,,,,,,,,,,,,,,,,,,,,,,,,,,,,,,,,,,,,,,,,,,,,,,,,,,,,,,,,,,,,,,,,,,,,,,,,,,,,,,,,,,,,,,,,,,,,,,,,,,,,,,,,,,,,,,,,,,,,,,,,,,,,,,,,,,,,,,,,,,,,,,,,,,,,,,,,,,,,,,,,,,,,,,,,,,,,,,,,,,,,,,,,,,,,,,,,,,,,,,,,,,,,,,,,,,,,,,,,,,,,,,,,,,,,,,,,,,,,,,,,,,,,,,,,,,,,,,,,,,,,,,,,,,,,,,,,,,,,,,,,,,,,,,,,,,,,,,,,,,,,,,,,,,,,,,,,,,,,,,,,,,,,,,,,,,,,,,,,,,,,,,,,,,,,,,,,,,,,,,,,,,,,,,,,,,,,,,,,,,,,,,,,,,,,,,,,,,,,,,,,,,,,,,,,,,,,,,,,,,,,,,,,,,,,,,,,,,,,,,,,,,,,,,,,,,,,,,,,,,,,,,,,,,,,,,,,,,,,,,,,,,,,,,,,,,,,,,,,,,,,,,,,,,,,,,,,,,,,,,,,,,,,,,,,,,,,,,,,,,,,,,,,,,,,,,,,,,,,,,,,,,,,,,,,,,,,,,,,,,,,,,,,,,,,,,,,,,,,,,,,,,,,,,,,,,,,,,,,,,,,,,,,,,,,,,,,,,,,,,,,,,,,,,,,,,,,,,,,,,,,,,,,,,,,,,,,,,,,,,,,,,,,,,,,,,,,,,,,,,,,,,,,,,,,,,,,,,,,,,,,,,,,,,,,,,,,,,,,,,,,,,,,,,,,,,,,,,,,,,,,,,,,,,,,,,,,,,,,,,,,,,,,,,,,,,,,,,,,,,,,,,,,,,,,,,,,,,,,,,,,,,,,,,,,,,,,,,,,,,,,,,,,,,,,,,,,,,,,,,,,,,,,,,,,,,,,,,,,,,,,,,,,,,,,,,,,,,,,,,,,,,,,,,,,,,,,,,,,,,,,,,,,,,,,,,,,,,,,,,,,,,,,,,,,,,,,,,,,,,,,,,,,,,,,,,,,,,,,,,,,,,,,,,,,,,,,,,,,,,,,,,,,,,,,,,,,,,,,,,,,,,,,,,,,,,,,,,,,,,,,,,,,,,,,,,,,,,,,,,,,,,,,,,,,,,,,,,,,,,,,,,,,,,,,,,,,,,,,,,,,,,,,,,,,,,,,,,,,,,,,,,,,,,,,,,,,,,,,,,,,,,,,,,,,,,,,,,,,,,,,,,,,,,,,,,,,,,,,,,,,,,,,,,,,,,,,,,,,,,,,,,,,,,,,,,,,,,,,,,,,,,,,,,,,,,,,,,,,,,,,,,,,,,,,,,,,,,,,,,,,,,,,,,,,,,,,,,,,,,,,,,,,,,,,,,,,,,,,,,,,,,,,,,,,,,,,,,,,,,,,,,,,,,,,,,,,,,,,,,,,,,,,,,,,,,,,,,,,,,,,,,,,,,,,,,,,,,,,,,,,,,,,,,,,,,,,,,,,,,,,,,,,,,,,,,,,,,,,,,,,,,,,,,,,,,,,,,,,,,,,,,,,,,,,,,,,,,,,,,,,,,,,,,,,,,,,,,,,,,,,,,,,,,,,,,,,,,,,,,,,,,,,,,,,,,,,,,,,,,,,,,,,,,,,,,,,,,,,,,,,,,,,,,,,,,,,,,,,,,,,,,,,,,,,,,,,,,,,,,,,,,,,,,,,,,,,,,,,,,,,,,,,,,
,,,,,,,,,,,,,,,,,,,,,,,,,,,,,,,,,,,,,,,,,,,,,,,,,,,,,,,,,,,,,,,,,,,,,,,,,,,,,,,,,,,,,,,,,,,,,,,,,,,,,,,,,,,,,,,,,,,,,,,,,,,,,,,,,,,,,,,,,,,,,,,,,,,,,,,,,,,,,,,,,,,,,,,,,,,,,,,,,,,,,,,,,,,,,,,,,,,,,,,,,,,,,,,,,,,,,,,,,,,,,,,,,,,,,,,,,,,,,,,,,,,,,,,,,,,,,,,,,,,,,,,,,,,,,,,,,,,,,,,,,,,,,,,,,,,,,,,,,,,,,,,,,,,,,,,,,,,,,,,,,,,,,,,,,,,,,,,,,,,,,,,,,,,,,,,,,,,,,,,,,,,,,,,,,,,,,,,,,,,,,,,,,,,,,,,,,,,,,,,,,,,,,,,,,,,,,,,,,,,,,,,,,,,,,,,,,,,,,,,,,,,,,,,,,,,,,,,,,,,,,,,,,,,,,,,,,,,,,,,,,,,,,,,,,,,,,,,,,,,,,,,,,,,,,,,,,,,,,,,,,,,,,,,,,,,,,,,,,,,,,,,,,,,,,,,,,,,,,,,,,,,,,,,,,,,,,,,,,,,,,,,,,,,,,,,,,,,,,,,,,,,,,,,,,,,,,,,,,,,,,,,,,,,,,,,,,,,,,,,,,,,,,,,,,,,,,,,,,,,,,,,,,,,,,,,,,,,,,,,,,,,,,,,,,,,,,,,,,,,,,,,,,,,,,,,,,,,,,,,,,,,,,,,,,,,,,,,,,,,,,,,,,,,,,,,,,,,,,,,,,,,,,,,,,,,,,,,,,,,,,,,,,,,,,,,,,,,,,,,,,,,,,,,,,,,,,,,,,,,,,,,,,,,,,,,,,,,,,,,,,,,,,,,,,,,,,,,,,,,,,,,,,,,,,,,,,,,,,,,,,,,,,,,,,,,,,,,,,,,,,,,,,,,,,,,,,,,,,,,,,,,,,,,,,,,,,,,,,,,,,,,,,,,,,,,,,,,,,,,,,,,,,,,,,,,,,,,,,,,,,,,,,,,,,,,,,,,,,,,,,,,,,,,,,,,,,,,,,,,,,,,,,,,,,,,,,,,,,,,,,,,,,,,,,,,,,,,,,,,,,,,,,,,,,,,,,,,,,,,,,,,,,,,,,,,,,,,,,,,,,,,,,,,,,,,,,,,,,,,,,,,,,,,,,,,,,,,,,,,,,,,,,,,,,,,,,,,,,,,,,,,,,,,,,,,,,,,,,,,,,,,,,,,,,,,,,,,,,,,,,,,,,,,,,,,,,,,,,,,,,,,,,,,,,,,,,,,,,,,,,,,,,,,,,,,,,,,,,,,,,,,,,,,,,,,,,,,,,,,,,,,,,,,,,,,,,,,,,,,,,,,,,,,,,,,,,,,,,,,,,,,,,,,,,,,,,,,,,,,,,,,,,,,,,,,,,,,,,,,,,,,,,,,,,,,,,,,,,,,,,,,,,,,,,,,,,,,,,,,,,,,,,,,,,,,,,,,,,,,,,,,,,,,,,,,,,,,,,,,,,,,,,,,,,,,,,,,,,,,,,,,,,,,,,,,,,,,,,,,,,,,,,,,,,,,,,,,,,,,,,,,,,,,,,,,,,,,,,,,,,,,,,,,,,,,,,,,,,,,,,,,,,,,,,,,,,,,,,,,,,,,,,,,,,,,,,,,,,,,,,,,,,,,,,,,,,,,,,,,,,,,,,,,,,,,,,,,,,,,,,,,,,,,,,,,,,,,,,,,,,,,,,,,,,,,,,,,,,,,,,,,,,,,,,,,,,,,,,,,,,,,,,,,,,,,,,,,,,,,,,,,,,,,,,,,,,,,,,,,,,,,,,,,,,,,,,,,,,,,,,,,,,,,,,,,,,,,,,,,,,,,,,,,,,,,,,,,,,,,,,,,,,,,,,,,,,,,,,,,,,,,,,,,,,,,,,,,,,,,,,,,,,,,,,,,,,,,,,,,,,,,,,,,,,,,,,,,,,,,,,,,,,,,,,,,,,,,,,,,,,,,,,,,,,,,,,,,,,,,,,,,,,,,,,,,,,,,,,,,,,,,,,,,,,,,,,,,,,,,,,,,,,,,,,,,,,,,,,,,,,,,,,,,,,,,,,,,,,,,,,,,,,,,,,,,,,,,,,,,,,,,,,,,,,,,,,,,,,,,,,,,,,,,,,,,,,,,,,,,,,,,,,,,
,,,,,,,,,,,,,,,,,,,,,,,,,,,,,,,,,,,,,,,,,,,,,,,,,,,,,,,,,,,,,,,,,,,,,,,,,,,,,,,,,,,,,,,,,,,,,,,,,,,,,,,,,,,,,,,,,,,,,,,,,,,,,,,,,,,,,,,,,,,,,,,,,,,,,,,,,,,,,,,,,,,,,,,,,,,,,,,,,,,,,,,,,,,,,,,,,,,,,,,,,,,,,,,,,,,,,,,,,,,,,,,,,,,,,,,,,,,,,,,,,,,,,,,,,,,,,,,,,,,,,,,,,,,,,,,,,,,,,,,,,,,,,,,,,,,,,,,,,,,,,,,,,,,,,,,,,,,,,,,,,,,,,,,,,,,,,,,,,,,,,,,,,,,,,,,,,,,,,,,,,,,,,,,,,,,,,,,,,,,,,,,,,,,,,,,,,,,,,,,,,,,,,,,,,,,,,,,,,,,,,,,,,,,,,,,,,,,,,,,,,,,,,,,,,,,,,,,,,,,,,,,,,,,,,,,,,,,,,,,,,,,,,,,,,,,,,,,,,,,,,,,,,,,,,,,,,,,,,,,,,,,,,,,,,,,,,,,,,,,,,,,,,,,,,,,,,,,,,,,,,,,,,,,,,,,,,,,,,,,,,,,,,,,,,,,,,,,,,,,,,,,,,,,,,,,,,,,,,,,,,,,,,,,,,,,,,,,,,,,,,,,,,,,,,,,,,,,,,,,,,,,,,,,,,,,,,,,,,,,,,,,,,,,,,,,,,,,,,,,,,,,,,,,,,,,,,,,,,,,,,,,,,,,,,,,,,,,,,,,,,,,,,,,,,,,,,,,,,,,,,,,,,,,,,,,,,,,,,,,,,,,,,,,,,,,,,,,,,,,,,,,,,,,,,,,,,,,,,,,,,,,,,,,,,,,,,,,,,,,,,,,,,,,,,,,,,,,,,,,,,,,,,,,,,,,,,,,,,,,,,,,,,,,,,,,,,,,,,,,,,,,,,,,,,,,,,,,,,,,,,,,,,,,,,,,,,,,,,,,,,,,,,,,,,,,,,,,,,,,,,,,,,,,,,,,,,,,,,,,,,,,,,,,,,,,,,,,,,,,,,,,,,,,,,,,,,,,,,,,,,,,,,,,,,,,,,,,,,,,,,,,,,,,,,,,,,,,,,,,,,,,,,,,,,,,,,,,,,,,,,,,,,,,,,,,,,,,,,,,,,,,,,,,,,,,,,,,,,,,,,,,,,,,,,,,,,,,,,,,,,,,,,,,,,,,,,,,,,,,,,,,,,,,,,,,,,,,,,,,,,,,,,,,,,,,,,,,,,,,,,,,,,,,,,,,,,,,,,,,,,,,,,,,,,,,,,,,,,,,,,,,,,,,,,,,,,,,,,,,,,,,,,,,,,,,,,,,,,,,,,,,,,,,,,,,,,,,,,,,,,,,,,,,,,,,,,,,,,,,,,,,,,,,,,,,,,,,,,,,,,,,,,,,,,,,,,,,,,,,,,,,,,,,,,,,,,,,,,,,,,,,,,,,,,,,,,,,,,,,,,,,,,,,,,,,,,,,,,,,,,,,,,,,,,,,,,,,,,,,,,,,,,,,,,,,,,,,,,,,,,,,,,,,,,,,,,,,,,,,,,,,,,,,,,,,,,,,,,,,,,,,,,,,,,,,,,,,,,,,,,,,,,,,,,,,,,,,,,,,,,,,,,,,,,,,,,,,,,,,,,,,,,,,,,,,,,,,,,,,,,,,,,,,,,,,,,,,,,,,,,,,,,,,,,,,,,,,,,,,,,,,,,,,,,,,,,,,,,,,,,,,,,,,,,,,,,,,,,,,,,,,,,,,,,,,,,,,,,,,,,,,,,,,,,,,,,,,,,,,,,,,,,,,,,,,,,,,,,,,,,,,,,,,,,,,,,,,,,,,,,,,,,,,,,,,,,,,,,,,,,,,,,,,,,,,,,,,,,,,,,,,,,,,,,,,,,,,,,,,,,,,,,,,,,,,,,,,,,,,,,,,,,,,,,,,,,,,,,,,,,,,,,,,,,,,,,,,,,,,,,,,,,,,,,,,,,,,,,,,,,,,,,,,,,,,,,,,,,,,,,,,,,,,,,,,,,,,,,,,,,,,,,,,,,,,,,,,,,,,,,,,,,,,,,,,,,,,,,,,,,,,,,,,,,,,,,,,,,,,,,,,,,,,,,,,,,,,,,,,,,,,,,,,,,,,,,,,,,,,,,,,,,,,,,,,,,,,,,,,,,,,,,,,
,,,,,,,,,,,,,,,,,,,,,,,,,,,,,,,,,,,,,,,,,,,,,,,,,,,,,,,,,,,,,,,,,,,,,,,,,,,,,,,,,,,,,,,,,,,,,,,,,,,,,,,,,,,,,,,,,,,,,,,,,,,,,,,,,,,,,,,,,,,,,,,,,,,,,,,,,,,,,,,,,,,,,,,,,,,,,,,,,,,,,,,,,,,,,,,,,,,,,,,,,,,,,,,,,,,,,,,,,,,,,,,,,,,,,,,,,,,,,,,,,,,,,,,,,,,,,,,,,,,,,,,,,,,,,,,,,,,,,,,,,,,,,,,,,,,,,,,,,,,,,,,,,,,,,,,,,,,,,,,,,,,,,,,,,,,,,,,,,,,,,,,,,,,,,,,,,,,,,,,,,,,,,,,,,,,,,,,,,,,,,,,,,,,,,,,,,,,,,,,,,,,,,,,,,,,,,,,,,,,,,,,,,,,,,,,,,,,,,,,,,,,,,,,,,,,,,,,,,,,,,,,,,,,,,,,,,,,,,,,,,,,,,,,,,,,,,,,,,,,,,,,,,,,,,,,,,,,,,,,,,,,,,,,,,,,,,,,,,,,,,,,,,,,,,,,,,,,,,,,,,,,,,,,,,,,,,,,,,,,,,,,,,,,,,,,,,,,,,,,,,,,,,,,,,,,,,,,,,,,,,,,,,,,,,,,,,,,,,,,,,,,,,,,,,,,,,,,,,,,,,,,,,,,,,,,,,,,,,,,,,,,,,,,,,,,,,,,,,,,,,,,,,,,,,,,,,,,,,,,,,,,,,,,,,,,,,,,,,,,,,,,,,,,,,,,,,,,,,,,,,,,,,,,,,,,,,,,,,,,,,,,,,,,,,,,,,,,,,,,,,,,,,,,,,,,,,,,,,,,,,,,,,,,,,,,,,,,,,,,,,,,,,,,,,,,,,,,,,,,,,,,,,,,,,,,,,,,,,,,,,,,,,,,,,,,,,,,,,,,,,,,,,,,,,,,,,,,,,,,,,,,,,,,,,,,,,,,,,,,,,,,,,,,,,,,,,,,,,,,,,,,,,,,,,,,,,,,,,,,,,,,,,,,,,,,,,,,,,,,,,,,,,,,,,,,,,,,,,,,,,,,,,,,,,,,,,,,,,,,,,,,,,,,,,,,,,,,,,,,,,,,,,,,,,,,,,,,,,,,,,,,,,,,,,,,,,,,,,,,,,,,,,,,,,,,,,,,,,,,,,,,,,,,,,,,,,,,,,,,,,,,,,,,,,,,,,,,,,,,,,,,,,,,,,,,,,,,,,,,,,,,,,,,,,,,,,,,,,,,,,,,,,,,,,,,,,,,,,,,,,,,,,,,,,,,,,,,,,,,,,,,,,,,,,,,,,,,,,,,,,,,,,,,,,,,,,,,,,,,,,,,,,,,,,,,,,,,,,,,,,,,,,,,,,,,,,,,,,,,,,,,,,,,,,,,,,,,,,,,,,,,,,,,,,,,,,,,,,,,,,,,,,,,,,,,,,,,,,,,,,,,,,,,,,,,,,,,,,,,,,,,,,,,,,,,,,,,,,,,,,,,,,,,,,,,,,,,,,,,,,,,,,,,,,,,,,,,,,,,,,,,,,,,,,,,,,,,,,,,,,,,,,,,,,,,,,,,,,,,,,,,,,,,,,,,,,,,,,,,,,,,,,,,,,,,,,,,,,,,,,,,,,,,,,,,,,,,,,,,,,,,,,,,,,,,,,,,,,,,,,,,,,,,,,,,,,,,,,,,,,,,,,,,,,,,,,,,,,,,,,,,,,,,,,,,,,,,,,,,,,,,,,,,,,,,,,,,,,,,,,,,,,,,,,,,,,,,,,,,,,,,,,,,,,,,,,,,,,,,,,,,,,,,,,,,,,,,,,,,,,,,,,,,,,,,,,,,,,,,,,,,,,,,,,,,,,,,,,,,,,,,,,,,,,,,,,,,,,,,,,,,,,,,,,,,,,,,,,,,,,,,,,,,,,,,,,,,,,,,,,,,,,,,,,,,,,,,,,,,,,,,,,,,,,,,,,,,,,,,,,,,,,,,,,,,,,,,,,,,,,,,,,,,,,,,,,,,,,,,,,,,,,,,,,,,,,,,,,,,,,,,,,,,,,,,,,,,,,,,,,,,,,,,,,,,,,,,,,,,,,,,,,,,,,,,,,,,,,,,,,,,,,,,,,,,,,,,,,,,,,,,,,,,,,,,,,,,,,,,,,,,,,,,,,,,,,,,,,,,,,,,,,,,
,,,,,,,,,,,,,,,,,,,,,,,,,,,,,,,,,,,,,,,,,,,,,,,,,,,,,,,,,,,,,,,,,,,,,,,,,,,,,,,,,,,,,,,,,,,,,,,,,,,,,,,,,,,,,,,,,,,,,,,,,,,,,,,,,,,,,,,,,,,,,,,,,,,,,,,,,,,,,,,,,,,,,,,,,,,,,,,,,,,,,,,,,,,,,,,,,,,,,,,,,,,,,,,,,,,,,,,,,,,,,,,,,,,,,,,,,,,,,,,,,,,,,,,,,,,,,,,,,,,,,,,,,,,,,,,,,,,,,,,,,,,,,,,,,,,,,,,,,,,,,,,,,,,,,,,,,,,,,,,,,,,,,,,,,,,,,,,,,,,,,,,,,,,,,,,,,,,,,,,,,,,,,,,,,,,,,,,,,,,,,,,,,,,,,,,,,,,,,,,,,,,,,,,,,,,,,,,,,,,,,,,,,,,,,,,,,,,,,,,,,,,,,,,,,,,,,,,,,,,,,,,,,,,,,,,,,,,,,,,,,,,,,,,,,,,,,,,,,,,,,,,,,,,,,,,,,,,,,,,,,,,,,,,,,,,,,,,,,,,,,,,,,,,,,,,,,,,,,,,,,,,,,,,,,,,,,,,,,,,,,,,,,,,,,,,,,,,,,,,,,,,,,,,,,,,,,,,,,,,,,,,,,,,,,,,,,,,,,,,,,,,,,,,,,,,,,,,,,,,,,,,,,,,,,,,,,,,,,,,,,,,,,,,,,,,,,,,,,,,,,,,,,,,,,,,,,,,,,,,,,,,,,,,,,,,,,,,,,,,,,,,,,,,,,,,,,,,,,,,,,,,,,,,,,,,,,,,,,,,,,,,,,,,,,,,,,,,,,,,,,,,,,,,,,,,,,,,,,,,,,,,,,,,,,,,,,,,,,,,,,,,,,,,,,,,,,,,,,,,,,,,,,,,,,,,,,,,,,,,,,,,,,,,,,,,,,,,,,,,,,,,,,,,,,,,,,,,,,,,,,,,,,,,,,,,,,,,,,,,,,,,,,,,,,,,,,,,,,,,,,,,,,,,,,,,,,,,,,,,,,,,,,,,,,,,,,,,,,,,,,,,,,,,,,,,,,,,,,,,,,,,,,,,,,,,,,,,,,,,,,,,,,,,,,,,,,,,,,,,,,,,,,,,,,,,,,,,,,,,,,,,,,,,,,,,,,,,,,,,,,,,,,,,,,,,,,,,,,,,,,,,,,,,,,,,,,,,,,,,,,,,,,,,,,,,,,,,,,,,,,,,,,,,,,,,,,,,,,,,,,,,,,,,,,,,,,,,,,,,,,,,,,,,,,,,,,,,,,,,,,,,,,,,,,,,,,,,,,,,,,,,,,,,,,,,,,,,,,,,,,,,,,,,,,,,,,,,,,,,,,,,,,,,,,,,,,,,,,,,,,,,,,,,,,,,,,,,,,,,,,,,,,,,,,,,,,,,,,,,,,,,,,,,,,,,,,,,,,,,,,,,,,,,,,,,,,,,,,,,,,,,,,,,,,,,,,,,,,,,,,,,,,,,,,,,,,,,,,,,,,,,,,,,,,,,,,,,,,,,,,,,,,,,,,,,,,,,,,,,,,,,,,,,,,,,,,,,,,,,,,,,,,,,,,,,,,,,,,,,,,,,,,,,,,,,,,,,,,,,,,,,,,,,,,,,,,,,,,,,,,,,,,,,,,,,,,,,,,,,,,,,,,,,,,,,,,,,,,,,,,,,,,,,,,,,,,,,,,,,,,,,,,,,,,,,,,,,,,,,,,,,,,,,,,,,,,,,,,,,,,,,,,,,,,,,,,,,,,,,,,,,,,,,,,,,,,,,,,,,,,,,,,,,,,,,,,,,,,,,,,,,,,,,,,,,,,,,,,,,,,,,,,,,,,,,,,,,,,,,,,,,,,,,,,,,,,,,,,,,,,,,,,,,,,,,,,,,,,,,,,,,,,,,,,,,,,,,,,,,,,,,,,,,,,,,,,,,,,,,,,,,,,,,,,,,,,,,,,,,,,,,,,,,,,,,,,,,,,,,,,,,,,,,,,,,,,,,,,,,,,,,,,,,,,,,,,,,,,,,,,,,,,,,,,,,,,,,,,,,,,,,,,,,,,,,,,,,,,,,,,,,,,,,,,,,,,,,,,,,,,,,,,,,,,,,,,,,,,,,,,,,,,,,,,,,,,,,,,,,,,,,,,,,,,,,,,,,,,,,,,,,,,,,,,,,,,,,,,,,,,,,,,,,
3423,3268,2597,2412,2310,2331,2442,2385,2083,2385,2442,2331,2310,2412,2597,3268,3699,3445,2587,2385,2391,2391,2441,2387,2290,2325,2410,2344,2238,2528,2553,3486,4072,3847,2693,2252,2476,2318,2397,2325,2270,2227,2281,2266,2315,2500,2722,3850,4204,3981,2840,2430,2382,2261,2190,2350,2316,2271,2082,2375,2298,2566,2820,3981,4016,3794,2701,2365,2247,2164,2058,2280,2337,2299,2297,2366,2326,2466,2621,3794,3628,3384,2453,2239,2178,2266,2227,2266,2408,2367,2314,2376,2303,2266,2521,3428,3417,3186,2392,2316,2290,2121,2195,2343,2342,2274,2319,2395,2291,2313,2379,3195,3214,2996,2339,2352,2444,2288,2181,2228,2162,2269,2172,2302,2312,2293,2323,2985,3143,2908,2368,2336,2427,2438,2328,2250,2289,2345,2332,2301,2328,2331,2267,2951,3060,2788,2367,2358,2270,2348,2460,2456,2463,2324,2342,2340,2303,2344,2371,2923,3033,2878,2431,2431,2322,2431,2494,2571,2475,2250,2274,2389,2400,2414,2523,2790,3263,3033,2951,3081,2810,2839,3016,3073,3272,3219,2953,3023,3133,3088,3296,3484,4270,3960,3434,3667,3388,3442,3668,3841,3861,3807,3756,3864,3830,3606,3934,3946,4507,4266,3316,3862,3840,3339,3630,4114,4214,4017,4069,4135,4015,3747,4003,4342,4420,4253,3514,3709,3884,3713,3730,4039,4284,4053,4052,4056,3843,3873,4017,4233,4499,4314,3556,3087,3607,3634,3414,3930,4059,3854,3768,3705,3372,3666,3819,4261,4528,4324,3463,3127,3266,3247,3149,3527,3595,3430,3237,3122,2950,3278,3349,4297,4439,4220,3298,2911,2896,2869,3076,3433,3553,3395,3070,2830,2872,2933,3078,4211,4264,4054,3083,3094,2972,3176,3176,3644,3722,3543,3374,3189,2976,3090,3322,4059,4037,3808,2986,3092,3079,3117,3108,3556,3617,3384,3389,3259,2939,3154,3321,3874,3938,3737,3066,2908,2927,3001,2889,3488,3646,3432,3083,3033,2932,3005,3168,3751,4492,4291,3335,2783,2721,2840,2870,3639,3661,3462,3015,3039,2760,3011,3108,4242,4638,4441,3435,2846,2785,2811,2896,3742,3937,3680,3054,3108,2994,3054,3031,4376,4446,4247,3237,2735,2737,2849,2894,3529,3763,3550,2875,2906,2932,3052,2990,4176,3924,3748,2916,2728,2820,2978,3002,3266,3455,3167,2785,2884,2758,3063,3208,3572,3771,3495,2936,2869,2908,2999,3096,3081,3222,2820,2897,2943,2864,3029,3229,3605,3797,3571,2790,2653,2755,2746,2928,3072,3122,2904,2807,2863,2755,2837,3037,3608,3718,3518,2778,2607,2594,2693,2678,2871,2930,2898,2781,2721,2461,2461,2733,3500,3407,3209,2699,2594,2527,2669,2677,2624,2625,2629,2678,2645,2458,2527,2578,3207,3503,3313,2634,2465,2361,2380,2712,2811,2900,2534,2428,2490,2438,2510,2546,3219,3634,3427,2762,2522,2505,2511,2612,2903,2877,2779,2537,2185,2588,2513,2553,3415,3513,3304,2656,2430,2549,2581,2633,2874,2847,2777,2512,2322,2498,2659,2517,3298,3213,3039,2320,2351,2487,2485,2460,2367,2603,2612,2358,2403,2450,2434,2401,2935,3241,3045,2479,2686,2496,2417,2420,2682,2846,2688,2327,2316,2465,2456,2399,2962,3268,3022,2623,2722,2492,2375,2491,2796,2842,2720,2431,2423,2419,2424,2495,3001,3157,2909,2483,2507,2234,2365,2474,2748,2848,2572,2330,2375,2285,2281,2419,2912,3015,2759,2368,2374,2424,2382,2381,2573,2650,2400,2166,2308,2352,2251,2269,2861,2947,2627,2261,2374,2428,2468,2440,2646,2637,2485,2366,2287,2302,2198,2323,2781,3034,2776,2279,2277,2381,2493,2507,2699,2796,2665,2324,2354,2307,2349,2421,2857,2889,2680,2380,2290,2321,2425,2482,2595,2773,2572,2353,2439,2440,2479,2541,2782,2851,2598,2421,2343,2274,2294,2398,2385,2618,2524,2344,2411,2422,2433,2326,2748,2624,2427,2329,2135,2199,2179,2325,2458,2623,2660,2542,2426,2383,2390,2383,2511,2982,2753,2357,2329,2240,2105,2300,2394,2685,2767,2535,2377,2397,2274,2352,2797,2975,2794,2401,2491,2338,2343,2451,2422,2693,2711,2564,2488,2488,2365,2412,2722,2914,2792,2341,2416,2289,2355,2548,2359,2484,2537,2507,2599,2523,2379,2196,2707,2926,2794,2389,2312,2442,2375,2507,2391,2508,2427,2476,2575,2429,2291,2487,2741,2965,2790,2314,2422,2544,2329,2352,2536,2553,2302,2465,2538,2382,2275,2442,2713,2894,2734,2285,2377,2410,2368,2442,2433,2630,2538,2306,2285,2366,2392,2200,2649,2870,2657,2241,2475,2371,2197,2372,2444,2586,2526,2398,2420,2349,2353,2185,2639,2958,2774,2355,2514,2402,2159,2228,2288,2634,2597,2487,2430,2178,2354,2276,2734,2943,2815,2508,2435,2441,2283,2222,2424,2684,2597,2411,2285,2224,2216,2235,2722,2914,2706,2441,2350,2340,2295,2281,2336,2599,2546,2333,2259,2224,2352,2347,2642,3246,3034,2335,2343,2367,2319,2255,2466,2587,2533,2371,2366,2403,2344,2291,3017,3573,3363,2487,2366,2385,2392,2330,2454,2583,2633,2460,2507,2477,2412,2363,3345,3526,3315,2368,2330,2187,2238,2328,2394,2667,2641,2442,2415,2512,2370,2362,3301,3187,2947,2272,2296,2128,2280,2252,2211,2481,2488,2315,2328,2360,2349,2180,2977,2783,2565,2477,2417,2297,2356,2335,2277,2307,2288,2404,2364,2353,2307,2224,2557,2652,2529,2502,2358,2431,2486,2406,2345,2325,2308,2222,2293,2214,2188,2189,2490,2741,2625,2327,2238,2483,2493,2462,2441,2282,2290,2302,2300,2242,2334,2261,2508,2813,2592,2302,2312,2411,2414,2417,2347,2216,2219,2404,2405,2384,2336,2349,2621,2898,2699,2241,2412,2400,2484,2580,2454,2420,2573,2413,2429,2370,2301,2425,2679,3071,2884,2406,2236,2430,2381,2517,2406,2470,2592,2352,2445,2441,2286,2357,2833,3933,3708,2597,2238,2453,2379,2384,2288,2206,2368,2209,2376,2420,2324,2647,3717,4424,4201,3103,2606,2642,2440,2402,2947,2949,2604,2306,2417,2437,2676,3050,4201,4549,4332,3233,2859,2740,2783,2532,3140,3288,2937,2629,2461,2589,2859,3163,4325,4204,4008,3016,2788,2604,2814,2785,3373,3418,3005,2723,2430,2394,2704,3024,3941,4170,3941,2811,2585,2409,2683,2742,3212,3301,3055,2614,2568,2452,2459,2856,3947,3695,3485,2561,2357,2444,2353,2301,2718,3009,2881,2548,2446,2440,2374,2665,3473,3468,3252,2427,2366,2471,2295,2356,2682,2794,2579,2406,2491,2514,2480,2456,3242,3371,3172,2316,2394,2368,2281,2347,2686,2761,2502,2373,2480,2389,2372,2342,3149,3408,3188,2359,2390,2299,2372,2375,2604,2619,2376,2290,2393,2381,2222,2331,3184,3226,3005,2417,2281,2212,2198,2394,2445,2538,2462,2351,2351,2351,2356,2260,3002,3203,2965,2301,2257,2237,2253,2362,2458,2582,2426,2399,2377,2370,2453,2345,2996,3106,2906,2385,2336,2335,2364,2265,2323,2374,2402,2289,2296,2346,2451,2279,2890,2993,2822,2442,2375,2414,2444,2326,2385,2181,2301,2341,2239,2289,2367,2336,2746,2803,2610,2395,2400,2361,2388,2465,2497,2454,2326,2438,2362,2344,2416,2399,2548,3097,2845,2494,2313,2449,2415,2560,2601,2599,2515,2413,2478,2493,2420,2526,2868,3508,3285,2469,2458,2431,2381,2545,2623,2669,2568,2555,2548,2557,2479,2381,3263,3702,3464,2356,2524,2415,2456,2549,2589,2688,2552,2496,2480,2465,2443,2439,3479,3648,3412,2321,2410,2402,2440,2374,2290,2435,2542,2416,2391,2388,2310,2495,3436,3541,3314,2373,2455,2307,2368,2298,2340,2465,2370,2367,2279,2324,2456,2494,3328,3411,3194,2371,2323,2379,2212,2387,2544,2407,2262,2299,2312,2329,2379,2354,3188,3208,3038,2458,2441,2311,2202,2400,2719,2682,2269,2388,2381,2334,2456,2481,2931,2800,2673,2434,2504,2390,2378,2441,2741,2694,2465,2359,2234,2358,2286,2395,2561,2935,2659,2357,2408,2444,2456,2450,2725,2625,2470,2419,2425,2369,2401,2426,2816,2920,2799,2375,2351,2195,2377,2364,2671,2660,2438,2270,2399,2284,2438,2501,2868,2915,2761,2449,2388,2228,1895,2331,2488,2572,2559,2403,2450,2334,2361,2596,2865,2997,2741,2295,2383,2285,2212,2300,2465,2383,2449,2504,2525,2448,2413,2449,2856,2896,2706,2451,2304,2385,2350,2454,2566,2712,2623,2659,2544,2490,2483,2446,2777,3054,2895,2404,2381,2376,2235,2301,2578,2633,2632,2612,2449,2252,2434,2545,2806,2906,2709,2340,2209,2295,2313,2278,2544,2592,2462,2398,2402,2203,2265,2301,2685,3062,2874,2284,2234,2267,2293,2422,2412,2511,2354,2405,2397,2310,2243,2431,2915,3147,2956,2408,2469,2470,2315,2445,2550,2718,2561,2432,2387,2399,2421,2570,2982,3325,3091,2449,2541,2505,2408,2323,2696,2833,2625,2429,2475,2468,2436,2412,3110,3297,3074,2340,2451,2324,2418,2378,2408,2583,2537,2414,2435,2400,2399,2224,3043,2920,2679,2338,2391,2353,2453,2382,2333,2391,2449,2319,2124,2196,2407,2261,2673,2930,2821,2446,2428,2402,2518,2382,2513,2537,2298,2205,2263,2375,2394,2489,2701,3068,2918,2469,2454,2519,2449,2322,2569,2699,2423,2416,2286,2364,2457,2562,2847,3263,3048,2255,2353,2365,2362,2237,2416,2533,2560,2430,2248,2384,2468,2444,3046,3286,3060,2324,2355,2334,2391,2394,2376,2552,2571,2400,2382,2347,2313,2311,3073,3063,2836,2423,2339,2198,2289,2415,2456,2575,2463,2398,2488,2286,2189,2192,2840,2871,2646,2406,2396,2313,2365,2431,2366,2466,2270,2474,2504,2224,2266,2318,2692,2731,2567,2443,2404,2342,2236,2386,2317,2382,2311,2352,2345,2401,2372,2302,2549,2991,2867,2466,2314,2249,2210,2205,2351,2368,2261,2289,2303,2409,2360,2393,2755,3255,3040,2502,2406,2247,2311,2176,2346,2352,2340,2277,2293,2289,2242,2413,3053,3097,2857,2197,2242,2233,2360,2301,2394,2325,2304,2297,2245,2229,2258,2307,2889,2988,2781,2345,2343,2304,2335,2415,2486,2453,2305,2416,2317,2285,2161,2361,2681,3530,3315,2548,2388,2198,2343,2304,2596,2744,2516,2461,2374,2323,2377,2469,3308,3674,3453,2567,2465,2149,2235,2265,2855,2915,2757,2525,2384,1984,2331,2503,3453,3569,3352,2365,2506,2321,2283,2373,2804,2879,2741,2498,2299,2318,2374,2337,3347,3718,3495,2353,2430,2296,2348,2394,2482,2573,2491,2275,2223,2230,2355,2443,3499,4019,3794,2665,2474,2331,2370,2353,2459,2557,2424,2300,2362,2350,2449,2589,3796,4041,3813,2676,2490,2369,2328,2338,2401,2385,2352,2281,2231,2505,2360,2688,3817,3862,3638,2629,2206,2264,2329,2351,2328,2502,2413,2335,2290,2414,2372,2593,3638,3506,3298,2452,2113,2196,2332,2336,2270,2430,2355,2264,2316,2151,2219,2444,3287,3161,2953,2340,2309,2283,2342,2260,2337,2332,2274,2207,2315,2381,2332,2331,2906,2966,2780,2346,2249,2287,2265,2249,2253,2322,2290,2264,2230,2321,2385,2333,2719,2742,2603,2229,2181,2327,2249,2274,2328,2366,2353,2345,2326,2308,2269,2251,2616,2834,2628,2232,2250,2259,2297,2218,2316,2303,2405,2328,2334,2274,2309,2277,2647,2786,2560,2276,2166,2250,2249,2107,2269,2438,2353,2318,2308,2278,2323,2236,2606,2882,2667,2125,2234,2338,2216,2031,2055,2342,2253,2333,2353,2237,2171,2299,2677,3039,2825,2113,2019,2128,2260,2182,2146,2287,2272,2320,2267,2257,2043,2196,2833,3262,3045,2208,2046,2235,2251,2133,2207,2201,2145,2198,2165,2135,2151,2166,3044,3224,2998,2207,1998,2036,2016,1970,2112,2152,2253,2105,2127,2030,2116,2226,3003,2992,2759,2072,2056,1901,2153,1960,2093,2159,2113,2088,2001,2035,2018,2158,2774,2601,2356,2206,2136,2074,1930,1998,2098,2159,2079,2100,2024,1967,2097,2092,2431,2566,2404,2087,2103,2150,2056,2096,2216,2350,2253,2014,2110,1950,1994,2075,2420,2559,2288,2049,1891,2076,2091,2119,2303,2452,2256,2133,2043,1889,1995,2114,2186
,,,,,,,,,,,,,,,,,,,,,,,,,,,,,,,,,,,,,,,,,,,,,,,,,,,,,,,,,,,,,,,,,,,,,,,,,,,,,,,,,,,,,,,,,,,,,,,,,,,,,,,,,,,,,,,,,,,,,,,,,,,,,,,,,,,,,,,,,,,,,,,,,,,,,,,,,,,,,,,,,,,,,,,,,,,,,,,,,,,,,,,,,,,,,,,,,,,,,,,,,,,,,,,,,,,,,,,,,,,,,,,,,,,,,,,,,,,,,,,,,,,,,,,,,,,,,,,,,,,,,,,,,,,,,,,,,,,,,,,,,,,,,,,,,,,,,,,,,,,,,,,,,,,,,,,,,,,,,,,,,,,,,,,,,,,,,,,,,,,,,,,,,,,,,,,,,,,,,,,,,,,,,,,,,,,,,,,,,,,,,,,,,,,,,,,,,,,,,,,,,,,,,,,,,,,,,,,,,,,,,,,,,,,,,,,,,,,,,,,,,,,,,,,,,,,,,,,,,,,,,,,,,,,,,,,,,,,,,,,,,,,,,,,,,,,,,,,,,,,,,,,,,,,,,,,,,,,,,,,,,,,,,,,,,,,,,,,,,,,,,,,,,,,,,,,,,,,,,,,,,,,,,,,,,,,,,,,,,,,,,,,,,,,,,,,,,,,,,,,,,,,,,,,,,,,,,,,,,,,,,,,,,,,,,,,,,,,,,,,,,,,,,,,,,,,,,,,,,,,,,,,,,,,,,,,,,,,,,,,,,,,,,,,,,,,,,,,,,,,,,,,,,,,,,,,,,,,,,,,,,,,,,,,,,,,,,,,,,,,,,,,,,,,,,,,,,,,,,,,,,,,,,,,,,,,,,,,,,,,,,,,,,,,,,,,,,,,,,,,,,,,,,,,,,,,,,,,,,,,,,,,,,,,,,,,,,,,,,,,,,,,,,,,,,,,,,,,,,,,,,,,,,,,,,,,,,,,,,,,,,,,,,,,,,,,,,,,,,,,,,,,,,,,,,,,,,,,,,,,,,,,,,,,,,,,,,,,,,,,,,,,,,,,,,,,,,,,,,,,,,,,,,,,,,,,,,,,,,,,,,,,,,,,,,,,,,,,,,,,,,,,,,,,,,,,,,,,,,,,,,,,,,,,,,,,,,,,,,,,,,,,,,,,,,,,,,,,,,,,,,,,,,,,,,,,,,,,,,,,,,,,,,,,,,,,,,,,,,,,,,,,,,,,,,,,,,,,,,,,,,,,,,,,,,,,,,,,,,,,,,,,,,,,,,,,,,,,,,,,,,,,,,,,,,,,,,,,,,,,,,,,,,,,,,,,,,,,,,,,,,,,,,,,,,,,,,,,,,,,,,,,,,,,,,,,,,,,,,,,,,,,,,,,,,,,,,,,,,,,,,,,,,,,,,,,,,,,,,,,,,,,,,,,,,,,,,,,,,,,,,,,,,,,,,,,,,,,,,,,,,,,,,,,,,,,,,,,,,,,,,,,,,,,,,,,,,,,,,,,,,,,,,,,,,,,,,,,,,,,,,,,,,,,,,,,,,,,,,,,,,,,,,,,,,,,,,,,,,,,,,,,,,,,,,,,,,,,,,,,,,,,,,,,,,,,,,,,,,,,,,,,,,,,,,,,,,,,,,,,,,,,,,,,,,,,,,,,,,,,,,,,,,,,,,,,,,,,,,,,,,,,,,,,,,,,,,,,,,,,,,,,,,,,,,,,,,,,,,,,,,,,,,,,,,,,,,,,,,,,,,,,,,,,,,,,,,,,,,,,,,,,,,,,,,,,,,,,,,,,,,,,,,,,,,,,,,,,,,,,,,,,,,,,,,,,,,,,,,,,,,,,,,,,,,,,,,,,,,,,,,,,,,,,,,,,,,,,,,,,,,,,,,,,,,,,,,,,,,,,,,,,,,,,,,,,,,,,,,,,,,,,,,,,,,,,,,,,,,,,,,,,,,,,,,,,,,,,,,,,,,,,,,,,,,,,,,,,,,,,,,,,,,,,,,,,,,,,,,,,,,,,,,,,,,,,,,,,,,,,,,,,,,,,,,,,,,,,,,,,,,,,,,,,,,,,,,,,,,,,,,,,,,,,,,,,,,,,,,,,,,,,,,,,,,,,,,,,,,,,,,,,,,,,,,,,,,,,,,,,,,,,,,,,,,,,,,,,,,,,,,,,,,,,,,,,,,,,,,,,,,,,,,,,,,,,,,,,,,,,,,,,,,,,,,,,,,,,,,,,,,,,,,,,,,,,,,,,,,,,,,,,,,,,
,,,,,,,,,,,,,,,,,,,,,,,,,,,,,,,,,,,,,,,,,,,,,,,,,,,,,,,,,,,,,,,,,,,,,,,,,,,,,,,,,,,,,,,,,,,,,,,,,,,,,,,,,,,,,,,,,,,,,,,,,,,,,,,,,,,,,,,,,,,,,,,,,,,,,,,,,,,,,,,,,,,,,,,,,,,,,,,,,,,,,,,,,,,,,,,,,,,,,,,,,,,,,,,,,,,,,,,,,,,,,,,,,,,,,,,,,,,,,,,,,,,,,,,,,,,,,,,,,,,,,,,,,,,,,,,,,,,,,,,,,,,,,,,,,,,,,,,,,,,,,,,,,,,,,,,,,,,,,,,,,,,,,,,,,,,,,,,,,,,,,,,,,,,,,,,,,,,,,,,,,,,,,,,,,,,,,,,,,,,,,,,,,,,,,,,,,,,,,,,,,,,,,,,,,,,,,,,,,,,,,,,,,,,,,,,,,,,,,,,,,,,,,,,,,,,,,,,,,,,,,,,,,,,,,,,,,,,,,,,,,,,,,,,,,,,,,,,,,,,,,,,,,,,,,,,,,,,,,,,,,,,,,,,,,,,,,,,,,,,,,,,,,,,,,,,,,,,,,,,,,,,,,,,,,,,,,,,,,,,,,,,,,,,,,,,,,,,,,,,,,,,,,,,,,,,,,,,,,,,,,,,,,,,,,,,,,,,,,,,,,,,,,,,,,,,,,,,,,,,,,,,,,,,,,,,,,,,,,,,,,,,,,,,,,,,,,,,,,,,,,,,,,,,,,,,,,,,,,,,,,,,,,,,,,,,,,,,,,,,,,,,,,,,,,,,,,,,,,,,,,,,,,,,,,,,,,,,,,,,,,,,,,,,,,,,,,,,,,,,,,,,,,,,,,,,,,,,,,,,,,,,,,,,,,,,,,,,,,,,,,,,,,,,,,,,,,,,,,,,,,,,,,,,,,,,,,,,,,,,,,,,,,,,,,,,,,,,,,,,,,,,,,,,,,,,,,,,,,,,,,,,,,,,,,,,,,,,,,,,,,,,,,,,,,,,,,,,,,,,,,,,,,,,,,,,,,,,,,,,,,,,,,,,,,,,,,,,,,,,,,,,,,,,,,,,,,,,,,,,,,,,,,,,,,,,,,,,,,,,,,,,,,,,,,,,,,,,,,,,,,,,,,,,,,,,,,,,,,,,,,,,,,,,,,,,,,,,,,,,,,,,,,,,,,,,,,,,,,,,,,,,,,,,,,,,,,,,,,,,,,,,,,,,,,,,,,,,,,,,,,,,,,,,,,,,,,,,,,,,,,,,,,,,,,,,,,,,,,,,,,,,,,,,,,,,,,,,,,,,,,,,,,,,,,,,,,,,,,,,,,,,,,,,,,,,,,,,,,,,,,,,,,,,,,,,,,,,,,,,,,,,,,,,,,,,,,,,,,,,,,,,,,,,,,,,,,,,,,,,,,,,,,,,,,,,,,,,,,,,,,,,,,,,,,,,,,,,,,,,,,,,,,,,,,,,,,,,,,,,,,,,,,,,,,,,,,,,,,,,,,,,,,,,,,,,,,,,,,,,,,,,,,,,,,,,,,,,,,,,,,,,,,,,,,,,,,,,,,,,,,,,,,,,,,,,,,,,,,,,,,,,,,,,,,,,,,,,,,,,,,,,,,,,,,,,,,,,,,,,,,,,,,,,,,,,,,,,,,,,,,,,,,,,,,,,,,,,,,,,,,,,,,,,,,,,,,,,,,,,,,,,,,,,,,,,,,,,,,,,,,,,,,,,,,,,,,,,,,,,,,,,,,,,,,,,,,,,,,,,,,,,,,,,,,,,,,,,,,,,,,,,,,,,,,,,,,,,,,,,,,,,,,,,,,,,,,,,,,,,,,,,,,,,,,,,,,,,,,,,,,,,,,,,,,,,,,,,,,,,,,,,,,,,,,,,,,,,,,,,,,,,,,,,,,,,,,,,,,,,,,,,,,,,,,,,,,,,,,,,,,,,,,,,,,,,,,,,,,,,,,,,,,,,,,,,,,,,,,,,,,,,,,,,,,,,,,,,,,,,,,,,,,,,,,,,,,,,,,,,,,,,,,,,,,,,,,,,,,,,,,,,,,,,,,,,,,,,,,,,,,,,,,,,,,,,,,,,,,,,,,,,,,,,,,,,,,,,,,,,,,,,,,,,,,,,,,,,,,,,,,,,,,,,,,,,,,,,,,,,,,,,,,,,,,,,,,,,,,,,,,,,,,,,,,,,,,,,,,,,,,,,,,,,
,,,,,,,,,,,,,,,,,,,,,,,,,,,,,,,,,,,,,,,,,,,,,,,,,,,,,,,,,,,,,,,,,,,,,,,,,,,,,,,,,,,,,,,,,,,,,,,,,,,,,,,,,,,,,,,,,,,,,,,,,,,,,,,,,,,,,,,,,,,,,,,,,,,,,,,,,,,,,,,,,,,,,,,,,,,,,,,,,,,,,,,,,,,,,,,,,,,,,,,,,,,,,,,,,,,,,,,,,,,,,,,,,,,,,,,,,,,,,,,,,,,,,,,,,,,,,,,,,,,,,,,,,,,,,,,,,,,,,,,,,,,,,,,,,,,,,,,,,,,,,,,,,,,,,,,,,,,,,,,,,,,,,,,,,,,,,,,,,,,,,,,,,,,,,,,,,,,,,,,,,,,,,,,,,,,,,,,,,,,,,,,,,,,,,,,,,,,,,,,,,,,,,,,,,,,,,,,,,,,,,,,,,,,,,,,,,,,,,,,,,,,,,,,,,,,,,,,,,,,,,,,,,,,,,,,,,,,,,,,,,,,,,,,,,,,,,,,,,,,,,,,,,,,,,,,,,,,,,,,,,,,,,,,,,,,,,,,,,,,,,,,,,,,,,,,,,,,,,,,,,,,,,,,,,,,,,,,,,,,,,,,,,,,,,,,,,,,,,,,,,,,,,,,,,,,,,,,,,,,,,,,,,,,,,,,,,,,,,,,,,,,,,,,,,,,,,,,,,,,,,,,,,,,,,,,,,,,,,,,,,,,,,,,,,,,,,,,,,,,,,,,,,,,,,,,,,,,,,,,,,,,,,,,,,,,,,,,,,,,,,,,,,,,,,,,,,,,,,,,,,,,,,,,,,,,,,,,,,,,,,,,,,,,,,,,,,,,,,,,,,,,,,,,,,,,,,,,,,,,,,,,,,,,,,,,,,,,,,,,,,,,,,,,,,,,,,,,,,,,,,,,,,,,,,,,,,,,,,,,,,,,,,,,,,,,,,,,,,,,,,,,,,,,,,,,,,,,,,,,,,,,,,,,,,,,,,,,,,,,,,,,,,,,,,,,,,,,,,,,,,,,,,,,,,,,,,,,,,,,,,,,,,,,,,,,,,,,,,,,,,,,,,,,,,,,,,,,,,,,,,,,,,,,,,,,,,,,,,,,,,,,,,,,,,,,,,,,,,,,,,,,,,,,,,,,,,,,,,,,,,,,,,,,,,,,,,,,,,,,,,,,,,,,,,,,,,,,,,,,,,,,,,,,,,,,,,,,,,,,,,,,,,,,,,,,,,,,,,,,,,,,,,,,,,,,,,,,,,,,,,,,,,,,,,,,,,,,,,,,,,,,,,,,,,,,,,,,,,,,,,,,,,,,,,,,,,,,,,,,,,,,,,,,,,,,,,,,,,,,,,,,,,,,,,,,,,,,,,,,,,,,,,,,,,,,,,,,,,,,,,,,,,,,,,,,,,,,,,,,,,,,,,,,,,,,,,,,,,,,,,,,,,,,,,,,,,,,,,,,,,,,,,,,,,,,,,,,,,,,,,,,,,,,,,,,,,,,,,,,,,,,,,,,,,,,,,,,,,,,,,,,,,,,,,,,,,,,,,,,,,,,,,,,,,,,,,,,,,,,,,,,,,,,,,,,,,,,,,,,,,,,,,,,,,,,,,,,,,,,,,,,,,,,,,,,,,,,,,,,,,,,,,,,,,,,,,,,,,,,,,,,,,,,,,,,,,,,,,,,,,,,,,,,,,,,,,,,,,,,,,,,,,,,,,,,,,,,,,,,,,,,,,,,,,,,,,,,,,,,,,,,,,,,,,,,,,,,,,,,,,,,,,,,,,,,,,,,,,,,,,,,,,,,,,,,,,,,,,,,,,,,,,,,,,,,,,,,,,,,,,,,,,,,,,,,,,,,,,,,,,,,,,,,,,,,,,,,,,,,,,,,,,,,,,,,,,,,,,,,,,,,,,,,,,,,,,,,,,,,,,,,,,,,,,,,,,,,,,,,,,,,,,,,,,,,,,,,,,,,,,,,,,,,,,,,,,,,,,,,,,,,,,,,,,,,,,,,,,,,,,,,,,,,,,,,,,,,,,,,,,,,,,,,,,,,,,,,,,,,,,,,,,,,,,,,,,,,,,,,,,,,,,,,,,,,,,,,,,,,,,,,,,,,,,,,,,,,,,,,,,,,,,,,,,,,,,,,,,,,,,,,,,,,,,,,,,,,,,,,,,,,,,,,,,,,,,,,,,,,,,,,,,,,,,,,,,,,,,,,,,,,,,,,
,,,,,,,,,,,,,,,,,,,,,,,,,,,,,,,,,,,,,,,,,,,,,,,,,,,,,,,,,,,,,,,,,,,,,,,,,,,,,,,,,,,,,,,,,,,,,,,,,,,,,,,,,,,,,,,,,,,,,,,,,,,,,,,,,,,,,,,,,,,,,,,,,,,,,,,,,,,,,,,,,,,,,,,,,,,,,,,,,,,,,,,,,,,,,,,,,,,,,,,,,,,,,,,,,,,,,,,,,,,,,,,,,,,,,,,,,,,,,,,,,,,,,,,,,,,,,,,,,,,,,,,,,,,,,,,,,,,,,,,,,,,,,,,,,,,,,,,,,,,,,,,,,,,,,,,,,,,,,,,,,,,,,,,,,,,,,,,,,,,,,,,,,,,,,,,,,,,,,,,,,,,,,,,,,,,,,,,,,,,,,,,,,,,,,,,,,,,,,,,,,,,,,,,,,,,,,,,,,,,,,,,,,,,,,,,,,,,,,,,,,,,,,,,,,,,,,,,,,,,,,,,,,,,,,,,,,,,,,,,,,,,,,,,,,,,,,,,,,,,,,,,,,,,,,,,,,,,,,,,,,,,,,,,,,,,,,,,,,,,,,,,,,,,,,,,,,,,,,,,,,,,,,,,,,,,,,,,,,,,,,,,,,,,,,,,,,,,,,,,,,,,,,,,,,,,,,,,,,,,,,,,,,,,,,,,,,,,,,,,,,,,,,,,,,,,,,,,,,,,,,,,,,,,,,,,,,,,,,,,,,,,,,,,,,,,,,,,,,,,,,,,,,,,,,,,,,,,,,,,,,,,,,,,,,,,,,,,,,,,,,,,,,,,,,,,,,,,,,,,,,,,,,,,,,,,,,,,,,,,,,,,,,,,,,,,,,,,,,,,,,,,,,,,,,,,,,,,,,,,,,,,,,,,,,,,,,,,,,,,,,,,,,,,,,,,,,,,,,,,,,,,,,,,,,,,,,,,,,,,,,,,,,,,,,,,,,,,,,,,,,,,,,,,,,,,,,,,,,,,,,,,,,,,,,,,,,,,,,,,,,,,,,,,,,,,,,,,,,,,,,,,,,,,,,,,,,,,,,,,,,,,,,,,,,,,,,,,,,,,,,,,,,,,,,,,,,,,,,,,,,,,,,,,,,,,,,,,,,,,,,,,,,,,,,,,,,,,,,,,,,,,,,,,,,,,,,,,,,,,,,,,,,,,,,,,,,,,,,,,,,,,,,,,,,,,,,,,,,,,,,,,,,,,,,,,,,,,,,,,,,,,,,,,,,,,,,,,,,,,,,,,,,,,,,,,,,,,,,,,,,,,,,,,,,,,,,,,,,,,,,,,,,,,,,,,,,,,,,,,,,,,,,,,,,,,,,,,,,,,,,,,,,,,,,,,,,,,,,,,,,,,,,,,,,,,,,,,,,,,,,,,,,,,,,,,,,,,,,,,,,,,,,,,,,,,,,,,,,,,,,,,,,,,,,,,,,,,,,,,,,,,,,,,,,,,,,,,,,,,,,,,,,,,,,,,,,,,,,,,,,,,,,,,,,,,,,,,,,,,,,,,,,,,,,,,,,,,,,,,,,,,,,,,,,,,,,,,,,,,,,,,,,,,,,,,,,,,,,,,,,,,,,,,,,,,,,,,,,,,,,,,,,,,,,,,,,,,,,,,,,,,,,,,,,,,,,,,,,,,,,,,,,,,,,,,,,,,,,,,,,,,,,,,,,,,,,,,,,,,,,,,,,,,,,,,,,,,,,,,,,,,,,,,,,,,,,,,,,,,,,,,,,,,,,,,,,,,,,,,,,,,,,,,,,,,,,,,,,,,,,,,,,,,,,,,,,,,,,,,,,,,,,,,,,,,,,,,,,,,,,,,,,,,,,,,,,,,,,,,,,,,,,,,,,,,,,,,,,,,,,,,,,,,,,,,,,,,,,,,,,,,,,,,,,,,,,,,,,,,,,,,,,,,,,,,,,,,,,,,,,,,,,,,,,,,,,,,,,,,,,,,,,,,,,,,,,,,,,,,,,,,,,,,,,,,,,,,,,,,,,,,,,,,,,,,,,,,,,,,,,,,,,,,,,,,,,,,,,,,,,,,,,,,,,,,,,,,,,,,,,,,,,,,,,,,,,,,,,,,,,,,,,,,,,,,,,,,,,,,,,,,,,,,,,,,,,,,,,,,,,,,,,,,,,,,,,,,,,,,,,,,,,,,,,,,,,,,,,,,,,,,,,,,,,,,,,,,,,,,,,,,,,,,,,,,,,,,,,,,,,,,,,,,
,,,,,,,,,,,,,,,,,,,,,,,,,,,,,,,,,,,,,,,,,,,,,,,,,,,,,,,,,,,,,,,,,,,,,,,,,,,,,,,,,,,,,,,,,,,,,,,,,,,,,,,,,,,,,,,,,,,,,,,,,,,,,,,,,,,,,,,,,,,,,,,,,,,,,,,,,,,,,,,,,,,,,,,,,,,,,,,,,,,,,,,,,,,,,,,,,,,,,,,,,,,,,,,,,,,,,,,,,,,,,,,,,,,,,,,,,,,,,,,,,,,,,,,,,,,,,,,,,,,,,,,,,,,,,,,,,,,,,,,,,,,,,,,,,,,,,,,,,,,,,,,,,,,,,,,,,,,,,,,,,,,,,,,,,,,,,,,,,,,,,,,,,,,,,,,,,,,,,,,,,,,,,,,,,,,,,,,,,,,,,,,,,,,,,,,,,,,,,,,,,,,,,,,,,,,,,,,,,,,,,,,,,,,,,,,,,,,,,,,,,,,,,,,,,,,,,,,,,,,,,,,,,,,,,,,,,,,,,,,,,,,,,,,,,,,,,,,,,,,,,,,,,,,,,,,,,,,,,,,,,,,,,,,,,,,,,,,,,,,,,,,,,,,,,,,,,,,,,,,,,,,,,,,,,,,,,,,,,,,,,,,,,,,,,,,,,,,,,,,,,,,,,,,,,,,,,,,,,,,,,,,,,,,,,,,,,,,,,,,,,,,,,,,,,,,,,,,,,,,,,,,,,,,,,,,,,,,,,,,,,,,,,,,,,,,,,,,,,,,,,,,,,,,,,,,,,,,,,,,,,,,,,,,,,,,,,,,,,,,,,,,,,,,,,,,,,,,,,,,,,,,,,,,,,,,,,,,,,,,,,,,,,,,,,,,,,,,,,,,,,,,,,,,,,,,,,,,,,,,,,,,,,,,,,,,,,,,,,,,,,,,,,,,,,,,,,,,,,,,,,,,,,,,,,,,,,,,,,,,,,,,,,,,,,,,,,,,,,,,,,,,,,,,,,,,,,,,,,,,,,,,,,,,,,,,,,,,,,,,,,,,,,,,,,,,,,,,,,,,,,,,,,,,,,,,,,,,,,,,,,,,,,,,,,,,,,,,,,,,,,,,,,,,,,,,,,,,,,,,,,,,,,,,,,,,,,,,,,,,,,,,,,,,,,,,,,,,,,,,,,,,,,,,,,,,,,,,,,,,,,,,,,,,,,,,,,,,,,,,,,,,,,,,,,,,,,,,,,,,,,,,,,,,,,,,,,,,,,,,,,,,,,,,,,,,,,,,,,,,,,,,,,,,,,,,,,,,,,,,,,,,,,,,,,,,,,,,,,,,,,,,,,,,,,,,,,,,,,,,,,,,,,,,,,,,,,,,,,,,,,,,,,,,,,,,,,,,,,,,,,,,,,,,,,,,,,,,,,,,,,,,,,,,,,,,,,,,,,,,,,,,,,,,,,,,,,,,,,,,,,,,,,,,,,,,,,,,,,,,,,,,,,,,,,,,,,,,,,,,,,,,,,,,,,,,,,,,,,,,,,,,,,,,,,,,,,,,,,,,,,,,,,,,,,,,,,,,,,,,,,,,,,,,,,,,,,,,,,,,,,,,,,,,,,,,,,,,,,,,,,,,,,,,,,,,,,,,,,,,,,,,,,,,,,,,,,,,,,,,,,,,,,,,,,,,,,,,,,,,,,,,,,,,,,,,,,,,,,,,,,,,,,,,,,,,,,,,,,,,,,,,,,,,,,,,,,,,,,,,,,,,,,,,,,,,,,,,,,,,,,,,,,,,,,,,,,,,,,,,,,,,,,,,,,,,,,,,,,,,,,,,,,,,,,,,,,,,,,,,,,,,,,,,,,,,,,,,,,,,,,,,,,,,,,,,,,,,,,,,,,,,,,,,,,,,,,,,,,,,,,,,,,,,,,,,,,,,,,,,,,,,,,,,,,,,,,,,,,,,,,,,,,,,,,,,,,,,,,,,,,,,,,,,,,,,,,,,,,,,,,,,,,,,,,,,,,,,,,,,,,,,,,,,,,,,,,,,,,,,,,,,,,,,,,,,,,,,,,,,,,,,,,,,,,,,,,,,,,,,,,,,,,,,,,,,,,,,,,,,,,,,,,,,,,,,,,,,,,,,,,,,,,,,,,,,,,,,,,,,,,,,,,,,,,,,,,,,,,,,,,,,,,,,,,,,,,,,,,,,,,,,,,,,,,,,,,,,,,,,,,,,,,,,,,,,,,,,,,,,,,,,,,,,,,,,,,,,,,,,,,,,,,,,
3481,3290,2436,2408,2334,2436,2380,2335,2189,2335,2380,2436,2334,2408,2436,3290,3713,3482,2431,2230,2288,2390,2188,2263,2271,2207,2290,2317,2413,2435,2325,3482,4072,3851,2750,2436,2350,2316,2357,2341,2337,2084,2305,2296,2324,2435,2720,3851,4207,3982,2847,2520,2322,2305,2349,2301,2264,2116,2276,2251,2351,2448,2898,3985,4020,3798,2609,2457,2224,2273,2178,2344,2255,2080,2168,2230,2374,2429,2745,3802,3637,3406,2437,2351,2261,2284,2143,2299,2378,2276,2264,2184,2260,2334,2565,3434,3411,3170,2229,2230,2247,2261,2234,2173,2270,2213,2308,2322,2189,2191,2265,3203,3216,2988,2326,2173,2275,2333,2340,2137,2113,2229,2310,2175,2263,2108,2176,3012,3108,2887,2333,2297,2344,2379,2211,2194,2205,2272,2311,2108,1880,2140,2280,2921,2978,2778,2379,2293,2344,2357,2220,2297,2338,2340,2335,2255,2198,2271,2223,2803,3093,2816,2262,2200,2308,2465,2631,2755,2583,2312,2424,2269,2219,2090,2417,2971,3665,3442,3091,2837,2893,2692,3172,3536,3526,3227,2805,2831,2634,2866,3396,3677,4430,4166,3490,3655,3640,3767,4031,4288,4185,3570,3734,3680,3299,3507,4053,4374,4603,4264,3930,4021,3970,4047,4300,4506,4358,3880,4113,4021,3633,3765,4209,4524,4402,4011,3806,4033,3927,3972,4180,4340,4184,4100,4139,4022,3598,3759,3740,4267,4426,4122,3632,3766,3620,3689,3622,3623,3558,3866,3867,3721,3283,3553,3775,4213,4506,4264,3313,3414,3332,3193,3154,3402,3373,3286,3339,3317,3102,2956,3287,4292,4448,4224,3200,3263,3144,3092,2975,2941,3238,3115,3015,3040,3109,3028,3105,4224,4231,4001,3372,3481,3182,3273,3210,3389,3382,3360,3227,3141,3353,3330,3203,4034,4026,3799,3325,3447,3017,3290,3248,3507,3526,3389,3218,3147,3329,3294,3151,3789,3841,3665,3189,3038,3070,3076,2945,3710,3862,3612,3021,3193,3065,3111,3024,3683,4522,4293,3238,2861,3379,3361,3071,3795,4016,3800,3326,3411,3209,3324,3308,4309,4673,4450,3392,3070,3359,3485,3224,3674,3902,3639,3271,3348,3308,3520,3397,4461,4482,4256,3218,3021,3165,3355,3167,3303,3495,3090,3002,3130,3193,3373,3209,4260,4014,3796,3052,2430,2876,3099,2929,3147,3252,3039,2924,2720,2889,3161,3187,3774,3781,3555,2764,2632,2843,2846,2891,3084,3224,3038,2698,2581,2764,2927,3098,3553,3837,3612,2759,2577,2800,2801,2808,2932,3125,2992,2428,2499,2473,2710,2938,3624,3723,3502,2691,2494,2580,2618,2461,2809,3071,2939,2483,2455,2593,2605,2862,3506,3394,3110,2529,2435,2440,2444,2657,2832,2931,2799,2508,2383,2469,2296,2807,3214,3492,3275,2490,2300,2331,2539,2588,2832,2943,2816,2478,2544,2441,2498,2758,3286,3593,3388,2515,2277,2420,2537,2865,3020,3006,2771,2415,2494,2420,2557,2595,3347,3422,3177,2443,2352,2367,2591,2920,3022,2936,2650,2477,2502,2392,2540,2703,3173,3085,2882,2410,2415,2381,2422,2617,2749,2660,2595,2457,2282,2377,2365,2477,2858,3018,2806,2390,2501,2487,2495,2549,2634,2688,2585,2323,2299,2014,2257,2578,2856,3171,2877,2402,2414,2553,2516,2572,2688,2727,2646,2320,2304,2388,2392,2469,2883,3123,2952,2341,2300,2395,2442,2484,2530,2590,2401,2169,2296,2202,2197,2385,2867,3037,2833,2400,2276,2315,2358,2316,2583,2583,2304,2169,2151,2341,2299,2294,2833,2972,2789,2300,2264,2315,2414,2338,2594,2657,2418,2292,2322,2420,2406,2389,2729,2990,2789,2339,2270,2343,2337,2336,2683,2817,2577,2381,2323,2319,2364,2492,2765,2820,2665,2390,2240,2238,2246,2349,2758,2824,2533,2358,2261,2398,2428,2422,2643,2754,2574,2363,2208,2285,2386,2479,2720,2736,2366,2253,2421,2449,2365,2387,2660,2570,2564,2407,2382,2373,2391,2431,2568,2667,2461,2265,2438,2344,2458,2536,2476,2955,2741,2280,2377,2359,2432,2458,2465,2682,2612,2253,2424,2186,2225,2521,2740,2897,2621,2135,2318,2350,2377,2338,2571,2638,2572,2446,2374,2359,2305,2413,2710,2778,2557,2323,2305,2447,2369,2381,2459,2449,2573,2456,2396,2433,2467,2539,2581,2874,2656,2419,2233,2291,2344,2405,2635,2595,2462,2350,2331,2337,2417,2437,2733,2981,2777,2469,2313,2250,2399,2409,2717,2682,2555,2172,2427,2395,2328,2401,2779,2912,2682,2405,2255,2241,2407,2429,2579,2638,2582,2446,2339,2380,2402,2470,2686,2769,2527,2214,2350,2385,2378,2379,2496,2547,2564,2410,2397,2345,2163,2382,2561,2865,2613,2221,2415,2439,2282,2240,2510,2559,2520,2421,2399,2373,2316,2231,2667,2849,2712,2316,2293,2366,2242,2291,2565,2658,2510,2337,2465,2280,2458,2327,2626,2905,2749,2235,2271,2365,2220,2133,2495,2630,2437,2317,2365,2280,2365,2396,2667,3060,2795,2233,2385,2315,2174,2221,2367,2453,2373,2337,2334,2298,2263,2252,2897,3515,3282,2311,2315,2312,2275,2193,2268,2477,2437,2263,2391,2325,2309,2294,3291,3500,3267,2231,2336,2473,2406,2390,2468,2553,2327,2267,2325,2303,2368,2236,3278,3174,2916,2240,2303,2394,2353,2272,2347,2377,2420,2356,2331,2222,2193,2230,2952,2804,2459,2403,2410,2466,2289,2213,2232,2266,2315,2260,2254,2214,2071,2242,2657,2633,2544,2391,2278,2443,2304,2183,2181,2234,2372,2373,2268,2209,2169,2318,2522,2657,2457,2243,2348,2405,2370,2200,2214,2277,2327,2253,2072,2124,2233,2309,2495,2775,2542,2326,2365,2401,2385,2362,2174,2365,2209,2262,2259,2278,2209,2223,2574,2912,2713,2349,2170,2298,2522,2517,2344,2574,2582,2420,2428,2277,2415,2435,2717,2929,2736,2303,2333,2258,2530,2481,2403,2657,2611,2491,2585,2444,2479,2456,2756,3938,3716,2576,2508,2311,2283,2296,2402,2518,2146,2347,2466,2490,2425,2622,3717,4427,4201,3101,2719,2509,2320,2558,2923,3002,2790,2469,2424,2548,2720,3051,4203,4552,4329,3272,2861,2783,2781,2804,3261,3376,3113,2898,2786,2750,2927,3200,4329,4219,3998,3140,2893,2917,2890,2720,3298,3417,3180,2929,2896,2762,2878,3157,4012,4179,3969,2984,2587,2888,2709,2555,3118,3306,3078,2623,2722,2699,2636,2843,3952,3691,3490,2659,2522,2679,2463,2512,2679,2979,2847,2387,2468,2533,2555,2183,3448,3468,3238,2411,2398,2602,2464,2253,2354,2671,2578,2326,2407,2499,2368,2486,3262,3435,3229,2454,2417,2427,2376,2386,2545,2745,2584,2303,2101,2395,2360,2495,3224,3395,3175,2268,2390,2409,2289,2334,2348,2711,2602,2414,2417,2474,2331,2340,3155,3228,3007,2287,2223,2357,2282,2406,2423,2471,2403,2267,2324,2426,2400,2329,2999,3213,2986,2325,2312,2326,2329,2413,2405,2446,2359,2385,2230,2246,2259,2173,2986,3042,2786,2418,2423,2302,2367,2384,2459,2549,2400,2443,2391,2298,2139,2270,2824,2910,2672,2296,2329,2319,2312,2393,2391,2351,2186,2374,2341,2372,2421,2472,2768,2873,2547,2265,2172,2122,2174,2422,2397,2353,2227,2191,2259,2290,2450,2527,2785,3185,2953,2260,2227,2107,2225,2463,2406,2556,2385,2159,2149,2206,2427,2653,3041,3497,3307,2476,2498,2380,2286,2389,2584,2709,2437,2094,2425,2374,2340,2614,3228,3694,3476,2594,2583,2497,2444,2383,2627,2724,2533,2329,2448,2380,2217,2503,3466,3638,3407,2478,2477,2284,2345,2343,2341,2499,2556,2324,2381,2289,2318,2501,3422,3526,3302,2416,2405,2268,2259,2393,2327,2338,2282,2232,2290,2326,2435,2379,3315,3414,3200,2299,2394,2277,2325,2378,2405,2467,2388,2138,2274,2289,2429,2326,3191,3305,3108,2382,2376,2356,2271,2352,2602,2706,2592,2330,2123,2215,2351,2484,3083,2986,2786,2296,2371,2379,2344,2435,2592,2649,2587,2532,2301,2281,2356,2439,2819,2924,2706,2384,2384,2281,2444,2505,2544,2563,2454,2467,2205,2307,2327,2329,2668,3016,2772,2482,2517,2371,2368,2465,2662,2671,2419,2191,2288,2273,2373,2361,2815,3045,2744,2488,2408,2305,2355,2471,2708,2685,2266,2292,2350,2280,2411,2384,2892,2981,2764,2505,2171,2211,2276,2406,2563,2521,2455,2503,2421,2445,2501,2615,2813,3030,2821,2660,2362,2367,2450,2500,2687,2699,2665,2664,2422,2280,2562,2722,2889,3015,2885,2600,2248,2397,2376,2417,2584,2631,2700,2592,2288,2472,2512,2668,2892,2890,2702,2378,2292,2293,2297,2269,2397,2427,2503,2354,2390,2507,2378,2348,2689,3122,2900,2328,2220,2405,2462,2355,2393,2478,2460,2413,2423,2372,2336,2286,2929,3161,2900,2434,2336,2326,2422,2358,2669,2779,2533,2419,2285,2236,2427,2587,3040,3247,3041,2487,2370,2490,2489,2421,2669,2849,2657,2256,2148,2380,2413,2593,3096,3257,3050,2439,2379,2422,2362,2291,2362,2461,2318,2246,2228,2384,2369,2408,3033,3014,2786,2279,2296,2251,2186,2245,2397,2374,2269,2279,2194,2296,2202,2320,2775,3027,2788,2345,2422,2291,2268,2311,2595,2733,2589,2183,2302,2407,2452,2408,2838,3141,2947,2188,2456,2257,2271,2344,2546,2666,2572,2242,2372,2426,2459,2457,2896,3174,3008,2223,2209,2239,2235,2304,2216,2475,2373,2384,2364,2360,2362,2263,2916,3238,3038,2240,2336,2297,2376,2423,2365,2505,2432,2394,2315,2424,2337,2326,2962,2986,2795,2269,2283,2276,2301,2399,2414,2542,2463,2369,2318,2177,2250,2304,2785,2820,2594,2296,2298,2234,2156,2273,2400,2502,2307,2196,2178,2305,2221,2251,2582,2789,2593,2354,2463,2368,2255,2206,2435,2566,2443,2255,2193,2283,2356,2344,2520,2929,2731,2339,2436,2287,2115,2117,2350,2513,2464,2207,2137,2264,2335,2353,2721,3251,3014,2311,2333,2297,2133,2078,2350,2340,2156,2165,2124,2227,2325,2382,3043,3132,2900,2300,2289,2220,2179,2269,2278,2266,2201,2259,2300,2223,2231,2325,2926,2998,2775,2211,2292,2269,2213,2216,2390,2385,2320,2306,2167,2177,2161,2297,2745,3532,3309,2404,2224,2247,2081,2088,2556,2678,2425,2395,2285,2189,2292,2445,3319,3680,3461,2539,2256,2324,2363,2434,2853,2944,2764,2437,2226,2386,2418,2589,3456,3575,3359,2401,2363,2299,2465,2360,2834,2922,2778,2320,2200,2416,2328,2538,3349,3715,3497,2503,2350,2276,2260,2241,2547,2607,2550,2238,2347,2382,2438,2504,3489,4015,3794,2726,2438,2405,2288,2448,2586,2675,2524,2321,2446,2531,2573,2583,3781,4036,3815,2750,2431,2442,2258,2398,2471,2591,2512,2322,2347,2563,2486,2553,3800,3852,3631,2583,2270,2307,2221,2216,2484,2516,2451,2116,2276,2337,2210,2362,3617,3498,3275,2369,2187,2241,2273,2322,2393,2452,2398,2324,2369,2277,2241,2396,3274,3096,2910,2156,2119,2131,2209,2344,2326,2375,2236,2300,2359,2395,2173,2409,2925,3000,2805,2290,2198,2106,1975,2170,2339,2336,2142,2212,2285,2339,2181,2302,2726,2816,2579,2232,2265,2175,2195,2186,2244,2256,2286,2149,2219,2251,2321,2284,2620,2809,2500,2292,2210,2200,2299,2362,2286,2302,2388,2198,2230,2359,2437,2256,2651,2707,2453,2248,2244,2157,2252,2337,2301,2343,2358,2222,2178,2279,2348,2192,2449,2825,2590,2324,2100,2205,2003,2171,2160,2222,2173,2133,2184,2231,2231,2146,2550,3043,2821,2184,2242,2264,2174,2138,1978,2245,2187,2058,2209,1993,2166,2183,2799,3269,3052,1992,2061,2116,2010,2067,2184,2184,2208,2167,2125,2064,2204,2246,3028,3237,3020,2039,2008,1917,1962,2021,2120,2025,2066,2098,2081,2078,2045,2141,2991,2974,2762,1964,2040,1961,1952,1940,2087,2092,1961,1883,1925,1997,2066,2098,2752,2598,2421,2144,2030,1964,2092,2056,1912,2118,1997,1931,1932,1796,2100,2131,2328,2561,2364,2098,2086,2013,2006,1943,2122,2208,2085,2045,2100,2029,2101,2006,2297,2526,2370,2015,1973,2027,2086,2134,2358,2418,2231,2091,2079,2101,2108,2011,2354
,,,,,,,,,,,,,,,,,,,,,,,,,,,,,,,,,,,,,,,,,,,,,,,,,,,,,,,,,,,,,,,,,,,,,,,,,,,,,,,,,,,,,,,,,,,,,,,,,,,,,,,,,,,,,,,,,,,,,,,,,,,,,,,,,,,,,,,,,,,,,,,,,,,,,,,,,,,,,,,,,,,,,,,,,,,,,,,,,,,,,,,,,,,,,,,,,,,,,,,,,,,,,,,,,,,,,,,,,,,,,,,,,,,,,,,,,,,,,,,,,,,,,,,,,,,,,,,,,,,,,,,,,,,,,,,,,,,,,,,,,,,,,,,,,,,,,,,,,,,,,,,,,,,,,,,,,,,,,,,,,,,,,,,,,,,,,,,,,,,,,,,,,,,,,,,,,,,,,,,,,,,,,,,,,,,,,,,,,,,,,,,,,,,,,,,,,,,,,,,,,,,,,,,,,,,,,,,,,,,,,,,,,,,,,,,,,,,,,,,,,,,,,,,,,,,,,,,,,,,,,,,,,,,,,,,,,,,,,,,,,,,,,,,,,,,,,,,,,,,,,,,,,,,,,,,,,,,,,,,,,,,,,,,,,,,,,,,,,,,,,,,,,,,,,,,,,,,,,,,,,,,,,,,,,,,,,,,,,,,,,,,,,,,,,,,,,,,,,,,,,,,,,,,,,,,,,,,,,,,,,,,,,,,,,,,,,,,,,,,,,,,,,,,,,,,,,,,,,,,,,,,,,,,,,,,,,,,,,,,,,,,,,,,,,,,,,,,,,,,,,,,,,,,,,,,,,,,,,,,,,,,,,,,,,,,,,,,,,,,,,,,,,,,,,,,,,,,,,,,,,,,,,,,,,,,,,,,,,,,,,,,,,,,,,,,,,,,,,,,,,,,,,,,,,,,,,,,,,,,,,,,,,,,,,,,,,,,,,,,,,,,,,,,,,,,,,,,,,,,,,,,,,,,,,,,,,,,,,,,,,,,,,,,,,,,,,,,,,,,,,,,,,,,,,,,,,,,,,,,,,,,,,,,,,,,,,,,,,,,,,,,,,,,,,,,,,,,,,,,,,,,,,,,,,,,,,,,,,,,,,,,,,,,,,,,,,,,,,,,,,,,,,,,,,,,,,,,,,,,,,,,,,,,,,,,,,,,,,,,,,,,,,,,,,,,,,,,,,,,,,,,,,,,,,,,,,,,,,,,,,,,,,,,,,,,,,,,,,,,,,,,,,,,,,,,,,,,,,,,,,,,,,,,,,,,,,,,,,,,,,,,,,,,,,,,,,,,,,,,,,,,,,,,,,,,,,,,,,,,,,,,,,,,,,,,,,,,,,,,,,,,,,,,,,,,,,,,,,,,,,,,,,,,,,,,,,,,,,,,,,,,,,,,,,,,,,,,,,,,,,,,,,,,,,,,,,,,,,,,,,,,,,,,,,,,,,,,,,,,,,,,,,,,,,,,,,,,,,,,,,,,,,,,,,,,,,,,,,,,,,,,,,,,,,,,,,,,,,,,,,,,,,,,,,,,,,,,,,,,,,,,,,,,,,,,,,,,,,,,,,,,,,,,,,,,,,,,,,,,,,,,,,,,,,,,,,,,,,,,,,,,,,,,,,,,,,,,,,,,,,,,,,,,,,,,,,,,,,,,,,,,,,,,,,,,,,,,,,,,,,,,,,,,,,,,,,,,,,,,,,,,,,,,,,,,,,,,,,,,,,,,,,,,,,,,,,,,,,,,,,,,,,,,,,,,,,,,,,,,,,,,,,,,,,,,,,,,,,,,,,,,,,,,,,,,,,,,,,,,,,,,,,,,,,,,,,,,,,,,,,,,,,,,,,,,,,,,,,,,,,,,,,,,,,,,,,,,,,,,,,,,,,,,,,,,,,,,,,,,,,,,,,,,,,,,,,,,,,,,,,,,,,,,,,,,,,,,,,,,,,,,,,,,,,,,,,,,,,,,,,,,,,,,,,,,,,,,,,,,,,,,,,,,,,,,,,,,,,,,,,,,,,,,,,,,,,,,,,,,,,,,,,,,,,,,,,,,,,,,,,,,,,,,,,,,,,,,,,,,,,,,,,,,,,,,,,,,,,,,,,,,,,,,,,,,,,,,,,,,,,,,,,,,,,,,,,,,,,,,,,,,,,,,,,,,,,,,,,,,,,,,,,,,,,,,,,,,,,,,,,,,,,,,,,,,,,,,,,,,,,,,,,,,,,,,,,,,,,,,,,,,,,,,,,,,,,,,,,,,,,,,,,,,,,,,,,,,,,,,,,,,,,,,
,,,,,,,,,,,,,,,,,,,,,,,,,,,,,,,,,,,,,,,,,,,,,,,,,,,,,,,,,,,,,,,,,,,,,,,,,,,,,,,,,,,,,,,,,,,,,,,,,,,,,,,,,,,,,,,,,,,,,,,,,,,,,,,,,,,,,,,,,,,,,,,,,,,,,,,,,,,,,,,,,,,,,,,,,,,,,,,,,,,,,,,,,,,,,,,,,,,,,,,,,,,,,,,,,,,,,,,,,,,,,,,,,,,,,,,,,,,,,,,,,,,,,,,,,,,,,,,,,,,,,,,,,,,,,,,,,,,,,,,,,,,,,,,,,,,,,,,,,,,,,,,,,,,,,,,,,,,,,,,,,,,,,,,,,,,,,,,,,,,,,,,,,,,,,,,,,,,,,,,,,,,,,,,,,,,,,,,,,,,,,,,,,,,,,,,,,,,,,,,,,,,,,,,,,,,,,,,,,,,,,,,,,,,,,,,,,,,,,,,,,,,,,,,,,,,,,,,,,,,,,,,,,,,,,,,,,,,,,,,,,,,,,,,,,,,,,,,,,,,,,,,,,,,,,,,,,,,,,,,,,,,,,,,,,,,,,,,,,,,,,,,,,,,,,,,,,,,,,,,,,,,,,,,,,,,,,,,,,,,,,,,,,,,,,,,,,,,,,,,,,,,,,,,,,,,,,,,,,,,,,,,,,,,,,,,,,,,,,,,,,,,,,,,,,,,,,,,,,,,,,,,,,,,,,,,,,,,,,,,,,,,,,,,,,,,,,,,,,,,,,,,,,,,,,,,,,,,,,,,,,,,,,,,,,,,,,,,,,,,,,,,,,,,,,,,,,,,,,,,,,,,,,,,,,,,,,,,,,,,,,,,,,,,,,,,,,,,,,,,,,,,,,,,,,,,,,,,,,,,,,,,,,,,,,,,,,,,,,,,,,,,,,,,,,,,,,,,,,,,,,,,,,,,,,,,,,,,,,,,,,,,,,,,,,,,,,,,,,,,,,,,,,,,,,,,,,,,,,,,,,,,,,,,,,,,,,,,,,,,,,,,,,,,,,,,,,,,,,,,,,,,,,,,,,,,,,,,,,,,,,,,,,,,,,,,,,,,,,,,,,,,,,,,,,,,,,,,,,,,,,,,,,,,,,,,,,,,,,,,,,,,,,,,,,,,,,,,,,,,,,,,,,,,,,,,,,,,,,,,,,,,,,,,,,,,,,,,,,,,,,,,,,,,,,,,,,,,,,,,,,,,,,,,,,,,,,,,,,,,,,,,,,,,,,,,,,,,,,,,,,,,,,,,,,,,,,,,,,,,,,,,,,,,,,,,,,,,,,,,,,,,,,,,,,,,,,,,,,,,,,,,,,,,,,,,,,,,,,,,,,,,,,,,,,,,,,,,,,,,,,,,,,,,,,,,,,,,,,,,,,,,,,,,,,,,,,,,,,,,,,,,,,,,,,,,,,,,,,,,,,,,,,,,,,,,,,,,,,,,,,,,,,,,,,,,,,,,,,,,,,,,,,,,,,,,,,,,,,,,,,,,,,,,,,,,,,,,,,,,,,,,,,,,,,,,,,,,,,,,,,,,,,,,,,,,,,,,,,,,,,,,,,,,,,,,,,,,,,,,,,,,,,,,,,,,,,,,,,,,,,,,,,,,,,,,,,,,,,,,,,,,,,,,,,,,,,,,,,,,,,,,,,,,,,,,,,,,,,,,,,,,,,,,,,,,,,,,,,,,,,,,,,,,,,,,,,,,,,,,,,,,,,,,,,,,,,,,,,,,,,,,,,,,,,,,,,,,,,,,,,,,,,,,,,,,,,,,,,,,,,,,,,,,,,,,,,,,,,,,,,,,,,,,,,,,,,,,,,,,,,,,,,,,,,,,,,,,,,,,,,,,,,,,,,,,,,,,,,,,,,,,,,,,,,,,,,,,,,,,,,,,,,,,,,,,,,,,,,,,,,,,,,,,,,,,,,,,,,,,,,,,,,,,,,,,,,,,,,,,,,,,,,,,,,,,,,,,,,,,,,,,,,,,,,,,,,,,,,,,,,,,,,,,,,,,,,,,,,,,,,,,,,,,,,,,,,,,,,,,,,,,,,,,,,,,,,,,,,,,,,,,,,,,,,,,,,,,,,,,,,,,,,,,,,,,,,,,,,,,,,,,,,,,,,,,,,,,,,,,,,,,,,,,,,,,,,,,,,,,,,,,,,,,,,,,,,,,,,,,,,,,,,,,,,,,,,,,,,,,,,,,,,,,,,,,,,,,,,,,,,,,,,,,
,,,,,,,,,,,,,,,,,,,,,,,,,,,,,,,,,,,,,,,,,,,,,,,,,,,,,,,,,,,,,,,,,,,,,,,,,,,,,,,,,,,,,,,,,,,,,,,,,,,,,,,,,,,,,,,,,,,,,,,,,,,,,,,,,,,,,,,,,,,,,,,,,,,,,,,,,,,,,,,,,,,,,,,,,,,,,,,,,,,,,,,,,,,,,,,,,,,,,,,,,,,,,,,,,,,,,,,,,,,,,,,,,,,,,,,,,,,,,,,,,,,,,,,,,,,,,,,,,,,,,,,,,,,,,,,,,,,,,,,,,,,,,,,,,,,,,,,,,,,,,,,,,,,,,,,,,,,,,,,,,,,,,,,,,,,,,,,,,,,,,,,,,,,,,,,,,,,,,,,,,,,,,,,,,,,,,,,,,,,,,,,,,,,,,,,,,,,,,,,,,,,,,,,,,,,,,,,,,,,,,,,,,,,,,,,,,,,,,,,,,,,,,,,,,,,,,,,,,,,,,,,,,,,,,,,,,,,,,,,,,,,,,,,,,,,,,,,,,,,,,,,,,,,,,,,,,,,,,,,,,,,,,,,,,,,,,,,,,,,,,,,,,,,,,,,,,,,,,,,,,,,,,,,,,,,,,,,,,,,,,,,,,,,,,,,,,,,,,,,,,,,,,,,,,,,,,,,,,,,,,,,,,,,,,,,,,,,,,,,,,,,,,,,,,,,,,,,,,,,,,,,,,,,,,,,,,,,,,,,,,,,,,,,,,,,,,,,,,,,,,,,,,,,,,,,,,,,,,,,,,,,,,,,,,,,,,,,,,,,,,,,,,,,,,,,,,,,,,,,,,,,,,,,,,,,,,,,,,,,,,,,,,,,,,,,,,,,,,,,,,,,,,,,,,,,,,,,,,,,,,,,,,,,,,,,,,,,,,,,,,,,,,,,,,,,,,,,,,,,,,,,,,,,,,,,,,,,,,,,,,,,,,,,,,,,,,,,,,,,,,,,,,,,,,,,,,,,,,,,,,,,,,,,,,,,,,,,,,,,,,,,,,,,,,,,,,,,,,,,,,,,,,,,,,,,,,,,,,,,,,,,,,,,,,,,,,,,,,,,,,,,,,,,,,,,,,,,,,,,,,,,,,,,,,,,,,,,,,,,,,,,,,,,,,,,,,,,,,,,,,,,,,,,,,,,,,,,,,,,,,,,,,,,,,,,,,,,,,,,,,,,,,,,,,,,,,,,,,,,,,,,,,,,,,,,,,,,,,,,,,,,,,,,,,,,,,,,,,,,,,,,,,,,,,,,,,,,,,,,,,,,,,,,,,,,,,,,,,,,,,,,,,,,,,,,,,,,,,,,,,,,,,,,,,,,,,,,,,,,,,,,,,,,,,,,,,,,,,,,,,,,,,,,,,,,,,,,,,,,,,,,,,,,,,,,,,,,,,,,,,,,,,,,,,,,,,,,,,,,,,,,,,,,,,,,,,,,,,,,,,,,,,,,,,,,,,,,,,,,,,,,,,,,,,,,,,,,,,,,,,,,,,,,,,,,,,,,,,,,,,,,,,,,,,,,,,,,,,,,,,,,,,,,,,,,,,,,,,,,,,,,,,,,,,,,,,,,,,,,,,,,,,,,,,,,,,,,,,,,,,,,,,,,,,,,,,,,,,,,,,,,,,,,,,,,,,,,,,,,,,,,,,,,,,,,,,,,,,,,,,,,,,,,,,,,,,,,,,,,,,,,,,,,,,,,,,,,,,,,,,,,,,,,,,,,,,,,,,,,,,,,,,,,,,,,,,,,,,,,,,,,,,,,,,,,,,,,,,,,,,,,,,,,,,,,,,,,,,,,,,,,,,,,,,,,,,,,,,,,,,,,,,,,,,,,,,,,,,,,,,,,,,,,,,,,,,,,,,,,,,,,,,,,,,,,,,,,,,,,,,,,,,,,,,,,,,,,,,,,,,,,,,,,,,,,,,,,,,,,,,,,,,,,,,,,,,,,,,,,,,,,,,,,,,,,,,,,,,,,,,,,,,,,,,,,,,,,,,,,,,,,,,,,,,,,,,,,,,,,,,,,,,,,,,,,,,,,,,,,,,,,,,,,,,,,,,,,,,,,,,,,,,,,,,,,,,,,,,,,,,,,,,,,,,,,,,,,,,,,,,,,,,,,,,,,,,,,,,,,,,,,,,,,,,,,,,,,,,,,,,,,,,,,,,,,,,,,,,,,,,,,,,,,,,,,,,,,,,,,,,,,,,,,,,,,,,,,,,,,,,,,,,,,
,,,,,,,,,,,,,,,,,,,,,,,,,,,,,,,,,,,,,,,,,,,,,,,,,,,,,,,,,,,,,,,,,,,,,,,,,,,,,,,,,,,,,,,,,,,,,,,,,,,,,,,,,,,,,,,,,,,,,,,,,,,,,,,,,,,,,,,,,,,,,,,,,,,,,,,,,,,,,,,,,,,,,,,,,,,,,,,,,,,,,,,,,,,,,,,,,,,,,,,,,,,,,,,,,,,,,,,,,,,,,,,,,,,,,,,,,,,,,,,,,,,,,,,,,,,,,,,,,,,,,,,,,,,,,,,,,,,,,,,,,,,,,,,,,,,,,,,,,,,,,,,,,,,,,,,,,,,,,,,,,,,,,,,,,,,,,,,,,,,,,,,,,,,,,,,,,,,,,,,,,,,,,,,,,,,,,,,,,,,,,,,,,,,,,,,,,,,,,,,,,,,,,,,,,,,,,,,,,,,,,,,,,,,,,,,,,,,,,,,,,,,,,,,,,,,,,,,,,,,,,,,,,,,,,,,,,,,,,,,,,,,,,,,,,,,,,,,,,,,,,,,,,,,,,,,,,,,,,,,,,,,,,,,,,,,,,,,,,,,,,,,,,,,,,,,,,,,,,,,,,,,,,,,,,,,,,,,,,,,,,,,,,,,,,,,,,,,,,,,,,,,,,,,,,,,,,,,,,,,,,,,,,,,,,,,,,,,,,,,,,,,,,,,,,,,,,,,,,,,,,,,,,,,,,,,,,,,,,,,,,,,,,,,,,,,,,,,,,,,,,,,,,,,,,,,,,,,,,,,,,,,,,,,,,,,,,,,,,,,,,,,,,,,,,,,,,,,,,,,,,,,,,,,,,,,,,,,,,,,,,,,,,,,,,,,,,,,,,,,,,,,,,,,,,,,,,,,,,,,,,,,,,,,,,,,,,,,,,,,,,,,,,,,,,,,,,,,,,,,,,,,,,,,,,,,,,,,,,,,,,,,,,,,,,,,,,,,,,,,,,,,,,,,,,,,,,,,,,,,,,,,,,,,,,,,,,,,,,,,,,,,,,,,,,,,,,,,,,,,,,,,,,,,,,,,,,,,,,,,,,,,,,,,,,,,,,,,,,,,,,,,,,,,,,,,,,,,,,,,,,,,,,,,,,,,,,,,,,,,,,,,,,,,,,,,,,,,,,,,,,,,,,,,,,,,,,,,,,,,,,,,,,,,,,,,,,,,,,,,,,,,,,,,,,,,,,,,,,,,,,,,,,,,,,,,,,,,,,,,,,,,,,,,,,,,,,,,,,,,,,,,,,,,,,,,,,,,,,,,,,,,,,,,,,,,,,,,,,,,,,,,,,,,,,,,,,,,,,,,,,,,,,,,,,,,,,,,,,,,,,,,,,,,,,,,,,,,,,,,,,,,,,,,,,,,,,,,,,,,,,,,,,,,,,,,,,,,,,,,,,,,,,,,,,,,,,,,,,,,,,,,,,,,,,,,,,,,,,,,,,,,,,,,,,,,,,,,,,,,,,,,,,,,,,,,,,,,,,,,,,,,,,,,,,,,,,,,,,,,,,,,,,,,,,,,,,,,,,,,,,,,,,,,,,,,,,,,,,,,,,,,,,,,,,,,,,,,,,,,,,,,,,,,,,,,,,,,,,,,,,,,,,,,,,,,,,,,,,,,,,,,,,,,,,,,,,,,,,,,,,,,,,,,,,,,,,,,,,,,,,,,,,,,,,,,,,,,,,,,,,,,,,,,,,,,,,,,,,,,,,,,,,,,,,,,,,,,,,,,,,,,,,,,,,,,,,,,,,,,,,,,,,,,,,,,,,,,,,,,,,,,,,,,,,,,,,,,,,,,,,,,,,,,,,,,,,,,,,,,,,,,,,,,,,,,,,,,,,,,,,,,,,,,,,,,,,,,,,,,,,,,,,,,,,,,,,,,,,,,,,,,,,,,,,,,,,,,,,,,,,,,,,,,,,,,,,,,,,,,,,,,,,,,,,,,,,,,,,,,,,,,,,,,,,,,,,,,,,,,,,,,,,,,,,,,,,,,,,,,,,,,,,,,,,,,,,,,,,,,,,,,,,,,,,,,,,,,,,,,,,,,,,,,,,,,,,,,,,,,,,,,,,,,,,,,,,,,,,,,,,,,,,,,,,,,,,,,,,,,,,,,,,,,,,,,,,,,,,,,,,,,,,,,,,,,,,,,,,,,,,,,,,,,,,,,,,,,,,,,,,,,,,,,,,,,,,,,,,,,,,,,,,,,,,,,,,,,,,,,,,,,,,,,
,,,,,,,,,,,,,,,,,,,,,,,,,,,,,,,,,,,,,,,,,,,,,,,,,,,,,,,,,,,,,,,,,,,,,,,,,,,,,,,,,,,,,,,,,,,,,,,,,,,,,,,,,,,,,,,,,,,,,,,,,,,,,,,,,,,,,,,,,,,,,,,,,,,,,,,,,,,,,,,,,,,,,,,,,,,,,,,,,,,,,,,,,,,,,,,,,,,,,,,,,,,,,,,,,,,,,,,,,,,,,,,,,,,,,,,,,,,,,,,,,,,,,,,,,,,,,,,,,,,,,,,,,,,,,,,,,,,,,,,,,,,,,,,,,,,,,,,,,,,,,,,,,,,,,,,,,,,,,,,,,,,,,,,,,,,,,,,,,,,,,,,,,,,,,,,,,,,,,,,,,,,,,,,,,,,,,,,,,,,,,,,,,,,,,,,,,,,,,,,,,,,,,,,,,,,,,,,,,,,,,,,,,,,,,,,,,,,,,,,,,,,,,,,,,,,,,,,,,,,,,,,,,,,,,,,,,,,,,,,,,,,,,,,,,,,,,,,,,,,,,,,,,,,,,,,,,,,,,,,,,,,,,,,,,,,,,,,,,,,,,,,,,,,,,,,,,,,,,,,,,,,,,,,,,,,,,,,,,,,,,,,,,,,,,,,,,,,,,,,,,,,,,,,,,,,,,,,,,,,,,,,,,,,,,,,,,,,,,,,,,,,,,,,,,,,,,,,,,,,,,,,,,,,,,,,,,,,,,,,,,,,,,,,,,,,,,,,,,,,,,,,,,,,,,,,,,,,,,,,,,,,,,,,,,,,,,,,,,,,,,,,,,,,,,,,,,,,,,,,,,,,,,,,,,,,,,,,,,,,,,,,,,,,,,,,,,,,,,,,,,,,,,,,,,,,,,,,,,,,,,,,,,,,,,,,,,,,,,,,,,,,,,,,,,,,,,,,,,,,,,,,,,,,,,,,,,,,,,,,,,,,,,,,,,,,,,,,,,,,,,,,,,,,,,,,,,,,,,,,,,,,,,,,,,,,,,,,,,,,,,,,,,,,,,,,,,,,,,,,,,,,,,,,,,,,,,,,,,,,,,,,,,,,,,,,,,,,,,,,,,,,,,,,,,,,,,,,,,,,,,,,,,,,,,,,,,,,,,,,,,,,,,,,,,,,,,,,,,,,,,,,,,,,,,,,,,,,,,,,,,,,,,,,,,,,,,,,,,,,,,,,,,,,,,,,,,,,,,,,,,,,,,,,,,,,,,,,,,,,,,,,,,,,,,,,,,,,,,,,,,,,,,,,,,,,,,,,,,,,,,,,,,,,,,,,,,,,,,,,,,,,,,,,,,,,,,,,,,,,,,,,,,,,,,,,,,,,,,,,,,,,,,,,,,,,,,,,,,,,,,,,,,,,,,,,,,,,,,,,,,,,,,,,,,,,,,,,,,,,,,,,,,,,,,,,,,,,,,,,,,,,,,,,,,,,,,,,,,,,,,,,,,,,,,,,,,,,,,,,,,,,,,,,,,,,,,,,,,,,,,,,,,,,,,,,,,,,,,,,,,,,,,,,,,,,,,,,,,,,,,,,,,,,,,,,,,,,,,,,,,,,,,,,,,,,,,,,,,,,,,,,,,,,,,,,,,,,,,,,,,,,,,,,,,,,,,,,,,,,,,,,,,,,,,,,,,,,,,,,,,,,,,,,,,,,,,,,,,,,,,,,,,,,,,,,,,,,,,,,,,,,,,,,,,,,,,,,,,,,,,,,,,,,,,,,,,,,,,,,,,,,,,,,,,,,,,,,,,,,,,,,,,,,,,,,,,,,,,,,,,,,,,,,,,,,,,,,,,,,,,,,,,,,,,,,,,,,,,,,,,,,,,,,,,,,,,,,,,,,,,,,,,,,,,,,,,,,,,,,,,,,,,,,,,,,,,,,,,,,,,,,,,,,,,,,,,,,,,,,,,,,,,,,,,,,,,,,,,,,,,,,,,,,,,,,,,,,,,,,,,,,,,,,,,,,,,,,,,,,,,,,,,,,,,,,,,,,,,,,,,,,,,,,,,,,,,,,,,,,,,,,,,,,,,,,,,,,,,,,,,,,,,,,,,,,,,,,,,,,,,,,,,,,,,,,,,,,,,,,,,,,,,,,,,,,,,,,,,,,,,,,,,,,,,,,,,,,,,,,,,,,,,,,,,,,,,,,,,,,,,,,,,,,,,,,,,,,,,,,,,,,,,,,,,,,,,,,,,,,,,,,,,,,,,,,,,,,,,,,,,,,,,,,
3489,3295,2610,2456,2311,2395,2261,2344,2458,2344,2261,2395,2311,2456,2610,3295,3705,3474,2490,2366,2315,2329,2266,2316,2379,2210,2240,2213,2129,2329,2568,3481,4072,3847,2668,2430,2394,2408,2291,2121,2213,2270,2233,2131,2333,2447,2726,3851,4204,3982,2845,2380,2438,2375,2275,2181,2302,2304,2315,2347,2360,2505,2834,3982,4015,3795,2685,2294,2375,2010,2377,2199,2309,2245,2271,2352,2381,2397,2654,3794,3635,3402,2447,2208,2362,2194,2284,2182,2363,2240,2055,2263,2328,2292,2488,3427,3414,3183,2232,2196,2261,2184,2192,2298,2270,2206,2251,2291,2267,2266,2360,3195,3189,2968,2158,2140,2298,2232,2135,2107,2205,2318,2316,2281,2100,2239,2206,2963,3084,2902,2278,2249,2339,2297,2142,2196,2269,2248,2358,2342,2240,2323,2221,2818,3006,2829,2239,2184,2323,2122,2074,2312,2419,2368,2297,2335,2232,2340,2187,2710,3080,2897,2336,2323,2379,2274,2341,2666,2711,2578,2358,2299,2277,2321,2341,2834,3268,3213,3072,3151,3144,3187,2844,3390,3541,3396,2797,2827,3004,3199,2646,3223,4414,4256,3788,3802,3818,3860,3747,4161,4250,4105,3726,3646,3642,3824,3564,4206,4688,4515,4049,4045,4042,4056,3989,4416,4473,4329,3985,3935,3807,3993,3957,4508,4589,4394,4027,4001,3963,3916,3902,4310,4352,4241,4035,3876,3532,3849,3860,4433,4493,4062,3769,3704,3571,3580,3626,3838,4003,4004,3789,3540,3477,3574,3619,4267,4529,4300,3432,3204,3150,3245,2948,3429,3699,3664,3333,3155,3135,3314,3331,4314,4456,4235,3320,2935,3008,3011,2973,3227,3499,3469,3132,3072,2911,3074,3401,4243,4269,4037,3394,3146,3243,3275,3287,3445,3657,3572,3311,3261,3185,3435,3516,4065,4028,3855,3323,3204,3297,3344,3341,3405,3598,3523,3284,3157,3072,3385,3515,3809,3779,3564,3151,3071,3085,3234,3147,3702,3849,3618,3148,3113,3073,3010,3223,3672,4501,4273,3141,2968,3158,3361,3299,3874,4063,3870,3371,3364,3265,2912,3382,4290,4672,4438,3281,2925,3139,3313,3279,3779,4022,3867,3360,3255,3144,2778,3514,4464,4494,4249,2948,2659,2802,3120,3142,3636,3819,3631,3052,2907,2843,2772,3253,4290,3984,3715,2863,2421,2589,2918,3068,3392,3540,3301,2722,2872,2890,2723,2908,3776,3752,3462,2777,2674,2685,2657,2891,3258,3370,3165,2800,2821,2876,2884,2976,3517,3846,3630,2681,2771,2765,2670,2872,3046,3215,3124,2712,2699,2765,2827,2904,3648,3733,3500,2577,2698,2574,2716,2784,2983,3050,2972,2513,2534,2526,2690,2818,3530,3424,3175,2568,2637,2464,2696,2760,2725,2979,2893,2628,2513,2504,2637,2697,3224,3508,3247,2566,2260,2377,2607,2584,2685,2777,2888,2705,2592,2445,2514,2549,3309,3605,3340,2738,2481,2439,2732,2676,2701,2708,2555,2670,2443,2485,2714,2655,3396,3462,3182,2672,2488,2474,2661,2644,2839,2714,2751,2669,2395,2556,2677,2595,3228,3124,2883,2441,2509,2460,2375,2401,2438,2571,2670,2547,2300,2458,2467,2509,2912,3263,3073,2343,2637,2508,2405,2446,2713,2877,2722,2436,2451,2475,2653,2577,3091,3313,3121,2284,2644,2581,2451,2409,2759,2929,2600,2386,2439,2266,2648,2586,3115,3201,2997,2403,2561,2489,2406,2324,2619,2760,2603,2229,2378,2283,2353,2199,2990,3117,2944,2244,2375,2298,2382,2300,2529,2582,2405,2256,2370,2388,2100,2187,2869,3029,2840,2306,2327,2322,2302,2326,2350,2686,2473,2263,2283,2340,2301,2261,2793,3048,2836,2280,2233,2286,2208,2254,2705,2792,2418,2225,2246,2361,2390,2409,2805,2875,2697,2329,2227,2291,2279,2346,2720,2784,2525,2204,2237,2278,2402,2354,2687,2811,2527,2329,2312,2424,2361,2238,2539,2659,2466,2265,2303,2371,2298,2405,2657,2633,2510,2227,2310,2382,2386,2394,2449,2545,2418,2348,2304,2208,2332,2365,2443,2821,2680,2278,2363,2281,2446,2493,2508,2579,2399,2467,2304,2329,2442,2234,2662,2888,2716,2315,2287,2278,2395,2455,2655,2656,2437,2485,2424,2407,2418,2346,2703,2918,2730,2417,2338,2303,2357,2407,2562,2633,2421,2423,2506,2428,2308,2228,2731,2998,2819,2488,2344,2307,2344,2494,2609,2568,2472,2457,2477,2365,2337,2360,2801,2977,2758,2471,2404,2443,2342,2329,2665,2627,2566,2464,2333,2286,2406,2388,2721,2898,2651,2392,2434,2384,2329,2150,2623,2748,2612,2285,2182,2312,2369,2310,2696,2765,2495,2397,2294,2325,2408,2254,2646,2756,2621,2251,2236,2215,2283,2244,2610,2859,2588,2354,2300,2208,2382,2424,2665,2709,2483,2401,2299,2294,2385,2457,2731,2844,2577,2386,2366,2381,2373,2423,2587,2567,2475,2267,2314,2486,2521,2378,2755,2821,2534,2187,2241,2198,2210,2440,2552,2519,2422,2354,2253,2414,2471,2409,2674,3141,2906,2376,2369,2380,2305,2376,2505,2476,2437,2455,2388,2415,2385,2262,2885,3520,3297,2336,2410,2397,2291,2357,2526,2520,2490,2413,2326,2363,2410,2375,3290,3494,3284,2292,2230,2256,2251,2298,2401,2502,2587,2354,2350,2387,2226,2428,3272,3199,2986,2302,2298,2287,2267,2110,2154,2354,2483,2461,2390,2336,2211,2194,2982,2843,2607,2404,2391,2301,2389,2296,2246,2250,2394,2414,2419,2314,2306,2295,2666,2599,2493,2436,2361,2306,2418,2352,2273,2253,2295,2300,2368,2350,2255,2231,2504,2791,2663,2333,2405,2512,2483,2400,2200,2015,2301,2232,2242,2289,2221,2240,2597,2853,2721,2312,2340,2469,2427,2328,2437,2418,2209,2242,2154,2337,2283,2272,2637,2903,2740,2328,2188,2257,2440,2509,2811,2766,2487,2296,2331,2356,2290,2422,2726,3066,2840,2315,2316,2285,2394,2587,2847,2824,2565,2270,2198,2359,2381,2463,2850,3936,3716,2534,2401,2118,2246,2429,2627,2641,2596,2449,2250,2396,2291,2579,3712,4424,4200,3096,2665,2525,2308,2401,2819,3047,2868,2467,2409,2534,2682,3039,4200,4552,4332,3263,2858,2835,2804,2554,3255,3444,3226,2742,2626,2845,2841,3136,4326,4190,4001,3150,2787,3006,2983,2832,3246,3381,3239,2879,2706,2997,2860,3146,3954,4175,3949,2979,2766,2883,2858,2715,3036,3300,3207,2746,2596,2815,2725,3046,3963,3661,3430,2637,2527,2662,2713,2656,2779,3083,2874,2433,2446,2482,2436,2562,3457,3459,3244,2534,2365,2548,2562,2364,2646,2725,2651,2339,2413,2326,2463,2538,3248,3407,3132,2334,2406,2219,2271,2275,2637,2773,2633,2331,2407,2400,2285,2489,3217,3413,3189,2310,2388,2472,2355,2228,2527,2682,2504,2276,2322,2449,2305,2479,3215,3223,3010,2386,2314,2435,2329,2365,2543,2650,2442,2242,2365,2385,2379,2388,2996,3180,2986,2404,2382,2315,2235,2283,2359,2558,2443,2268,2353,2298,2162,2157,2946,2994,2777,2440,2416,2286,2275,2329,2336,2322,2353,2343,2395,2386,2423,2252,2781,2973,2702,2448,2464,2353,2285,2445,2421,2414,2349,2328,2344,2411,2408,2334,2808,2868,2670,2471,2403,2417,2166,2509,2365,2463,2368,2372,2309,2304,2164,2377,2775,3171,2964,2522,2444,2301,2371,2466,2550,2521,2393,2362,2406,2358,2334,2375,2990,3511,3258,2589,2399,2471,2506,2314,2638,2712,2407,2247,2354,2381,2221,2425,3303,3714,3486,2477,2403,2386,2456,2262,2621,2684,2551,2252,2415,2412,2318,2488,3494,3655,3434,2357,2316,2351,2322,2171,2468,2452,2354,2156,2259,2231,2083,2305,3424,3538,3327,2401,2381,2285,2240,2308,2396,2387,2228,2146,2110,2340,2284,2294,3299,3424,3207,2407,2402,2320,2044,2319,2425,2513,2398,2296,2214,2200,2469,2295,3197,3283,3026,2295,2348,2387,2182,2376,2628,2681,2575,2402,2360,2307,2503,2384,3099,2981,2768,2307,2350,2146,2255,2448,2571,2612,2566,2347,2322,2344,2408,2364,2845,3015,2796,2350,2346,2212,2340,2381,2683,2678,2472,2387,2247,2486,2393,2448,2865,3076,2859,2138,2286,2167,2358,2387,2743,2791,2457,2288,2160,2442,2317,2424,2937,2790,2694,2382,2441,2406,2483,2348,2633,2783,2587,2389,2293,2320,2417,2451,2779,3088,2968,2548,2503,2401,2568,2624,2670,2740,2735,2534,2399,2399,2460,2512,2896,3271,3177,2689,2546,2354,2623,2795,2682,2860,2976,2741,2512,2507,2680,2748,3058,3230,3130,2598,2448,2405,2474,2646,2618,2820,2917,2654,2455,2381,2618,2738,2994,3004,2833,2409,2320,2271,2247,2422,2513,2596,2511,2196,2319,2264,2335,2563,2847,3153,2929,2375,2368,2370,2340,2460,2531,2591,2373,2370,2392,2415,2411,2558,2931,3146,2916,2349,2340,2420,2263,2516,2742,2867,2660,2428,2557,2575,2541,2592,2935,3244,3031,2376,2400,2332,2350,2520,2795,2872,2614,2506,2345,2519,2506,2521,3041,3275,3052,2341,2280,2297,2243,2447,2591,2633,2489,2436,2376,2388,2408,2459,3071,3012,2781,2080,2175,2141,2169,2355,2383,2494,2432,2245,2329,2216,2258,2451,2840,3129,2896,2139,2207,2070,2205,2356,2637,2815,2685,2294,2416,2397,2410,2525,2965,2997,2799,2444,2327,2277,2344,2376,2776,2846,2674,2423,2371,2373,2475,2479,2892,3198,2952,2443,2236,2392,2348,2280,2670,2709,2356,2329,2327,2358,2458,2316,3008,3233,3006,2425,2348,2413,2342,2359,2573,2651,2446,2364,2380,2392,2328,2327,3002,2994,2807,2436,2270,2268,2252,2309,2543,2671,2489,2405,2385,2314,2314,2246,2749,2760,2596,2367,2142,2295,2226,2091,2373,2334,2417,2391,2357,2344,2378,2292,2462,2742,2590,2355,2269,2280,2230,2114,2303,2332,2328,2386,2349,2434,2407,2342,2466,2945,2772,2151,2222,2225,2184,2284,2360,2309,2297,2331,2236,2419,2295,2212,2809,3216,2987,2288,2225,2340,2260,2251,2205,2307,2362,2283,2348,2347,2066,2280,3007,3026,2790,2246,2274,2112,2125,2242,2270,2276,2300,2202,2238,2270,2218,2254,2789,2994,2811,2352,2265,2182,2165,2275,2263,2374,2270,2191,2271,2264,2329,2280,2775,3535,3313,2444,2082,2268,2320,2360,2542,2562,2438,2415,2209,2372,2348,2304,3315,3687,3455,2477,2291,2275,2349,2395,2776,2893,2656,2364,2356,2517,2392,2452,3468,3577,3347,2440,2248,2346,2454,2538,2732,2850,2637,2398,2457,2487,2324,2422,3354,3724,3508,2569,2264,2347,2388,2430,2528,2517,2513,2452,2429,2368,2323,2438,3501,4024,3807,2825,2314,2390,2271,2248,2496,2634,2569,2330,2320,2186,2509,2709,3801,4042,3824,2802,2344,2324,2367,2354,2546,2669,2538,2382,2336,2336,2479,2703,3819,3862,3639,2570,2215,2101,2305,2388,2469,2448,2330,2396,2282,2221,2349,2565,3639,3508,3289,2437,2298,2316,2411,2456,2295,2349,2324,2395,2368,2244,2220,2282,3287,3193,2956,2082,2214,2398,2477,2300,2296,2372,2225,2218,2276,2247,2185,2081,2980,2994,2769,2198,2249,2395,2434,2324,2285,2290,2210,2166,2179,2156,2209,2278,2790,2763,2520,2319,2332,2260,2348,2360,2245,2342,2267,2183,2172,2274,2227,2281,2569,2806,2526,2395,2169,2236,2204,2239,2170,2363,2303,2288,2272,2031,2115,2234,2560,2766,2602,2317,2253,2346,2273,2244,2205,2224,2304,2227,2311,2173,2291,2262,2475,2816,2635,2120,2034,2183,2337,2318,2252,2303,2147,2123,2249,2110,2253,2222,2532,3036,2797,2167,2189,2216,2188,2305,2222,2250,2220,2145,2163,2109,2196,2124,2820,3251,3024,2142,2136,2088,2125,2064,2183,2280,2222,2105,2194,2115,2031,2068,3032,3205,2979,2080,2080,2091,2066,2115,2018,2169,2201,2098,2123,2126,2071,2170,2976,2983,2774,1963,2129,2042,2093,2103,2082,2129,2157,2043,1981,2021,2102,2051,2750,2634,2389,1876,1979,1848,1933,1958,2113,2057,2129,2004,1874,2034,2008,1657,2427,2543,2289,1883,2025,1999,1966,2011,2157,2346,2345,2075,1999,2020,1838,1925,2239,2504,2296,1936,2039,1987,2006,1929,2244,2464,2412,2182,1926,1902,1898,2031,2310
,,,,,,,,,,,,,,,,,,,,,,,,,,,,,,,,,,,,,,,,,,,,,,,,,,,,,,,,,,,,,,,,,,,,,,,,,,,,,,,,,,,,,,,,,,,,,,,,,,,,,,,,,,,,,,,,,,,,,,,,,,,,,,,,,,,,,,,,,,,,,,,,,,,,,,,,,,,,,,,,,,,,,,,,,,,,,,,,,,,,,,,,,,,,,,,,,,,,,,,,,,,,,,,,,,,,,,,,,,,,,,,,,,,,,,,,,,,,,,,,,,,,,,,,,,,,,,,,,,,,,,,,,,,,,,,,,,,,,,,,,,,,,,,,,,,,,,,,,,,,,,,,,,,,,,,,,,,,,,,,,,,,,,,,,,,,,,,,,,,,,,,,,,,,,,,,,,,,,,,,,,,,,,,,,,,,,,,,,,,,,,,,,,,,,,,,,,,,,,,,,,,,,,,,,,,,,,,,,,,,,,,,,,,,,,,,,,,,,,,,,,,,,,,,,,,,,,,,,,,,,,,,,,,,,,,,,,,,,,,,,,,,,,,,,,,,,,,,,,,,,,,,,,,,,,,,,,,,,,,,,,,,,,,,,,,,,,,,,,,,,,,,,,,,,,,,,,,,,,,,,,,,,,,,,,,,,,,,,,,,,,,,,,,,,,,,,,,,,,,,,,,,,,,,,,,,,,,,,,,,,,,,,,,,,,,,,,,,,,,,,,,,,,,,,,,,,,,,,,,,,,,,,,,,,,,,,,,,,,,,,,,,,,,,,,,,,,,,,,,,,,,,,,,,,,,,,,,,,,,,,,,,,,,,,,,,,,,,,,,,,,,,,,,,,,,,,,,,,,,,,,,,,,,,,,,,,,,,,,,,,,,,,,,,,,,,,,,,,,,,,,,,,,,,,,,,,,,,,,,,,,,,,,,,,,,,,,,,,,,,,,,,,,,,,,,,,,,,,,,,,,,,,,,,,,,,,,,,,,,,,,,,,,,,,,,,,,,,,,,,,,,,,,,,,,,,,,,,,,,,,,,,,,,,,,,,,,,,,,,,,,,,,,,,,,,,,,,,,,,,,,,,,,,,,,,,,,,,,,,,,,,,,,,,,,,,,,,,,,,,,,,,,,,,,,,,,,,,,,,,,,,,,,,,,,,,,,,,,,,,,,,,,,,,,,,,,,,,,,,,,,,,,,,,,,,,,,,,,,,,,,,,,,,,,,,,,,,,,,,,,,,,,,,,,,,,,,,,,,,,,,,,,,,,,,,,,,,,,,,,,,,,,,,,,,,,,,,,,,,,,,,,,,,,,,,,,,,,,,,,,,,,,,,,,,,,,,,,,,,,,,,,,,,,,,,,,,,,,,,,,,,,,,,,,,,,,,,,,,,,,,,,,,,,,,,,,,,,,,,,,,,,,,,,,,,,,,,,,,,,,,,,,,,,,,,,,,,,,,,,,,,,,,,,,,,,,,,,,,,,,,,,,,,,,,,,,,,,,,,,,,,,,,,,,,,,,,,,,,,,,,,,,,,,,,,,,,,,,,,,,,,,,,,,,,,,,,,,,,,,,,,,,,,,,,,,,,,,,,,,,,,,,,,,,,,,,,,,,,,,,,,,,,,,,,,,,,,,,,,,,,,,,,,,,,,,,,,,,,,,,,,,,,,,,,,,,,,,,,,,,,,,,,,,,,,,,,,,,,,,,,,,,,,,,,,,,,,,,,,,,,,,,,,,,,,,,,,,,,,,,,,,,,,,,,,,,,,,,,,,,,,,,,,,,,,,,,,,,,,,,,,,,,,,,,,,,,,,,,,,,,,,,,,,,,,,,,,,,,,,,,,,,,,,,,,,,,,,,,,,,,,,,,,,,,,,,,,,,,,,,,,,,,,,,,,,,,,,,,,,,,,,,,,,,,,,,,,,,,,,,,,,,,,,,,,,,,,,,,,,,,,,,,,,,,,,,,,,,,,,,,,,,,,,,,,,,,,,,,,,,,,,,,,,,,,,,,,,,,,,,,,,,,,,,,,,,,,,,,,,,,,,,,,,,,,,,,,,,,,,,,,,,,,,,,,,,,,,,,,,,,,,,,,,,,,,,,,,,,,,,,,,,,,,,,,,,,,,,,,,,,,,,,,,,,,,,,,,,,,,,,,,,,,,,,,,,,,,,,,,,,,,,,,,,,,,,,,,,,,,,,,,,,,,,,,,,,,,,,,,,,,,,,,,,,,,,,,,,,,,,,,,,,,,,,,,,,,,,,,,,,,,,,,,,,,,,,,,,,,,,,,,,,,
,,,,,,,,,,,,,,,,,,,,,,,,,,,,,,,,,,,,,,,,,,,,,,,,,,,,,,,,,,,,,,,,,,,,,,,,,,,,,,,,,,,,,,,,,,,,,,,,,,,,,,,,,,,,,,,,,,,,,,,,,,,,,,,,,,,,,,,,,,,,,,,,,,,,,,,,,,,,,,,,,,,,,,,,,,,,,,,,,,,,,,,,,,,,,,,,,,,,,,,,,,,,,,,,,,,,,,,,,,,,,,,,,,,,,,,,,,,,,,,,,,,,,,,,,,,,,,,,,,,,,,,,,,,,,,,,,,,,,,,,,,,,,,,,,,,,,,,,,,,,,,,,,,,,,,,,,,,,,,,,,,,,,,,,,,,,,,,,,,,,,,,,,,,,,,,,,,,,,,,,,,,,,,,,,,,,,,,,,,,,,,,,,,,,,,,,,,,,,,,,,,,,,,,,,,,,,,,,,,,,,,,,,,,,,,,,,,,,,,,,,,,,,,,,,,,,,,,,,,,,,,,,,,,,,,,,,,,,,,,,,,,,,,,,,,,,,,,,,,,,,,,,,,,,,,,,,,,,,,,,,,,,,,,,,,,,,,,,,,,,,,,,,,,,,,,,,,,,,,,,,,,,,,,,,,,,,,,,,,,,,,,,,,,,,,,,,,,,,,,,,,,,,,,,,,,,,,,,,,,,,,,,,,,,,,,,,,,,,,,,,,,,,,,,,,,,,,,,,,,,,,,,,,,,,,,,,,,,,,,,,,,,,,,,,,,,,,,,,,,,,,,,,,,,,,,,,,,,,,,,,,,,,,,,,,,,,,,,,,,,,,,,,,,,,,,,,,,,,,,,,,,,,,,,,,,,,,,,,,,,,,,,,,,,,,,,,,,,,,,,,,,,,,,,,,,,,,,,,,,,,,,,,,,,,,,,,,,,,,,,,,,,,,,,,,,,,,,,,,,,,,,,,,,,,,,,,,,,,,,,,,,,,,,,,,,,,,,,,,,,,,,,,,,,,,,,,,,,,,,,,,,,,,,,,,,,,,,,,,,,,,,,,,,,,,,,,,,,,,,,,,,,,,,,,,,,,,,,,,,,,,,,,,,,,,,,,,,,,,,,,,,,,,,,,,,,,,,,,,,,,,,,,,,,,,,,,,,,,,,,,,,,,,,,,,,,,,,,,,,,,,,,,,,,,,,,,,,,,,,,,,,,,,,,,,,,,,,,,,,,,,,,,,,,,,,,,,,,,,,,,,,,,,,,,,,,,,,,,,,,,,,,,,,,,,,,,,,,,,,,,,,,,,,,,,,,,,,,,,,,,,,,,,,,,,,,,,,,,,,,,,,,,,,,,,,,,,,,,,,,,,,,,,,,,,,,,,,,,,,,,,,,,,,,,,,,,,,,,,,,,,,,,,,,,,,,,,,,,,,,,,,,,,,,,,,,,,,,,,,,,,,,,,,,,,,,,,,,,,,,,,,,,,,,,,,,,,,,,,,,,,,,,,,,,,,,,,,,,,,,,,,,,,,,,,,,,,,,,,,,,,,,,,,,,,,,,,,,,,,,,,,,,,,,,,,,,,,,,,,,,,,,,,,,,,,,,,,,,,,,,,,,,,,,,,,,,,,,,,,,,,,,,,,,,,,,,,,,,,,,,,,,,,,,,,,,,,,,,,,,,,,,,,,,,,,,,,,,,,,,,,,,,,,,,,,,,,,,,,,,,,,,,,,,,,,,,,,,,,,,,,,,,,,,,,,,,,,,,,,,,,,,,,,,,,,,,,,,,,,,,,,,,,,,,,,,,,,,,,,,,,,,,,,,,,,,,,,,,,,,,,,,,,,,,,,,,,,,,,,,,,,,,,,,,,,,,,,,,,,,,,,,,,,,,,,,,,,,,,,,,,,,,,,,,,,,,,,,,,,,,,,,,,,,,,,,,,,,,,,,,,,,,,,,,,,,,,,,,,,,,,,,,,,,,,,,,,,,,,,,,,,,,,,,,,,,,,,,,,,,,,,,,,,,,,,,,,,,,,,,,,,,,,,,,,,,,,,,,,,,,,,,,,,,,,,,,,,,,,,,,,,,,,,,,,,,,,,,,,,,,,,,,,,,,,,,,,,,,,,,,,,,,,,,,,,,,,,,,,,,,,,,,,,,,,,,,,,,,,,,,,,,,,,,,,,,,,,,,,,,,,,,,,,,,,,,,,,,,,,,,,,,,,,,,,,,,,,,,,,,,,,,,,,,,,,,,,,,,,,,,,,,,,,,,,,,,,,,,,,,,,,,,,,
,,,,,,,,,,,,,,,,,,,,,,,,,,,,,,,,,,,,,,,,,,,,,,,,,,,,,,,,,,,,,,,,,,,,,,,,,,,,,,,,,,,,,,,,,,,,,,,,,,,,,,,,,,,,,,,,,,,,,,,,,,,,,,,,,,,,,,,,,,,,,,,,,,,,,,,,,,,,,,,,,,,,,,,,,,,,,,,,,,,,,,,,,,,,,,,,,,,,,,,,,,,,,,,,,,,,,,,,,,,,,,,,,,,,,,,,,,,,,,,,,,,,,,,,,,,,,,,,,,,,,,,,,,,,,,,,,,,,,,,,,,,,,,,,,,,,,,,,,,,,,,,,,,,,,,,,,,,,,,,,,,,,,,,,,,,,,,,,,,,,,,,,,,,,,,,,,,,,,,,,,,,,,,,,,,,,,,,,,,,,,,,,,,,,,,,,,,,,,,,,,,,,,,,,,,,,,,,,,,,,,,,,,,,,,,,,,,,,,,,,,,,,,,,,,,,,,,,,,,,,,,,,,,,,,,,,,,,,,,,,,,,,,,,,,,,,,,,,,,,,,,,,,,,,,,,,,,,,,,,,,,,,,,,,,,,,,,,,,,,,,,,,,,,,,,,,,,,,,,,,,,,,,,,,,,,,,,,,,,,,,,,,,,,,,,,,,,,,,,,,,,,,,,,,,,,,,,,,,,,,,,,,,,,,,,,,,,,,,,,,,,,,,,,,,,,,,,,,,,,,,,,,,,,,,,,,,,,,,,,,,,,,,,,,,,,,,,,,,,,,,,,,,,,,,,,,,,,,,,,,,,,,,,,,,,,,,,,,,,,,,,,,,,,,,,,,,,,,,,,,,,,,,,,,,,,,,,,,,,,,,,,,,,,,,,,,,,,,,,,,,,,,,,,,,,,,,,,,,,,,,,,,,,,,,,,,,,,,,,,,,,,,,,,,,,,,,,,,,,,,,,,,,,,,,,,,,,,,,,,,,,,,,,,,,,,,,,,,,,,,,,,,,,,,,,,,,,,,,,,,,,,,,,,,,,,,,,,,,,,,,,,,,,,,,,,,,,,,,,,,,,,,,,,,,,,,,,,,,,,,,,,,,,,,,,,,,,,,,,,,,,,,,,,,,,,,,,,,,,,,,,,,,,,,,,,,,,,,,,,,,,,,,,,,,,,,,,,,,,,,,,,,,,,,,,,,,,,,,,,,,,,,,,,,,,,,,,,,,,,,,,,,,,,,,,,,,,,,,,,,,,,,,,,,,,,,,,,,,,,,,,,,,,,,,,,,,,,,,,,,,,,,,,,,,,,,,,,,,,,,,,,,,,,,,,,,,,,,,,,,,,,,,,,,,,,,,,,,,,,,,,,,,,,,,,,,,,,,,,,,,,,,,,,,,,,,,,,,,,,,,,,,,,,,,,,,,,,,,,,,,,,,,,,,,,,,,,,,,,,,,,,,,,,,,,,,,,,,,,,,,,,,,,,,,,,,,,,,,,,,,,,,,,,,,,,,,,,,,,,,,,,,,,,,,,,,,,,,,,,,,,,,,,,,,,,,,,,,,,,,,,,,,,,,,,,,,,,,,,,,,,,,,,,,,,,,,,,,,,,,,,,,,,,,,,,,,,,,,,,,,,,,,,,,,,,,,,,,,,,,,,,,,,,,,,,,,,,,,,,,,,,,,,,,,,,,,,,,,,,,,,,,,,,,,,,,,,,,,,,,,,,,,,,,,,,,,,,,,,,,,,,,,,,,,,,,,,,,,,,,,,,,,,,,,,,,,,,,,,,,,,,,,,,,,,,,,,,,,,,,,,,,,,,,,,,,,,,,,,,,,,,,,,,,,,,,,,,,,,,,,,,,,,,,,,,,,,,,,,,,,,,,,,,,,,,,,,,,,,,,,,,,,,,,,,,,,,,,,,,,,,,,,,,,,,,,,,,,,,,,,,,,,,,,,,,,,,,,,,,,,,,,,,,,,,,,,,,,,,,,,,,,,,,,,,,,,,,,,,,,,,,,,,,,,,,,,,,,,,,,,,,,,,,,,,,,,,,,,,,,,,,,,,,,,,,,,,,,,,,,,,,,,,,,,,,,,,,,,,,,,,,,,,,,,,,,,,,,,,,,,,,,,,,,,,,,,,,,,,,,,,,,,,,,,,,,,,,,,,,,,,,,,,,,,,,,,,,,,,,,,,,,,,,,,,,,,,,,,,,,,,,,,,,,,,,,,,,,,,,,,,,,,,,,,,,,,,,,,,,,,,,,,,,,,,,,,,,,,,,,,,,,,,,
,,,,,,,,,,,,,,,,,,,,,,,,,,,,,,,,,,,,,,,,,,,,,,,,,,,,,,,,,,,,,,,,,,,,,,,,,,,,,,,,,,,,,,,,,,,,,,,,,,,,,,,,,,,,,,,,,,,,,,,,,,,,,,,,,,,,,,,,,,,,,,,,,,,,,,,,,,,,,,,,,,,,,,,,,,,,,,,,,,,,,,,,,,,,,,,,,,,,,,,,,,,,,,,,,,,,,,,,,,,,,,,,,,,,,,,,,,,,,,,,,,,,,,,,,,,,,,,,,,,,,,,,,,,,,,,,,,,,,,,,,,,,,,,,,,,,,,,,,,,,,,,,,,,,,,,,,,,,,,,,,,,,,,,,,,,,,,,,,,,,,,,,,,,,,,,,,,,,,,,,,,,,,,,,,,,,,,,,,,,,,,,,,,,,,,,,,,,,,,,,,,,,,,,,,,,,,,,,,,,,,,,,,,,,,,,,,,,,,,,,,,,,,,,,,,,,,,,,,,,,,,,,,,,,,,,,,,,,,,,,,,,,,,,,,,,,,,,,,,,,,,,,,,,,,,,,,,,,,,,,,,,,,,,,,,,,,,,,,,,,,,,,,,,,,,,,,,,,,,,,,,,,,,,,,,,,,,,,,,,,,,,,,,,,,,,,,,,,,,,,,,,,,,,,,,,,,,,,,,,,,,,,,,,,,,,,,,,,,,,,,,,,,,,,,,,,,,,,,,,,,,,,,,,,,,,,,,,,,,,,,,,,,,,,,,,,,,,,,,,,,,,,,,,,,,,,,,,,,,,,,,,,,,,,,,,,,,,,,,,,,,,,,,,,,,,,,,,,,,,,,,,,,,,,,,,,,,,,,,,,,,,,,,,,,,,,,,,,,,,,,,,,,,,,,,,,,,,,,,,,,,,,,,,,,,,,,,,,,,,,,,,,,,,,,,,,,,,,,,,,,,,,,,,,,,,,,,,,,,,,,,,,,,,,,,,,,,,,,,,,,,,,,,,,,,,,,,,,,,,,,,,,,,,,,,,,,,,,,,,,,,,,,,,,,,,,,,,,,,,,,,,,,,,,,,,,,,,,,,,,,,,,,,,,,,,,,,,,,,,,,,,,,,,,,,,,,,,,,,,,,,,,,,,,,,,,,,,,,,,,,,,,,,,,,,,,,,,,,,,,,,,,,,,,,,,,,,,,,,,,,,,,,,,,,,,,,,,,,,,,,,,,,,,,,,,,,,,,,,,,,,,,,,,,,,,,,,,,,,,,,,,,,,,,,,,,,,,,,,,,,,,,,,,,,,,,,,,,,,,,,,,,,,,,,,,,,,,,,,,,,,,,,,,,,,,,,,,,,,,,,,,,,,,,,,,,,,,,,,,,,,,,,,,,,,,,,,,,,,,,,,,,,,,,,,,,,,,,,,,,,,,,,,,,,,,,,,,,,,,,,,,,,,,,,,,,,,,,,,,,,,,,,,,,,,,,,,,,,,,,,,,,,,,,,,,,,,,,,,,,,,,,,,,,,,,,,,,,,,,,,,,,,,,,,,,,,,,,,,,,,,,,,,,,,,,,,,,,,,,,,,,,,,,,,,,,,,,,,,,,,,,,,,,,,,,,,,,,,,,,,,,,,,,,,,,,,,,,,,,,,,,,,,,,,,,,,,,,,,,,,,,,,,,,,,,,,,,,,,,,,,,,,,,,,,,,,,,,,,,,,,,,,,,,,,,,,,,,,,,,,,,,,,,,,,,,,,,,,,,,,,,,,,,,,,,,,,,,,,,,,,,,,,,,,,,,,,,,,,,,,,,,,,,,,,,,,,,,,,,,,,,,,,,,,,,,,,,,,,,,,,,,,,,,,,,,,,,,,,,,,,,,,,,,,,,,,,,,,,,,,,,,,,,,,,,,,,,,,,,,,,,,,,,,,,,,,,,,,,,,,,,,,,,,,,,,,,,,,,,,,,,,,,,,,,,,,,,,,,,,,,,,,,,,,,,,,,,,,,,,,,,,,,,,,,,,,,,,,,,,,,,,,,,,,,,,,,,,,,,,,,,,,,,,,,,,,,,,,,,,,,,,,,,,,,,,,,,,,,,,,,,,,,,,,,,,,,,,,,,,,,,,,,,,,,,,,,,,,,,,,,,,,,,,,,,,,,,,,,,,,,,,,,,,,,,,,,,,,,,,,,,,,,,,,,,,,,,,,,,,,,,,,,,,,,,,,,,,,,,,,,,,,,,,,,,,,,,,,,,,,,,,,,,,,,,,,,,,,,,,,,,,,,,
,,,,,,,,,,,,,,,,,,,,,,,,,,,,,,,,,,,,,,,,,,,,,,,,,,,,,,,,,,,,,,,,,,,,,,,,,,,,,,,,,,,,,,,,,,,,,,,,,,,,,,,,,,,,,,,,,,,,,,,,,,,,,,,,,,,,,,,,,,,,,,,,,,,,,,,,,,,,,,,,,,,,,,,,,,,,,,,,,,,,,,,,,,,,,,,,,,,,,,,,,,,,,,,,,,,,,,,,,,,,,,,,,,,,,,,,,,,,,,,,,,,,,,,,,,,,,,,,,,,,,,,,,,,,,,,,,,,,,,,,,,,,,,,,,,,,,,,,,,,,,,,,,,,,,,,,,,,,,,,,,,,,,,,,,,,,,,,,,,,,,,,,,,,,,,,,,,,,,,,,,,,,,,,,,,,,,,,,,,,,,,,,,,,,,,,,,,,,,,,,,,,,,,,,,,,,,,,,,,,,,,,,,,,,,,,,,,,,,,,,,,,,,,,,,,,,,,,,,,,,,,,,,,,,,,,,,,,,,,,,,,,,,,,,,,,,,,,,,,,,,,,,,,,,,,,,,,,,,,,,,,,,,,,,,,,,,,,,,,,,,,,,,,,,,,,,,,,,,,,,,,,,,,,,,,,,,,,,,,,,,,,,,,,,,,,,,,,,,,,,,,,,,,,,,,,,,,,,,,,,,,,,,,,,,,,,,,,,,,,,,,,,,,,,,,,,,,,,,,,,,,,,,,,,,,,,,,,,,,,,,,,,,,,,,,,,,,,,,,,,,,,,,,,,,,,,,,,,,,,,,,,,,,,,,,,,,,,,,,,,,,,,,,,,,,,,,,,,,,,,,,,,,,,,,,,,,,,,,,,,,,,,,,,,,,,,,,,,,,,,,,,,,,,,,,,,,,,,,,,,,,,,,,,,,,,,,,,,,,,,,,,,,,,,,,,,,,,,,,,,,,,,,,,,,,,,,,,,,,,,,,,,,,,,,,,,,,,,,,,,,,,,,,,,,,,,,,,,,,,,,,,,,,,,,,,,,,,,,,,,,,,,,,,,,,,,,,,,,,,,,,,,,,,,,,,,,,,,,,,,,,,,,,,,,,,,,,,,,,,,,,,,,,,,,,,,,,,,,,,,,,,,,,,,,,,,,,,,,,,,,,,,,,,,,,,,,,,,,,,,,,,,,,,,,,,,,,,,,,,,,,,,,,,,,,,,,,,,,,,,,,,,,,,,,,,,,,,,,,,,,,,,,,,,,,,,,,,,,,,,,,,,,,,,,,,,,,,,,,,,,,,,,,,,,,,,,,,,,,,,,,,,,,,,,,,,,,,,,,,,,,,,,,,,,,,,,,,,,,,,,,,,,,,,,,,,,,,,,,,,,,,,,,,,,,,,,,,,,,,,,,,,,,,,,,,,,,,,,,,,,,,,,,,,,,,,,,,,,,,,,,,,,,,,,,,,,,,,,,,,,,,,,,,,,,,,,,,,,,,,,,,,,,,,,,,,,,,,,,,,,,,,,,,,,,,,,,,,,,,,,,,,,,,,,,,,,,,,,,,,,,,,,,,,,,,,,,,,,,,,,,,,,,,,,,,,,,,,,,,,,,,,,,,,,,,,,,,,,,,,,,,,,,,,,,,,,,,,,,,,,,,,,,,,,,,,,,,,,,,,,,,,,,,,,,,,,,,,,,,,,,,,,,,,,,,,,,,,,,,,,,,,,,,,,,,,,,,,,,,,,,,,,,,,,,,,,,,,,,,,,,,,,,,,,,,,,,,,,,,,,,,,,,,,,,,,,,,,,,,,,,,,,,,,,,,,,,,,,,,,,,,,,,,,,,,,,,,,,,,,,,,,,,,,,,,,,,,,,,,,,,,,,,,,,,,,,,,,,,,,,,,,,,,,,,,,,,,,,,,,,,,,,,,,,,,,,,,,,,,,,,,,,,,,,,,,,,,,,,,,,,,,,,,,,,,,,,,,,,,,,,,,,,,,,,,,,,,,,,,,,,,,,,,,,,,,,,,,,,,,,,,,,,,,,,,,,,,,,,,,,,,,,,,,,,,,,,,,,,,,,,,,,,,,,,,,,,,,,,,,,,,,,,,,,,,,,,,,,,,,,,,,,,,,,,,,,,,,,,,,,,,,,,,,,,,,,,,,,,,,,,,,,,,,,,,,,,,,,,,,,,,,,,,,,,,,,,,,,,,,,,,,,,,,,,,,,,,,,,,,,,,,,,,,,,,,,,,,,,,,,,,,,,,,,,,,,,,,,,,,,,,,,,,
3444,3268,2474,2403,2305,2315,2353,2192,2343,2192,2353,2315,2305,2403,2474,3268,3719,3493,2449,2295,2377,2398,2391,2173,2411,2311,2425,2433,2235,2471,2467,3500,4070,3851,2750,2330,2367,2277,2329,2284,2336,2293,2353,2377,2209,2436,2753,3851,4206,3984,2876,2474,2381,2438,2264,2245,2212,2222,2321,2434,2269,2391,2897,3985,4015,3792,2744,2470,2308,2391,2178,2248,2163,2121,2323,2385,2306,2374,2720,3799,3652,3454,2556,2257,2191,2307,2224,2272,2158,2276,2363,2339,2296,2360,2594,3408,3408,3179,2248,2309,2356,2315,2249,2249,2155,2174,2309,2332,2409,2298,2447,3191,3195,2962,2243,2423,2490,2386,2302,2305,2262,2243,2357,2307,2372,2335,2413,2972,3093,2801,2327,2401,2323,2334,2233,2352,2290,2278,2389,2232,2272,2344,2417,2881,2995,2771,2468,2391,2262,2289,2332,2375,2447,2407,2300,2252,2353,2333,2363,2715,2977,2844,2448,2343,2172,2410,2472,2477,2428,2390,2409,2423,2359,2380,2422,2806,3305,3071,2939,3083,2783,2844,3016,2808,3188,3164,2955,2994,3096,3019,3321,3442,4255,4023,3399,3764,3602,3268,3644,3862,3969,3724,3743,3782,3759,3573,3887,4054,4472,4347,3774,4008,3967,3784,3930,4236,4368,3899,4060,4060,3919,3842,3887,4332,4409,4322,3874,3900,3967,3891,3867,4276,4407,4037,4064,4031,3745,3869,3986,4264,4498,4346,3754,3377,3652,3682,3497,4059,4167,3871,3793,3745,3464,3619,3739,4268,4522,4330,3539,2964,3285,3213,3145,3638,3735,3520,3269,3267,3143,3199,3294,4287,4430,4214,3288,2879,2918,2886,3147,3412,3569,3394,2971,2914,2948,2933,3113,4203,4271,4056,3129,3135,3085,3120,3262,3632,3730,3526,3344,3171,3016,3137,3371,4069,4038,3810,3096,2996,3148,3207,3267,3529,3637,3422,3347,3219,2973,3159,3374,3873,3940,3743,3030,2911,2988,3105,3005,3497,3625,3412,3003,2922,2835,2998,3216,3742,4495,4292,3336,2998,2800,2907,2890,3626,3779,3493,2955,2950,2759,2980,3158,4246,4635,4440,3409,3081,2954,2772,2813,3764,3941,3666,3027,3050,2994,3090,3049,4372,4443,4241,3099,2917,2896,2874,2776,3576,3783,3553,2927,3011,2896,3016,2950,4167,3922,3735,2993,2753,2858,2999,3083,3266,3465,3180,2940,3002,2805,2953,3178,3570,3765,3514,2933,2918,2902,3032,3171,3169,3174,3021,2960,2924,3003,2931,3225,3615,3810,3578,2827,2704,2638,2815,2994,3095,3179,2967,2777,2684,2779,2662,3038,3634,3715,3516,2826,2554,2586,2759,2713,2899,2990,2850,2588,2581,2369,2395,2751,3500,3397,3185,2642,2617,2627,2700,2539,2641,2764,2576,2488,2460,2419,2431,2662,3207,3499,3303,2445,2535,2511,2543,2636,2788,2861,2778,2558,2376,2306,2464,2620,3234,3629,3417,2659,2437,2513,2550,2683,2956,2935,2845,2668,2571,2642,2557,2611,3408,3512,3297,2472,2444,2560,2579,2695,2898,2939,2750,2407,2477,2657,2572,2364,3289,3234,3053,2441,2495,2497,2515,2389,2515,2678,2625,2488,2276,2336,2279,2389,2978,3270,3030,2543,2693,2490,2458,2443,2748,2913,2785,2617,2579,2299,2351,2427,3053,3293,3045,2518,2648,2452,2478,2534,2780,2743,2629,2547,2474,2358,2504,2455,3076,3120,2784,2394,2122,2270,2357,2471,2837,2914,2656,2274,2281,2167,2298,2227,2937,3027,2797,2319,2244,2280,2339,2394,2699,2758,2635,2338,2322,2377,2295,2367,2774,2975,2780,2396,2450,2418,2367,2425,2727,2783,2649,2336,2241,2494,2420,2465,2824,3054,2783,2463,2463,2410,2447,2480,2676,2736,2456,2404,2322,2366,2371,2326,2883,2913,2671,2294,2280,2344,2307,2323,2559,2642,2474,2424,2330,2318,2254,2169,2755,2824,2623,2283,2371,2374,2390,2329,2453,2588,2386,2466,2355,2414,2339,2327,2705,2502,2248,2336,2419,2373,2398,2336,2481,2628,2529,2475,2203,2411,2380,2420,2564,2934,2711,2198,2365,2343,2300,2382,2543,2729,2731,2481,2319,2317,2364,2531,2822,3011,2827,2409,2334,2322,2307,2415,2596,2672,2612,2426,2434,2346,2354,2480,2792,2849,2755,2450,2385,2396,2426,2327,2511,2533,2286,2544,2564,2486,2336,2355,2500,2902,2671,2385,2264,2369,2448,2232,2549,2533,2401,2388,2514,2269,2283,2261,2674,2946,2750,2319,2388,2319,2346,2404,2420,2587,2474,2393,2450,2275,2325,2351,2754,2898,2744,2402,2397,2254,2295,2404,2458,2656,2557,2438,2345,2362,2472,2399,2735,2810,2684,2390,2361,2344,2346,2367,2441,2445,2340,2438,2420,2436,2406,2261,2632,2892,2702,2206,2300,2381,2375,2291,2446,2541,2400,2316,2283,2356,2337,2327,2652,2953,2738,2287,2313,2341,2227,2447,2460,2502,2504,2354,2151,2340,2316,2377,2712,2810,2469,2459,2451,2252,2175,2475,2291,2515,2422,2361,2301,2345,2075,2255,2639,3194,3007,2439,2438,2281,2288,2373,2569,2657,2515,2323,2355,2343,2286,2311,2953,3542,3331,2409,2516,2324,2184,2288,2638,2760,2611,2344,2288,2318,2313,2337,3309,3489,3276,2474,2478,2382,2350,2415,2527,2693,2548,2470,2305,2286,2315,2415,3260,3120,2890,2391,2438,2364,2331,2361,2398,2480,2408,2381,2317,2173,2357,2372,2904,2843,2552,2301,2418,2421,2117,2183,2297,2330,2275,2237,2193,2233,2389,2434,2662,2620,2500,2352,2393,2368,2131,2192,2411,2381,2334,2244,2249,2403,2347,2309,2430,2759,2614,2366,2317,2204,2055,2252,2484,2432,2369,2344,2331,2391,2221,2338,2623,2763,2606,2297,2176,2159,2048,2190,2385,2462,2468,2416,2438,2494,2290,2336,2574,2812,2654,2340,2290,2233,2235,2267,2266,2592,2647,2505,2571,2482,2272,2259,2648,3086,2909,2409,2455,2510,2437,2400,2368,2588,2650,2479,2501,2353,2296,2353,2795,3933,3709,2663,2335,2506,2403,2404,2383,2254,2335,2367,2311,2321,2367,2595,3713,4423,4200,3116,2588,2643,2424,2423,2933,2908,2589,2327,2230,2521,2700,3021,4199,4547,4332,3234,2843,2796,2780,2726,3286,3306,3014,2729,2591,2644,2862,3066,4318,4205,4009,3009,2847,2644,2825,2875,3394,3449,3147,2769,2656,2560,2714,2984,3942,4170,3946,2854,2661,2464,2566,2760,3223,3275,2924,2631,2612,2486,2485,2890,3939,3702,3490,2514,2377,2280,2345,2426,2715,2962,2888,2511,2320,2383,2213,2669,3490,3457,3226,2342,2336,2367,2373,2430,2547,2820,2792,2460,2419,2433,2205,2316,3232,3416,3220,2371,2401,2373,2400,2344,2578,2666,2625,2395,2471,2515,2389,2429,3173,3396,3175,2186,2218,2459,2484,2343,2576,2529,2478,2298,2455,2563,2457,2451,3183,3219,2991,2266,2278,2247,2375,2355,2530,2483,2352,2288,2425,2483,2240,2435,3004,3176,2964,2199,2264,2418,2423,2313,2499,2421,2379,2387,2390,2319,2096,2321,2955,2937,2675,2355,2200,2404,2385,2193,2339,2499,2412,2481,2485,2439,2304,2361,2729,2923,2720,2398,2346,2322,2402,2300,2260,2434,2464,2370,2384,2392,2302,2236,2657,2929,2697,2290,2304,2389,2494,2330,2457,2505,2337,2336,2438,2337,2374,2401,2682,3131,2905,2215,2436,2400,2454,2622,2657,2563,2371,2423,2377,2309,2351,2474,2896,3491,3271,2431,2557,2612,2445,2590,2618,2672,2433,2519,2489,2477,2474,2445,3249,3704,3479,2562,2531,2524,2522,2546,2542,2674,2572,2334,2419,2470,2509,2555,3479,3649,3426,2412,2405,2326,2471,2365,2379,2607,2505,2197,2391,2365,2519,2539,3426,3539,3320,2262,2220,2152,2281,2351,2463,2507,2365,2287,2162,2345,2452,2453,3317,3421,3219,2415,2324,2261,2308,2358,2498,2530,2309,2337,2410,2406,2330,2427,3201,3263,3052,2361,2416,2208,2328,2312,2588,2636,2364,2382,2383,2253,2260,2432,3012,2868,2738,2393,2428,2407,2311,2224,2559,2677,2560,2449,2505,2411,2288,2426,2716,2923,2684,2361,2393,2375,2284,2307,2664,2754,2530,2336,2476,2397,2310,2516,2795,2984,2800,2370,2379,2421,2336,2366,2676,2845,2607,2340,2477,2312,2367,2512,2821,3048,2861,2487,2376,2471,2422,2547,2630,2748,2672,2436,2393,2301,2312,2473,2810,3058,2830,2404,2403,2327,2443,2477,2374,2463,2682,2592,2604,2399,2390,2517,2915,3053,2800,2550,2604,2442,2483,2371,2457,2757,2715,2684,2733,2480,2361,2657,3034,3052,2849,2427,2583,2527,2388,2256,2689,2770,2707,2639,2609,2507,2354,2629,2974,3143,2956,2250,2452,2409,2248,2374,2550,2571,2508,2484,2293,2375,2376,2388,2910,3043,2844,2298,2383,2353,2392,2449,2398,2529,2569,2376,2204,2249,2383,2367,2851,3084,2898,2581,2534,2297,2408,2543,2562,2785,2661,2259,2333,2309,2277,2478,2940,3268,3076,2644,2534,2349,2338,2469,2716,2862,2666,2408,2430,2274,2254,2395,3072,3372,3165,2480,2396,2321,2424,2466,2496,2720,2577,2221,2342,2388,2174,2375,3146,3104,2893,2426,2319,2313,2371,2346,2370,2673,2597,2331,2426,2344,2336,2387,2873,3079,2914,2448,2308,2366,2460,2322,2488,2782,2722,2372,2364,2180,2413,2499,2850,3081,2947,2401,2410,2400,2469,2444,2624,2738,2668,2382,2378,2217,2353,2595,2881,3198,2948,2228,2329,2433,2406,2349,2606,2651,2400,2394,2472,2384,2432,2511,3014,3278,3063,2305,2321,2405,2372,2429,2450,2511,2338,2336,2381,2441,2365,2445,3058,3083,2894,2346,2334,2330,2348,2399,2587,2629,2476,2331,2365,2331,2329,2389,2802,2892,2703,2326,2158,2338,2323,2423,2511,2551,2405,2224,2252,2300,2307,2469,2701,2712,2549,2279,2360,2409,2355,2363,2508,2428,2384,2354,2118,2286,2235,2374,2534,2865,2657,2391,2364,2313,2422,2378,2282,2392,2370,2272,2197,2278,2294,2344,2772,3221,2950,2298,2361,2301,2375,2226,2123,2318,2368,2267,2259,2306,2222,2164,3015,3065,2816,2109,2260,2257,2305,2288,2431,2372,2384,2423,2350,2305,2255,2248,2865,2971,2684,2370,2344,2259,2472,2268,2478,2492,2336,2450,2397,2295,2253,2245,2799,3538,3321,2378,2302,2374,2434,2277,2556,2710,2423,2403,2318,2367,2269,2386,3312,3674,3456,2424,2369,2478,2490,2359,2787,2932,2569,2540,2264,2245,2283,2531,3442,3567,3358,2378,2371,2458,2386,2285,2749,2877,2608,2482,2228,2262,2101,2521,3340,3715,3496,2441,2461,2545,2423,2293,2409,2597,2478,2386,2362,2421,2413,2373,3497,4019,3798,2667,2405,2315,2312,2411,2467,2631,2464,2345,2419,2514,2540,2690,3796,4041,3816,2753,2501,2461,2422,2478,2475,2612,2462,2370,2456,2465,2538,2717,3814,3853,3633,2664,2174,2421,2364,2422,2437,2441,2367,2372,2336,2394,2413,2423,3621,3494,3273,2284,2171,2293,2318,2323,2373,2468,2416,2298,2225,2246,2144,2352,3273,3151,2921,2432,2310,2191,2275,2308,2397,2345,2315,2335,2170,2328,2254,2316,2972,3009,2831,2425,2283,2156,2069,2245,2428,2383,2134,2373,2396,2418,2286,2166,2735,2764,2557,2347,2224,2251,2110,2302,2402,2348,2345,2459,2512,2442,2325,2275,2575,2745,2486,2232,2143,2269,2267,2329,2295,2308,2295,2398,2368,2315,2306,2238,2564,2754,2549,2144,2197,2263,2187,2309,2337,2324,2180,2183,2177,2252,2264,2179,2487,2872,2705,2144,2314,2240,2156,2222,2256,2254,2204,2025,1959,2133,2188,2175,2643,3041,2818,2293,2186,2212,2050,2229,2257,2242,2209,2023,2039,2140,2094,2233,2827,3234,2992,2215,2048,2112,1884,2024,2228,2291,2267,2193,2117,2176,1958,2274,3024,3179,2941,2219,2201,2226,2248,2115,1980,2172,2214,2211,2193,2154,2129,2136,2946,2958,2745,2200,2156,2242,2205,2108,2079,2087,2197,2149,2172,2206,2206,2175,2727,2568,2270,2058,2092,2086,2080,2030,1993,2068,2176,2168,2186,2131,2158,2075,2299,2602,2341,1904,1944,2015,2145,2183,2187,2229,2206,2072,2113,2042,1881,2021,2462,2529,2405,1848,1915,1989,2028,2134,2264,2321,2309,2114,2089,2036,1995,1902,2341
,,,,,,,,,,,,,,,,,,,,,,,,,,,,,,,,,,,,,,,,,,,,,,,,,,,,,,,,,,,,,,,,,,,,,,,,,,,,,,,,,,,,,,,,,,,,,,,,,,,,,,,,,,,,,,,,,,,,,,,,,,,,,,,,,,,,,,,,,,,,,,,,,,,,,,,,,,,,,,,,,,,,,,,,,,,,,,,,,,,,,,,,,,,,,,,,,,,,,,,,,,,,,,,,,,,,,,,,,,,,,,,,,,,,,,,,,,,,,,,,,,,,,,,,,,,,,,,,,,,,,,,,,,,,,,,,,,,,,,,,,,,,,,,,,,,,,,,,,,,,,,,,,,,,,,,,,,,,,,,,,,,,,,,,,,,,,,,,,,,,,,,,,,,,,,,,,,,,,,,,,,,,,,,,,,,,,,,,,,,,,,,,,,,,,,,,,,,,,,,,,,,,,,,,,,,,,,,,,,,,,,,,,,,,,,,,,,,,,,,,,,,,,,,,,,,,,,,,,,,,,,,,,,,,,,,,,,,,,,,,,,,,,,,,,,,,,,,,,,,,,,,,,,,,,,,,,,,,,,,,,,,,,,,,,,,,,,,,,,,,,,,,,,,,,,,,,,,,,,,,,,,,,,,,,,,,,,,,,,,,,,,,,,,,,,,,,,,,,,,,,,,,,,,,,,,,,,,,,,,,,,,,,,,,,,,,,,,,,,,,,,,,,,,,,,,,,,,,,,,,,,,,,,,,,,,,,,,,,,,,,,,,,,,,,,,,,,,,,,,,,,,,,,,,,,,,,,,,,,,,,,,,,,,,,,,,,,,,,,,,,,,,,,,,,,,,,,,,,,,,,,,,,,,,,,,,,,,,,,,,,,,,,,,,,,,,,,,,,,,,,,,,,,,,,,,,,,,,,,,,,,,,,,,,,,,,,,,,,,,,,,,,,,,,,,,,,,,,,,,,,,,,,,,,,,,,,,,,,,,,,,,,,,,,,,,,,,,,,,,,,,,,,,,,,,,,,,,,,,,,,,,,,,,,,,,,,,,,,,,,,,,,,,,,,,,,,,,,,,,,,,,,,,,,,,,,,,,,,,,,,,,,,,,,,,,,,,,,,,,,,,,,,,,,,,,,,,,,,,,,,,,,,,,,,,,,,,,,,,,,,,,,,,,,,,,,,,,,,,,,,,,,,,,,,,,,,,,,,,,,,,,,,,,,,,,,,,,,,,,,,,,,,,,,,,,,,,,,,,,,,,,,,,,,,,,,,,,,,,,,,,,,,,,,,,,,,,,,,,,,,,,,,,,,,,,,,,,,,,,,,,,,,,,,,,,,,,,,,,,,,,,,,,,,,,,,,,,,,,,,,,,,,,,,,,,,,,,,,,,,,,,,,,,,,,,,,,,,,,,,,,,,,,,,,,,,,,,,,,,,,,,,,,,,,,,,,,,,,,,,,,,,,,,,,,,,,,,,,,,,,,,,,,,,,,,,,,,,,,,,,,,,,,,,,,,,,,,,,,,,,,,,,,,,,,,,,,,,,,,,,,,,,,,,,,,,,,,,,,,,,,,,,,,,,,,,,,,,,,,,,,,,,,,,,,,,,,,,,,,,,,,,,,,,,,,,,,,,,,,,,,,,,,,,,,,,,,,,,,,,,,,,,,,,,,,,,,,,,,,,,,,,,,,,,,,,,,,,,,,,,,,,,,,,,,,,,,,,,,,,,,,,,,,,,,,,,,,,,,,,,,,,,,,,,,,,,,,,,,,,,,,,,,,,,,,,,,,,,,,,,,,,,,,,,,,,,,,,,,,,,,,,,,,,,,,,,,,,,,,,,,,,,,,,,,,,,,,,,,,,,,,,,,,,,,,,,,,,,,,,,,,,,,,,,,,,,,,,,,,,,,,,,,,,,,,,,,,,,,,,,,,,,,,,,,,,,,,,,,,,,,,,,,,,,,,,,,,,,,,,,,,,,,,,,,,,,,,,,,,,,,,,,,,,,,,,,,,,,,,,,,,,,,,,,,,,,,,,,,,,,,,,,,,,,,,,,,,,,,,,,,,,,,,,,,,,,,,,,,,,,,,,,,,,,,,,,,,,,,,,,,,,,,,,,,,,,,,,,,,,,,,,,,,,,,,,,,,,,,,,,,,,,,,,,,,,,,,,,,,,,,,,,,,,,,,,,,,,,,,,,,,,,,,,,,,,,,,,,,,,,,,,,,,,,,,,,,,,,,,,,,,,,,,,,,,,,,,,,,,,,,,,,,,,,,,,,,,,,,,,,,,,,,,
,,,,,,,,,,,,,,,,,,,,,,,,,,,,,,,,,,,,,,,,,,,,,,,,,,,,,,,,,,,,,,,,,,,,,,,,,,,,,,,,,,,,,,,,,,,,,,,,,,,,,,,,,,,,,,,,,,,,,,,,,,,,,,,,,,,,,,,,,,,,,,,,,,,,,,,,,,,,,,,,,,,,,,,,,,,,,,,,,,,,,,,,,,,,,,,,,,,,,,,,,,,,,,,,,,,,,,,,,,,,,,,,,,,,,,,,,,,,,,,,,,,,,,,,,,,,,,,,,,,,,,,,,,,,,,,,,,,,,,,,,,,,,,,,,,,,,,,,,,,,,,,,,,,,,,,,,,,,,,,,,,,,,,,,,,,,,,,,,,,,,,,,,,,,,,,,,,,,,,,,,,,,,,,,,,,,,,,,,,,,,,,,,,,,,,,,,,,,,,,,,,,,,,,,,,,,,,,,,,,,,,,,,,,,,,,,,,,,,,,,,,,,,,,,,,,,,,,,,,,,,,,,,,,,,,,,,,,,,,,,,,,,,,,,,,,,,,,,,,,,,,,,,,,,,,,,,,,,,,,,,,,,,,,,,,,,,,,,,,,,,,,,,,,,,,,,,,,,,,,,,,,,,,,,,,,,,,,,,,,,,,,,,,,,,,,,,,,,,,,,,,,,,,,,,,,,,,,,,,,,,,,,,,,,,,,,,,,,,,,,,,,,,,,,,,,,,,,,,,,,,,,,,,,,,,,,,,,,,,,,,,,,,,,,,,,,,,,,,,,,,,,,,,,,,,,,,,,,,,,,,,,,,,,,,,,,,,,,,,,,,,,,,,,,,,,,,,,,,,,,,,,,,,,,,,,,,,,,,,,,,,,,,,,,,,,,,,,,,,,,,,,,,,,,,,,,,,,,,,,,,,,,,,,,,,,,,,,,,,,,,,,,,,,,,,,,,,,,,,,,,,,,,,,,,,,,,,,,,,,,,,,,,,,,,,,,,,,,,,,,,,,,,,,,,,,,,,,,,,,,,,,,,,,,,,,,,,,,,,,,,,,,,,,,,,,,,,,,,,,,,,,,,,,,,,,,,,,,,,,,,,,,,,,,,,,,,,,,,,,,,,,,,,,,,,,,,,,,,,,,,,,,,,,,,,,,,,,,,,,,,,,,,,,,,,,,,,,,,,,,,,,,,,,,,,,,,,,,,,,,,,,,,,,,,,,,,,,,,,,,,,,,,,,,,,,,,,,,,,,,,,,,,,,,,,,,,,,,,,,,,,,,,,,,,,,,,,,,,,,,,,,,,,,,,,,,,,,,,,,,,,,,,,,,,,,,,,,,,,,,,,,,,,,,,,,,,,,,,,,,,,,,,,,,,,,,,,,,,,,,,,,,,,,,,,,,,,,,,,,,,,,,,,,,,,,,,,,,,,,,,,,,,,,,,,,,,,,,,,,,,,,,,,,,,,,,,,,,,,,,,,,,,,,,,,,,,,,,,,,,,,,,,,,,,,,,,,,,,,,,,,,,,,,,,,,,,,,,,,,,,,,,,,,,,,,,,,,,,,,,,,,,,,,,,,,,,,,,,,,,,,,,,,,,,,,,,,,,,,,,,,,,,,,,,,,,,,,,,,,,,,,,,,,,,,,,,,,,,,,,,,,,,,,,,,,,,,,,,,,,,,,,,,,,,,,,,,,,,,,,,,,,,,,,,,,,,,,,,,,,,,,,,,,,,,,,,,,,,,,,,,,,,,,,,,,,,,,,,,,,,,,,,,,,,,,,,,,,,,,,,,,,,,,,,,,,,,,,,,,,,,,,,,,,,,,,,,,,,,,,,,,,,,,,,,,,,,,,,,,,,,,,,,,,,,,,,,,,,,,,,,,,,,,,,,,,,,,,,,,,,,,,,,,,,,,,,,,,,,,,,,,,,,,,,,,,,,,,,,,,,,,,,,,,,,,,,,,,,,,,,,,,,,,,,,,,,,,,,,,,,,,,,,,,,,,,,,,,,,,,,,,,,,,,,,,,,,,,,,,,,,,,,,,,,,,,,,,,,,,,,,,,,,,,,,,,,,,,,,,,,,,,,,,,,,,,,,,,,,,,,,,,,,,,,,,,,,,,,,,,,,,,,,,,,,,,,,,,,,,,,,,,,,,,,,,,,,,,,,,,,,,,,,,,,,,,,,,,,,,,,,,,,,,,,,,,,,,,,,,,,,,,,,,,,,,,,,,,,,,,,,,,,,,,,,,,,,,,,,,,,,,,,,,,,,,,,,,,,,,,,,,,,,,
,,,,,,,,,,,,,,,,,,,,,,,,,,,,,,,,,,,,,,,,,,,,,,,,,,,,,,,,,,,,,,,,,,,,,,,,,,,,,,,,,,,,,,,,,,,,,,,,,,,,,,,,,,,,,,,,,,,,,,,,,,,,,,,,,,,,,,,,,,,,,,,,,,,,,,,,,,,,,,,,,,,,,,,,,,,,,,,,,,,,,,,,,,,,,,,,,,,,,,,,,,,,,,,,,,,,,,,,,,,,,,,,,,,,,,,,,,,,,,,,,,,,,,,,,,,,,,,,,,,,,,,,,,,,,,,,,,,,,,,,,,,,,,,,,,,,,,,,,,,,,,,,,,,,,,,,,,,,,,,,,,,,,,,,,,,,,,,,,,,,,,,,,,,,,,,,,,,,,,,,,,,,,,,,,,,,,,,,,,,,,,,,,,,,,,,,,,,,,,,,,,,,,,,,,,,,,,,,,,,,,,,,,,,,,,,,,,,,,,,,,,,,,,,,,,,,,,,,,,,,,,,,,,,,,,,,,,,,,,,,,,,,,,,,,,,,,,,,,,,,,,,,,,,,,,,,,,,,,,,,,,,,,,,,,,,,,,,,,,,,,,,,,,,,,,,,,,,,,,,,,,,,,,,,,,,,,,,,,,,,,,,,,,,,,,,,,,,,,,,,,,,,,,,,,,,,,,,,,,,,,,,,,,,,,,,,,,,,,,,,,,,,,,,,,,,,,,,,,,,,,,,,,,,,,,,,,,,,,,,,,,,,,,,,,,,,,,,,,,,,,,,,,,,,,,,,,,,,,,,,,,,,,,,,,,,,,,,,,,,,,,,,,,,,,,,,,,,,,,,,,,,,,,,,,,,,,,,,,,,,,,,,,,,,,,,,,,,,,,,,,,,,,,,,,,,,,,,,,,,,,,,,,,,,,,,,,,,,,,,,,,,,,,,,,,,,,,,,,,,,,,,,,,,,,,,,,,,,,,,,,,,,,,,,,,,,,,,,,,,,,,,,,,,,,,,,,,,,,,,,,,,,,,,,,,,,,,,,,,,,,,,,,,,,,,,,,,,,,,,,,,,,,,,,,,,,,,,,,,,,,,,,,,,,,,,,,,,,,,,,,,,,,,,,,,,,,,,,,,,,,,,,,,,,,,,,,,,,,,,,,,,,,,,,,,,,,,,,,,,,,,,,,,,,,,,,,,,,,,,,,,,,,,,,,,,,,,,,,,,,,,,,,,,,,,,,,,,,,,,,,,,,,,,,,,,,,,,,,,,,,,,,,,,,,,,,,,,,,,,,,,,,,,,,,,,,,,,,,,,,,,,,,,,,,,,,,,,,,,,,,,,,,,,,,,,,,,,,,,,,,,,,,,,,,,,,,,,,,,,,,,,,,,,,,,,,,,,,,,,,,,,,,,,,,,,,,,,,,,,,,,,,,,,,,,,,,,,,,,,,,,,,,,,,,,,,,,,,,,,,,,,,,,,,,,,,,,,,,,,,,,,,,,,,,,,,,,,,,,,,,,,,,,,,,,,,,,,,,,,,,,,,,,,,,,,,,,,,,,,,,,,,,,,,,,,,,,,,,,,,,,,,,,,,,,,,,,,,,,,,,,,,,,,,,,,,,,,,,,,,,,,,,,,,,,,,,,,,,,,,,,,,,,,,,,,,,,,,,,,,,,,,,,,,,,,,,,,,,,,,,,,,,,,,,,,,,,,,,,,,,,,,,,,,,,,,,,,,,,,,,,,,,,,,,,,,,,,,,,,,,,,,,,,,,,,,,,,,,,,,,,,,,,,,,,,,,,,,,,,,,,,,,,,,,,,,,,,,,,,,,,,,,,,,,,,,,,,,,,,,,,,,,,,,,,,,,,,,,,,,,,,,,,,,,,,,,,,,,,,,,,,,,,,,,,,,,,,,,,,,,,,,,,,,,,,,,,,,,,,,,,,,,,,,,,,,,,,,,,,,,,,,,,,,,,,,,,,,,,,,,,,,,,,,,,,,,,,,,,,,,,,,,,,,,,,,,,,,,,,,,,,,,,,,,,,,,,,,,,,,,,,,,,,,,,,,,,,,,,,,,,,,,,,,,,,,,,,,,,,,,,,,,,,,,,,,,,,,,,,,,,,,,,,,,,,,,,,,,,,,,,,,,,,,,,,,,,,,,,,,,,,,,,,,,,,,,,,,,,,,,,,,,,,,,,,,,,,,,,,,,,,,,,,,,,,,,,,,,,,,,,,,,,,,,,,,,,,,,,,,,,,,,,,,,,,,,,,,,,,,,,,,,,,
,,,,,,,,,,,,,,,,,,,,,,,,,,,,,,,,,,,,,,,,,,,,,,,,,,,,,,,,,,,,,,,,,,,,,,,,,,,,,,,,,,,,,,,,,,,,,,,,,,,,,,,,,,,,,,,,,,,,,,,,,,,,,,,,,,,,,,,,,,,,,,,,,,,,,,,,,,,,,,,,,,,,,,,,,,,,,,,,,,,,,,,,,,,,,,,,,,,,,,,,,,,,,,,,,,,,,,,,,,,,,,,,,,,,,,,,,,,,,,,,,,,,,,,,,,,,,,,,,,,,,,,,,,,,,,,,,,,,,,,,,,,,,,,,,,,,,,,,,,,,,,,,,,,,,,,,,,,,,,,,,,,,,,,,,,,,,,,,,,,,,,,,,,,,,,,,,,,,,,,,,,,,,,,,,,,,,,,,,,,,,,,,,,,,,,,,,,,,,,,,,,,,,,,,,,,,,,,,,,,,,,,,,,,,,,,,,,,,,,,,,,,,,,,,,,,,,,,,,,,,,,,,,,,,,,,,,,,,,,,,,,,,,,,,,,,,,,,,,,,,,,,,,,,,,,,,,,,,,,,,,,,,,,,,,,,,,,,,,,,,,,,,,,,,,,,,,,,,,,,,,,,,,,,,,,,,,,,,,,,,,,,,,,,,,,,,,,,,,,,,,,,,,,,,,,,,,,,,,,,,,,,,,,,,,,,,,,,,,,,,,,,,,,,,,,,,,,,,,,,,,,,,,,,,,,,,,,,,,,,,,,,,,,,,,,,,,,,,,,,,,,,,,,,,,,,,,,,,,,,,,,,,,,,,,,,,,,,,,,,,,,,,,,,,,,,,,,,,,,,,,,,,,,,,,,,,,,,,,,,,,,,,,,,,,,,,,,,,,,,,,,,,,,,,,,,,,,,,,,,,,,,,,,,,,,,,,,,,,,,,,,,,,,,,,,,,,,,,,,,,,,,,,,,,,,,,,,,,,,,,,,,,,,,,,,,,,,,,,,,,,,,,,,,,,,,,,,,,,,,,,,,,,,,,,,,,,,,,,,,,,,,,,,,,,,,,,,,,,,,,,,,,,,,,,,,,,,,,,,,,,,,,,,,,,,,,,,,,,,,,,,,,,,,,,,,,,,,,,,,,,,,,,,,,,,,,,,,,,,,,,,,,,,,,,,,,,,,,,,,,,,,,,,,,,,,,,,,,,,,,,,,,,,,,,,,,,,,,,,,,,,,,,,,,,,,,,,,,,,,,,,,,,,,,,,,,,,,,,,,,,,,,,,,,,,,,,,,,,,,,,,,,,,,,,,,,,,,,,,,,,,,,,,,,,,,,,,,,,,,,,,,,,,,,,,,,,,,,,,,,,,,,,,,,,,,,,,,,,,,,,,,,,,,,,,,,,,,,,,,,,,,,,,,,,,,,,,,,,,,,,,,,,,,,,,,,,,,,,,,,,,,,,,,,,,,,,,,,,,,,,,,,,,,,,,,,,,,,,,,,,,,,,,,,,,,,,,,,,,,,,,,,,,,,,,,,,,,,,,,,,,,,,,,,,,,,,,,,,,,,,,,,,,,,,,,,,,,,,,,,,,,,,,,,,,,,,,,,,,,,,,,,,,,,,,,,,,,,,,,,,,,,,,,,,,,,,,,,,,,,,,,,,,,,,,,,,,,,,,,,,,,,,,,,,,,,,,,,,,,,,,,,,,,,,,,,,,,,,,,,,,,,,,,,,,,,,,,,,,,,,,,,,,,,,,,,,,,,,,,,,,,,,,,,,,,,,,,,,,,,,,,,,,,,,,,,,,,,,,,,,,,,,,,,,,,,,,,,,,,,,,,,,,,,,,,,,,,,,,,,,,,,,,,,,,,,,,,,,,,,,,,,,,,,,,,,,,,,,,,,,,,,,,,,,,,,,,,,,,,,,,,,,,,,,,,,,,,,,,,,,,,,,,,,,,,,,,,,,,,,,,,,,,,,,,,,,,,,,,,,,,,,,,,,,,,,,,,,,,,,,,,,,,,,,,,,,,,,,,,,,,,,,,,,,,,,,,,,,,,,,,,,,,,,,,,,,,,,,,,,,,,,,,,,,,,,,,,,,,,,,,,,,,,,,,,,,,,,,,,,,,,,,,,,,,,,,,,,,,,,,,,,,,,,,,,,,,,,,,,,,,,,,,,,,,,,,,,,,,,,,,,,,,,,,,,,,,,,,,,,,,,,,,,,,,,,,,,,,,,,,,,,,,,,,,,,,,,,,,,,,,,,,,,,,,,,,,,,,,,,,,,,,,,
,,,,,,,,,,,,,,,,,,,,,,,,,,,,,,,,,,,,,,,,,,,,,,,,,,,,,,,,,,,,,,,,,,,,,,,,,,,,,,,,,,,,,,,,,,,,,,,,,,,,,,,,,,,,,,,,,,,,,,,,,,,,,,,,,,,,,,,,,,,,,,,,,,,,,,,,,,,,,,,,,,,,,,,,,,,,,,,,,,,,,,,,,,,,,,,,,,,,,,,,,,,,,,,,,,,,,,,,,,,,,,,,,,,,,,,,,,,,,,,,,,,,,,,,,,,,,,,,,,,,,,,,,,,,,,,,,,,,,,,,,,,,,,,,,,,,,,,,,,,,,,,,,,,,,,,,,,,,,,,,,,,,,,,,,,,,,,,,,,,,,,,,,,,,,,,,,,,,,,,,,,,,,,,,,,,,,,,,,,,,,,,,,,,,,,,,,,,,,,,,,,,,,,,,,,,,,,,,,,,,,,,,,,,,,,,,,,,,,,,,,,,,,,,,,,,,,,,,,,,,,,,,,,,,,,,,,,,,,,,,,,,,,,,,,,,,,,,,,,,,,,,,,,,,,,,,,,,,,,,,,,,,,,,,,,,,,,,,,,,,,,,,,,,,,,,,,,,,,,,,,,,,,,,,,,,,,,,,,,,,,,,,,,,,,,,,,,,,,,,,,,,,,,,,,,,,,,,,,,,,,,,,,,,,,,,,,,,,,,,,,,,,,,,,,,,,,,,,,,,,,,,,,,,,,,,,,,,,,,,,,,,,,,,,,,,,,,,,,,,,,,,,,,,,,,,,,,,,,,,,,,,,,,,,,,,,,,,,,,,,,,,,,,,,,,,,,,,,,,,,,,,,,,,,,,,,,,,,,,,,,,,,,,,,,,,,,,,,,,,,,,,,,,,,,,,,,,,,,,,,,,,,,,,,,,,,,,,,,,,,,,,,,,,,,,,,,,,,,,,,,,,,,,,,,,,,,,,,,,,,,,,,,,,,,,,,,,,,,,,,,,,,,,,,,,,,,,,,,,,,,,,,,,,,,,,,,,,,,,,,,,,,,,,,,,,,,,,,,,,,,,,,,,,,,,,,,,,,,,,,,,,,,,,,,,,,,,,,,,,,,,,,,,,,,,,,,,,,,,,,,,,,,,,,,,,,,,,,,,,,,,,,,,,,,,,,,,,,,,,,,,,,,,,,,,,,,,,,,,,,,,,,,,,,,,,,,,,,,,,,,,,,,,,,,,,,,,,,,,,,,,,,,,,,,,,,,,,,,,,,,,,,,,,,,,,,,,,,,,,,,,,,,,,,,,,,,,,,,,,,,,,,,,,,,,,,,,,,,,,,,,,,,,,,,,,,,,,,,,,,,,,,,,,,,,,,,,,,,,,,,,,,,,,,,,,,,,,,,,,,,,,,,,,,,,,,,,,,,,,,,,,,,,,,,,,,,,,,,,,,,,,,,,,,,,,,,,,,,,,,,,,,,,,,,,,,,,,,,,,,,,,,,,,,,,,,,,,,,,,,,,,,,,,,,,,,,,,,,,,,,,,,,,,,,,,,,,,,,,,,,,,,,,,,,,,,,,,,,,,,,,,,,,,,,,,,,,,,,,,,,,,,,,,,,,,,,,,,,,,,,,,,,,,,,,,,,,,,,,,,,,,,,,,,,,,,,,,,,,,,,,,,,,,,,,,,,,,,,,,,,,,,,,,,,,,,,,,,,,,,,,,,,,,,,,,,,,,,,,,,,,,,,,,,,,,,,,,,,,,,,,,,,,,,,,,,,,,,,,,,,,,,,,,,,,,,,,,,,,,,,,,,,,,,,,,,,,,,,,,,,,,,,,,,,,,,,,,,,,,,,,,,,,,,,,,,,,,,,,,,,,,,,,,,,,,,,,,,,,,,,,,,,,,,,,,,,,,,,,,,,,,,,,,,,,,,,,,,,,,,,,,,,,,,,,,,,,,,,,,,,,,,,,,,,,,,,,,,,,,,,,,,,,,,,,,,,,,,,,,,,,,,,,,,,,,,,,,,,,,,,,,,,,,,,,,,,,,,,,,,,,,,,,,,,,,,,,,,,,,,,,,,,,,,,,,,,,,,,,,,,,,,,,,,,,,,,,,,,,,,,,,,,,,,,,,,,,,,,,,,,,,,,,,,,,,,,,,,,,,,,,,,,,,,,,,,,,,,,,,,,,,,,,,,,,,,,,,,,,,,,,,,,,,,,,,,,,,,,,,,,,,,,,,,,,,,,,,,,,,,,,,,,,,,,,,,,,,,,,,,,,,,,,,
3465,3278,2520,2354,2323,2310,2444,2329,2119,2329,2444,2310,2323,2354,2520,3278,3692,3457,2594,2335,2202,2147,2360,2291,2256,2305,2360,2256,2343,2235,2401,3459,4073,3852,2710,2474,2266,2204,2277,2231,2340,2434,2291,1959,2269,2421,2710,3850,4207,3984,2883,2419,2301,2362,2305,2282,2319,2400,2333,2255,2299,2535,2849,3984,4015,3796,2700,2273,2271,2361,2373,2325,2365,2249,2272,2228,2288,2456,2622,3792,3648,3439,2470,2236,2318,2316,2311,2269,2278,2250,2261,2145,2101,2187,2450,3423,3399,3185,2325,2370,2402,2300,2401,2300,2317,2343,2322,2306,2270,2199,2152,3142,3205,2993,2379,2423,2356,2293,2229,2195,2372,2378,2310,2313,2332,2154,2156,2958,3117,2904,2364,2241,2296,2294,2150,2289,2119,2405,2423,2354,2141,2220,2356,2881,3027,2804,2053,2374,2379,2357,2298,2371,2311,2281,2356,2224,2276,2307,2278,2889,3073,2721,2225,2423,2341,2238,2427,2642,2539,2435,2400,2326,2231,2345,2565,2983,3600,3346,2748,2931,2901,2938,3284,3537,3488,3162,2880,2959,2818,2773,3293,3597,4365,4037,3744,3755,3711,3683,4024,4248,4152,3613,3846,3782,3388,3386,4012,4284,4532,4147,3944,4058,3928,3961,4213,4435,4361,4149,4216,4109,3642,3671,4192,4383,4309,3962,3674,4007,3792,3963,3922,4191,4224,4232,4220,4085,3659,3681,4049,4193,4433,4131,3659,3689,3530,3740,3633,3636,3520,3890,3914,3787,3401,3445,3674,4230,4507,4267,3372,3365,3335,3309,3283,3447,3429,3276,3418,3413,3002,2699,3219,4295,4440,4222,3192,3212,3047,2998,2973,3182,3337,3176,3034,2925,2913,2998,3137,4220,4223,4017,3407,3437,3168,3223,3212,3388,3463,3308,3125,3120,3297,3321,3254,4042,4030,3764,3343,3421,3134,3275,3224,3458,3449,3351,3057,3016,3288,3296,3201,3839,3822,3653,3101,3032,3139,3211,3027,3734,3878,3622,2903,3185,3089,3099,3073,3655,4521,4290,3232,3095,3367,3392,3102,3831,4042,3817,3329,3365,3211,3269,3309,4312,4678,4450,3394,3101,3335,3466,3295,3617,3919,3703,3270,3263,3202,3455,3412,4471,4490,4258,3161,3039,3209,3399,3250,3352,3538,3268,3025,3116,3042,3287,3224,4279,4033,3803,3038,2535,2956,3190,3069,3240,3318,3166,3056,2865,2874,2838,3190,3833,3797,3575,2792,2647,2652,2914,2814,3130,3223,3067,2845,2551,2676,2851,3199,3585,3850,3615,2807,2682,2649,2667,2728,2997,3144,3011,2597,2469,2428,2808,2970,3622,3728,3489,2723,2671,2767,2631,2671,2791,3018,2898,2571,2441,2634,2819,2747,3509,3402,3153,2583,2523,2537,2567,2806,2693,2661,2565,2427,2457,2568,2581,2566,3168,3497,3290,2607,2506,2410,2559,2786,2900,3022,2786,2427,2446,2479,2526,2685,3272,3598,3369,2677,2575,2599,2480,2766,2995,2990,2743,2336,2487,2533,2506,2743,3385,3451,3227,2632,2500,2499,2475,2886,3008,2876,2594,2472,2448,2472,2431,2773,3298,3100,2966,2544,2354,2234,2343,2562,2723,2683,2461,2418,2398,2362,2511,2655,2952,3039,2813,2407,2358,2262,2280,2423,2652,2736,2555,2365,2398,2150,2496,2610,2767,3177,2918,2330,2381,2338,2575,2501,2594,2731,2568,2264,2424,2293,2429,2603,2745,3127,2892,2361,2319,2400,2388,2359,2525,2623,2540,2384,2462,2329,2387,2409,2860,3046,2832,2278,2297,2332,2226,2314,2576,2551,2519,2480,2410,2297,2335,2306,2810,2999,2821,2391,2287,2375,2268,2416,2543,2624,2515,2313,2184,2323,2295,2367,2764,3076,2866,2379,2242,2314,2269,2485,2723,2818,2615,2225,2283,2206,2310,2341,2831,2866,2635,2232,2292,2437,2418,2222,2767,2880,2665,2305,2379,2307,2331,2194,2670,2823,2662,2344,2282,2443,2514,2441,2665,2772,2635,2414,2298,2086,2323,2307,2669,2651,2641,2376,2236,2416,2491,2412,2529,2655,2477,2365,2235,2330,2315,2505,2553,2990,2712,2375,2403,2371,2431,2456,2597,2746,2557,2315,2358,2454,2443,2554,2812,2923,2634,2463,2409,2473,2313,2270,2558,2676,2558,2505,2286,2338,2391,2565,2726,2735,2516,2369,2192,2394,2466,2378,2380,2531,2581,2517,2260,2384,2398,2544,2597,2755,2672,2487,2312,2326,2415,2417,2578,2530,2547,2492,2251,2333,2351,2492,2691,2910,2771,2464,2352,2366,2480,2501,2662,2659,2487,2400,2490,2348,2279,2526,2747,2923,2667,2503,2411,2335,2375,2488,2677,2572,2444,2355,2419,2209,2445,2505,2773,2832,2643,2505,2262,2343,2309,2412,2612,2530,2230,2317,2422,2433,2501,2399,2680,2843,2665,2345,2306,2283,2313,2365,2515,2557,2371,2380,2422,2380,2303,2479,2696,2861,2628,2219,2229,2387,2440,2447,2631,2703,2510,2371,2368,2218,2297,2448,2664,2912,2698,2236,2243,2388,2436,2363,2566,2642,2568,2355,2244,2365,2259,2437,2679,3137,2907,2358,2366,2308,2443,2448,2542,2644,2451,2359,2371,2418,2434,2403,2920,3533,3305,2479,2421,2377,2211,2312,2389,2638,2504,2168,2296,2404,2453,2335,3315,3496,3267,2389,2493,2433,2394,2350,2476,2593,2469,2298,2247,2343,2450,2398,3287,3155,2946,2542,2469,2472,2470,2454,2480,2444,2353,2424,2312,2366,2361,2326,2919,2802,2549,2416,2407,2505,2438,2353,2264,2453,2343,2296,2313,2272,2167,2242,2670,2809,2606,2271,2282,2491,2446,2412,2254,2206,2326,2235,2247,2146,2284,2241,2626,2609,2508,2367,2386,2404,2294,2383,2353,2341,2153,2128,2225,2222,2299,2359,2624,2658,2545,2429,2387,2320,2306,2468,2416,2429,2244,2292,2399,2369,2356,2347,2503,2883,2704,2410,2178,2295,2457,2480,2510,2687,2584,2381,2566,2383,2524,2488,2752,2982,2726,2428,2438,2278,2582,2548,2517,2694,2570,2366,2547,2178,2463,2363,2812,3940,3721,2597,2434,2253,2299,2374,2418,2500,2308,2331,2381,2196,2388,2635,3717,4425,4201,3095,2662,2537,2261,2653,2955,3026,2750,2467,2487,2555,2688,3118,4206,4553,4327,3198,2901,2786,2785,2861,3274,3363,3149,3000,2831,2766,2964,3226,4336,4211,3982,3024,2868,2963,2849,2810,3327,3406,3233,3060,2809,2798,2908,2973,4009,4176,3961,2933,2794,2859,2649,2675,3179,3331,3142,2697,2603,2697,2677,2692,3942,3677,3469,2598,2596,2680,2403,2540,2779,3029,2927,2623,2491,2631,2564,2507,3432,3450,3202,2450,2479,2569,2574,2462,2412,2631,2685,2565,2438,2479,2423,2398,3252,3445,3267,2391,2385,2509,2452,2419,2654,2767,2610,2508,2358,2365,2387,2416,3181,3412,3206,2355,2315,2446,2399,2421,2589,2750,2688,2589,2518,2482,2357,2481,3203,3232,3003,2370,2398,2420,2424,2476,2315,2572,2564,2443,2475,2408,2468,2410,3007,3205,2978,2353,2397,2349,2477,2388,2454,2571,2409,2452,2501,2356,2333,2260,2974,3037,2807,2398,2408,2258,2389,2241,2324,2430,2389,2420,2375,2283,2060,2319,2820,2945,2720,2367,2441,2390,2386,2302,2327,2437,2457,2384,2171,2130,2264,2379,2806,3002,2713,2235,2352,2305,2343,2446,2337,2581,2536,2514,2427,2346,2332,2509,2881,3134,2859,2314,2337,2377,2253,2494,2416,2518,2539,2368,2352,2382,2418,2629,2968,3437,3225,2452,2532,2486,2362,2528,2670,2654,2437,2357,2376,2315,2402,2576,3186,3655,3432,2666,2601,2404,2378,2448,2660,2722,2660,2458,2440,2357,2472,2407,3426,3604,3379,2585,2416,2379,2407,2363,2416,2324,2494,2361,2327,2414,2429,2443,3390,3516,3279,2475,2386,2272,2399,2466,2398,2388,2412,2357,2365,2287,2325,2461,3305,3413,3195,2408,2326,2322,2400,2453,2604,2663,2519,2346,2391,2259,2306,2474,3212,3327,3158,2426,2330,2343,2464,2293,2649,2808,2615,2445,2455,2325,2241,2436,3074,3066,2892,2394,2330,2354,2226,2325,2612,2683,2551,2410,2451,2391,2256,2438,2843,3028,2883,2353,2394,2422,2345,2395,2626,2591,2410,2271,2219,2379,2347,2336,2811,3086,2876,2368,2519,2536,2425,2494,2700,2705,2604,2321,2255,2497,2493,2299,2918,3030,2807,2515,2598,2485,2411,2435,2570,2652,2613,2431,2292,2429,2499,2415,2870,2969,2727,2615,2480,2126,2226,2267,2489,2749,2737,2619,2307,2394,2405,2439,2803,2942,2874,2751,2457,2370,2441,2488,2582,2698,2838,2701,2446,2472,2495,2476,2792,2904,2785,2582,2346,2392,2441,2600,2551,2637,2660,2500,2414,2458,2474,2304,2703,3129,2943,2426,2514,2430,2445,2551,2551,2490,2478,2361,2396,2297,2397,2370,2883,3216,3047,2427,2334,2363,2361,2419,2560,2551,2403,2315,2341,2252,2285,2361,2958,3196,2958,2245,2389,2384,2434,2401,2707,2766,2494,2369,2254,2314,2504,2503,3033,3117,2870,2435,2468,2431,2406,2465,2740,2823,2612,2491,2480,2302,2473,2478,2998,3159,2948,2297,2472,2365,2306,2461,2496,2686,2553,2482,2426,2386,2253,2409,3021,3118,2895,2252,2379,2343,2374,2421,2548,2481,2453,2394,2318,2384,2450,2379,2911,3042,2735,2220,2217,2375,2326,2497,2733,2877,2767,2267,2351,2464,2460,2451,2877,3131,2927,2476,2406,2373,2374,2514,2736,2918,2793,2358,2420,2447,2515,2401,2879,3247,3017,2466,2501,2401,2412,2347,2342,2611,2375,2454,2399,2485,2448,2312,3011,3251,3035,2385,2315,2347,2368,2361,2489,2656,2465,2376,2343,2332,2230,2431,3036,3002,2842,2208,2190,2293,2401,2472,2479,2607,2466,2325,2364,2248,2433,2434,2877,2914,2740,2367,2227,2263,2299,2304,2266,2379,2259,2412,2269,2218,2255,2271,2676,2829,2702,2367,2203,2190,2272,2375,2397,2482,2380,2229,2227,2258,2294,2373,2609,2966,2814,2348,2357,2354,2329,2273,2439,2434,2388,2371,2327,2308,2356,2357,2747,3229,3000,2334,2325,2303,2270,2330,2410,2407,2356,2253,2398,2332,2376,2389,3021,3098,2845,2208,2159,2142,2196,2352,2283,2381,2341,2382,2320,2347,2296,2337,2907,3068,2871,2372,2259,2317,2236,2334,2384,2421,2302,2225,2202,2291,2347,2278,2834,3545,3332,2481,2382,2351,2350,2246,2583,2627,2448,2267,2342,2344,2395,2410,3325,3692,3471,2597,2455,2524,2403,2367,2773,2858,2715,2442,2444,2397,2326,2496,3472,3584,3371,2534,2460,2570,2422,2377,2662,2777,2701,2413,2350,2350,2333,2538,3357,3702,3494,2488,2402,2535,2418,2365,2417,2607,2463,2423,2334,2264,2358,2399,3467,4013,3795,2731,2437,2548,2413,2158,2422,2557,2548,2381,2376,2253,2432,2513,3777,4038,3819,2773,2357,2302,2151,2338,2458,2541,2578,2428,2169,2289,2545,2621,3805,3861,3645,2660,2263,2354,2343,2423,2542,2530,2443,2384,2361,2264,2374,2552,3632,3507,3303,2448,2345,2332,2265,2398,2324,2335,2287,2330,2302,2329,2359,2454,3283,3156,2906,2332,2292,2088,2276,2322,2184,2348,2423,2426,2420,2358,2319,2325,2963,2945,2754,2162,2359,2246,2155,2293,2228,2307,2479,2485,2369,2360,2428,2318,2610,2776,2569,2282,2424,2431,2276,2345,2264,2246,2353,2348,2342,2353,2450,2423,2565,2784,2582,2134,2292,2282,2267,2216,2043,2385,2280,2124,2266,2311,2217,2346,2574,2670,2474,2255,2237,2326,2167,2021,2223,2449,2304,2130,1917,2295,2254,2190,2486,2825,2656,2312,2249,2320,2234,2066,2200,2274,2208,2163,2156,2155,2190,2244,2604,3045,2825,2129,2209,2360,2239,2075,2228,2278,2096,2279,2071,2025,2252,2325,2820,3255,3046,2196,2325,2295,2237,1958,2155,2280,2283,2230,2104,2080,2110,2196,3012,3211,2984,2098,2310,2348,2222,2121,2072,2223,2185,2223,2125,2082,2027,2017,2987,2984,2736,2029,2062,2035,2045,2078,2033,2063,2127,2152,2121,2037,1944,2038,2762,2662,2428,1956,1866,1830,2091,2024,2000,2060,1951,1967,2100,2170,1952,1942,2474,2594,2434,2099,1990,1959,2150,2062,2156,2268,2136,2088,2030,2084,2016,2046,2410,2514,2204,2154,2093,1968,2138,2114,2297,2435,2310,2027,1867,2099,2103,2051,2389
,,,,,,,,,,,,,,,,,,,,,,,,,,,,,,,,,,,,,,,,,,,,,,,,,,,,,,,,,,,,,,,,,,,,,,,,,,,,,,,,,,,,,,,,,,,,,,,,,,,,,,,,,,,,,,,,,,,,,,,,,,,,,,,,,,,,,,,,,,,,,,,,,,,,,,,,,,,,,,,,,,,,,,,,,,,,,,,,,,,,,,,,,,,,,,,,,,,,,,,,,,,,,,,,,,,,,,,,,,,,,,,,,,,,,,,,,,,,,,,,,,,,,,,,,,,,,,,,,,,,,,,,,,,,,,,,,,,,,,,,,,,,,,,,,,,,,,,,,,,,,,,,,,,,,,,,,,,,,,,,,,,,,,,,,,,,,,,,,,,,,,,,,,,,,,,,,,,,,,,,,,,,,,,,,,,,,,,,,,,,,,,,,,,,,,,,,,,,,,,,,,,,,,,,,,,,,,,,,,,,,,,,,,,,,,,,,,,,,,,,,,,,,,,,,,,,,,,,,,,,,,,,,,,,,,,,,,,,,,,,,,,,,,,,,,,,,,,,,,,,,,,,,,,,,,,,,,,,,,,,,,,,,,,,,,,,,,,,,,,,,,,,,,,,,,,,,,,,,,,,,,,,,,,,,,,,,,,,,,,,,,,,,,,,,,,,,,,,,,,,,,,,,,,,,,,,,,,,,,,,,,,,,,,,,,,,,,,,,,,,,,,,,,,,,,,,,,,,,,,,,,,,,,,,,,,,,,,,,,,,,,,,,,,,,,,,,,,,,,,,,,,,,,,,,,,,,,,,,,,,,,,,,,,,,,,,,,,,,,,,,,,,,,,,,,,,,,,,,,,,,,,,,,,,,,,,,,,,,,,,,,,,,,,,,,,,,,,,,,,,,,,,,,,,,,,,,,,,,,,,,,,,,,,,,,,,,,,,,,,,,,,,,,,,,,,,,,,,,,,,,,,,,,,,,,,,,,,,,,,,,,,,,,,,,,,,,,,,,,,,,,,,,,,,,,,,,,,,,,,,,,,,,,,,,,,,,,,,,,,,,,,,,,,,,,,,,,,,,,,,,,,,,,,,,,,,,,,,,,,,,,,,,,,,,,,,,,,,,,,,,,,,,,,,,,,,,,,,,,,,,,,,,,,,,,,,,,,,,,,,,,,,,,,,,,,,,,,,,,,,,,,,,,,,,,,,,,,,,,,,,,,,,,,,,,,,,,,,,,,,,,,,,,,,,,,,,,,,,,,,,,,,,,,,,,,,,,,,,,,,,,,,,,,,,,,,,,,,,,,,,,,,,,,,,,,,,,,,,,,,,,,,,,,,,,,,,,,,,,,,,,,,,,,,,,,,,,,,,,,,,,,,,,,,,,,,,,,,,,,,,,,,,,,,,,,,,,,,,,,,,,,,,,,,,,,,,,,,,,,,,,,,,,,,,,,,,,,,,,,,,,,,,,,,,,,,,,,,,,,,,,,,,,,,,,,,,,,,,,,,,,,,,,,,,,,,,,,,,,,,,,,,,,,,,,,,,,,,,,,,,,,,,,,,,,,,,,,,,,,,,,,,,,,,,,,,,,,,,,,,,,,,,,,,,,,,,,,,,,,,,,,,,,,,,,,,,,,,,,,,,,,,,,,,,,,,,,,,,,,,,,,,,,,,,,,,,,,,,,,,,,,,,,,,,,,,,,,,,,,,,,,,,,,,,,,,,,,,,,,,,,,,,,,,,,,,,,,,,,,,,,,,,,,,,,,,,,,,,,,,,,,,,,,,,,,,,,,,,,,,,,,,,,,,,,,,,,,,,,,,,,,,,,,,,,,,,,,,,,,,,,,,,,,,,,,,,,,,,,,,,,,,,,,,,,,,,,,,,,,,,,,,,,,,,,,,,,,,,,,,,,,,,,,,,,,,,,,,,,,,,,,,,,,,,,,,,,,,,,,,,,,,,,,,,,,,,,,,,,,,,,,,,,,,,,,,,,,,,,,,,,,,,,,,,,,,,,,,,,,,,,,,,,,,,,,,,,,,,,,,,,,,,,,,,,,,,,,,,,,,,,,,,,,,,,,,,,,,,,,,,,,,,,,,,,,,,,,,,,,,,,,,,,,,,,,,,,,,,,,,,,,,,,,,,,,,,,,,,,,,,,,,,,,,,,,,,,,,,,,,,,,,,,,,,,,,,,,,,,,,,,,,,,,,,,,,,,,,,,,,,,,,,,,,,,,,,,,,,,,,,,,,,,,,,,,,,,,,,,,,,,,,,,,,,,,,,,,,,,,,,,,,,,,
,,,,,,,,,,,,,,,,,,,,,,,,,,,,,,,,,,,,,,,,,,,,,,,,,,,,,,,,,,,,,,,,,,,,,,,,,,,,,,,,,,,,,,,,,,,,,,,,,,,,,,,,,,,,,,,,,,,,,,,,,,,,,,,,,,,,,,,,,,,,,,,,,,,,,,,,,,,,,,,,,,,,,,,,,,,,,,,,,,,,,,,,,,,,,,,,,,,,,,,,,,,,,,,,,,,,,,,,,,,,,,,,,,,,,,,,,,,,,,,,,,,,,,,,,,,,,,,,,,,,,,,,,,,,,,,,,,,,,,,,,,,,,,,,,,,,,,,,,,,,,,,,,,,,,,,,,,,,,,,,,,,,,,,,,,,,,,,,,,,,,,,,,,,,,,,,,,,,,,,,,,,,,,,,,,,,,,,,,,,,,,,,,,,,,,,,,,,,,,,,,,,,,,,,,,,,,,,,,,,,,,,,,,,,,,,,,,,,,,,,,,,,,,,,,,,,,,,,,,,,,,,,,,,,,,,,,,,,,,,,,,,,,,,,,,,,,,,,,,,,,,,,,,,,,,,,,,,,,,,,,,,,,,,,,,,,,,,,,,,,,,,,,,,,,,,,,,,,,,,,,,,,,,,,,,,,,,,,,,,,,,,,,,,,,,,,,,,,,,,,,,,,,,,,,,,,,,,,,,,,,,,,,,,,,,,,,,,,,,,,,,,,,,,,,,,,,,,,,,,,,,,,,,,,,,,,,,,,,,,,,,,,,,,,,,,,,,,,,,,,,,,,,,,,,,,,,,,,,,,,,,,,,,,,,,,,,,,,,,,,,,,,,,,,,,,,,,,,,,,,,,,,,,,,,,,,,,,,,,,,,,,,,,,,,,,,,,,,,,,,,,,,,,,,,,,,,,,,,,,,,,,,,,,,,,,,,,,,,,,,,,,,,,,,,,,,,,,,,,,,,,,,,,,,,,,,,,,,,,,,,,,,,,,,,,,,,,,,,,,,,,,,,,,,,,,,,,,,,,,,,,,,,,,,,,,,,,,,,,,,,,,,,,,,,,,,,,,,,,,,,,,,,,,,,,,,,,,,,,,,,,,,,,,,,,,,,,,,,,,,,,,,,,,,,,,,,,,,,,,,,,,,,,,,,,,,,,,,,,,,,,,,,,,,,,,,,,,,,,,,,,,,,,,,,,,,,,,,,,,,,,,,,,,,,,,,,,,,,,,,,,,,,,,,,,,,,,,,,,,,,,,,,,,,,,,,,,,,,,,,,,,,,,,,,,,,,,,,,,,,,,,,,,,,,,,,,,,,,,,,,,,,,,,,,,,,,,,,,,,,,,,,,,,,,,,,,,,,,,,,,,,,,,,,,,,,,,,,,,,,,,,,,,,,,,,,,,,,,,,,,,,,,,,,,,,,,,,,,,,,,,,,,,,,,,,,,,,,,,,,,,,,,,,,,,,,,,,,,,,,,,,,,,,,,,,,,,,,,,,,,,,,,,,,,,,,,,,,,,,,,,,,,,,,,,,,,,,,,,,,,,,,,,,,,,,,,,,,,,,,,,,,,,,,,,,,,,,,,,,,,,,,,,,,,,,,,,,,,,,,,,,,,,,,,,,,,,,,,,,,,,,,,,,,,,,,,,,,,,,,,,,,,,,,,,,,,,,,,,,,,,,,,,,,,,,,,,,,,,,,,,,,,,,,,,,,,,,,,,,,,,,,,,,,,,,,,,,,,,,,,,,,,,,,,,,,,,,,,,,,,,,,,,,,,,,,,,,,,,,,,,,,,,,,,,,,,,,,,,,,,,,,,,,,,,,,,,,,,,,,,,,,,,,,,,,,,,,,,,,,,,,,,,,,,,,,,,,,,,,,,,,,,,,,,,,,,,,,,,,,,,,,,,,,,,,,,,,,,,,,,,,,,,,,,,,,,,,,,,,,,,,,,,,,,,,,,,,,,,,,,,,,,,,,,,,,,,,,,,,,,,,,,,,,,,,,,,,,,,,,,,,,,,,,,,,,,,,,,,,,,,,,,,,,,,,,,,,,,,,,,,,,,,,,,,,,,,,,,,,,,,,,,,,,,,,,,,,,,,,,,,,,,,,,,,,,,,,,,,,,,,,,,,,,,,,,,,,,,,,,,,,,,,,,,,,,,,,,,,,,,,,,,,,,,,,,,,,,,,,,,,,,,,,,,,,,,,,,,,,,,,,,,,,,,,,,,,,,,,,,,,,,,,,,,,,,,,,,,,,,,,,,,,,,,,,,,,,,,,,,,,,,,,,
,,,,,,,,,,,,,,,,,,,,,,,,,,,,,,,,,,,,,,,,,,,,,,,,,,,,,,,,,,,,,,,,,,,,,,,,,,,,,,,,,,,,,,,,,,,,,,,,,,,,,,,,,,,,,,,,,,,,,,,,,,,,,,,,,,,,,,,,,,,,,,,,,,,,,,,,,,,,,,,,,,,,,,,,,,,,,,,,,,,,,,,,,,,,,,,,,,,,,,,,,,,,,,,,,,,,,,,,,,,,,,,,,,,,,,,,,,,,,,,,,,,,,,,,,,,,,,,,,,,,,,,,,,,,,,,,,,,,,,,,,,,,,,,,,,,,,,,,,,,,,,,,,,,,,,,,,,,,,,,,,,,,,,,,,,,,,,,,,,,,,,,,,,,,,,,,,,,,,,,,,,,,,,,,,,,,,,,,,,,,,,,,,,,,,,,,,,,,,,,,,,,,,,,,,,,,,,,,,,,,,,,,,,,,,,,,,,,,,,,,,,,,,,,,,,,,,,,,,,,,,,,,,,,,,,,,,,,,,,,,,,,,,,,,,,,,,,,,,,,,,,,,,,,,,,,,,,,,,,,,,,,,,,,,,,,,,,,,,,,,,,,,,,,,,,,,,,,,,,,,,,,,,,,,,,,,,,,,,,,,,,,,,,,,,,,,,,,,,,,,,,,,,,,,,,,,,,,,,,,,,,,,,,,,,,,,,,,,,,,,,,,,,,,,,,,,,,,,,,,,,,,,,,,,,,,,,,,,,,,,,,,,,,,,,,,,,,,,,,,,,,,,,,,,,,,,,,,,,,,,,,,,,,,,,,,,,,,,,,,,,,,,,,,,,,,,,,,,,,,,,,,,,,,,,,,,,,,,,,,,,,,,,,,,,,,,,,,,,,,,,,,,,,,,,,,,,,,,,,,,,,,,,,,,,,,,,,,,,,,,,,,,,,,,,,,,,,,,,,,,,,,,,,,,,,,,,,,,,,,,,,,,,,,,,,,,,,,,,,,,,,,,,,,,,,,,,,,,,,,,,,,,,,,,,,,,,,,,,,,,,,,,,,,,,,,,,,,,,,,,,,,,,,,,,,,,,,,,,,,,,,,,,,,,,,,,,,,,,,,,,,,,,,,,,,,,,,,,,,,,,,,,,,,,,,,,,,,,,,,,,,,,,,,,,,,,,,,,,,,,,,,,,,,,,,,,,,,,,,,,,,,,,,,,,,,,,,,,,,,,,,,,,,,,,,,,,,,,,,,,,,,,,,,,,,,,,,,,,,,,,,,,,,,,,,,,,,,,,,,,,,,,,,,,,,,,,,,,,,,,,,,,,,,,,,,,,,,,,,,,,,,,,,,,,,,,,,,,,,,,,,,,,,,,,,,,,,,,,,,,,,,,,,,,,,,,,,,,,,,,,,,,,,,,,,,,,,,,,,,,,,,,,,,,,,,,,,,,,,,,,,,,,,,,,,,,,,,,,,,,,,,,,,,,,,,,,,,,,,,,,,,,,,,,,,,,,,,,,,,,,,,,,,,,,,,,,,,,,,,,,,,,,,,,,,,,,,,,,,,,,,,,,,,,,,,,,,,,,,,,,,,,,,,,,,,,,,,,,,,,,,,,,,,,,,,,,,,,,,,,,,,,,,,,,,,,,,,,,,,,,,,,,,,,,,,,,,,,,,,,,,,,,,,,,,,,,,,,,,,,,,,,,,,,,,,,,,,,,,,,,,,,,,,,,,,,,,,,,,,,,,,,,,,,,,,,,,,,,,,,,,,,,,,,,,,,,,,,,,,,,,,,,,,,,,,,,,,,,,,,,,,,,,,,,,,,,,,,,,,,,,,,,,,,,,,,,,,,,,,,,,,,,,,,,,,,,,,,,,,,,,,,,,,,,,,,,,,,,,,,,,,,,,,,,,,,,,,,,,,,,,,,,,,,,,,,,,,,,,,,,,,,,,,,,,,,,,,,,,,,,,,,,,,,,,,,,,,,,,,,,,,,,,,,,,,,,,,,,,,,,,,,,,,,,,,,,,,,,,,,,,,,,,,,,,,,,,,,,,,,,,,,,,,,,,,,,,,,,,,,,,,,,,,,,,,,,,,,,,,,,,,,,,,,,,,,,,,,,,,,,,,,,,,,,,,,,,,,,,,,,,,,,,,,,,,,,,,,,,,,,,,,,,,,,,,,,,,,,,,,,,,,,,,,,,,,,,,,,,,,,,,,,,,,,,,,,,,,,,,,,,,,,,,,,,,,,,,,,,,,,,,,,,,,,,,,,,,,,,,,,,,,,,,
,,,,,,,,,,,,,,,,,,,,,,,,,,,,,,,,,,,,,,,,,,,,,,,,,,,,,,,,,,,,,,,,,,,,,,,,,,,,,,,,,,,,,,,,,,,,,,,,,,,,,,,,,,,,,,,,,,,,,,,,,,,,,,,,,,,,,,,,,,,,,,,,,,,,,,,,,,,,,,,,,,,,,,,,,,,,,,,,,,,,,,,,,,,,,,,,,,,,,,,,,,,,,,,,,,,,,,,,,,,,,,,,,,,,,,,,,,,,,,,,,,,,,,,,,,,,,,,,,,,,,,,,,,,,,,,,,,,,,,,,,,,,,,,,,,,,,,,,,,,,,,,,,,,,,,,,,,,,,,,,,,,,,,,,,,,,,,,,,,,,,,,,,,,,,,,,,,,,,,,,,,,,,,,,,,,,,,,,,,,,,,,,,,,,,,,,,,,,,,,,,,,,,,,,,,,,,,,,,,,,,,,,,,,,,,,,,,,,,,,,,,,,,,,,,,,,,,,,,,,,,,,,,,,,,,,,,,,,,,,,,,,,,,,,,,,,,,,,,,,,,,,,,,,,,,,,,,,,,,,,,,,,,,,,,,,,,,,,,,,,,,,,,,,,,,,,,,,,,,,,,,,,,,,,,,,,,,,,,,,,,,,,,,,,,,,,,,,,,,,,,,,,,,,,,,,,,,,,,,,,,,,,,,,,,,,,,,,,,,,,,,,,,,,,,,,,,,,,,,,,,,,,,,,,,,,,,,,,,,,,,,,,,,,,,,,,,,,,,,,,,,,,,,,,,,,,,,,,,,,,,,,,,,,,,,,,,,,,,,,,,,,,,,,,,,,,,,,,,,,,,,,,,,,,,,,,,,,,,,,,,,,,,,,,,,,,,,,,,,,,,,,,,,,,,,,,,,,,,,,,,,,,,,,,,,,,,,,,,,,,,,,,,,,,,,,,,,,,,,,,,,,,,,,,,,,,,,,,,,,,,,,,,,,,,,,,,,,,,,,,,,,,,,,,,,,,,,,,,,,,,,,,,,,,,,,,,,,,,,,,,,,,,,,,,,,,,,,,,,,,,,,,,,,,,,,,,,,,,,,,,,,,,,,,,,,,,,,,,,,,,,,,,,,,,,,,,,,,,,,,,,,,,,,,,,,,,,,,,,,,,,,,,,,,,,,,,,,,,,,,,,,,,,,,,,,,,,,,,,,,,,,,,,,,,,,,,,,,,,,,,,,,,,,,,,,,,,,,,,,,,,,,,,,,,,,,,,,,,,,,,,,,,,,,,,,,,,,,,,,,,,,,,,,,,,,,,,,,,,,,,,,,,,,,,,,,,,,,,,,,,,,,,,,,,,,,,,,,,,,,,,,,,,,,,,,,,,,,,,,,,,,,,,,,,,,,,,,,,,,,,,,,,,,,,,,,,,,,,,,,,,,,,,,,,,,,,,,,,,,,,,,,,,,,,,,,,,,,,,,,,,,,,,,,,,,,,,,,,,,,,,,,,,,,,,,,,,,,,,,,,,,,,,,,,,,,,,,,,,,,,,,,,,,,,,,,,,,,,,,,,,,,,,,,,,,,,,,,,,,,,,,,,,,,,,,,,,,,,,,,,,,,,,,,,,,,,,,,,,,,,,,,,,,,,,,,,,,,,,,,,,,,,,,,,,,,,,,,,,,,,,,,,,,,,,,,,,,,,,,,,,,,,,,,,,,,,,,,,,,,,,,,,,,,,,,,,,,,,,,,,,,,,,,,,,,,,,,,,,,,,,,,,,,,,,,,,,,,,,,,,,,,,,,,,,,,,,,,,,,,,,,,,,,,,,,,,,,,,,,,,,,,,,,,,,,,,,,,,,,,,,,,,,,,,,,,,,,,,,,,,,,,,,,,,,,,,,,,,,,,,,,,,,,,,,,,,,,,,,,,,,,,,,,,,,,,,,,,,,,,,,,,,,,,,,,,,,,,,,,,,,,,,,,,,,,,,,,,,,,,,,,,,,,,,,,,,,,,,,,,,,,,,,,,,,,,,,,,,,,,,,,,,,,,,,,,,,,,,,,,,,,,,,,,,,,,,,,,,,,,,,,,,,,,,,,,,,,,,,,,,,,,,,,,,,,,,,,,,,,,,,,,,,,,,,,,,,,,,,,,,,,,,,,,,,,,,,,,,,,,,,,,,,,,,,,,,,,,,,,,,,,,,,,,,,,,,,,,,,,,,,,,,,,,,,,,,,,,,,,,,,,,,,,,,,,,,,,,,,,,,,,,,,,,,,,,,,,,,,,,,,,,,,,
,,,,,,,,,,,,,,,,,,,,,,,,,,,,,,,,,,,,,,,,,,,,,,,,,,,,,,,,,,,,,,,,,,,,,,,,,,,,,,,,,,,,,,,,,,,,,,,,,,,,,,,,,,,,,,,,,,,,,,,,,,,,,,,,,,,,,,,,,,,,,,,,,,,,,,,,,,,,,,,,,,,,,,,,,,,,,,,,,,,,,,,,,,,,,,,,,,,,,,,,,,,,,,,,,,,,,,,,,,,,,,,,,,,,,,,,,,,,,,,,,,,,,,,,,,,,,,,,,,,,,,,,,,,,,,,,,,,,,,,,,,,,,,,,,,,,,,,,,,,,,,,,,,,,,,,,,,,,,,,,,,,,,,,,,,,,,,,,,,,,,,,,,,,,,,,,,,,,,,,,,,,,,,,,,,,,,,,,,,,,,,,,,,,,,,,,,,,,,,,,,,,,,,,,,,,,,,,,,,,,,,,,,,,,,,,,,,,,,,,,,,,,,,,,,,,,,,,,,,,,,,,,,,,,,,,,,,,,,,,,,,,,,,,,,,,,,,,,,,,,,,,,,,,,,,,,,,,,,,,,,,,,,,,,,,,,,,,,,,,,,,,,,,,,,,,,,,,,,,,,,,,,,,,,,,,,,,,,,,,,,,,,,,,,,,,,,,,,,,,,,,,,,,,,,,,,,,,,,,,,,,,,,,,,,,,,,,,,,,,,,,,,,,,,,,,,,,,,,,,,,,,,,,,,,,,,,,,,,,,,,,,,,,,,,,,,,,,,,,,,,,,,,,,,,,,,,,,,,,,,,,,,,,,,,,,,,,,,,,,,,,,,,,,,,,,,,,,,,,,,,,,,,,,,,,,,,,,,,,,,,,,,,,,,,,,,,,,,,,,,,,,,,,,,,,,,,,,,,,,,,,,,,,,,,,,,,,,,,,,,,,,,,,,,,,,,,,,,,,,,,,,,,,,,,,,,,,,,,,,,,,,,,,,,,,,,,,,,,,,,,,,,,,,,,,,,,,,,,,,,,,,,,,,,,,,,,,,,,,,,,,,,,,,,,,,,,,,,,,,,,,,,,,,,,,,,,,,,,,,,,,,,,,,,,,,,,,,,,,,,,,,,,,,,,,,,,,,,,,,,,,,,,,,,,,,,,,,,,,,,,,,,,,,,,,,,,,,,,,,,,,,,,,,,,,,,,,,,,,,,,,,,,,,,,,,,,,,,,,,,,,,,,,,,,,,,,,,,,,,,,,,,,,,,,,,,,,,,,,,,,,,,,,,,,,,,,,,,,,,,,,,,,,,,,,,,,,,,,,,,,,,,,,,,,,,,,,,,,,,,,,,,,,,,,,,,,,,,,,,,,,,,,,,,,,,,,,,,,,,,,,,,,,,,,,,,,,,,,,,,,,,,,,,,,,,,,,,,,,,,,,,,,,,,,,,,,,,,,,,,,,,,,,,,,,,,,,,,,,,,,,,,,,,,,,,,,,,,,,,,,,,,,,,,,,,,,,,,,,,,,,,,,,,,,,,,,,,,,,,,,,,,,,,,,,,,,,,,,,,,,,,,,,,,,,,,,,,,,,,,,,,,,,,,,,,,,,,,,,,,,,,,,,,,,,,,,,,,,,,,,,,,,,,,,,,,,,,,,,,,,,,,,,,,,,,,,,,,,,,,,,,,,,,,,,,,,,,,,,,,,,,,,,,,,,,,,,,,,,,,,,,,,,,,,,,,,,,,,,,,,,,,,,,,,,,,,,,,,,,,,,,,,,,,,,,,,,,,,,,,,,,,,,,,,,,,,,,,,,,,,,,,,,,,,,,,,,,,,,,,,,,,,,,,,,,,,,,,,,,,,,,,,,,,,,,,,,,,,,,,,,,,,,,,,,,,,,,,,,,,,,,,,,,,,,,,,,,,,,,,,,,,,,,,,,,,,,,,,,,,,,,,,,,,,,,,,,,,,,,,,,,,,,,,,,,,,,,,,,,,,,,,,,,,,,,,,,,,,,,,,,,,,,,,,,,,,,,,,,,,,,,,,,,,,,,,,,,,,,,,,,,,,,,,,,,,,,,,,,,,,,,,,,,,,,,,,,,,,,,,,,,,,,,,,,,,,,,,,,,,,,,,,,,,,,,,,,,,,,,,,,,,,,,,,,,,,,,,,,,,,,,,,,,,,,,,,,,,,,,,,,,,,,,,,,,,,,,,,,,,,,,,,,,,,,,,,,,,,,,,,,,,,,,,,,,,,,,,,,,,,,,,,,,,,,,,,,,,,,,,,,,,,,,
3463,3247,2492,2302,2292,2164,2173,2406,2106,2406,2173,2164,2292,2302,2492,3247,3721,3494,2502,2244,2165,2203,2202,2432,2343,2292,2252,2228,2071,2287,2401,3495,4071,3852,2683,2433,2314,2178,2271,2237,2083,2143,2254,2186,2312,2501,2662,3848,4206,3984,2850,2546,2272,2361,2310,2194,2319,2223,2190,2189,2297,2580,2813,3982,4017,3794,2619,2438,2274,2346,2211,2158,2345,2267,2274,2320,2288,2397,2645,3795,3639,3399,2412,2371,2254,2280,2071,2040,2076,2287,2332,2250,2167,2335,2453,3410,3406,3172,2225,2334,2263,2130,2122,2239,2335,2349,2354,2271,2213,2293,2345,3192,3217,2999,2372,2417,2326,2217,2237,2328,2412,2262,2346,2247,2339,2250,2277,3006,3127,2927,2352,2405,2323,2331,2371,2412,2321,2167,2281,2334,2353,2230,2238,2891,2988,2867,2315,2305,2319,2282,2248,2417,2324,2226,2377,2265,2271,2240,2210,2815,3140,2942,2398,2346,2409,2447,2410,2618,2568,2216,2342,2355,2334,2379,2547,2996,3726,3612,3126,3028,3002,3185,3093,3427,3565,3386,2884,2957,2817,3222,3126,3576,4483,4301,3620,3705,3694,3883,3899,4191,4198,3768,3577,3622,3409,3860,3932,4330,4664,4450,3466,3915,3937,4085,4186,4427,4350,3996,4088,3855,3470,4056,4175,4512,4528,4292,3620,3779,3856,3962,4129,4279,4122,4185,4179,3824,3517,3949,4071,4355,4505,4210,3514,3479,3561,3648,3734,3670,3508,3991,3940,3539,3372,3655,3700,4325,4547,4297,3250,3151,3285,3289,3379,3324,3298,3446,3436,3078,2859,3241,3330,4347,4449,4224,3263,3070,2873,2997,3171,3270,3450,3412,3236,2917,2991,3167,3304,4232,4303,4088,3448,3264,2940,3227,3002,3520,3519,3501,3325,3220,3199,3408,3484,4084,4046,3837,3326,3130,2933,3113,3088,3529,3581,3523,3359,3193,3109,3276,3289,3772,3867,3549,3083,2724,3020,3244,3085,3644,3720,3486,3138,3139,3055,2950,2974,3701,4490,4270,3159,3139,3085,3328,3212,3803,3894,3651,3284,3423,3367,2873,3415,4270,4653,4436,3381,3144,3052,3272,3320,3717,3953,3806,3408,3385,3333,2835,3476,4426,4474,4259,3235,2904,2908,3096,3208,3526,3801,3653,3197,3075,3082,2734,3282,4252,3990,3783,2808,2749,2687,2895,3047,3245,3467,3244,2777,2854,2962,2744,3094,3789,3776,3570,2808,2671,2758,2801,2886,3190,3323,3276,2829,2723,2996,2951,3037,3549,3809,3549,2830,2748,2855,2691,2794,2869,3033,2975,2766,2712,2851,2921,2925,3616,3698,3447,2551,2652,2619,2459,2739,2808,2916,2866,2656,2565,2709,2788,2816,3486,3398,3178,2499,2526,2312,2501,2695,2621,2528,2631,2517,2512,2482,2618,2637,3201,3507,3281,2467,2238,2507,2674,2640,2828,2856,2879,2623,2550,2484,2640,2433,3294,3625,3393,2609,2551,2708,2774,2711,3023,3032,2936,2669,2506,2563,2683,2510,3416,3508,3282,2432,2606,2729,2852,2670,2961,2928,2751,2609,2512,2531,2615,2236,3298,3171,2930,2350,2395,2527,2606,2497,2613,2554,2397,2450,2465,2393,2514,2454,2942,3243,3049,2194,2477,2441,2460,2316,2626,2634,2503,2503,2239,2474,2631,2529,3006,3336,3144,2503,2521,2477,2418,2443,2765,2884,2728,2596,2427,2371,2494,2543,3104,3241,3023,2367,2468,2481,2482,2486,2692,2867,2649,2452,2258,2206,2318,2403,3027,3075,2839,2290,2319,2322,2398,2431,2561,2660,2481,2377,2324,2235,2281,2338,2863,2974,2800,2440,2334,2379,2423,2281,2410,2550,2367,2340,2354,2330,2324,2309,2752,3021,2831,2378,2312,2327,2473,2252,2638,2708,2415,2332,2322,2420,2438,2318,2728,2843,2637,2338,2423,2448,2421,2272,2580,2708,2411,2375,2279,2243,2364,2367,2614,2715,2533,2401,2358,2390,2364,2288,2448,2569,2549,2361,2286,2324,2279,2350,2476,2638,2482,2351,2398,2483,2379,2408,2489,2579,2447,2276,2266,2250,2209,2328,2421,2919,2791,2521,2556,2548,2379,2403,2587,2682,2467,2408,2272,2197,2378,2525,2804,2960,2823,2570,2579,2487,2409,2441,2504,2619,2561,2470,2276,2313,2378,2588,2726,2797,2511,2497,2403,2343,2258,2389,2365,2474,2501,2393,2226,2325,2374,2295,2589,2780,2567,2372,2310,2258,2344,2338,2398,2379,2319,2350,2418,2483,2470,2383,2597,2888,2623,2484,2328,2259,2346,2485,2605,2519,2449,2239,2365,2503,2377,2402,2700,2888,2699,2533,2521,2448,2333,2363,2555,2541,2527,2357,2392,2350,2363,2370,2647,2890,2754,2389,2460,2377,2413,2368,2392,2539,2520,2430,2461,2331,2279,2149,2582,2879,2717,2351,2324,2404,2373,2302,2442,2582,2502,2295,2325,2288,2242,2365,2689,2843,2640,2246,2252,2342,2343,2327,2383,2677,2599,2311,2300,2308,2226,2405,2656,2807,2624,2350,2329,2249,2352,2272,2431,2585,2415,2208,2274,2311,2238,2389,2627,3115,2908,2327,2345,2208,2334,2272,2399,2440,2235,2306,2378,2364,2234,2203,2874,3540,3326,2345,2160,2248,2307,2268,2424,2558,2457,2403,2392,2353,2374,2440,3305,3510,3301,2409,2280,2336,2343,2277,2471,2495,2482,2356,2139,2375,2247,2289,3271,3180,2970,2411,2395,2317,2317,2414,2412,2392,2327,2253,2279,2390,2306,2317,2953,2823,2637,2240,2252,2222,2217,2273,2252,2465,2366,2421,2324,2311,2383,2341,2692,2838,2683,2374,2390,2365,2098,2284,2433,2521,2467,2465,2366,2377,2355,2373,2554,2751,2579,2367,2338,2345,2389,2361,2201,2336,2348,2308,2387,2253,2218,2196,2484,2806,2643,2282,2356,2326,2400,2405,2413,2397,2294,2245,2264,2255,2367,2300,2459,2860,2679,2459,2351,2377,2331,2484,2760,2768,2607,2299,2343,2395,2427,2493,2721,3104,2926,2400,2296,2305,2417,2494,2745,2761,2647,2436,2463,2474,2335,2466,2863,3932,3710,2572,2467,2309,2287,2286,2438,2566,2532,2352,2281,2406,2219,2640,3713,4424,4197,3045,2673,2575,2430,2376,2882,3009,2850,2526,2547,2508,2748,3089,4203,4549,4326,3082,2784,2967,2887,2663,3297,3429,3243,2842,2895,2896,2952,3243,4330,4192,3965,3092,2842,2998,2987,2681,3302,3403,3161,2892,2927,3001,3010,3177,3984,4173,3944,2997,2734,2784,2806,2696,3115,3197,3026,2686,2682,2743,2798,2949,3959,3667,3439,2666,2458,2597,2710,2635,2898,3075,2929,2509,2476,2367,2495,2503,3454,3457,3244,2325,2414,2528,2539,2491,2699,2841,2618,2411,2401,2233,2349,2501,3225,3379,3121,2313,2358,2443,2425,2309,2639,2720,2587,2349,2423,2399,2226,2481,3231,3431,3190,2327,2398,2324,2417,2479,2564,2670,2488,2288,2364,2509,2181,2561,3232,3253,3004,2403,2249,2379,2404,2329,2524,2553,2370,2418,2436,2417,2210,2484,3045,3192,2942,2370,2199,2348,2343,2288,2509,2586,2404,2402,2252,2331,2392,2422,2975,3029,2800,2496,2349,2153,2196,2159,2337,2402,2412,2337,2186,2240,2310,2358,2753,2915,2665,2379,2245,2281,2257,2100,2368,2362,2282,2360,2397,2370,2151,2327,2700,2865,2613,2179,2312,2334,2328,2219,2565,2628,2471,2268,2439,2366,2232,2350,2642,3049,2823,2184,2250,2486,2453,2344,2491,2544,2424,2344,2437,2330,2188,2309,2771,3450,3194,2364,2522,2557,2433,2380,2625,2695,2452,2384,2371,2435,2262,2356,3216,3678,3450,2417,2518,2520,2521,2313,2543,2646,2484,2401,2378,2276,2297,2378,3445,3633,3418,2365,2286,2385,2395,2288,2287,2500,2268,2441,2440,2244,2197,2378,3406,3524,3294,2449,2334,2400,2411,2238,2236,2444,2333,2269,2315,2293,2288,2395,3318,3399,3133,2321,2278,2338,2308,2349,2533,2555,2420,2449,2439,2255,2234,2417,3211,3246,2980,2279,2342,2392,2339,2166,2638,2646,2504,2527,2434,2441,2173,2149,3049,2943,2684,2335,2500,2478,2409,2380,2604,2749,2731,2435,2441,2462,2260,2291,2712,3004,2742,2457,2523,2448,2473,2473,2599,2821,2692,2469,2344,2362,2338,2417,2855,2936,2795,2457,2403,2310,2480,2474,2659,2728,2579,2438,2297,2265,2480,2495,2873,3090,2888,2515,2339,2433,2538,2456,2537,2643,2675,2457,2308,2269,2474,2489,2972,3038,2831,2461,2383,2492,2435,2381,2396,2472,2544,2341,2340,2319,2361,2456,2861,3064,2735,2397,2468,2471,2378,2456,2468,2507,2587,2432,2370,2398,2323,2332,2911,3031,2814,2418,2417,2314,2307,2410,2550,2535,2562,2502,2272,2298,2331,2368,2899,2979,2815,2413,2309,2229,2353,2379,2429,2471,2388,2358,2369,2204,2154,2362,2707,3107,2945,2360,2298,2400,2378,2509,2537,2588,2447,2319,2438,2296,2242,2331,2853,3259,3067,2457,2515,2505,2272,2565,2867,2937,2697,2346,2299,2404,2456,2501,3049,3264,3073,2386,2403,2342,2336,2450,2887,2940,2599,2459,2489,2576,2522,2504,3043,3154,2991,2345,2303,2316,2352,2330,2603,2526,2456,2341,2462,2505,2456,2398,2867,2963,2787,2328,2247,2179,2325,2194,2316,2457,2384,2356,2344,2402,2368,2300,2741,3110,2932,2326,2435,2287,2308,2287,2585,2629,2511,2403,2269,2355,2430,2442,2889,3160,3030,2366,2455,2286,2292,2285,2699,2775,2572,2182,2270,2273,2422,2590,2927,3176,2936,2308,2273,2309,2398,2302,2535,2633,2571,2394,2350,2271,2433,2450,2952,3236,3007,2163,2200,2261,2342,2202,2456,2490,2509,2426,2396,2363,2249,2307,2998,2996,2729,2213,2281,2264,2085,2147,2470,2579,2422,2347,2408,2456,2316,2139,2790,2757,2551,2184,2269,2258,2292,2222,2376,2513,2350,2233,2444,2505,2401,2198,2502,2708,2527,2238,2162,2268,2125,2255,2380,2463,2310,2385,2419,2544,2466,2245,2478,2931,2820,2226,2084,2103,2185,2320,2339,2460,2380,2319,2374,2383,2336,2388,2759,3217,3000,2344,2242,2283,2282,2304,2200,2417,2275,2324,2251,2311,2363,2399,3007,3063,2820,2318,2287,2358,2390,2311,2260,2308,2311,2256,2405,2374,2280,2310,2835,2983,2781,2223,2237,2309,2308,2389,2433,2354,2326,2361,2392,2418,2149,2189,2704,3539,3317,2472,2232,2257,2270,2348,2621,2630,2568,2328,2431,2436,2333,2238,3318,3686,3465,2510,2373,2329,2281,2364,2875,2921,2764,2406,2408,2391,2354,2457,3465,3577,3359,2457,2246,2327,2331,2342,2852,2920,2706,2361,2398,2398,2416,2412,3355,3725,3521,2627,2435,2312,2285,2429,2540,2636,2500,2150,2315,2094,2372,2413,3494,4026,3815,2799,2341,2381,2271,2385,2425,2584,2312,2202,2374,2240,2361,2542,3799,4045,3825,2821,2351,2402,2249,2412,2436,2557,2268,2258,2356,2306,2479,2629,3822,3864,3642,2615,2236,2180,2382,2421,2307,2441,2330,2360,2297,2313,2484,2504,3635,3494,3280,2313,2232,2211,2301,2281,2317,2258,2259,2202,2379,2436,2386,2449,3261,3191,2970,2200,2287,2235,2414,2350,2282,2246,2236,2095,2362,2344,2297,2397,2977,2980,2711,2396,2358,2346,2420,2295,2168,2158,2143,2293,2244,2275,2357,2179,2785,2805,2571,2356,2372,2266,2345,2056,2055,2303,2236,2239,2213,2151,2253,2148,2607,2785,2583,2241,2263,2361,2254,2146,2282,2444,2182,2105,2275,2320,2118,2148,2507,2715,2483,2214,2291,2318,2244,2214,2376,2418,2095,2164,2114,2201,2020,2171,2461,2879,2693,2224,2213,2200,2113,2270,2198,2254,2151,2175,2310,2247,2257,2279,2640,3034,2823,2264,2269,2106,2038,2107,2169,2220,2075,2115,2370,2296,2245,2176,2801,3228,2905,2124,2205,2154,2021,2162,1998,2152,2135,2107,2287,2242,2021,2072,3015,3226,2998,2219,2018,2059,2109,2142,2085,2063,2097,2040,2178,2088,1992,2021,3014,2989,2777,2120,2028,2027,2029,2030,2143,2094,1929,1999,1885,2127,2102,2257,2789,2639,2386,2020,1953,2004,1961,2027,2073,1992,2025,1951,1866,1995,2081,2076,2461,2604,2391,2033,1788,1800,1769,1947,2139,2292,2118,1952,2069,1842,1878,2081,2438,2525,2287,1970,2017,2042,1834,1813,2157,2449,2348,2045,2098,1876,1862,1983,2349
,,,,,,,,,,,,,,,,,,,,,,,,,,,,,,,,,,,,,,,,,,,,,,,,,,,,,,,,,,,,,,,,,,,,,,,,,,,,,,,,,,,,,,,,,,,,,,,,,,,,,,,,,,,,,,,,,,,,,,,,,,,,,,,,,,,,,,,,,,,,,,,,,,,,,,,,,,,,,,,,,,,,,,,,,,,,,,,,,,,,,,,,,,,,,,,,,,,,,,,,,,,,,,,,,,,,,,,,,,,,,,,,,,,,,,,,,,,,,,,,,,,,,,,,,,,,,,,,,,,,,,,,,,,,,,,,,,,,,,,,,,,,,,,,,,,,,,,,,,,,,,,,,,,,,,,,,,,,,,,,,,,,,,,,,,,,,,,,,,,,,,,,,,,,,,,,,,,,,,,,,,,,,,,,,,,,,,,,,,,,,,,,,,,,,,,,,,,,,,,,,,,,,,,,,,,,,,,,,,,,,,,,,,,,,,,,,,,,,,,,,,,,,,,,,,,,,,,,,,,,,,,,,,,,,,,,,,,,,,,,,,,,,,,,,,,,,,,,,,,,,,,,,,,,,,,,,,,,,,,,,,,,,,,,,,,,,,,,,,,,,,,,,,,,,,,,,,,,,,,,,,,,,,,,,,,,,,,,,,,,,,,,,,,,,,,,,,,,,,,,,,,,,,,,,,,,,,,,,,,,,,,,,,,,,,,,,,,,,,,,,,,,,,,,,,,,,,,,,,,,,,,,,,,,,,,,,,,,,,,,,,,,,,,,,,,,,,,,,,,,,,,,,,,,,,,,,,,,,,,,,,,,,,,,,,,,,,,,,,,,,,,,,,,,,,,,,,,,,,,,,,,,,,,,,,,,,,,,,,,,,,,,,,,,,,,,,,,,,,,,,,,,,,,,,,,,,,,,,,,,,,,,,,,,,,,,,,,,,,,,,,,,,,,,,,,,,,,,,,,,,,,,,,,,,,,,,,,,,,,,,,,,,,,,,,,,,,,,,,,,,,,,,,,,,,,,,,,,,,,,,,,,,,,,,,,,,,,,,,,,,,,,,,,,,,,,,,,,,,,,,,,,,,,,,,,,,,,,,,,,,,,,,,,,,,,,,,,,,,,,,,,,,,,,,,,,,,,,,,,,,,,,,,,,,,,,,,,,,,,,,,,,,,,,,,,,,,,,,,,,,,,,,,,,,,,,,,,,,,,,,,,,,,,,,,,,,,,,,,,,,,,,,,,,,,,,,,,,,,,,,,,,,,,,,,,,,,,,,,,,,,,,,,,,,,,,,,,,,,,,,,,,,,,,,,,,,,,,,,,,,,,,,,,,,,,,,,,,,,,,,,,,,,,,,,,,,,,,,,,,,,,,,,,,,,,,,,,,,,,,,,,,,,,,,,,,,,,,,,,,,,,,,,,,,,,,,,,,,,,,,,,,,,,,,,,,,,,,,,,,,,,,,,,,,,,,,,,,,,,,,,,,,,,,,,,,,,,,,,,,,,,,,,,,,,,,,,,,,,,,,,,,,,,,,,,,,,,,,,,,,,,,,,,,,,,,,,,,,,,,,,,,,,,,,,,,,,,,,,,,,,,,,,,,,,,,,,,,,,,,,,,,,,,,,,,,,,,,,,,,,,,,,,,,,,,,,,,,,,,,,,,,,,,,,,,,,,,,,,,,,,,,,,,,,,,,,,,,,,,,,,,,,,,,,,,,,,,,,,,,,,,,,,,,,,,,,,,,,,,,,,,,,,,,,,,,,,,,,,,,,,,,,,,,,,,,,,,,,,,,,,,,,,,,,,,,,,,,,,,,,,,,,,,,,,,,,,,,,,,,,,,,,,,,,,,,,,,,,,,,,,,,,,,,,,,,,,,,,,,,,,,,,,,,,,,,,,,,,,,,,,,,,,,,,,,,,,,,,,,,,,,,,,,,,,,,,,,,,,,,,,,,,,,,,,,,,,,,,,,,,,,,,,,,,,,,,,,,,,,,,,,,,,,,,,,,,,,,,,,,,,,,,,,,,,,,,,,,,,,,,,,,,,,,,,,,,,,,,,,,,,,,,,,,,,,,,,,,,,,,,,,,,,,,,,,,,,,,,,,,,,,,,,,,,,,,,,,,,,,,,,,,,,,,,,,,,,,,,,,,,,,,,,,,,,,,,,,,,,,,,,,,,,,,,,,,,,,,,,,,,,,,,,,,,,,,,,,,,,,,,,,,,,,,,,,,,,,,,,,,,,,,,,,,,,,,,,,,,,,,,,,,,,,,,,,,,,,,,,,,,,,,,,,
,,,,,,,,,,,,,,,,,,,,,,,,,,,,,,,,,,,,,,,,,,,,,,,,,,,,,,,,,,,,,,,,,,,,,,,,,,,,,,,,,,,,,,,,,,,,,,,,,,,,,,,,,,,,,,,,,,,,,,,,,,,,,,,,,,,,,,,,,,,,,,,,,,,,,,,,,,,,,,,,,,,,,,,,,,,,,,,,,,,,,,,,,,,,,,,,,,,,,,,,,,,,,,,,,,,,,,,,,,,,,,,,,,,,,,,,,,,,,,,,,,,,,,,,,,,,,,,,,,,,,,,,,,,,,,,,,,,,,,,,,,,,,,,,,,,,,,,,,,,,,,,,,,,,,,,,,,,,,,,,,,,,,,,,,,,,,,,,,,,,,,,,,,,,,,,,,,,,,,,,,,,,,,,,,,,,,,,,,,,,,,,,,,,,,,,,,,,,,,,,,,,,,,,,,,,,,,,,,,,,,,,,,,,,,,,,,,,,,,,,,,,,,,,,,,,,,,,,,,,,,,,,,,,,,,,,,,,,,,,,,,,,,,,,,,,,,,,,,,,,,,,,,,,,,,,,,,,,,,,,,,,,,,,,,,,,,,,,,,,,,,,,,,,,,,,,,,,,,,,,,,,,,,,,,,,,,,,,,,,,,,,,,,,,,,,,,,,,,,,,,,,,,,,,,,,,,,,,,,,,,,,,,,,,,,,,,,,,,,,,,,,,,,,,,,,,,,,,,,,,,,,,,,,,,,,,,,,,,,,,,,,,,,,,,,,,,,,,,,,,,,,,,,,,,,,,,,,,,,,,,,,,,,,,,,,,,,,,,,,,,,,,,,,,,,,,,,,,,,,,,,,,,,,,,,,,,,,,,,,,,,,,,,,,,,,,,,,,,,,,,,,,,,,,,,,,,,,,,,,,,,,,,,,,,,,,,,,,,,,,,,,,,,,,,,,,,,,,,,,,,,,,,,,,,,,,,,,,,,,,,,,,,,,,,,,,,,,,,,,,,,,,,,,,,,,,,,,,,,,,,,,,,,,,,,,,,,,,,,,,,,,,,,,,,,,,,,,,,,,,,,,,,,,,,,,,,,,,,,,,,,,,,,,,,,,,,,,,,,,,,,,,,,,,,,,,,,,,,,,,,,,,,,,,,,,,,,,,,,,,,,,,,,,,,,,,,,,,,,,,,,,,,,,,,,,,,,,,,,,,,,,,,,,,,,,,,,,,,,,,,,,,,,,,,,,,,,,,,,,,,,,,,,,,,,,,,,,,,,,,,,,,,,,,,,,,,,,,,,,,,,,,,,,,,,,,,,,,,,,,,,,,,,,,,,,,,,,,,,,,,,,,,,,,,,,,,,,,,,,,,,,,,,,,,,,,,,,,,,,,,,,,,,,,,,,,,,,,,,,,,,,,,,,,,,,,,,,,,,,,,,,,,,,,,,,,,,,,,,,,,,,,,,,,,,,,,,,,,,,,,,,,,,,,,,,,,,,,,,,,,,,,,,,,,,,,,,,,,,,,,,,,,,,,,,,,,,,,,,,,,,,,,,,,,,,,,,,,,,,,,,,,,,,,,,,,,,,,,,,,,,,,,,,,,,,,,,,,,,,,,,,,,,,,,,,,,,,,,,,,,,,,,,,,,,,,,,,,,,,,,,,,,,,,,,,,,,,,,,,,,,,,,,,,,,,,,,,,,,,,,,,,,,,,,,,,,,,,,,,,,,,,,,,,,,,,,,,,,,,,,,,,,,,,,,,,,,,,,,,,,,,,,,,,,,,,,,,,,,,,,,,,,,,,,,,,,,,,,,,,,,,,,,,,,,,,,,,,,,,,,,,,,,,,,,,,,,,,,,,,,,,,,,,,,,,,,,,,,,,,,,,,,,,,,,,,,,,,,,,,,,,,,,,,,,,,,,,,,,,,,,,,,,,,,,,,,,,,,,,,,,,,,,,,,,,,,,,,,,,,,,,,,,,,,,,,,,,,,,,,,,,,,,,,,,,,,,,,,,,,,,,,,,,,,,,,,,,,,,,,,,,,,,,,,,,,,,,,,,,,,,,,,,,,,,,,,,,,,,,,,,,,,,,,,,,,,,,,,,,,,,,,,,,,,,,,,,,,,,,,,,,,,,,,,,,,,,,,,,,,,,,,,,,,,,,,,,,,,,,,,,,,,,,,,,,,,,,,,,,,,,,,,,,,,,,,,,,,,,,,,,,,,,,,,,,,,,,,,,,,,,,,,,,,,,,,,,,,,,,,,,,,,,,,,,,,,,,,,,,,,,,,,,,
,,,,,,,,,,,,,,,,,,,,,,,,,,,,,,,,,,,,,,,,,,,,,,,,,,,,,,,,,,,,,,,,,,,,,,,,,,,,,,,,,,,,,,,,,,,,,,,,,,,,,,,,,,,,,,,,,,,,,,,,,,,,,,,,,,,,,,,,,,,,,,,,,,,,,,,,,,,,,,,,,,,,,,,,,,,,,,,,,,,,,,,,,,,,,,,,,,,,,,,,,,,,,,,,,,,,,,,,,,,,,,,,,,,,,,,,,,,,,,,,,,,,,,,,,,,,,,,,,,,,,,,,,,,,,,,,,,,,,,,,,,,,,,,,,,,,,,,,,,,,,,,,,,,,,,,,,,,,,,,,,,,,,,,,,,,,,,,,,,,,,,,,,,,,,,,,,,,,,,,,,,,,,,,,,,,,,,,,,,,,,,,,,,,,,,,,,,,,,,,,,,,,,,,,,,,,,,,,,,,,,,,,,,,,,,,,,,,,,,,,,,,,,,,,,,,,,,,,,,,,,,,,,,,,,,,,,,,,,,,,,,,,,,,,,,,,,,,,,,,,,,,,,,,,,,,,,,,,,,,,,,,,,,,,,,,,,,,,,,,,,,,,,,,,,,,,,,,,,,,,,,,,,,,,,,,,,,,,,,,,,,,,,,,,,,,,,,,,,,,,,,,,,,,,,,,,,,,,,,,,,,,,,,,,,,,,,,,,,,,,,,,,,,,,,,,,,,,,,,,,,,,,,,,,,,,,,,,,,,,,,,,,,,,,,,,,,,,,,,,,,,,,,,,,,,,,,,,,,,,,,,,,,,,,,,,,,,,,,,,,,,,,,,,,,,,,,,,,,,,,,,,,,,,,,,,,,,,,,,,,,,,,,,,,,,,,,,,,,,,,,,,,,,,,,,,,,,,,,,,,,,,,,,,,,,,,,,,,,,,,,,,,,,,,,,,,,,,,,,,,,,,,,,,,,,,,,,,,,,,,,,,,,,,,,,,,,,,,,,,,,,,,,,,,,,,,,,,,,,,,,,,,,,,,,,,,,,,,,,,,,,,,,,,,,,,,,,,,,,,,,,,,,,,,,,,,,,,,,,,,,,,,,,,,,,,,,,,,,,,,,,,,,,,,,,,,,,,,,,,,,,,,,,,,,,,,,,,,,,,,,,,,,,,,,,,,,,,,,,,,,,,,,,,,,,,,,,,,,,,,,,,,,,,,,,,,,,,,,,,,,,,,,,,,,,,,,,,,,,,,,,,,,,,,,,,,,,,,,,,,,,,,,,,,,,,,,,,,,,,,,,,,,,,,,,,,,,,,,,,,,,,,,,,,,,,,,,,,,,,,,,,,,,,,,,,,,,,,,,,,,,,,,,,,,,,,,,,,,,,,,,,,,,,,,,,,,,,,,,,,,,,,,,,,,,,,,,,,,,,,,,,,,,,,,,,,,,,,,,,,,,,,,,,,,,,,,,,,,,,,,,,,,,,,,,,,,,,,,,,,,,,,,,,,,,,,,,,,,,,,,,,,,,,,,,,,,,,,,,,,,,,,,,,,,,,,,,,,,,,,,,,,,,,,,,,,,,,,,,,,,,,,,,,,,,,,,,,,,,,,,,,,,,,,,,,,,,,,,,,,,,,,,,,,,,,,,,,,,,,,,,,,,,,,,,,,,,,,,,,,,,,,,,,,,,,,,,,,,,,,,,,,,,,,,,,,,,,,,,,,,,,,,,,,,,,,,,,,,,,,,,,,,,,,,,,,,,,,,,,,,,,,,,,,,,,,,,,,,,,,,,,,,,,,,,,,,,,,,,,,,,,,,,,,,,,,,,,,,,,,,,,,,,,,,,,,,,,,,,,,,,,,,,,,,,,,,,,,,,,,,,,,,,,,,,,,,,,,,,,,,,,,,,,,,,,,,,,,,,,,,,,,,,,,,,,,,,,,,,,,,,,,,,,,,,,,,,,,,,,,,,,,,,,,,,,,,,,,,,,,,,,,,,,,,,,,,,,,,,,,,,,,,,,,,,,,,,,,,,,,,,,,,,,,,,,,,,,,,,,,,,,,,,,,,,,,,,,,,,,,,,,,,,,,,,,,,,,,,,,,,,,,,,,,,,,,,,,,,,,,,,,,,,,,,,,,,,,,,,,,,,,,,,,,,,,,,,,,,,,,,,,,,,,,,,,,,,,,,,,,,,,,,,,,,,,,,,,,,,,,,,,,,,,,,,,,,,,,,,,,,,,,,,,,,,,,,,,,,,,,,,,,,,,,,,,,,,,,,,,,,,,,,,,
,,,,,,,,,,,,,,,,,,,,,,,,,,,,,,,,,,,,,,,,,,,,,,,,,,,,,,,,,,,,,,,,,,,,,,,,,,,,,,,,,,,,,,,,,,,,,,,,,,,,,,,,,,,,,,,,,,,,,,,,,,,,,,,,,,,,,,,,,,,,,,,,,,,,,,,,,,,,,,,,,,,,,,,,,,,,,,,,,,,,,,,,,,,,,,,,,,,,,,,,,,,,,,,,,,,,,,,,,,,,,,,,,,,,,,,,,,,,,,,,,,,,,,,,,,,,,,,,,,,,,,,,,,,,,,,,,,,,,,,,,,,,,,,,,,,,,,,,,,,,,,,,,,,,,,,,,,,,,,,,,,,,,,,,,,,,,,,,,,,,,,,,,,,,,,,,,,,,,,,,,,,,,,,,,,,,,,,,,,,,,,,,,,,,,,,,,,,,,,,,,,,,,,,,,,,,,,,,,,,,,,,,,,,,,,,,,,,,,,,,,,,,,,,,,,,,,,,,,,,,,,,,,,,,,,,,,,,,,,,,,,,,,,,,,,,,,,,,,,,,,,,,,,,,,,,,,,,,,,,,,,,,,,,,,,,,,,,,,,,,,,,,,,,,,,,,,,,,,,,,,,,,,,,,,,,,,,,,,,,,,,,,,,,,,,,,,,,,,,,,,,,,,,,,,,,,,,,,,,,,,,,,,,,,,,,,,,,,,,,,,,,,,,,,,,,,,,,,,,,,,,,,,,,,,,,,,,,,,,,,,,,,,,,,,,,,,,,,,,,,,,,,,,,,,,,,,,,,,,,,,,,,,,,,,,,,,,,,,,,,,,,,,,,,,,,,,,,,,,,,,,,,,,,,,,,,,,,,,,,,,,,,,,,,,,,,,,,,,,,,,,,,,,,,,,,,,,,,,,,,,,,,,,,,,,,,,,,,,,,,,,,,,,,,,,,,,,,,,,,,,,,,,,,,,,,,,,,,,,,,,,,,,,,,,,,,,,,,,,,,,,,,,,,,,,,,,,,,,,,,,,,,,,,,,,,,,,,,,,,,,,,,,,,,,,,,,,,,,,,,,,,,,,,,,,,,,,,,,,,,,,,,,,,,,,,,,,,,,,,,,,,,,,,,,,,,,,,,,,,,,,,,,,,,,,,,,,,,,,,,,,,,,,,,,,,,,,,,,,,,,,,,,,,,,,,,,,,,,,,,,,,,,,,,,,,,,,,,,,,,,,,,,,,,,,,,,,,,,,,,,,,,,,,,,,,,,,,,,,,,,,,,,,,,,,,,,,,,,,,,,,,,,,,,,,,,,,,,,,,,,,,,,,,,,,,,,,,,,,,,,,,,,,,,,,,,,,,,,,,,,,,,,,,,,,,,,,,,,,,,,,,,,,,,,,,,,,,,,,,,,,,,,,,,,,,,,,,,,,,,,,,,,,,,,,,,,,,,,,,,,,,,,,,,,,,,,,,,,,,,,,,,,,,,,,,,,,,,,,,,,,,,,,,,,,,,,,,,,,,,,,,,,,,,,,,,,,,,,,,,,,,,,,,,,,,,,,,,,,,,,,,,,,,,,,,,,,,,,,,,,,,,,,,,,,,,,,,,,,,,,,,,,,,,,,,,,,,,,,,,,,,,,,,,,,,,,,,,,,,,,,,,,,,,,,,,,,,,,,,,,,,,,,,,,,,,,,,,,,,,,,,,,,,,,,,,,,,,,,,,,,,,,,,,,,,,,,,,,,,,,,,,,,,,,,,,,,,,,,,,,,,,,,,,,,,,,,,,,,,,,,,,,,,,,,,,,,,,,,,,,,,,,,,,,,,,,,,,,,,,,,,,,,,,,,,,,,,,,,,,,,,,,,,,,,,,,,,,,,,,,,,,,,,,,,,,,,,,,,,,,,,,,,,,,,,,,,,,,,,,,,,,,,,,,,,,,,,,,,,,,,,,,,,,,,,,,,,,,,,,,,,,,,,,,,,,,,,,,,,,,,,,,,,,,,,,,,,,,,,,,,,,,,,,,,,,,,,,,,,,,,,,,,,,,,,,,,,,,,,,,,,,,,,,,,,,,,,,,,,,,,,,,,,,,,,,,,,,,,,,,,,,,,,,,,,,,,,,,,,,,,,,,,,,,,,,,,,,,,,,,,,,,,,,,,,,,,,,,,,,,,,,,,,,,,,,,,,,,,,,,,,,,,,,,,,,,,,,,,,,,,,,,,,,,,,,,,,,,,,,,,,,,,,,,,,,,,,,,,,,,,,,,,,,,,,,,,,,,,,,,,,,,,,
,,,,,,,,,,,,,,,,,,,,,,,,,,,,,,,,,,,,,,,,,,,,,,,,,,,,,,,,,,,,,,,,,,,,,,,,,,,,,,,,,,,,,,,,,,,,,,,,,,,,,,,,,,,,,,,,,,,,,,,,,,,,,,,,,,,,,,,,,,,,,,,,,,,,,,,,,,,,,,,,,,,,,,,,,,,,,,,,,,,,,,,,,,,,,,,,,,,,,,,,,,,,,,,,,,,,,,,,,,,,,,,,,,,,,,,,,,,,,,,,,,,,,,,,,,,,,,,,,,,,,,,,,,,,,,,,,,,,,,,,,,,,,,,,,,,,,,,,,,,,,,,,,,,,,,,,,,,,,,,,,,,,,,,,,,,,,,,,,,,,,,,,,,,,,,,,,,,,,,,,,,,,,,,,,,,,,,,,,,,,,,,,,,,,,,,,,,,,,,,,,,,,,,,,,,,,,,,,,,,,,,,,,,,,,,,,,,,,,,,,,,,,,,,,,,,,,,,,,,,,,,,,,,,,,,,,,,,,,,,,,,,,,,,,,,,,,,,,,,,,,,,,,,,,,,,,,,,,,,,,,,,,,,,,,,,,,,,,,,,,,,,,,,,,,,,,,,,,,,,,,,,,,,,,,,,,,,,,,,,,,,,,,,,,,,,,,,,,,,,,,,,,,,,,,,,,,,,,,,,,,,,,,,,,,,,,,,,,,,,,,,,,,,,,,,,,,,,,,,,,,,,,,,,,,,,,,,,,,,,,,,,,,,,,,,,,,,,,,,,,,,,,,,,,,,,,,,,,,,,,,,,,,,,,,,,,,,,,,,,,,,,,,,,,,,,,,,,,,,,,,,,,,,,,,,,,,,,,,,,,,,,,,,,,,,,,,,,,,,,,,,,,,,,,,,,,,,,,,,,,,,,,,,,,,,,,,,,,,,,,,,,,,,,,,,,,,,,,,,,,,,,,,,,,,,,,,,,,,,,,,,,,,,,,,,,,,,,,,,,,,,,,,,,,,,,,,,,,,,,,,,,,,,,,,,,,,,,,,,,,,,,,,,,,,,,,,,,,,,,,,,,,,,,,,,,,,,,,,,,,,,,,,,,,,,,,,,,,,,,,,,,,,,,,,,,,,,,,,,,,,,,,,,,,,,,,,,,,,,,,,,,,,,,,,,,,,,,,,,,,,,,,,,,,,,,,,,,,,,,,,,,,,,,,,,,,,,,,,,,,,,,,,,,,,,,,,,,,,,,,,,,,,,,,,,,,,,,,,,,,,,,,,,,,,,,,,,,,,,,,,,,,,,,,,,,,,,,,,,,,,,,,,,,,,,,,,,,,,,,,,,,,,,,,,,,,,,,,,,,,,,,,,,,,,,,,,,,,,,,,,,,,,,,,,,,,,,,,,,,,,,,,,,,,,,,,,,,,,,,,,,,,,,,,,,,,,,,,,,,,,,,,,,,,,,,,,,,,,,,,,,,,,,,,,,,,,,,,,,,,,,,,,,,,,,,,,,,,,,,,,,,,,,,,,,,,,,,,,,,,,,,,,,,,,,,,,,,,,,,,,,,,,,,,,,,,,,,,,,,,,,,,,,,,,,,,,,,,,,,,,,,,,,,,,,,,,,,,,,,,,,,,,,,,,,,,,,,,,,,,,,,,,,,,,,,,,,,,,,,,,,,,,,,,,,,,,,,,,,,,,,,,,,,,,,,,,,,,,,,,,,,,,,,,,,,,,,,,,,,,,,,,,,,,,,,,,,,,,,,,,,,,,,,,,,,,,,,,,,,,,,,,,,,,,,,,,,,,,,,,,,,,,,,,,,,,,,,,,,,,,,,,,,,,,,,,,,,,,,,,,,,,,,,,,,,,,,,,,,,,,,,,,,,,,,,,,,,,,,,,,,,,,,,,,,,,,,,,,,,,,,,,,,,,,,,,,,,,,,,,,,,,,,,,,,,,,,,,,,,,,,,,,,,,,,,,,,,,,,,,,,,,,,,,,,,,,,,,,,,,,,,,,,,,,,,,,,,,,,,,,,,,,,,,,,,,,,,,,,,,,,,,,,,,,,,,,,,,,,,,,,,,,,,,,,,,,,,,,,,,,,,,,,,,,,,,,,,,,,,,,,,,,,,,,,,,,,,,,,,,,,,,,,,,,,,,,,,,,,,,,,,,,,,,,,,,,,,,,,,,,,,,,,,,,,,,,,,,,,,,,,,,,,,,,,,,,,,,,,,,,,,,,,,,,,,,,,,,,,,,,,,,,,,,,,,,,,,,,,,,,,,,,,,
3473,3250,2549,2519,2445,2290,2349,2266,2117,2266,2349,2290,2445,2519,2549,3250,3707,3472,2431,2337,2307,2333,2319,2215,2244,2246,2338,2188,2291,2490,2604,3494,4070,3850,2720,2435,2255,2143,2235,2235,2260,2125,2304,2304,2280,2424,2742,3851,4206,3984,2887,2464,2306,2202,2130,2252,2212,2277,2203,2256,2289,2484,2858,3984,4017,3795,2721,2371,2285,2127,2069,2338,2391,2310,2243,2353,2205,2265,2710,3799,3625,3388,2520,2227,2103,2271,2162,2398,2433,2312,2372,2350,2179,2199,2464,3389,3410,3199,2311,2319,2167,2264,2259,2256,2325,2145,2271,2235,2117,2296,2146,3165,3213,3005,2308,2396,2141,2071,2253,2348,2409,2316,2165,2293,2077,2246,2329,2967,3110,2886,2284,2319,2227,2161,2265,2453,2367,2276,2198,2211,2204,2220,2317,2890,3035,2786,2168,1930,2115,2290,2208,2294,2319,2050,2150,2227,2280,2325,2288,2843,3112,2848,2067,2132,2281,2486,2217,2625,2525,2168,2268,2244,2373,2246,2340,2965,3691,3414,3030,2955,2530,2691,3188,3435,3555,3352,2769,2733,2919,2929,3332,3651,4457,4196,3567,3562,3659,3743,3843,4111,4132,3744,3168,3620,3622,3654,3882,4360,4620,4342,3755,3743,3994,4112,4055,4295,4219,3813,3758,3928,3755,3809,3931,4503,4398,4287,3949,3721,3929,4103,4043,4189,4175,4167,3939,3895,3384,3457,3712,4225,4421,4246,3771,3566,3480,3781,3792,3858,3934,3926,3808,3583,3272,3347,3737,4198,4520,4287,3318,3105,3081,3440,3267,3029,3315,3285,3478,3202,3129,3148,3353,4292,4449,4235,3257,2960,2857,3064,3066,3203,3214,3204,3269,2981,2693,3084,3268,4230,4217,4047,3366,3239,3000,3123,3240,3450,3373,3452,3221,3106,3060,3124,3380,4057,4055,3855,3351,3197,2880,2941,3170,3458,3543,3531,3248,3153,3082,3154,3201,3833,3871,3637,3154,2896,2720,2863,3048,3690,3852,3580,3052,2916,2802,3092,3022,3715,4519,4289,3342,2909,2742,2958,2968,3849,4026,3778,3135,2951,2828,2993,3290,4310,4666,4444,3459,2976,2921,2923,2882,3735,3902,3670,3228,2989,2870,3138,3483,4457,4473,4250,3255,2760,2961,2936,3106,3488,3547,3226,3040,2893,2761,3069,3199,4251,4005,3761,2767,2769,2980,2957,3120,3367,3289,2953,2895,2943,2770,3043,3167,3790,3718,3547,2729,2860,3005,2978,3038,3199,3291,3029,2685,2814,2760,2915,3243,3579,3849,3629,2685,2749,2888,2903,2956,3133,3254,3044,2719,2712,2700,2572,2852,3628,3729,3496,2541,2579,2638,2835,2895,2914,3161,2986,2578,2653,2705,2456,2763,3523,3400,3129,2452,2364,2535,2750,2730,2819,2878,2719,2537,2501,2621,2423,2704,3236,3501,3277,2435,2383,2410,2586,2761,2791,2923,2820,2467,2377,2455,2402,2666,3287,3601,3398,2649,2575,2632,2570,2816,3042,3125,2893,2439,2348,2499,2497,2635,3362,3442,3244,2680,2433,2581,2665,2826,3003,2943,2670,2602,2579,2590,2571,2618,3237,3155,2960,2561,2330,2447,2433,2592,2752,2735,2553,2573,2536,2406,2237,2417,2896,3165,2838,2568,2680,2415,2361,2510,2830,2925,2621,2412,2522,2275,2202,2490,2991,3251,2996,2629,2726,2310,2334,2503,2825,2927,2624,2237,2448,2329,2146,2421,3027,3145,2937,2462,2550,2392,2337,2383,2573,2595,2385,2100,2207,2431,2343,2371,2911,3022,2833,2355,2356,2431,2353,2299,2436,2406,2077,2297,2337,2407,2361,2318,2823,3027,2781,2149,2386,2391,2304,2175,2432,2460,2114,2351,2309,2427,2224,2223,2835,3029,2770,2321,2278,2296,2268,2322,2646,2732,2484,2423,2300,2182,2294,2276,2810,2855,2595,2327,2341,2284,2222,2329,2760,2805,2496,2341,2181,2363,2308,2377,2668,2861,2619,2315,2244,2036,2124,2343,2601,2708,2385,2391,2261,2152,2331,2376,2710,2717,2563,2401,2246,2185,2242,2391,2380,2504,2466,2388,2240,2437,2467,2362,2525,2945,2825,2379,2286,2154,2197,2361,2411,2645,2668,2461,2266,2318,2345,2344,2728,2894,2784,2194,2210,2253,2419,2275,2610,2808,2704,2302,2302,2385,2448,2449,2561,2785,2674,2299,2294,2215,2207,2213,2607,2738,2677,2321,2426,2375,2254,2381,2661,2827,2645,2256,2323,2188,2321,2324,2361,2587,2507,2231,2449,2289,2159,2311,2642,2825,2609,2268,2365,2258,2329,2299,2402,2610,2457,2379,2532,2388,2400,2398,2667,2751,2470,2088,2282,2391,2385,2440,2504,2611,2337,2480,2591,2357,2347,2495,2705,2729,2490,2474,2273,2372,2387,2363,2430,2543,2449,2485,2516,2400,2357,2430,2622,2730,2530,2560,2389,2302,2266,2353,2383,2537,2232,2309,2267,2257,2414,2354,2570,2899,2649,2490,2283,2256,2318,2405,2505,2531,2383,2225,2297,2257,2321,2422,2701,2982,2784,2363,2351,2179,2311,2485,2522,2448,2282,2324,2444,2337,2085,2271,2760,3198,3014,2448,2316,2403,2237,2490,2554,2551,2421,2239,2293,2222,2319,2368,2958,3488,3255,2385,2267,2307,2232,2401,2589,2754,2558,2252,2085,2199,2294,2331,3271,3459,3229,2212,2376,2273,2209,2230,2422,2703,2561,2355,2275,2339,2400,2332,3236,3172,2929,2265,2360,2305,2349,2366,2451,2527,2530,2312,2239,2267,2291,2181,2959,2819,2576,2263,2389,2418,2393,2381,2394,2460,2436,2387,2370,2326,2190,2242,2414,2791,2481,2321,2383,2340,2432,2404,2392,2351,2226,2409,2380,2270,2269,2162,2584,2730,2568,2327,2289,2349,2233,2226,2355,2378,2330,2379,2340,2324,2330,2276,2421,2759,2564,2252,2296,2161,2072,2320,2372,2359,2270,2125,2256,2264,2242,2294,2491,2902,2692,2347,2478,2399,2479,2562,2423,2424,2617,2370,2470,2447,2177,2146,2648,2994,2669,2433,2496,2586,2608,2626,2403,2578,2648,2342,2518,2462,2330,2250,2826,3936,3716,2630,2299,2530,2478,2363,2325,2550,2391,2201,2263,2395,2493,2593,3716,4427,4201,3116,2681,2442,2399,2393,2953,3049,2788,2314,2409,2385,2776,3072,4206,4555,4330,3268,2851,2584,2800,2835,3299,3384,3150,2579,2652,2660,2921,3234,4335,4234,4003,3103,2655,2698,2955,2964,3316,3386,3181,2626,2604,2814,2770,3080,4045,4186,3979,2984,2386,2679,2777,2759,3097,3287,3075,2478,2512,2661,2527,2906,3959,3697,3488,2593,2427,2525,2434,2503,2709,2986,2833,2429,2433,2317,2404,2618,3473,3449,3208,2342,2449,2435,2502,2443,2605,2591,2530,2283,2465,2379,2178,2336,3233,3435,3219,2373,2382,2432,2457,2361,2543,2697,2511,2304,2261,2371,2299,2355,3219,3417,3206,2342,2460,2430,2291,2404,2479,2663,2609,2373,2358,2415,2313,2372,3207,3230,3004,2342,2468,2449,2246,2361,2444,2525,2487,2295,2239,2340,2374,2421,3028,3179,2955,2310,2417,2396,2354,2339,2404,2524,2300,2090,2198,2417,2354,2418,2958,3013,2814,2073,2304,2380,2335,2267,2445,2465,2301,2130,2167,2320,2292,2446,2769,2959,2788,2245,2118,2168,2283,2324,2452,2464,2205,2209,2185,2245,2192,2405,2729,2824,2622,2384,2327,2301,2340,2440,2576,2528,2261,2135,2358,2284,2267,2399,2726,3032,2833,2420,2226,2217,2111,2419,2524,2509,2389,2171,2305,2336,2372,2583,2890,3449,3245,2514,2352,2174,2281,2311,2583,2567,2485,2406,2460,2441,2411,2544,3213,3670,3443,2437,2453,2429,2404,2414,2512,2761,2561,2504,2501,2320,2495,2451,3443,3602,3380,2454,2298,2337,2314,2263,2348,2647,2496,2420,2381,2389,2390,2343,3377,3487,3278,2473,2423,2345,2153,2373,2433,2527,2254,2298,2310,2341,2376,2426,3249,3389,3191,2478,2367,2303,2288,2211,2441,2486,2475,2323,2352,2336,2125,2394,3148,3319,3114,2275,2255,2232,2302,2253,2588,2709,2631,2421,2153,2333,2334,2347,3088,2969,2712,2278,2295,2265,2180,2300,2558,2695,2629,2436,2261,2455,2412,2373,2783,2891,2739,2330,2414,2410,2305,2339,2486,2533,2538,2485,2300,2319,2475,2452,2826,3103,2935,2481,2284,2305,2350,2291,2373,2482,2683,2641,2446,2135,2395,2437,2901,3244,3053,2472,2397,2446,2334,2424,2485,2560,2681,2528,2367,2264,2345,2472,3027,3251,3027,2319,2444,2379,2258,2369,2391,2558,2636,2485,2372,2374,2436,2455,3023,3213,3023,2480,2394,2336,2261,2285,2463,2501,2506,2416,2340,2305,2403,2433,2955,3130,2950,2473,2469,2270,2258,2595,2682,2598,2491,2454,2376,2269,2397,2525,2930,3016,2832,2496,2352,2359,2413,2587,2643,2548,2396,2260,2373,2129,2233,2376,2833,3157,2945,2441,2326,2168,2313,2451,2521,2608,2379,2163,2190,2202,2284,2369,2940,3230,3036,2539,2468,2378,2420,2332,2636,2850,2680,2281,2358,2321,2316,2528,3003,3296,3090,2528,2459,2382,2322,2306,2693,2882,2707,2242,2356,2347,2320,2562,3060,3185,2961,2363,2368,2396,2208,2348,2584,2675,2603,2292,2303,2318,2214,2333,2946,2689,2437,2331,2372,2403,2333,2242,2329,2418,2400,2320,2325,2310,2274,2371,2400,2860,2744,2414,2415,2397,2316,2238,2549,2678,2426,2355,2316,2263,2271,2397,2733,3164,2981,2437,2488,2438,2331,2410,2634,2758,2612,2391,2400,2244,2347,2561,2987,3111,2859,2433,2349,2438,2317,2368,2545,2697,2568,2307,2355,2402,2312,2381,2929,3194,3000,2474,2309,2319,2316,2277,2465,2533,2485,2370,2492,2455,2350,2303,2981,2982,2763,2392,2253,2112,2319,2314,2397,2488,2380,2310,2329,2346,2233,2229,2764,2755,2460,2292,2086,2055,2337,2354,2282,2436,2252,2268,2307,2365,2359,2354,2523,2781,2584,2356,2318,2211,2341,2302,2264,2535,2285,2267,2287,2378,2376,2323,2600,2979,2826,2440,2368,2344,2351,2401,2460,2472,2341,2171,2264,2283,2341,2230,2736,3203,2952,2404,2263,2253,2184,2284,2402,2473,2353,2233,2355,2303,2289,2230,2983,3041,2823,2248,2302,2165,2220,2374,2352,2368,2408,2270,2396,2179,2203,2248,2826,2976,2793,2373,2300,2084,2192,2328,2361,2491,2440,2309,2383,2316,2274,2284,2717,3540,3320,2514,2345,2271,2269,2233,2541,2703,2530,2409,2221,2233,2180,2425,3321,3679,3458,2439,2332,2291,2349,2234,2794,2948,2819,2450,2270,2313,2374,2347,3453,3567,3347,2514,2153,2237,2314,2291,2767,2880,2736,2312,2351,2351,2400,2176,3345,3703,3478,2396,2343,2292,2397,2351,2446,2714,2613,2259,2110,2318,2465,2331,3486,4019,3790,2702,2126,2379,2368,2291,2504,2644,2505,2061,2217,2312,2391,2670,3797,4042,3810,2651,2425,2423,2220,2354,2549,2604,2415,2315,2318,2429,2231,2680,3818,3864,3644,2639,2286,2251,2284,2151,2428,2606,2458,2462,2336,2374,2416,2470,3633,3508,3302,2514,2239,2342,2398,2304,2411,2575,2398,2431,2217,2247,2177,2444,3280,3194,2970,2410,2270,2271,2281,2290,2363,2502,2427,2341,2300,2017,2158,2310,2986,2961,2737,2229,2267,2296,2390,2331,2306,2379,2275,2250,2273,2240,2316,2178,2778,2762,2564,2330,2348,2267,2308,2224,2318,2336,2268,2245,2274,2254,2221,2154,2517,2734,2581,2204,2373,2315,2211,2310,2388,2355,2326,2248,2218,2141,2138,2161,2404,2712,2525,2235,2303,2266,2237,2372,2364,2323,2273,2106,2248,2106,2171,2183,2508,2872,2672,2269,2273,2272,2253,2168,2275,2238,2162,1948,2230,2200,2169,2235,2685,3028,2799,2235,2242,2097,2100,2234,2351,2286,2121,2025,2218,2136,2034,2210,2831,3316,3094,2059,2164,2156,2101,2094,2274,2163,2081,2012,2011,2214,2198,2354,3112,3288,3080,2086,2173,2140,2020,2033,2169,2127,2164,2198,1971,1963,2121,2224,3068,3050,2834,2013,1978,2104,2006,1968,2070,2015,2062,2025,1880,1948,2038,2128,2840,2553,2316,2045,2067,2158,2149,2088,2161,2166,2090,2056,2065,2041,1969,1952,2302,2590,2372,2111,2103,2031,2137,2039,2150,2345,2149,1856,2050,2139,2094,2127,2374,2589,2351,2051,1954,1930,2033,2173,2230,2474,2323,2131,2080,2083,2136,2172,2446
,,,,,,,,,,,,,,,,,,,,,,,,,,,,,,,,,,,,,,,,,,,,,,,,,,,,,,,,,,,,,,,,,,,,,,,,,,,,,,,,,,,,,,,,,,,,,,,,,,,,,,,,,,,,,,,,,,,,,,,,,,,,,,,,,,,,,,,,,,,,,,,,,,,,,,,,,,,,,,,,,,,,,,,,,,,,,,,,,,,,,,,,,,,,,,,,,,,,,,,,,,,,,,,,,,,,,,,,,,,,,,,,,,,,,,,,,,,,,,,,,,,,,,,,,,,,,,,,,,,,,,,,,,,,,,,,,,,,,,,,,,,,,,,,,,,,,,,,,,,,,,,,,,,,,,,,,,,,,,,,,,,,,,,,,,,,,,,,,,,,,,,,,,,,,,,,,,,,,,,,,,,,,,,,,,,,,,,,,,,,,,,,,,,,,,,,,,,,,,,,,,,,,,,,,,,,,,,,,,,,,,,,,,,,,,,,,,,,,,,,,,,,,,,,,,,,,,,,,,,,,,,,,,,,,,,,,,,,,,,,,,,,,,,,,,,,,,,,,,,,,,,,,,,,,,,,,,,,,,,,,,,,,,,,,,,,,,,,,,,,,,,,,,,,,,,,,,,,,,,,,,,,,,,,,,,,,,,,,,,,,,,,,,,,,,,,,,,,,,,,,,,,,,,,,,,,,,,,,,,,,,,,,,,,,,,,,,,,,,,,,,,,,,,,,,,,,,,,,,,,,,,,,,,,,,,,,,,,,,,,,,,,,,,,,,,,,,,,,,,,,,,,,,,,,,,,,,,,,,,,,,,,,,,,,,,,,,,,,,,,,,,,,,,,,,,,,,,,,,,,,,,,,,,,,,,,,,,,,,,,,,,,,,,,,,,,,,,,,,,,,,,,,,,,,,,,,,,,,,,,,,,,,,,,,,,,,,,,,,,,,,,,,,,,,,,,,,,,,,,,,,,,,,,,,,,,,,,,,,,,,,,,,,,,,,,,,,,,,,,,,,,,,,,,,,,,,,,,,,,,,,,,,,,,,,,,,,,,,,,,,,,,,,,,,,,,,,,,,,,,,,,,,,,,,,,,,,,,,,,,,,,,,,,,,,,,,,,,,,,,,,,,,,,,,,,,,,,,,,,,,,,,,,,,,,,,,,,,,,,,,,,,,,,,,,,,,,,,,,,,,,,,,,,,,,,,,,,,,,,,,,,,,,,,,,,,,,,,,,,,,,,,,,,,,,,,,,,,,,,,,,,,,,,,,,,,,,,,,,,,,,,,,,,,,,,,,,,,,,,,,,,,,,,,,,,,,,,,,,,,,,,,,,,,,,,,,,,,,,,,,,,,,,,,,,,,,,,,,,,,,,,,,,,,,,,,,,,,,,,,,,,,,,,,,,,,,,,,,,,,,,,,,,,,,,,,,,,,,,,,,,,,,,,,,,,,,,,,,,,,,,,,,,,,,,,,,,,,,,,,,,,,,,,,,,,,,,,,,,,,,,,,,,,,,,,,,,,,,,,,,,,,,,,,,,,,,,,,,,,,,,,,,,,,,,,,,,,,,,,,,,,,,,,,,,,,,,,,,,,,,,,,,,,,,,,,,,,,,,,,,,,,,,,,,,,,,,,,,,,,,,,,,,,,,,,,,,,,,,,,,,,,,,,,,,,,,,,,,,,,,,,,,,,,,,,,,,,,,,,,,,,,,,,,,,,,,,,,,,,,,,,,,,,,,,,,,,,,,,,,,,,,,,,,,,,,,,,,,,,,,,,,,,,,,,,,,,,,,,,,,,,,,,,,,,,,,,,,,,,,,,,,,,,,,,,,,,,,,,,,,,,,,,,,,,,,,,,,,,,,,,,,,,,,,,,,,,,,,,,,,,,,,,,,,,,,,,,,,,,,,,,,,,,,,,,,,,,,,,,,,,,,,,,,,,,,,,,,,,,,,,,,,,,,,,,,,,,,,,,,,,,,,,,,,,,,,,,,,,,,,,,,,,,,,,,,,,,,,,,,,,,,,,,,,,,,,,,,,,,,,,,,,,,,,,,,,,,,,,,,,,,,,,,,,,,,,,,,,,,,,,,,,,,,,,,,,,,,,,,,,,,,,,,,,,,,,,,,,,,,,,,,,,,,,,,,,,,,,,,,,,,,,,,,,,,,,,,,,,,,,,,,,,,,,,,,,,,,,,,,,,,,,,,,,,,,,,,,,,,,,,,,,,,,,,,,,,,,,,,,,,,,,,,,,,,,,,,,,,,,,,,,,,,,,,,,,,,,,,,,,,,,,,,
,,,,,,,,,,,,,,,,,,,,,,,,,,,,,,,,,,,,,,,,,,,,,,,,,,,,,,,,,,,,,,,,,,,,,,,,,,,,,,,,,,,,,,,,,,,,,,,,,,,,,,,,,,,,,,,,,,,,,,,,,,,,,,,,,,,,,,,,,,,,,,,,,,,,,,,,,,,,,,,,,,,,,,,,,,,,,,,,,,,,,,,,,,,,,,,,,,,,,,,,,,,,,,,,,,,,,,,,,,,,,,,,,,,,,,,,,,,,,,,,,,,,,,,,,,,,,,,,,,,,,,,,,,,,,,,,,,,,,,,,,,,,,,,,,,,,,,,,,,,,,,,,,,,,,,,,,,,,,,,,,,,,,,,,,,,,,,,,,,,,,,,,,,,,,,,,,,,,,,,,,,,,,,,,,,,,,,,,,,,,,,,,,,,,,,,,,,,,,,,,,,,,,,,,,,,,,,,,,,,,,,,,,,,,,,,,,,,,,,,,,,,,,,,,,,,,,,,,,,,,,,,,,,,,,,,,,,,,,,,,,,,,,,,,,,,,,,,,,,,,,,,,,,,,,,,,,,,,,,,,,,,,,,,,,,,,,,,,,,,,,,,,,,,,,,,,,,,,,,,,,,,,,,,,,,,,,,,,,,,,,,,,,,,,,,,,,,,,,,,,,,,,,,,,,,,,,,,,,,,,,,,,,,,,,,,,,,,,,,,,,,,,,,,,,,,,,,,,,,,,,,,,,,,,,,,,,,,,,,,,,,,,,,,,,,,,,,,,,,,,,,,,,,,,,,,,,,,,,,,,,,,,,,,,,,,,,,,,,,,,,,,,,,,,,,,,,,,,,,,,,,,,,,,,,,,,,,,,,,,,,,,,,,,,,,,,,,,,,,,,,,,,,,,,,,,,,,,,,,,,,,,,,,,,,,,,,,,,,,,,,,,,,,,,,,,,,,,,,,,,,,,,,,,,,,,,,,,,,,,,,,,,,,,,,,,,,,,,,,,,,,,,,,,,,,,,,,,,,,,,,,,,,,,,,,,,,,,,,,,,,,,,,,,,,,,,,,,,,,,,,,,,,,,,,,,,,,,,,,,,,,,,,,,,,,,,,,,,,,,,,,,,,,,,,,,,,,,,,,,,,,,,,,,,,,,,,,,,,,,,,,,,,,,,,,,,,,,,,,,,,,,,,,,,,,,,,,,,,,,,,,,,,,,,,,,,,,,,,,,,,,,,,,,,,,,,,,,,,,,,,,,,,,,,,,,,,,,,,,,,,,,,,,,,,,,,,,,,,,,,,,,,,,,,,,,,,,,,,,,,,,,,,,,,,,,,,,,,,,,,,,,,,,,,,,,,,,,,,,,,,,,,,,,,,,,,,,,,,,,,,,,,,,,,,,,,,,,,,,,,,,,,,,,,,,,,,,,,,,,,,,,,,,,,,,,,,,,,,,,,,,,,,,,,,,,,,,,,,,,,,,,,,,,,,,,,,,,,,,,,,,,,,,,,,,,,,,,,,,,,,,,,,,,,,,,,,,,,,,,,,,,,,,,,,,,,,,,,,,,,,,,,,,,,,,,,,,,,,,,,,,,,,,,,,,,,,,,,,,,,,,,,,,,,,,,,,,,,,,,,,,,,,,,,,,,,,,,,,,,,,,,,,,,,,,,,,,,,,,,,,,,,,,,,,,,,,,,,,,,,,,,,,,,,,,,,,,,,,,,,,,,,,,,,,,,,,,,,,,,,,,,,,,,,,,,,,,,,,,,,,,,,,,,,,,,,,,,,,,,,,,,,,,,,,,,,,,,,,,,,,,,,,,,,,,,,,,,,,,,,,,,,,,,,,,,,,,,,,,,,,,,,,,,,,,,,,,,,,,,,,,,,,,,,,,,,,,,,,,,,,,,,,,,,,,,,,,,,,,,,,,,,,,,,,,,,,,,,,,,,,,,,,,,,,,,,,,,,,,,,,,,,,,,,,,,,,,,,,,,,,,,,,,,,,,,,,,,,,,,,,,,,,,,,,,,,,,,,,,,,,,,,,,,,,,,,,,,,,,,,,,,,,,,,,,,,,,,,,,,,,,,,,,,,,,,,,,,,,,,,,,,,,,,,,,,,,,,,,,,,,,,,,,,,,,,,,,,,,,,,,,,,,,,,,,,,,,,,,,,,,,,,,,,,,,,,,,,,,,,,,,,,,,,,,,,,,,,,,,,,,,,,,,,,,,,,,,,,,,,,,,,,,,,,,,,,,,,,,,,,,,,,,,,,,,,,,,,,,,,,,,,,,,,
,,,,,,,,,,,,,,,,,,,,,,,,,,,,,,,,,,,,,,,,,,,,,,,,,,,,,,,,,,,,,,,,,,,,,,,,,,,,,,,,,,,,,,,,,,,,,,,,,,,,,,,,,,,,,,,,,,,,,,,,,,,,,,,,,,,,,,,,,,,,,,,,,,,,,,,,,,,,,,,,,,,,,,,,,,,,,,,,,,,,,,,,,,,,,,,,,,,,,,,,,,,,,,,,,,,,,,,,,,,,,,,,,,,,,,,,,,,,,,,,,,,,,,,,,,,,,,,,,,,,,,,,,,,,,,,,,,,,,,,,,,,,,,,,,,,,,,,,,,,,,,,,,,,,,,,,,,,,,,,,,,,,,,,,,,,,,,,,,,,,,,,,,,,,,,,,,,,,,,,,,,,,,,,,,,,,,,,,,,,,,,,,,,,,,,,,,,,,,,,,,,,,,,,,,,,,,,,,,,,,,,,,,,,,,,,,,,,,,,,,,,,,,,,,,,,,,,,,,,,,,,,,,,,,,,,,,,,,,,,,,,,,,,,,,,,,,,,,,,,,,,,,,,,,,,,,,,,,,,,,,,,,,,,,,,,,,,,,,,,,,,,,,,,,,,,,,,,,,,,,,,,,,,,,,,,,,,,,,,,,,,,,,,,,,,,,,,,,,,,,,,,,,,,,,,,,,,,,,,,,,,,,,,,,,,,,,,,,,,,,,,,,,,,,,,,,,,,,,,,,,,,,,,,,,,,,,,,,,,,,,,,,,,,,,,,,,,,,,,,,,,,,,,,,,,,,,,,,,,,,,,,,,,,,,,,,,,,,,,,,,,,,,,,,,,,,,,,,,,,,,,,,,,,,,,,,,,,,,,,,,,,,,,,,,,,,,,,,,,,,,,,,,,,,,,,,,,,,,,,,,,,,,,,,,,,,,,,,,,,,,,,,,,,,,,,,,,,,,,,,,,,,,,,,,,,,,,,,,,,,,,,,,,,,,,,,,,,,,,,,,,,,,,,,,,,,,,,,,,,,,,,,,,,,,,,,,,,,,,,,,,,,,,,,,,,,,,,,,,,,,,,,,,,,,,,,,,,,,,,,,,,,,,,,,,,,,,,,,,,,,,,,,,,,,,,,,,,,,,,,,,,,,,,,,,,,,,,,,,,,,,,,,,,,,,,,,,,,,,,,,,,,,,,,,,,,,,,,,,,,,,,,,,,,,,,,,,,,,,,,,,,,,,,,,,,,,,,,,,,,,,,,,,,,,,,,,,,,,,,,,,,,,,,,,,,,,,,,,,,,,,,,,,,,,,,,,,,,,,,,,,,,,,,,,,,,,,,,,,,,,,,,,,,,,,,,,,,,,,,,,,,,,,,,,,,,,,,,,,,,,,,,,,,,,,,,,,,,,,,,,,,,,,,,,,,,,,,,,,,,,,,,,,,,,,,,,,,,,,,,,,,,,,,,,,,,,,,,,,,,,,,,,,,,,,,,,,,,,,,,,,,,,,,,,,,,,,,,,,,,,,,,,,,,,,,,,,,,,,,,,,,,,,,,,,,,,,,,,,,,,,,,,,,,,,,,,,,,,,,,,,,,,,,,,,,,,,,,,,,,,,,,,,,,,,,,,,,,,,,,,,,,,,,,,,,,,,,,,,,,,,,,,,,,,,,,,,,,,,,,,,,,,,,,,,,,,,,,,,,,,,,,,,,,,,,,,,,,,,,,,,,,,,,,,,,,,,,,,,,,,,,,,,,,,,,,,,,,,,,,,,,,,,,,,,,,,,,,,,,,,,,,,,,,,,,,,,,,,,,,,,,,,,,,,,,,,,,,,,,,,,,,,,,,,,,,,,,,,,,,,,,,,,,,,,,,,,,,,,,,,,,,,,,,,,,,,,,,,,,,,,,,,,,,,,,,,,,,,,,,,,,,,,,,,,,,,,,,,,,,,,,,,,,,,,,,,,,,,,,,,,,,,,,,,,,,,,,,,,,,,,,,,,,,,,,,,,,,,,,,,,,,,,,,,,,,,,,,,,,,,,,,,,,,,,,,,,,,,,,,,,,,,,,,,,,,,,,,,,,,,,,,,,,,,,,,,,,,,,,,,,,,,,,,,,,,,,,,,,,,,,,,,,,,,,,,,,,,,,,,,,,,,,,,,,,,,,,,,,,,,,,,,,,,,,,,,,,,,,,,,,,,,,,,,,,,,,,,,,,,,,,,,,,,,,,,,,,,,,,,,,,,,,,,,,,,,,,,,,,,,,,,,,,,,,,,,,,,,,,,,,,,,,,
,,,,,,,,,,,,,,,,,,,,,,,,,,,,,,,,,,,,,,,,,,,,,,,,,,,,,,,,,,,,,,,,,,,,,,,,,,,,,,,,,,,,,,,,,,,,,,,,,,,,,,,,,,,,,,,,,,,,,,,,,,,,,,,,,,,,,,,,,,,,,,,,,,,,,,,,,,,,,,,,,,,,,,,,,,,,,,,,,,,,,,,,,,,,,,,,,,,,,,,,,,,,,,,,,,,,,,,,,,,,,,,,,,,,,,,,,,,,,,,,,,,,,,,,,,,,,,,,,,,,,,,,,,,,,,,,,,,,,,,,,,,,,,,,,,,,,,,,,,,,,,,,,,,,,,,,,,,,,,,,,,,,,,,,,,,,,,,,,,,,,,,,,,,,,,,,,,,,,,,,,,,,,,,,,,,,,,,,,,,,,,,,,,,,,,,,,,,,,,,,,,,,,,,,,,,,,,,,,,,,,,,,,,,,,,,,,,,,,,,,,,,,,,,,,,,,,,,,,,,,,,,,,,,,,,,,,,,,,,,,,,,,,,,,,,,,,,,,,,,,,,,,,,,,,,,,,,,,,,,,,,,,,,,,,,,,,,,,,,,,,,,,,,,,,,,,,,,,,,,,,,,,,,,,,,,,,,,,,,,,,,,,,,,,,,,,,,,,,,,,,,,,,,,,,,,,,,,,,,,,,,,,,,,,,,,,,,,,,,,,,,,,,,,,,,,,,,,,,,,,,,,,,,,,,,,,,,,,,,,,,,,,,,,,,,,,,,,,,,,,,,,,,,,,,,,,,,,,,,,,,,,,,,,,,,,,,,,,,,,,,,,,,,,,,,,,,,,,,,,,,,,,,,,,,,,,,,,,,,,,,,,,,,,,,,,,,,,,,,,,,,,,,,,,,,,,,,,,,,,,,,,,,,,,,,,,,,,,,,,,,,,,,,,,,,,,,,,,,,,,,,,,,,,,,,,,,,,,,,,,,,,,,,,,,,,,,,,,,,,,,,,,,,,,,,,,,,,,,,,,,,,,,,,,,,,,,,,,,,,,,,,,,,,,,,,,,,,,,,,,,,,,,,,,,,,,,,,,,,,,,,,,,,,,,,,,,,,,,,,,,,,,,,,,,,,,,,,,,,,,,,,,,,,,,,,,,,,,,,,,,,,,,,,,,,,,,,,,,,,,,,,,,,,,,,,,,,,,,,,,,,,,,,,,,,,,,,,,,,,,,,,,,,,,,,,,,,,,,,,,,,,,,,,,,,,,,,,,,,,,,,,,,,,,,,,,,,,,,,,,,,,,,,,,,,,,,,,,,,,,,,,,,,,,,,,,,,,,,,,,,,,,,,,,,,,,,,,,,,,,,,,,,,,,,,,,,,,,,,,,,,,,,,,,,,,,,,,,,,,,,,,,,,,,,,,,,,,,,,,,,,,,,,,,,,,,,,,,,,,,,,,,,,,,,,,,,,,,,,,,,,,,,,,,,,,,,,,,,,,,,,,,,,,,,,,,,,,,,,,,,,,,,,,,,,,,,,,,,,,,,,,,,,,,,,,,,,,,,,,,,,,,,,,,,,,,,,,,,,,,,,,,,,,,,,,,,,,,,,,,,,,,,,,,,,,,,,,,,,,,,,,,,,,,,,,,,,,,,,,,,,,,,,,,,,,,,,,,,,,,,,,,,,,,,,,,,,,,,,,,,,,,,,,,,,,,,,,,,,,,,,,,,,,,,,,,,,,,,,,,,,,,,,,,,,,,,,,,,,,,,,,,,,,,,,,,,,,,,,,,,,,,,,,,,,,,,,,,,,,,,,,,,,,,,,,,,,,,,,,,,,,,,,,,,,,,,,,,,,,,,,,,,,,,,,,,,,,,,,,,,,,,,,,,,,,,,,,,,,,,,,,,,,,,,,,,,,,,,,,,,,,,,,,,,,,,,,,,,,,,,,,,,,,,,,,,,,,,,,,,,,,,,,,,,,,,,,,,,,,,,,,,,,,,,,,,,,,,,,,,,,,,,,,,,,,,,,,,,,,,,,,,,,,,,,,,,,,,,,,,,,,,,,,,,,,,,,,,,,,,,,,,,,,,,,,,,,,,,,,,,,,,,,,,,,,,,,,,,,,,,,,,,,,,,,,,,,,,,,,,,,,,,,,,,,,,,,,,,,,,,,,,,,,,,,,,,,,,,,,,,,,,,,,,,,,,,,,,,,,,,,,,,,,,,,,,,,,,,,,,,,,,,,,,,,,,,,,,,,,,,,,,,,,,,,,,,,,,,,,,,,,,,,,
,,,,,,,,,,,,,,,,,,,,,,,,,,,,,,,,,,,,,,,,,,,,,,,,,,,,,,,,,,,,,,,,,,,,,,,,,,,,,,,,,,,,,,,,,,,,,,,,,,,,,,,,,,,,,,,,,,,,,,,,,,,,,,,,,,,,,,,,,,,,,,,,,,,,,,,,,,,,,,,,,,,,,,,,,,,,,,,,,,,,,,,,,,,,,,,,,,,,,,,,,,,,,,,,,,,,,,,,,,,,,,,,,,,,,,,,,,,,,,,,,,,,,,,,,,,,,,,,,,,,,,,,,,,,,,,,,,,,,,,,,,,,,,,,,,,,,,,,,,,,,,,,,,,,,,,,,,,,,,,,,,,,,,,,,,,,,,,,,,,,,,,,,,,,,,,,,,,,,,,,,,,,,,,,,,,,,,,,,,,,,,,,,,,,,,,,,,,,,,,,,,,,,,,,,,,,,,,,,,,,,,,,,,,,,,,,,,,,,,,,,,,,,,,,,,,,,,,,,,,,,,,,,,,,,,,,,,,,,,,,,,,,,,,,,,,,,,,,,,,,,,,,,,,,,,,,,,,,,,,,,,,,,,,,,,,,,,,,,,,,,,,,,,,,,,,,,,,,,,,,,,,,,,,,,,,,,,,,,,,,,,,,,,,,,,,,,,,,,,,,,,,,,,,,,,,,,,,,,,,,,,,,,,,,,,,,,,,,,,,,,,,,,,,,,,,,,,,,,,,,,,,,,,,,,,,,,,,,,,,,,,,,,,,,,,,,,,,,,,,,,,,,,,,,,,,,,,,,,,,,,,,,,,,,,,,,,,,,,,,,,,,,,,,,,,,,,,,,,,,,,,,,,,,,,,,,,,,,,,,,,,,,,,,,,,,,,,,,,,,,,,,,,,,,,,,,,,,,,,,,,,,,,,,,,,,,,,,,,,,,,,,,,,,,,,,,,,,,,,,,,,,,,,,,,,,,,,,,,,,,,,,,,,,,,,,,,,,,,,,,,,,,,,,,,,,,,,,,,,,,,,,,,,,,,,,,,,,,,,,,,,,,,,,,,,,,,,,,,,,,,,,,,,,,,,,,,,,,,,,,,,,,,,,,,,,,,,,,,,,,,,,,,,,,,,,,,,,,,,,,,,,,,,,,,,,,,,,,,,,,,,,,,,,,,,,,,,,,,,,,,,,,,,,,,,,,,,,,,,,,,,,,,,,,,,,,,,,,,,,,,,,,,,,,,,,,,,,,,,,,,,,,,,,,,,,,,,,,,,,,,,,,,,,,,,,,,,,,,,,,,,,,,,,,,,,,,,,,,,,,,,,,,,,,,,,,,,,,,,,,,,,,,,,,,,,,,,,,,,,,,,,,,,,,,,,,,,,,,,,,,,,,,,,,,,,,,,,,,,,,,,,,,,,,,,,,,,,,,,,,,,,,,,,,,,,,,,,,,,,,,,,,,,,,,,,,,,,,,,,,,,,,,,,,,,,,,,,,,,,,,,,,,,,,,,,,,,,,,,,,,,,,,,,,,,,,,,,,,,,,,,,,,,,,,,,,,,,,,,,,,,,,,,,,,,,,,,,,,,,,,,,,,,,,,,,,,,,,,,,,,,,,,,,,,,,,,,,,,,,,,,,,,,,,,,,,,,,,,,,,,,,,,,,,,,,,,,,,,,,,,,,,,,,,,,,,,,,,,,,,,,,,,,,,,,,,,,,,,,,,,,,,,,,,,,,,,,,,,,,,,,,,,,,,,,,,,,,,,,,,,,,,,,,,,,,,,,,,,,,,,,,,,,,,,,,,,,,,,,,,,,,,,,,,,,,,,,,,,,,,,,,,,,,,,,,,,,,,,,,,,,,,,,,,,,,,,,,,,,,,,,,,,,,,,,,,,,,,,,,,,,,,,,,,,,,,,,,,,,,,,,,,,,,,,,,,,,,,,,,,,,,,,,,,,,,,,,,,,,,,,,,,,,,,,,,,,,,,,,,,,,,,,,,,,,,,,,,,,,,,,,,,,,,,,,,,,,,,,,,,,,,,,,,,,,,,,,,,,,,,,,,,,,,,,,,,,,,,,,,,,,,,,,,,,,,,,,,,,,,,,,,,,,,,,,,,,,,,,,,,,,,,,,,,,,,,,,,,,,,,,,,,,,,,,,,,,,,,,,,,,,,,,,,,,,,,,,,,,,,,,,,,,,,,,,,,,,,,,,,,,,,,,,,,,,,,,,,,,,,,,,,,,,,,,,,,,,,,,,,,,,,,,,,,,,,,,,,,,,,,,,,,,,,
3474,3263,2529,2383,2433,2445,2376,2305,2407,2305,2376,2445,2433,2383,2529,3263,3703,3487,2428,2364,2344,2367,2262,2387,2417,2253,2389,2380,2238,2224,2436,3473,4071,3851,2672,2462,2340,2246,2154,2277,2331,2302,2130,2281,2282,2461,2690,3847,4205,3983,2860,2492,2391,2326,2344,2423,2344,2311,2298,2276,2244,2577,2807,3983,4020,3801,2678,2344,2247,2184,2268,2333,2260,2339,2326,2163,2228,2507,2664,3801,3652,3425,2526,2376,2234,2025,2106,2139,2348,2345,2119,2181,2279,2264,2403,3442,3418,3203,2269,2399,2102,2120,2210,2163,2344,2391,2321,2240,2141,2152,2254,3196,3214,3002,2352,2282,2187,2129,2214,2300,2191,2310,2199,2278,2312,2296,2349,3003,3124,2908,2361,2113,2229,2291,2294,2175,2094,2222,2198,2329,2292,2241,2198,2901,3046,2895,2438,2396,2219,2375,2333,2328,2295,2165,2247,2399,2488,2361,2407,2877,3079,2867,2467,2508,2304,2241,2478,2656,2682,2219,2248,2412,2505,2389,2486,2937,3672,3525,3261,3061,2906,2665,3154,3513,3612,3375,2555,2857,2921,2562,3333,3653,4474,4281,3801,3826,3767,3558,3961,4270,4278,3929,3464,3684,3711,3507,3987,4384,4660,4433,3868,4101,4044,3843,4246,4494,4430,4026,3977,4019,3930,3849,4165,4561,4509,4219,3809,4032,3948,3770,4181,4324,4130,3951,4026,4013,3790,3666,4011,4397,4468,4252,3662,3686,3569,3502,3798,3666,3720,3737,3739,3702,3399,3635,3891,4322,4535,4309,3396,3261,3135,3248,3397,3346,3552,3380,3199,3248,3121,3321,3643,4345,4446,4216,2988,3097,3069,3030,3038,3161,3470,3368,2750,2900,2957,3056,3336,4237,4296,4075,3327,3368,3242,3215,3246,3559,3557,3446,3250,2991,3172,3305,3151,4090,4008,3819,3259,3331,3039,3281,3281,3604,3704,3525,3273,3061,3225,3280,3148,3858,3797,3638,3050,3075,3166,3151,3075,3664,3755,3446,3029,3078,3065,2914,2832,3662,4483,4275,3336,3393,3343,3296,3219,3778,3949,3732,3295,3377,3347,3174,3200,4237,4650,4441,3448,3445,3286,3374,3253,3686,3969,3815,3361,3300,3323,3325,3306,4409,4470,4258,3249,3245,3076,3195,3073,3494,3788,3618,3121,2946,3051,3196,3051,4236,3975,3758,2889,2844,2870,2841,2819,3253,3376,3228,2972,2712,2874,3065,3078,3755,3774,3542,2534,2874,2740,3035,2834,3176,3303,3166,2895,2632,2686,2799,3080,3607,3815,3596,2477,2656,2656,2896,2802,3028,3230,3083,2633,2747,2656,2699,2806,3610,3691,3470,2671,2486,2646,2804,2757,2985,3110,2957,2613,2603,2607,2792,2837,3448,3356,3166,2735,2630,2616,2622,2655,2731,2841,2656,2458,2434,2456,2702,2703,3122,3497,3295,2471,2526,2566,2525,2730,2819,2774,2774,2533,2401,2337,2424,2574,3285,3615,3398,2496,2548,2504,2638,2930,3078,2999,2858,2490,2465,2489,2355,2728,3406,3489,3255,2410,2494,2457,2534,2834,3023,2923,2711,2552,2508,2514,2390,2734,3288,3140,2906,2445,2454,2391,2455,2414,2550,2577,2461,2370,2362,2397,2429,2425,2917,3183,2899,2519,2407,2441,2498,2360,2768,2676,2489,2266,2274,2401,2366,2526,2985,3228,2948,2464,2335,2322,2423,2425,2858,2829,2646,2476,2289,2432,2356,2500,3028,3140,2893,2302,2291,2389,2161,2264,2582,2673,2509,2419,2137,2335,2444,2362,2919,3035,2869,2289,2247,2384,2267,2355,2524,2608,2495,2304,2316,2366,2382,2449,2808,3007,2761,2313,2145,2183,2192,2321,2548,2736,2614,2373,2354,2442,2349,2390,2782,3075,2875,2369,2403,2429,2240,2255,2523,2742,2614,2495,2331,2398,2421,2437,2789,3004,2802,2451,2471,2496,2345,2335,2546,2664,2308,2448,2225,2334,2521,2400,2790,2922,2727,2326,2428,2330,2317,2484,2569,2588,2391,2369,2335,2328,2386,2380,2715,2585,2544,2344,2374,2375,2412,2414,2397,2550,2345,2277,2394,2263,2280,2480,2457,2957,2745,2406,2324,2410,2450,2444,2499,2570,2480,2390,2423,2441,2380,2508,2814,2838,2560,2477,2317,2268,2446,2547,2656,2696,2526,2469,2351,2399,2447,2486,2714,2840,2571,2296,2278,2252,2331,2478,2536,2532,2339,2346,2283,2425,2523,2511,2663,2835,2666,2330,2226,2257,2361,2374,2460,2534,2477,2385,2374,2394,2379,2480,2594,2832,2621,2284,2161,2288,2346,2370,2495,2504,2430,2267,2479,2433,2441,2557,2731,2845,2654,2354,2399,2416,2389,2254,2547,2457,2546,2294,2440,2440,2417,2457,2644,2834,2676,2375,2366,2330,2465,2450,2614,2527,2550,2412,2278,2328,2328,2401,2628,2839,2681,2434,2273,2403,2302,2305,2610,2714,2617,2388,2284,2204,2101,2378,2605,2836,2729,2419,2272,2448,2362,2357,2568,2721,2537,2399,2387,2173,2032,2122,2603,2789,2594,2439,2324,2414,2281,2394,2356,2568,2476,2482,2375,2146,2098,2282,2575,3102,2953,2471,2400,2379,2355,2279,2489,2564,2451,2433,2400,2446,2331,2340,2857,3531,3329,2459,2275,2475,2274,2421,2497,2448,2422,2367,2484,2606,2527,2521,3297,3544,3339,2268,2230,2529,2342,2491,2538,2503,2421,2400,2414,2523,2501,2437,3312,3237,3032,2131,2231,2379,2434,2402,2445,2443,2372,2383,2452,2406,2372,2354,2999,2753,2632,2266,2309,2364,2409,2292,2251,2246,2292,2078,2414,2400,2384,2203,2560,2685,2508,2316,2340,2358,2417,2380,2226,2309,2251,2182,2311,2359,2428,2375,2637,2676,2486,2361,2373,2172,2315,2349,2190,2385,2220,2266,2331,2348,2296,2266,2569,2668,2503,2227,2195,2166,2348,2342,2363,2440,2469,2300,2241,2371,2297,2259,2549,2836,2647,2378,2275,2305,2546,2407,2467,2575,2594,2503,2602,2349,2499,2463,2728,3083,2880,2452,2366,2172,2596,2479,2427,2632,2625,2389,2659,2371,2348,2543,2901,3935,3714,2641,2348,2203,2452,2442,2406,2399,2419,2438,2428,2333,2375,2549,3712,4426,4195,3039,2623,2471,2582,2622,2856,3039,2883,2491,2432,2485,2695,3117,4205,4551,4321,2984,2901,2584,2804,2837,3262,3451,3274,2846,2849,2744,2959,3327,4337,4197,3941,3126,2897,2716,2922,2830,3297,3462,3159,2916,2905,2770,2988,3219,4017,4176,3953,2950,2775,2800,2784,2720,3118,3295,3082,2639,2671,2461,2789,2951,3961,3662,3450,2587,2623,2669,2560,2565,2900,3036,2843,2515,2509,2367,2376,2537,3436,3473,3260,2402,2373,2585,2391,2283,2723,2819,2563,2428,2517,2484,2244,2277,3237,3425,3219,2303,2349,2355,2362,2223,2626,2772,2555,2542,2380,2360,2375,2370,3181,3402,3170,2462,2261,2360,2460,2386,2507,2703,2612,2487,2408,2425,2422,2340,3172,3244,3054,2412,2240,2357,2462,2365,2413,2650,2501,2367,2315,2386,2312,2397,2986,3226,3030,2429,2333,2307,2418,2234,2313,2676,2610,2243,2262,2322,2245,2318,2990,3067,2859,2320,2336,2370,2336,2347,2189,2378,2418,2303,2365,2273,2256,2336,2857,2922,2691,2329,2363,2323,2353,2315,2346,2315,2233,2259,2232,2252,2293,2318,2719,2792,2589,2240,2294,2410,2344,2381,2623,2554,2322,2375,2336,2345,2276,2434,2609,3066,2840,2381,2418,2472,2383,2445,2631,2622,2418,2351,2366,2220,2237,2549,2850,3466,3246,2551,2354,2351,2326,2455,2470,2449,2537,2437,2406,2432,2403,2489,3238,3677,3448,2498,2406,2356,2270,2372,2406,2503,2482,2471,2442,2522,2451,2530,3457,3631,3397,2422,2272,2333,2376,2342,2430,2414,2455,2449,2413,2510,2374,2442,3415,3524,3286,2329,2373,2224,2220,2324,2403,2400,2353,2211,2279,2275,2344,2420,3304,3417,3168,2454,2435,2367,2381,2343,2512,2487,2358,2263,2350,2292,2198,2226,3197,3296,3108,2403,2390,2324,2463,2470,2552,2568,2410,2425,2445,2279,2255,2373,3062,3011,2833,2403,2277,2352,2304,2472,2647,2692,2597,2465,2335,2402,2490,2551,2826,3039,2904,2398,2433,2422,2382,2454,2701,2770,2551,2204,2386,2439,2448,2464,2822,2917,2888,2427,2374,2420,2353,2328,2664,2695,2537,2443,2492,2327,2347,2270,2705,3088,2915,2397,2362,2344,2386,2282,2616,2563,2435,2534,2355,2167,2407,2502,2895,3126,2933,2421,2376,2335,2291,2309,2463,2528,2544,2543,2322,2267,2265,2386,2943,3152,3160,2740,2518,2338,2390,2465,2700,2807,2854,2847,2503,2256,2413,2698,3004,2980,3107,2855,2701,2602,2587,2656,2791,2860,2864,2861,2599,2458,2630,2763,2802,2950,2872,2680,2578,2501,2534,2568,2672,2562,2659,2636,2388,2492,2580,2516,2844,2986,2835,2422,2429,2411,2519,2372,2489,2443,2388,2278,2217,2393,2388,2298,2717,3026,2800,2434,2459,2415,2436,2408,2727,2808,2451,2398,2425,2371,2503,2431,2852,3032,2812,2352,2355,2407,2419,2367,2726,2862,2638,2461,2436,2407,2468,2498,2883,3101,2887,2320,2268,2396,2464,2433,2584,2597,2504,2400,2424,2435,2327,2427,2923,2991,2791,2351,2371,2268,2395,2376,2542,2432,2420,2411,2348,2359,2360,2367,2778,3019,2810,2439,2359,2230,2380,2340,2587,2712,2520,2349,2352,2278,2444,2529,2842,3119,2944,2399,2426,2435,2439,2439,2580,2819,2719,2386,2347,2264,2369,2584,2850,3218,3024,2342,2268,2373,2112,2335,2408,2786,2711,2443,2374,2365,2536,2485,2976,3224,2985,2310,2243,2285,2290,2245,2334,2569,2418,2411,2386,2296,2447,2502,2990,3051,2827,2269,2295,2263,2383,2312,2374,2632,2440,2324,2259,2287,2365,2473,2824,2897,2629,2240,2269,2353,2368,2316,2437,2539,2438,2338,2256,2341,2353,2344,2759,2734,2550,2285,2293,2286,2301,2382,2182,2244,2304,2212,2242,2341,2303,2249,2498,2923,2732,2279,2264,2434,2379,2335,2325,2416,2451,2379,2339,2318,2270,2290,2714,3206,2986,2360,2423,2405,2316,2265,2298,2355,2326,2320,2232,2236,2309,2298,2976,3095,2870,2385,2384,2313,2374,2263,2252,2306,2350,2449,2263,2350,2386,2269,2894,3023,2751,2364,2388,2265,2391,2235,2384,2178,2328,2472,2353,2455,2379,2229,2850,3526,3309,2572,2456,2476,2395,2408,2567,2552,2433,2365,2397,2420,2355,2461,3304,3680,3459,2558,2399,2416,2542,2376,2801,2891,2692,2598,2534,2407,2366,2545,3457,3565,3359,2426,2346,2465,2472,2398,2790,2864,2662,2677,2592,2475,2465,2475,3337,3705,3486,2409,2278,2310,2370,2333,2504,2626,2623,2515,2426,2483,2402,2508,3480,4015,3798,2698,2516,2300,2291,2336,2577,2606,2494,2384,2269,2409,2376,2480,3780,4041,3827,2821,2449,2348,2262,2340,2514,2630,2454,2381,2384,2276,2521,2490,3802,3859,3647,2670,2358,2366,2246,2269,2439,2420,2419,2348,2451,2380,2309,2525,3631,3499,3277,2302,2233,2363,2096,2240,2445,2438,2451,2305,2394,2399,2322,2394,3282,3181,2995,2322,2291,2394,2283,2274,2247,2366,2341,2256,2284,2306,2266,2301,2947,2975,2837,2343,2362,2257,2324,2214,2278,2222,2267,2354,2293,2395,2288,2227,2722,2811,2654,2242,2327,2240,2232,2280,2303,2329,2277,2232,2330,2334,2295,2192,2545,2856,2663,2270,2137,2090,2195,2221,2139,2418,2429,2317,2162,2284,2341,2287,2609,2806,2623,2226,2283,2210,2123,2291,2159,2369,2285,2242,2317,2286,2258,2282,2496,2839,2595,2253,2348,2239,2027,2211,2365,2386,2195,2219,2399,2326,2110,2064,2652,3068,2840,2144,2209,2180,2161,2164,2239,2333,2158,2142,2275,2268,2259,2089,2861,3308,3096,2304,2237,2298,2117,2240,2312,2218,2150,2149,2177,2103,2130,2165,3080,3265,3045,2210,2161,2258,2149,2182,2197,2179,2128,2164,2119,2058,2124,2042,3043,3020,2798,2026,2103,1986,2111,2203,2242,2107,2122,2140,2003,2007,2036,2167,2817,2479,2349,2064,1972,2046,2133,2217,2291,2177,2110,2082,2046,1962,2028,2054,2319,2543,2324,1933,1964,1929,2064,2061,2308,2414,2189,2145,2105,2116,2042,2080,2311,2513,2322,2073,2067,1858,2016,2092,2365,2529,2339,1927,1945,1934,2033,2027,2302
,,,,,,,,,,,,,,,,,,,,,,,,,,,,,,,,,,,,,,,,,,,,,,,,,,,,,,,,,,,,,,,,,,,,,,,,,,,,,,,,,,,,,,,,,,,,,,,,,,,,,,,,,,,,,,,,,,,,,,,,,,,,,,,,,,,,,,,,,,,,,,,,,,,,,,,,,,,,,,,,,,,,,,,,,,,,,,,,,,,,,,,,,,,,,,,,,,,,,,,,,,,,,,,,,,,,,,,,,,,,,,,,,,,,,,,,,,,,,,,,,,,,,,,,,,,,,,,,,,,,,,,,,,,,,,,,,,,,,,,,,,,,,,,,,,,,,,,,,,,,,,,,,,,,,,,,,,,,,,,,,,,,,,,,,,,,,,,,,,,,,,,,,,,,,,,,,,,,,,,,,,,,,,,,,,,,,,,,,,,,,,,,,,,,,,,,,,,,,,,,,,,,,,,,,,,,,,,,,,,,,,,,,,,,,,,,,,,,,,,,,,,,,,,,,,,,,,,,,,,,,,,,,,,,,,,,,,,,,,,,,,,,,,,,,,,,,,,,,,,,,,,,,,,,,,,,,,,,,,,,,,,,,,,,,,,,,,,,,,,,,,,,,,,,,,,,,,,,,,,,,,,,,,,,,,,,,,,,,,,,,,,,,,,,,,,,,,,,,,,,,,,,,,,,,,,,,,,,,,,,,,,,,,,,,,,,,,,,,,,,,,,,,,,,,,,,,,,,,,,,,,,,,,,,,,,,,,,,,,,,,,,,,,,,,,,,,,,,,,,,,,,,,,,,,,,,,,,,,,,,,,,,,,,,,,,,,,,,,,,,,,,,,,,,,,,,,,,,,,,,,,,,,,,,,,,,,,,,,,,,,,,,,,,,,,,,,,,,,,,,,,,,,,,,,,,,,,,,,,,,,,,,,,,,,,,,,,,,,,,,,,,,,,,,,,,,,,,,,,,,,,,,,,,,,,,,,,,,,,,,,,,,,,,,,,,,,,,,,,,,,,,,,,,,,,,,,,,,,,,,,,,,,,,,,,,,,,,,,,,,,,,,,,,,,,,,,,,,,,,,,,,,,,,,,,,,,,,,,,,,,,,,,,,,,,,,,,,,,,,,,,,,,,,,,,,,,,,,,,,,,,,,,,,,,,,,,,,,,,,,,,,,,,,,,,,,,,,,,,,,,,,,,,,,,,,,,,,,,,,,,,,,,,,,,,,,,,,,,,,,,,,,,,,,,,,,,,,,,,,,,,,,,,,,,,,,,,,,,,,,,,,,,,,,,,,,,,,,,,,,,,,,,,,,,,,,,,,,,,,,,,,,,,,,,,,,,,,,,,,,,,,,,,,,,,,,,,,,,,,,,,,,,,,,,,,,,,,,,,,,,,,,,,,,,,,,,,,,,,,,,,,,,,,,,,,,,,,,,,,,,,,,,,,,,,,,,,,,,,,,,,,,,,,,,,,,,,,,,,,,,,,,,,,,,,,,,,,,,,,,,,,,,,,,,,,,,,,,,,,,,,,,,,,,,,,,,,,,,,,,,,,,,,,,,,,,,,,,,,,,,,,,,,,,,,,,,,,,,,,,,,,,,,,,,,,,,,,,,,,,,,,,,,,,,,,,,,,,,,,,,,,,,,,,,,,,,,,,,,,,,,,,,,,,,,,,,,,,,,,,,,,,,,,,,,,,,,,,,,,,,,,,,,,,,,,,,,,,,,,,,,,,,,,,,,,,,,,,,,,,,,,,,,,,,,,,,,,,,,,,,,,,,,,,,,,,,,,,,,,,,,,,,,,,,,,,,,,,,,,,,,,,,,,,,,,,,,,,,,,,,,,,,,,,,,,,,,,,,,,,,,,,,,,,,,,,,,,,,,,,,,,,,,,,,,,,,,,,,,,,,,,,,,,,,,,,,,,,,,,,,,,,,,,,,,,,,,,,,,,,,,,,,,,,,,,,,,,,,,,,,,,,,,,,,,,,,,,,,,,,,,,,,,,,,,,,,,,,,,,,,,,,,,,,,,,,,,,,,,,,,,,,,,,,,,,,,,,,,,,,,,,,,,,,,,,,,,,,,,,,,,,,,,,,,,,,,,,,,,,,,,,,,,,,,,,,,,,,,,,,,,,,,,,,,,,,,,,,,,,,,,,,,,,,,,,,,,,,,,,,,,,,,,,,,,,,,,,,,,,,,,,,,,,,,,,,,,,,,,,,,,,,,,,,,,,,,,,,,,,,,,,,,,,,,,,,,,,,,,,,,,,,,,,,,,,,,,,,,,,,,,,,,,,
,,,,,,,,,,,,,,,,,,,,,,,,,,,,,,,,,,,,,,,,,,,,,,,,,,,,,,,,,,,,,,,,,,,,,,,,,,,,,,,,,,,,,,,,,,,,,,,,,,,,,,,,,,,,,,,,,,,,,,,,,,,,,,,,,,,,,,,,,,,,,,,,,,,,,,,,,,,,,,,,,,,,,,,,,,,,,,,,,,,,,,,,,,,,,,,,,,,,,,,,,,,,,,,,,,,,,,,,,,,,,,,,,,,,,,,,,,,,,,,,,,,,,,,,,,,,,,,,,,,,,,,,,,,,,,,,,,,,,,,,,,,,,,,,,,,,,,,,,,,,,,,,,,,,,,,,,,,,,,,,,,,,,,,,,,,,,,,,,,,,,,,,,,,,,,,,,,,,,,,,,,,,,,,,,,,,,,,,,,,,,,,,,,,,,,,,,,,,,,,,,,,,,,,,,,,,,,,,,,,,,,,,,,,,,,,,,,,,,,,,,,,,,,,,,,,,,,,,,,,,,,,,,,,,,,,,,,,,,,,,,,,,,,,,,,,,,,,,,,,,,,,,,,,,,,,,,,,,,,,,,,,,,,,,,,,,,,,,,,,,,,,,,,,,,,,,,,,,,,,,,,,,,,,,,,,,,,,,,,,,,,,,,,,,,,,,,,,,,,,,,,,,,,,,,,,,,,,,,,,,,,,,,,,,,,,,,,,,,,,,,,,,,,,,,,,,,,,,,,,,,,,,,,,,,,,,,,,,,,,,,,,,,,,,,,,,,,,,,,,,,,,,,,,,,,,,,,,,,,,,,,,,,,,,,,,,,,,,,,,,,,,,,,,,,,,,,,,,,,,,,,,,,,,,,,,,,,,,,,,,,,,,,,,,,,,,,,,,,,,,,,,,,,,,,,,,,,,,,,,,,,,,,,,,,,,,,,,,,,,,,,,,,,,,,,,,,,,,,,,,,,,,,,,,,,,,,,,,,,,,,,,,,,,,,,,,,,,,,,,,,,,,,,,,,,,,,,,,,,,,,,,,,,,,,,,,,,,,,,,,,,,,,,,,,,,,,,,,,,,,,,,,,,,,,,,,,,,,,,,,,,,,,,,,,,,,,,,,,,,,,,,,,,,,,,,,,,,,,,,,,,,,,,,,,,,,,,,,,,,,,,,,,,,,,,,,,,,,,,,,,,,,,,,,,,,,,,,,,,,,,,,,,,,,,,,,,,,,,,,,,,,,,,,,,,,,,,,,,,,,,,,,,,,,,,,,,,,,,,,,,,,,,,,,,,,,,,,,,,,,,,,,,,,,,,,,,,,,,,,,,,,,,,,,,,,,,,,,,,,,,,,,,,,,,,,,,,,,,,,,,,,,,,,,,,,,,,,,,,,,,,,,,,,,,,,,,,,,,,,,,,,,,,,,,,,,,,,,,,,,,,,,,,,,,,,,,,,,,,,,,,,,,,,,,,,,,,,,,,,,,,,,,,,,,,,,,,,,,,,,,,,,,,,,,,,,,,,,,,,,,,,,,,,,,,,,,,,,,,,,,,,,,,,,,,,,,,,,,,,,,,,,,,,,,,,,,,,,,,,,,,,,,,,,,,,,,,,,,,,,,,,,,,,,,,,,,,,,,,,,,,,,,,,,,,,,,,,,,,,,,,,,,,,,,,,,,,,,,,,,,,,,,,,,,,,,,,,,,,,,,,,,,,,,,,,,,,,,,,,,,,,,,,,,,,,,,,,,,,,,,,,,,,,,,,,,,,,,,,,,,,,,,,,,,,,,,,,,,,,,,,,,,,,,,,,,,,,,,,,,,,,,,,,,,,,,,,,,,,,,,,,,,,,,,,,,,,,,,,,,,,,,,,,,,,,,,,,,,,,,,,,,,,,,,,,,,,,,,,,,,,,,,,,,,,,,,,,,,,,,,,,,,,,,,,,,,,,,,,,,,,,,,,,,,,,,,,,,,,,,,,,,,,,,,,,,,,,,,,,,,,,,,,,,,,,,,,,,,,,,,,,,,,,,,,,,,,,,,,,,,,,,,,,,,,,,,,,,,,,,,,,,,,,,,,,,,,,,,,,,,,,,,,,,,,,,,,,,,,,,,,,,,,,,,,,,,,,,,,,,,,,,,,,,,,,,,,,,,,,,,,,,,,,,,,,,,,,,,,,,,,,,,,,,,,,,,,,,,,,,,,,,,,,,,,,,,,,,,,,,,,,,,,,,,,,,,,,,,,,,,,,,,,,,,,,,,,,,,,,,,,,,,,,,,,,,,,,,,,,,,,,,,,,
,,,,,,,,,,,,,,,,,,,,,,,,,,,,,,,,,,,,,,,,,,,,,,,,,,,,,,,,,,,,,,,,,,,,,,,,,,,,,,,,,,,,,,,,,,,,,,,,,,,,,,,,,,,,,,,,,,,,,,,,,,,,,,,,,,,,,,,,,,,,,,,,,,,,,,,,,,,,,,,,,,,,,,,,,,,,,,,,,,,,,,,,,,,,,,,,,,,,,,,,,,,,,,,,,,,,,,,,,,,,,,,,,,,,,,,,,,,,,,,,,,,,,,,,,,,,,,,,,,,,,,,,,,,,,,,,,,,,,,,,,,,,,,,,,,,,,,,,,,,,,,,,,,,,,,,,,,,,,,,,,,,,,,,,,,,,,,,,,,,,,,,,,,,,,,,,,,,,,,,,,,,,,,,,,,,,,,,,,,,,,,,,,,,,,,,,,,,,,,,,,,,,,,,,,,,,,,,,,,,,,,,,,,,,,,,,,,,,,,,,,,,,,,,,,,,,,,,,,,,,,,,,,,,,,,,,,,,,,,,,,,,,,,,,,,,,,,,,,,,,,,,,,,,,,,,,,,,,,,,,,,,,,,,,,,,,,,,,,,,,,,,,,,,,,,,,,,,,,,,,,,,,,,,,,,,,,,,,,,,,,,,,,,,,,,,,,,,,,,,,,,,,,,,,,,,,,,,,,,,,,,,,,,,,,,,,,,,,,,,,,,,,,,,,,,,,,,,,,,,,,,,,,,,,,,,,,,,,,,,,,,,,,,,,,,,,,,,,,,,,,,,,,,,,,,,,,,,,,,,,,,,,,,,,,,,,,,,,,,,,,,,,,,,,,,,,,,,,,,,,,,,,,,,,,,,,,,,,,,,,,,,,,,,,,,,,,,,,,,,,,,,,,,,,,,,,,,,,,,,,,,,,,,,,,,,,,,,,,,,,,,,,,,,,,,,,,,,,,,,,,,,,,,,,,,,,,,,,,,,,,,,,,,,,,,,,,,,,,,,,,,,,,,,,,,,,,,,,,,,,,,,,,,,,,,,,,,,,,,,,,,,,,,,,,,,,,,,,,,,,,,,,,,,,,,,,,,,,,,,,,,,,,,,,,,,,,,,,,,,,,,,,,,,,,,,,,,,,,,,,,,,,,,,,,,,,,,,,,,,,,,,,,,,,,,,,,,,,,,,,,,,,,,,,,,,,,,,,,,,,,,,,,,,,,,,,,,,,,,,,,,,,,,,,,,,,,,,,,,,,,,,,,,,,,,,,,,,,,,,,,,,,,,,,,,,,,,,,,,,,,,,,,,,,,,,,,,,,,,,,,,,,,,,,,,,,,,,,,,,,,,,,,,,,,,,,,,,,,,,,,,,,,,,,,,,,,,,,,,,,,,,,,,,,,,,,,,,,,,,,,,,,,,,,,,,,,,,,,,,,,,,,,,,,,,,,,,,,,,,,,,,,,,,,,,,,,,,,,,,,,,,,,,,,,,,,,,,,,,,,,,,,,,,,,,,,,,,,,,,,,,,,,,,,,,,,,,,,,,,,,,,,,,,,,,,,,,,,,,,,,,,,,,,,,,,,,,,,,,,,,,,,,,,,,,,,,,,,,,,,,,,,,,,,,,,,,,,,,,,,,,,,,,,,,,,,,,,,,,,,,,,,,,,,,,,,,,,,,,,,,,,,,,,,,,,,,,,,,,,,,,,,,,,,,,,,,,,,,,,,,,,,,,,,,,,,,,,,,,,,,,,,,,,,,,,,,,,,,,,,,,,,,,,,,,,,,,,,,,,,,,,,,,,,,,,,,,,,,,,,,,,,,,,,,,,,,,,,,,,,,,,,,,,,,,,,,,,,,,,,,,,,,,,,,,,,,,,,,,,,,,,,,,,,,,,,,,,,,,,,,,,,,,,,,,,,,,,,,,,,,,,,,,,,,,,,,,,,,,,,,,,,,,,,,,,,,,,,,,,,,,,,,,,,,,,,,,,,,,,,,,,,,,,,,,,,,,,,,,,,,,,,,,,,,,,,,,,,,,,,,,,,,,,,,,,,,,,,,,,,,,,,,,,,,,,,,,,,,,,,,,,,,,,,,,,,,,,,,,,,,,,,,,,,,,,,,,,,,,,,,,,,,,,,,,,,,,,,,,,,,,,,,,,,,,,,,,,,,,,,,,,,,,,,,,,,,,,,,,,,,,,,,,,,,,,,,,,,,,,,,,,,,,,,,,,,,,,,,,,,,,,,,,,,,,,,,,,,,,,,,,,,,,,,,,,,,,,,,,,,,,,,,,,
,,,,,,,,,,,,,,,,,,,,,,,,,,,,,,,,,,,,,,,,,,,,,,,,,,,,,,,,,,,,,,,,,,,,,,,,,,,,,,,,,,,,,,,,,,,,,,,,,,,,,,,,,,,,,,,,,,,,,,,,,,,,,,,,,,,,,,,,,,,,,,,,,,,,,,,,,,,,,,,,,,,,,,,,,,,,,,,,,,,,,,,,,,,,,,,,,,,,,,,,,,,,,,,,,,,,,,,,,,,,,,,,,,,,,,,,,,,,,,,,,,,,,,,,,,,,,,,,,,,,,,,,,,,,,,,,,,,,,,,,,,,,,,,,,,,,,,,,,,,,,,,,,,,,,,,,,,,,,,,,,,,,,,,,,,,,,,,,,,,,,,,,,,,,,,,,,,,,,,,,,,,,,,,,,,,,,,,,,,,,,,,,,,,,,,,,,,,,,,,,,,,,,,,,,,,,,,,,,,,,,,,,,,,,,,,,,,,,,,,,,,,,,,,,,,,,,,,,,,,,,,,,,,,,,,,,,,,,,,,,,,,,,,,,,,,,,,,,,,,,,,,,,,,,,,,,,,,,,,,,,,,,,,,,,,,,,,,,,,,,,,,,,,,,,,,,,,,,,,,,,,,,,,,,,,,,,,,,,,,,,,,,,,,,,,,,,,,,,,,,,,,,,,,,,,,,,,,,,,,,,,,,,,,,,,,,,,,,,,,,,,,,,,,,,,,,,,,,,,,,,,,,,,,,,,,,,,,,,,,,,,,,,,,,,,,,,,,,,,,,,,,,,,,,,,,,,,,,,,,,,,,,,,,,,,,,,,,,,,,,,,,,,,,,,,,,,,,,,,,,,,,,,,,,,,,,,,,,,,,,,,,,,,,,,,,,,,,,,,,,,,,,,,,,,,,,,,,,,,,,,,,,,,,,,,,,,,,,,,,,,,,,,,,,,,,,,,,,,,,,,,,,,,,,,,,,,,,,,,,,,,,,,,,,,,,,,,,,,,,,,,,,,,,,,,,,,,,,,,,,,,,,,,,,,,,,,,,,,,,,,,,,,,,,,,,,,,,,,,,,,,,,,,,,,,,,,,,,,,,,,,,,,,,,,,,,,,,,,,,,,,,,,,,,,,,,,,,,,,,,,,,,,,,,,,,,,,,,,,,,,,,,,,,,,,,,,,,,,,,,,,,,,,,,,,,,,,,,,,,,,,,,,,,,,,,,,,,,,,,,,,,,,,,,,,,,,,,,,,,,,,,,,,,,,,,,,,,,,,,,,,,,,,,,,,,,,,,,,,,,,,,,,,,,,,,,,,,,,,,,,,,,,,,,,,,,,,,,,,,,,,,,,,,,,,,,,,,,,,,,,,,,,,,,,,,,,,,,,,,,,,,,,,,,,,,,,,,,,,,,,,,,,,,,,,,,,,,,,,,,,,,,,,,,,,,,,,,,,,,,,,,,,,,,,,,,,,,,,,,,,,,,,,,,,,,,,,,,,,,,,,,,,,,,,,,,,,,,,,,,,,,,,,,,,,,,,,,,,,,,,,,,,,,,,,,,,,,,,,,,,,,,,,,,,,,,,,,,,,,,,,,,,,,,,,,,,,,,,,,,,,,,,,,,,,,,,,,,,,,,,,,,,,,,,,,,,,,,,,,,,,,,,,,,,,,,,,,,,,,,,,,,,,,,,,,,,,,,,,,,,,,,,,,,,,,,,,,,,,,,,,,,,,,,,,,,,,,,,,,,,,,,,,,,,,,,,,,,,,,,,,,,,,,,,,,,,,,,,,,,,,,,,,,,,,,,,,,,,,,,,,,,,,,,,,,,,,,,,,,,,,,,,,,,,,,,,,,,,,,,,,,,,,,,,,,,,,,,,,,,,,,,,,,,,,,,,,,,,,,,,,,,,,,,,,,,,,,,,,,,,,,,,,,,,,,,,,,,,,,,,,,,,,,,,,,,,,,,,,,,,,,,,,,,,,,,,,,,,,,,,,,,,,,,,,,,,,,,,,,,,,,,,,,,,,,,,,,,,,,,,,,,,,,,,,,,,,,,,,,,,,,,,,,,,,,,,,,,,,,,,,,,,,,,,,,,,,,,,,,,,,,,,,,,,,,,,,,,,,,,,,,,,,,,,,,,,,,,,,,,,,,,,,,,,,,,,,,,,,,,,,,,,,,,,,,,,,,,,,,,,,,,,,,,,,,,,,,,,,,,,,,,,,,,,,,,,,,,,,,,,,,,,,,,,,,,,,,,,,,,,,,,,,,,,,,,,,,,,,,,,,,,,,,
,,,,,,,,,,,,,,,,,,,,,,,,,,,,,,,,,,,,,,,,,,,,,,,,,,,,,,,,,,,,,,,,,,,,,,,,,,,,,,,,,,,,,,,,,,,,,,,,,,,,,,,,,,,,,,,,,,,,,,,,,,,,,,,,,,,,,,,,,,,,,,,,,,,,,,,,,,,,,,,,,,,,,,,,,,,,,,,,,,,,,,,,,,,,,,,,,,,,,,,,,,,,,,,,,,,,,,,,,,,,,,,,,,,,,,,,,,,,,,,,,,,,,,,,,,,,,,,,,,,,,,,,,,,,,,,,,,,,,,,,,,,,,,,,,,,,,,,,,,,,,,,,,,,,,,,,,,,,,,,,,,,,,,,,,,,,,,,,,,,,,,,,,,,,,,,,,,,,,,,,,,,,,,,,,,,,,,,,,,,,,,,,,,,,,,,,,,,,,,,,,,,,,,,,,,,,,,,,,,,,,,,,,,,,,,,,,,,,,,,,,,,,,,,,,,,,,,,,,,,,,,,,,,,,,,,,,,,,,,,,,,,,,,,,,,,,,,,,,,,,,,,,,,,,,,,,,,,,,,,,,,,,,,,,,,,,,,,,,,,,,,,,,,,,,,,,,,,,,,,,,,,,,,,,,,,,,,,,,,,,,,,,,,,,,,,,,,,,,,,,,,,,,,,,,,,,,,,,,,,,,,,,,,,,,,,,,,,,,,,,,,,,,,,,,,,,,,,,,,,,,,,,,,,,,,,,,,,,,,,,,,,,,,,,,,,,,,,,,,,,,,,,,,,,,,,,,,,,,,,,,,,,,,,,,,,,,,,,,,,,,,,,,,,,,,,,,,,,,,,,,,,,,,,,,,,,,,,,,,,,,,,,,,,,,,,,,,,,,,,,,,,,,,,,,,,,,,,,,,,,,,,,,,,,,,,,,,,,,,,,,,,,,,,,,,,,,,,,,,,,,,,,,,,,,,,,,,,,,,,,,,,,,,,,,,,,,,,,,,,,,,,,,,,,,,,,,,,,,,,,,,,,,,,,,,,,,,,,,,,,,,,,,,,,,,,,,,,,,,,,,,,,,,,,,,,,,,,,,,,,,,,,,,,,,,,,,,,,,,,,,,,,,,,,,,,,,,,,,,,,,,,,,,,,,,,,,,,,,,,,,,,,,,,,,,,,,,,,,,,,,,,,,,,,,,,,,,,,,,,,,,,,,,,,,,,,,,,,,,,,,,,,,,,,,,,,,,,,,,,,,,,,,,,,,,,,,,,,,,,,,,,,,,,,,,,,,,,,,,,,,,,,,,,,,,,,,,,,,,,,,,,,,,,,,,,,,,,,,,,,,,,,,,,,,,,,,,,,,,,,,,,,,,,,,,,,,,,,,,,,,,,,,,,,,,,,,,,,,,,,,,,,,,,,,,,,,,,,,,,,,,,,,,,,,,,,,,,,,,,,,,,,,,,,,,,,,,,,,,,,,,,,,,,,,,,,,,,,,,,,,,,,,,,,,,,,,,,,,,,,,,,,,,,,,,,,,,,,,,,,,,,,,,,,,,,,,,,,,,,,,,,,,,,,,,,,,,,,,,,,,,,,,,,,,,,,,,,,,,,,,,,,,,,,,,,,,,,,,,,,,,,,,,,,,,,,,,,,,,,,,,,,,,,,,,,,,,,,,,,,,,,,,,,,,,,,,,,,,,,,,,,,,,,,,,,,,,,,,,,,,,,,,,,,,,,,,,,,,,,,,,,,,,,,,,,,,,,,,,,,,,,,,,,,,,,,,,,,,,,,,,,,,,,,,,,,,,,,,,,,,,,,,,,,,,,,,,,,,,,,,,,,,,,,,,,,,,,,,,,,,,,,,,,,,,,,,,,,,,,,,,,,,,,,,,,,,,,,,,,,,,,,,,,,,,,,,,,,,,,,,,,,,,,,,,,,,,,,,,,,,,,,,,,,,,,,,,,,,,,,,,,,,,,,,,,,,,,,,,,,,,,,,,,,,,,,,,,,,,,,,,,,,,,,,,,,,,,,,,,,,,,,,,,,,,,,,,,,,,,,,,,,,,,,,,,,,,,,,,,,,,,,,,,,,,,,,,,,,,,,,,,,,,,,,,,,,,,,,,,,,,,,,,,,,,,,,,,,,,,,,,,,,,,,,,,,,,,,,,,,,,,,,,,,,,,,,,,,,,,,,,,,,,,,,,,,,,,,,,,,,,,,,,,,,,,,,,,,,,,,,,,,,,,,,,,,,,,,,,,,,,,,,,,,,,,,,,,,,,,,,,,,,,,
3474,3278,2449,2285,2346,2361,2402,2309,2241,2309,2402,2361,2346,2285,2449,3278,3692,3459,2422,2397,2412,2398,2399,2318,2341,2322,2345,2392,2245,2256,2559,3479,4070,3848,2616,2515,2358,2447,2347,2293,2238,2359,2375,2418,2341,2355,2795,3853,4206,3983,2822,2546,2216,2479,2297,2115,2078,2149,2256,2362,2270,2524,2888,3986,4020,3801,2690,2406,2334,2335,2229,2236,2270,2143,2253,2336,2335,2545,2694,3801,3598,3383,2370,2360,2337,2334,2020,2311,2356,2256,2166,2288,2317,2414,2357,3381,3412,3166,2238,2361,2291,2313,2162,2272,2365,2359,2286,2182,2221,2219,2315,3196,3200,2968,2175,2286,2345,2325,2222,2265,2335,2249,2254,2346,2273,2334,2381,3003,3105,2885,2159,2211,2323,2325,2279,2306,2333,2270,2274,2281,2326,2341,2450,2907,3035,2796,2329,2216,2322,2328,2340,2442,2426,2221,2304,2230,2210,2343,2359,2846,3116,2885,2358,2382,2346,2401,2345,2697,2706,2426,2343,2379,2404,2440,2420,2956,3684,3568,3140,3000,3113,3200,2882,3429,3534,3335,2881,2937,2776,3193,2867,3516,4511,4336,3784,3737,3695,3841,3689,4198,4211,3946,3569,3352,3567,3885,3864,4363,4721,4501,3836,3964,3576,4053,4012,4433,4360,3909,3893,3497,3732,4064,4170,4595,4594,4318,3879,3910,3892,3950,4004,4293,4058,4108,3981,3612,3447,3856,4113,4467,4488,4230,3755,3691,3630,3537,3720,3684,3579,3994,3815,3409,3371,3530,3662,4317,4532,4292,3341,3334,3111,3110,3294,3358,3396,3509,3399,3143,3104,3266,3468,4334,4454,4236,3226,3161,2724,2932,3103,3154,3265,3116,3128,2967,2829,3067,3305,4238,4252,4075,3245,3205,3039,3307,3305,3427,3546,3472,3358,3141,3071,3381,3444,4053,4059,3852,3008,2876,2970,3299,3315,3482,3542,3544,3368,3103,3168,3313,3348,3840,3882,3669,3208,3112,3036,3259,3355,3654,3809,3579,3174,3118,3124,2912,3017,3634,4523,4294,3438,3197,3147,3323,3221,3733,3967,3755,3240,3226,3257,3043,3308,4319,4662,4440,3499,3200,3181,3042,3107,3723,3852,3491,3112,3215,3216,3151,3466,4453,4461,4246,3332,2987,2827,2854,2990,3428,3536,3245,2974,3000,2979,2916,3189,4238,3989,3763,2909,2811,2957,2706,2910,3178,3238,2969,3008,2973,2688,2802,2846,3771,3743,3539,2743,2614,2830,2612,2876,3017,3270,3208,3060,2843,2592,2555,2856,3470,3837,3591,2705,2721,2618,2520,2618,2845,3217,3145,2844,2579,2626,2581,2832,3631,3708,3465,2657,2701,2632,2541,2588,2898,3150,3041,2513,2653,2673,2668,2843,3508,3412,3175,2605,2613,2574,2682,2710,2849,2910,2741,2440,2607,2658,2682,2762,3181,3508,3292,2596,2517,2418,2584,2659,2836,3004,2913,2579,2540,2528,2454,2543,3289,3609,3398,2720,2708,2626,2681,2700,2998,3018,2909,2584,2596,2499,2405,2602,3381,3478,3291,2586,2652,2664,2692,2705,2947,2867,2676,2411,2472,2521,2455,2484,3231,3166,2956,2458,2454,2410,2384,2386,2656,2698,2577,2498,2371,2410,2414,2287,2934,3214,2969,2328,2391,2465,2354,2358,2606,2837,2736,2423,2321,2439,2301,2451,3005,3286,3081,2411,2412,2494,2363,2401,2577,2858,2651,2384,2278,2280,2476,2622,3058,3184,2997,2432,2428,2434,2364,2450,2471,2543,2527,2419,2362,2214,2438,2451,2930,3091,2925,2434,2326,2314,2242,2364,2497,2535,2425,2248,2213,2172,2308,2403,2859,2976,2858,2502,2340,2341,2345,2305,2519,2631,2390,2155,2238,2217,2227,2369,2722,3034,2855,2410,2293,2435,2303,2340,2532,2784,2517,2317,2366,2135,2337,2375,2824,2914,2637,2259,2301,2356,2219,2314,2630,2790,2560,2421,2420,2397,2466,2392,2722,2870,2665,2458,2436,2466,2401,2401,2543,2663,2458,2339,2225,2307,2289,2277,2679,2573,2431,2400,2514,2490,2347,2451,2516,2585,2529,2354,2218,2348,2357,2290,2540,2934,2686,2449,2442,2437,2384,2523,2495,2578,2508,2475,2313,2286,2245,2370,2809,2929,2792,2471,2404,2463,2316,2427,2465,2678,2536,2257,2326,2263,2322,2397,2806,2751,2598,2378,2422,2252,2143,2275,2295,2490,2364,2282,2462,2316,2236,2239,2587,2611,2606,2342,2383,2494,2323,2405,2493,2554,2527,2434,2570,2459,2394,2335,2606,2707,2583,2316,2295,2428,2440,2396,2543,2542,2419,2480,2527,2518,2491,2357,2370,2705,2541,2435,2484,2378,2418,2369,2529,2585,2516,2356,2358,2377,2326,2253,2437,2696,2613,2466,2422,2254,2163,2330,2463,2452,2353,2285,2430,2295,2365,2335,2609,2823,2705,2330,2397,2338,2401,2369,2343,2441,2493,2396,2438,2269,2328,2414,2658,2824,2719,2344,2423,2385,2472,2553,2524,2499,2529,2457,2391,2377,2295,2275,2561,2872,2732,2330,2355,2436,2435,2476,2557,2476,2396,2351,2310,2441,2395,2381,2646,3149,2945,2420,2405,2453,2431,2364,2408,2477,2391,2379,2224,2443,2445,2421,2901,3452,3217,2373,2436,2355,2444,2402,2551,2745,2580,2314,2226,2357,2403,2269,3252,3487,3241,2364,2412,2444,2325,2410,2476,2731,2549,2340,2400,2283,2137,2326,3276,3217,2957,2336,2352,2354,2397,2358,2355,2394,2302,2210,2467,2330,2201,2324,3012,2822,2640,2397,2351,2346,2264,2304,2368,2371,2323,2273,2319,2447,2350,2445,2663,2647,2490,2385,2211,2366,2400,2316,2449,2391,2270,2267,2318,2457,2411,2473,2388,2711,2532,2252,2353,2220,2346,2280,2251,2273,2267,2310,2313,2428,2441,2365,2596,2779,2636,2332,2311,2320,2349,2323,2429,2370,2301,2182,2290,2366,2306,2326,2573,2909,2788,2332,2300,2265,2175,2429,2590,2685,2576,2392,2295,2326,2252,2544,2783,2977,2739,2276,2205,2266,2248,2476,2561,2715,2590,2374,2287,2388,2329,2475,2747,3938,3718,2635,2369,2265,2327,2310,2346,2446,2510,2332,2230,2352,2387,2549,3711,4426,4205,3128,2776,2403,2392,2540,2888,2980,2769,2642,2351,2573,2742,2993,4199,4551,4336,3292,2945,2833,2754,2810,3255,3386,3179,2844,2719,2823,2944,3042,4322,4219,3998,2877,2767,2825,2792,2970,3319,3399,3223,2971,2751,2822,2959,3156,4009,4186,3976,3043,2564,2659,2801,2881,3124,3235,2918,2689,2656,2772,2650,2972,3971,3711,3487,2695,2487,2616,2751,2637,2657,2936,2891,2633,2416,2476,2484,2600,3488,3436,3202,2554,2554,2624,2549,2353,2582,2573,2431,2495,2451,2391,2276,2478,3206,3422,3179,2480,2589,2476,2355,2419,2603,2682,2313,2320,2476,2395,2236,2490,3220,3384,3164,2374,2537,2514,2380,2402,2602,2724,2510,2225,2407,2458,2283,2414,3168,3218,3002,2435,2519,2465,2282,2324,2498,2647,2528,2333,2426,2428,2358,2500,3011,3201,2996,2522,2408,2336,2273,2289,2422,2625,2583,2389,2268,2230,2381,2466,3005,3120,2955,2420,2324,2262,2341,2315,2458,2543,2456,2265,2353,2313,2399,2443,2870,3018,2812,2345,2355,2380,2431,2284,2521,2529,2282,2372,2373,2331,2415,2382,2787,2835,2612,2338,2361,2361,2422,2151,2455,2468,2421,2387,2270,2225,2435,2234,2601,3082,2927,2436,2286,2346,2395,2214,2283,2386,2238,2247,2433,2367,2357,2411,2850,3464,3210,2639,2517,2494,2448,2417,2578,2516,2399,2379,2597,2626,2450,2540,3238,3688,3465,2620,2575,2475,2493,2593,2625,2638,2519,2399,2420,2386,2438,2585,3462,3638,3416,2421,2379,2382,2430,2461,2555,2604,2501,2365,2533,2509,2430,2532,3413,3506,3277,2315,2348,2328,2462,2454,2518,2435,2362,2468,2452,2495,2440,2434,3289,3390,3120,2299,2375,2386,2390,2436,2532,2377,2451,2360,2419,2449,2485,2418,3201,3283,3025,2366,2137,2310,2330,2347,2523,2589,2464,2418,2437,2428,2455,2428,3107,2934,2593,2401,2254,2275,2266,2373,2410,2605,2555,2538,2480,2368,2281,2230,2803,3015,2820,2327,2417,2371,2324,2284,2532,2657,2605,2538,2375,2270,2223,2363,2840,2935,2858,2415,2432,2379,2264,2443,2499,2637,2657,2428,2401,2417,2371,2499,2807,3049,2874,2453,2294,2248,2324,2407,2570,2657,2608,2408,2365,2466,2449,2419,2778,3139,2835,2489,2383,2373,2375,2462,2493,2474,2595,2408,2202,2433,2327,2485,2969,3189,2924,2482,2506,2428,2529,2678,2636,2595,2659,2596,2555,2590,2500,2583,3073,3038,2970,2388,2420,2526,2598,2765,2728,2608,2819,2741,2610,2606,2570,2798,2906,2760,2706,2393,2417,2497,2476,2402,2489,2518,2626,2535,2479,2386,2311,2696,2726,2995,2797,2112,2432,2447,2435,2403,2385,2484,2405,2256,2370,2364,2323,2303,2720,2856,2593,2266,2499,2438,2407,2517,2721,2853,2691,2328,2383,2340,2368,2442,2572,2963,2712,2385,2527,2187,2429,2481,2744,2859,2646,2359,2427,2300,2302,2453,2786,3056,2767,2122,2304,2241,2200,2247,2508,2682,2561,2214,2309,2184,2370,2393,2878,3002,2811,2388,2283,2373,2339,2194,2311,2475,2449,2325,2173,2338,2210,2342,2797,3008,2883,2362,2312,2352,2396,2367,2347,2531,2437,2383,2191,2371,2410,2479,2899,3069,2875,2441,2370,2445,2485,2454,2374,2714,2618,2414,2223,2377,2465,2433,2874,3065,2944,2470,2446,2339,2409,2419,2572,2765,2672,2395,2431,2391,2410,2375,2906,3187,2981,2403,2370,2304,2343,2457,2568,2601,2470,2337,2374,2405,2371,2470,2997,2922,2792,2382,2373,2381,2248,2329,2489,2623,2465,2327,2403,2405,2332,2259,2718,2887,2796,2431,2368,2376,2318,2361,2426,2530,2419,2323,2213,2431,2345,2295,2626,2657,2541,2277,2398,2283,2353,2367,2510,2586,2410,2453,2367,2361,2377,2316,2538,2957,2783,2419,2444,2165,2364,2415,2499,2530,2510,2419,2332,2352,2395,2362,2767,3212,3019,2403,2241,2322,2386,2314,2287,2345,2492,2290,2300,2347,2409,2335,2992,3078,2901,2360,2192,2301,2244,2313,2282,2379,2338,2306,2322,2332,2357,2193,2851,2984,2735,2265,2280,2414,2356,2094,2287,2476,2333,2238,2297,2325,2377,2253,2772,3531,3298,2361,2364,2392,2361,2093,2563,2759,2563,2415,2328,2426,2408,2318,3305,3672,3441,2460,2437,2394,2342,2300,2773,2968,2827,2441,2479,2305,2246,2527,3447,3555,3323,2417,2391,2433,2365,2302,2744,2900,2736,2414,2396,2304,2285,2510,3324,3720,3505,2386,2250,2357,2359,2231,2367,2504,2544,2425,2306,2183,2247,2508,3497,4032,3818,2846,2147,2331,2304,2345,2461,2494,2488,2308,2301,2330,2487,2763,3807,4049,3828,2816,2144,2383,2303,2408,2395,2560,2475,2438,2407,2236,2460,2750,3826,3865,3640,2424,2250,2289,2232,2394,2374,2526,2457,2447,2328,2354,2238,2636,3645,3496,3270,2290,2356,2318,2412,2475,2443,2456,2327,2310,2389,2337,2189,2213,3277,3166,2931,2178,2374,2379,2376,2327,2398,2431,2099,2283,2383,2328,2291,2131,2949,2998,2827,2332,2378,2391,2356,2364,2301,2302,2239,2278,2285,2173,2258,2207,2741,2761,2537,2118,2271,2358,2199,2308,2374,2356,2364,2309,2268,2257,2355,2242,2506,2728,2540,2127,2266,2286,1970,2206,2319,2332,2266,2337,2353,2330,2344,2316,2555,2714,2546,2239,2213,2274,2185,2168,2287,2389,2236,2280,2312,2296,2193,2279,2477,2896,2747,2330,2249,2315,2245,2162,2288,2300,2298,2274,2340,2278,2056,2043,2646,3049,2852,2277,2188,2241,2235,2097,2202,2191,2252,2246,2281,2202,2144,2137,2808,3291,3075,2215,2141,2279,2305,2228,2192,2239,2266,2288,2240,2145,2117,2226,3085,3243,3013,2100,2151,2174,2249,2024,2135,2155,2277,2079,2081,1951,2095,2274,3024,2990,2750,2129,2166,2186,2174,2020,2110,2099,2035,1848,2002,2062,2116,2101,2770,2564,2425,2013,2053,2123,2059,2026,1975,2119,2085,1993,2087,2014,2124,2080,2246,2528,2402,1923,1994,2018,1814,2076,2029,2327,2299,2169,1983,1831,2094,2115,2280,2568,2396,2081,2044,1994,2061,2069,2132,2430,2434,2214,1960,1927,2079,2036,2345
,,,,,,,,,,,,,,,,,,,,,,,,,,,,,,,,,,,,,,,,,,,,,,,,,,,,,,,,,,,,,,,,,,,,,,,,,,,,,,,,,,,,,,,,,,,,,,,,,,,,,,,,,,,,,,,,,,,,,,,,,,,,,,,,,,,,,,,,,,,,,,,,,,,,,,,,,,,,,,,,,,,,,,,,,,,,,,,,,,,,,,,,,,,,,,,,,,,,,,,,,,,,,,,,,,,,,,,,,,,,,,,,,,,,,,,,,,,,,,,,,,,,,,,,,,,,,,,,,,,,,,,,,,,,,,,,,,,,,,,,,,,,,,,,,,,,,,,,,,,,,,,,,,,,,,,,,,,,,,,,,,,,,,,,,,,,,,,,,,,,,,,,,,,,,,,,,,,,,,,,,,,,,,,,,,,,,,,,,,,,,,,,,,,,,,,,,,,,,,,,,,,,,,,,,,,,,,,,,,,,,,,,,,,,,,,,,,,,,,,,,,,,,,,,,,,,,,,,,,,,,,,,,,,,,,,,,,,,,,,,,,,,,,,,,,,,,,,,,,,,,,,,,,,,,,,,,,,,,,,,,,,,,,,,,,,,,,,,,,,,,,,,,,,,,,,,,,,,,,,,,,,,,,,,,,,,,,,,,,,,,,,,,,,,,,,,,,,,,,,,,,,,,,,,,,,,,,,,,,,,,,,,,,,,,,,,,,,,,,,,,,,,,,,,,,,,,,,,,,,,,,,,,,,,,,,,,,,,,,,,,,,,,,,,,,,,,,,,,,,,,,,,,,,,,,,,,,,,,,,,,,,,,,,,,,,,,,,,,,,,,,,,,,,,,,,,,,,,,,,,,,,,,,,,,,,,,,,,,,,,,,,,,,,,,,,,,,,,,,,,,,,,,,,,,,,,,,,,,,,,,,,,,,,,,,,,,,,,,,,,,,,,,,,,,,,,,,,,,,,,,,,,,,,,,,,,,,,,,,,,,,,,,,,,,,,,,,,,,,,,,,,,,,,,,,,,,,,,,,,,,,,,,,,,,,,,,,,,,,,,,,,,,,,,,,,,,,,,,,,,,,,,,,,,,,,,,,,,,,,,,,,,,,,,,,,,,,,,,,,,,,,,,,,,,,,,,,,,,,,,,,,,,,,,,,,,,,,,,,,,,,,,,,,,,,,,,,,,,,,,,,,,,,,,,,,,,,,,,,,,,,,,,,,,,,,,,,,,,,,,,,,,,,,,,,,,,,,,,,,,,,,,,,,,,,,,,,,,,,,,,,,,,,,,,,,,,,,,,,,,,,,,,,,,,,,,,,,,,,,,,,,,,,,,,,,,,,,,,,,,,,,,,,,,,,,,,,,,,,,,,,,,,,,,,,,,,,,,,,,,,,,,,,,,,,,,,,,,,,,,,,,,,,,,,,,,,,,,,,,,,,,,,,,,,,,,,,,,,,,,,,,,,,,,,,,,,,,,,,,,,,,,,,,,,,,,,,,,,,,,,,,,,,,,,,,,,,,,,,,,,,,,,,,,,,,,,,,,,,,,,,,,,,,,,,,,,,,,,,,,,,,,,,,,,,,,,,,,,,,,,,,,,,,,,,,,,,,,,,,,,,,,,,,,,,,,,,,,,,,,,,,,,,,,,,,,,,,,,,,,,,,,,,,,,,,,,,,,,,,,,,,,,,,,,,,,,,,,,,,,,,,,,,,,,,,,,,,,,,,,,,,,,,,,,,,,,,,,,,,,,,,,,,,,,,,,,,,,,,,,,,,,,,,,,,,,,,,,,,,,,,,,,,,,,,,,,,,,,,,,,,,,,,,,,,,,,,,,,,,,,,,,,,,,,,,,,,,,,,,,,,,,,,,,,,,,,,,,,,,,,,,,,,,,,,,,,,,,,,,,,,,,,,,,,,,,,,,,,,,,,,,,,,,,,,,,,,,,,,,,,,,,,,,,,,,,,,,,,,,,,,,,,,,,,,,,,,,,,,,,,,,,,,,,,,,,,,,,,,,,,,,,,,,,,,,,,,,,,,,,,,,,,,,,,,,,,,,,,,,,,,,,,,,,,,,,,,,,,,,,,,,,,,,,,,,,,,,,,,,,,,,,,,,,,,,,,,,,,,,,,,,,,,,,,,,,,,,,,,,,,,,,,,,,,,,,,,,,,,,,,,,,,,,,,,,,,,,,,,,,,,,,,,,,,,,,,,,,,,,,,,,,,,,,,,,,,,,,,,,,,,,,,,,,,,,,,,,,,,,,,,,,,,,,,,,,,,,,,,,,,,,,,,,
,,,,,,,,,,,,,,,,,,,,,,,,,,,,,,,,,,,,,,,,,,,,,,,,,,,,,,,,,,,,,,,,,,,,,,,,,,,,,,,,,,,,,,,,,,,,,,,,,,,,,,,,,,,,,,,,,,,,,,,,,,,,,,,,,,,,,,,,,,,,,,,,,,,,,,,,,,,,,,,,,,,,,,,,,,,,,,,,,,,,,,,,,,,,,,,,,,,,,,,,,,,,,,,,,,,,,,,,,,,,,,,,,,,,,,,,,,,,,,,,,,,,,,,,,,,,,,,,,,,,,,,,,,,,,,,,,,,,,,,,,,,,,,,,,,,,,,,,,,,,,,,,,,,,,,,,,,,,,,,,,,,,,,,,,,,,,,,,,,,,,,,,,,,,,,,,,,,,,,,,,,,,,,,,,,,,,,,,,,,,,,,,,,,,,,,,,,,,,,,,,,,,,,,,,,,,,,,,,,,,,,,,,,,,,,,,,,,,,,,,,,,,,,,,,,,,,,,,,,,,,,,,,,,,,,,,,,,,,,,,,,,,,,,,,,,,,,,,,,,,,,,,,,,,,,,,,,,,,,,,,,,,,,,,,,,,,,,,,,,,,,,,,,,,,,,,,,,,,,,,,,,,,,,,,,,,,,,,,,,,,,,,,,,,,,,,,,,,,,,,,,,,,,,,,,,,,,,,,,,,,,,,,,,,,,,,,,,,,,,,,,,,,,,,,,,,,,,,,,,,,,,,,,,,,,,,,,,,,,,,,,,,,,,,,,,,,,,,,,,,,,,,,,,,,,,,,,,,,,,,,,,,,,,,,,,,,,,,,,,,,,,,,,,,,,,,,,,,,,,,,,,,,,,,,,,,,,,,,,,,,,,,,,,,,,,,,,,,,,,,,,,,,,,,,,,,,,,,,,,,,,,,,,,,,,,,,,,,,,,,,,,,,,,,,,,,,,,,,,,,,,,,,,,,,,,,,,,,,,,,,,,,,,,,,,,,,,,,,,,,,,,,,,,,,,,,,,,,,,,,,,,,,,,,,,,,,,,,,,,,,,,,,,,,,,,,,,,,,,,,,,,,,,,,,,,,,,,,,,,,,,,,,,,,,,,,,,,,,,,,,,,,,,,,,,,,,,,,,,,,,,,,,,,,,,,,,,,,,,,,,,,,,,,,,,,,,,,,,,,,,,,,,,,,,,,,,,,,,,,,,,,,,,,,,,,,,,,,,,,,,,,,,,,,,,,,,,,,,,,,,,,,,,,,,,,,,,,,,,,,,,,,,,,,,,,,,,,,,,,,,,,,,,,,,,,,,,,,,,,,,,,,,,,,,,,,,,,,,,,,,,,,,,,,,,,,,,,,,,,,,,,,,,,,,,,,,,,,,,,,,,,,,,,,,,,,,,,,,,,,,,,,,,,,,,,,,,,,,,,,,,,,,,,,,,,,,,,,,,,,,,,,,,,,,,,,,,,,,,,,,,,,,,,,,,,,,,,,,,,,,,,,,,,,,,,,,,,,,,,,,,,,,,,,,,,,,,,,,,,,,,,,,,,,,,,,,,,,,,,,,,,,,,,,,,,,,,,,,,,,,,,,,,,,,,,,,,,,,,,,,,,,,,,,,,,,,,,,,,,,,,,,,,,,,,,,,,,,,,,,,,,,,,,,,,,,,,,,,,,,,,,,,,,,,,,,,,,,,,,,,,,,,,,,,,,,,,,,,,,,,,,,,,,,,,,,,,,,,,,,,,,,,,,,,,,,,,,,,,,,,,,,,,,,,,,,,,,,,,,,,,,,,,,,,,,,,,,,,,,,,,,,,,,,,,,,,,,,,,,,,,,,,,,,,,,,,,,,,,,,,,,,,,,,,,,,,,,,,,,,,,,,,,,,,,,,,,,,,,,,,,,,,,,,,,,,,,,,,,,,,,,,,,,,,,,,,,,,,,,,,,,,,,,,,,,,,,,,,,,,,,,,,,,,,,,,,,,,,,,,,,,,,,,,,,,,,,,,,,,,,,,,,,,,,,,,,,,,,,,,,,,,,,,,,,,,,,,,,,,,,,,,,,,,,,,,,,,,,,,,,,,,,,,,,,,,,,,,,,,,,,,,,,,,,,,,,,,,,,,,,,,,,,,,,,,,,,,,,,,,,,,,,,,,,,,,,,,,,,,,,,,,,,,,,,,,,,,,,,,,,,,,,,,,,,,,,,,,,,,,,,,,,,,,,,,,,,,,,,,,,,,,,,,,,,,,,,,,,,,,,,,,,,,,,,,,,,,,,,,,,,,,,,,
,,,,,,,,,,,,,,,,,,,,,,,,,,,,,,,,,,,,,,,,,,,,,,,,,,,,,,,,,,,,,,,,,,,,,,,,,,,,,,,,,,,,,,,,,,,,,,,,,,,,,,,,,,,,,,,,,,,,,,,,,,,,,,,,,,,,,,,,,,,,,,,,,,,,,,,,,,,,,,,,,,,,,,,,,,,,,,,,,,,,,,,,,,,,,,,,,,,,,,,,,,,,,,,,,,,,,,,,,,,,,,,,,,,,,,,,,,,,,,,,,,,,,,,,,,,,,,,,,,,,,,,,,,,,,,,,,,,,,,,,,,,,,,,,,,,,,,,,,,,,,,,,,,,,,,,,,,,,,,,,,,,,,,,,,,,,,,,,,,,,,,,,,,,,,,,,,,,,,,,,,,,,,,,,,,,,,,,,,,,,,,,,,,,,,,,,,,,,,,,,,,,,,,,,,,,,,,,,,,,,,,,,,,,,,,,,,,,,,,,,,,,,,,,,,,,,,,,,,,,,,,,,,,,,,,,,,,,,,,,,,,,,,,,,,,,,,,,,,,,,,,,,,,,,,,,,,,,,,,,,,,,,,,,,,,,,,,,,,,,,,,,,,,,,,,,,,,,,,,,,,,,,,,,,,,,,,,,,,,,,,,,,,,,,,,,,,,,,,,,,,,,,,,,,,,,,,,,,,,,,,,,,,,,,,,,,,,,,,,,,,,,,,,,,,,,,,,,,,,,,,,,,,,,,,,,,,,,,,,,,,,,,,,,,,,,,,,,,,,,,,,,,,,,,,,,,,,,,,,,,,,,,,,,,,,,,,,,,,,,,,,,,,,,,,,,,,,,,,,,,,,,,,,,,,,,,,,,,,,,,,,,,,,,,,,,,,,,,,,,,,,,,,,,,,,,,,,,,,,,,,,,,,,,,,,,,,,,,,,,,,,,,,,,,,,,,,,,,,,,,,,,,,,,,,,,,,,,,,,,,,,,,,,,,,,,,,,,,,,,,,,,,,,,,,,,,,,,,,,,,,,,,,,,,,,,,,,,,,,,,,,,,,,,,,,,,,,,,,,,,,,,,,,,,,,,,,,,,,,,,,,,,,,,,,,,,,,,,,,,,,,,,,,,,,,,,,,,,,,,,,,,,,,,,,,,,,,,,,,,,,,,,,,,,,,,,,,,,,,,,,,,,,,,,,,,,,,,,,,,,,,,,,,,,,,,,,,,,,,,,,,,,,,,,,,,,,,,,,,,,,,,,,,,,,,,,,,,,,,,,,,,,,,,,,,,,,,,,,,,,,,,,,,,,,,,,,,,,,,,,,,,,,,,,,,,,,,,,,,,,,,,,,,,,,,,,,,,,,,,,,,,,,,,,,,,,,,,,,,,,,,,,,,,,,,,,,,,,,,,,,,,,,,,,,,,,,,,,,,,,,,,,,,,,,,,,,,,,,,,,,,,,,,,,,,,,,,,,,,,,,,,,,,,,,,,,,,,,,,,,,,,,,,,,,,,,,,,,,,,,,,,,,,,,,,,,,,,,,,,,,,,,,,,,,,,,,,,,,,,,,,,,,,,,,,,,,,,,,,,,,,,,,,,,,,,,,,,,,,,,,,,,,,,,,,,,,,,,,,,,,,,,,,,,,,,,,,,,,,,,,,,,,,,,,,,,,,,,,,,,,,,,,,,,,,,,,,,,,,,,,,,,,,,,,,,,,,,,,,,,,,,,,,,,,,,,,,,,,,,,,,,,,,,,,,,,,,,,,,,,,,,,,,,,,,,,,,,,,,,,,,,,,,,,,,,,,,,,,,,,,,,,,,,,,,,,,,,,,,,,,,,,,,,,,,,,,,,,,,,,,,,,,,,,,,,,,,,,,,,,,,,,,,,,,,,,,,,,,,,,,,,,,,,,,,,,,,,,,,,,,,,,,,,,,,,,,,,,,,,,,,,,,,,,,,,,,,,,,,,,,,,,,,,,,,,,,,,,,,,,,,,,,,,,,,,,,,,,,,,,,,,,,,,,,,,,,,,,,,,,,,,,,,,,,,,,,,,,,,,,,,,,,,,,,,,,,,,,,,,,,,,,,,,,,,,,,,,,,,,,,,,,,,,,,,,,,,,,,,,,,,,,,,,,,,,,,,,,,,,,,,,,,,,,,,,,,,,,,,,,,,,,,,,,,,,,,,,,,,,,,,,,,,,,,,,,,,,,,,,,,,,,,,,,,,,,,,,,,,,,,,,,,,,,,,,,,,,,,,,,,,,,,,,,,,,,,,,,,,,,,,,,,,,
,,,,,,,,,,,,,,,,,,,,,,,,,,,,,,,,,,,,,,,,,,,,,,,,,,,,,,,,,,,,,,,,,,,,,,,,,,,,,,,,,,,,,,,,,,,,,,,,,,,,,,,,,,,,,,,,,,,,,,,,,,,,,,,,,,,,,,,,,,,,,,,,,,,,,,,,,,,,,,,,,,,,,,,,,,,,,,,,,,,,,,,,,,,,,,,,,,,,,,,,,,,,,,,,,,,,,,,,,,,,,,,,,,,,,,,,,,,,,,,,,,,,,,,,,,,,,,,,,,,,,,,,,,,,,,,,,,,,,,,,,,,,,,,,,,,,,,,,,,,,,,,,,,,,,,,,,,,,,,,,,,,,,,,,,,,,,,,,,,,,,,,,,,,,,,,,,,,,,,,,,,,,,,,,,,,,,,,,,,,,,,,,,,,,,,,,,,,,,,,,,,,,,,,,,,,,,,,,,,,,,,,,,,,,,,,,,,,,,,,,,,,,,,,,,,,,,,,,,,,,,,,,,,,,,,,,,,,,,,,,,,,,,,,,,,,,,,,,,,,,,,,,,,,,,,,,,,,,,,,,,,,,,,,,,,,,,,,,,,,,,,,,,,,,,,,,,,,,,,,,,,,,,,,,,,,,,,,,,,,,,,,,,,,,,,,,,,,,,,,,,,,,,,,,,,,,,,,,,,,,,,,,,,,,,,,,,,,,,,,,,,,,,,,,,,,,,,,,,,,,,,,,,,,,,,,,,,,,,,,,,,,,,,,,,,,,,,,,,,,,,,,,,,,,,,,,,,,,,,,,,,,,,,,,,,,,,,,,,,,,,,,,,,,,,,,,,,,,,,,,,,,,,,,,,,,,,,,,,,,,,,,,,,,,,,,,,,,,,,,,,,,,,,,,,,,,,,,,,,,,,,,,,,,,,,,,,,,,,,,,,,,,,,,,,,,,,,,,,,,,,,,,,,,,,,,,,,,,,,,,,,,,,,,,,,,,,,,,,,,,,,,,,,,,,,,,,,,,,,,,,,,,,,,,,,,,,,,,,,,,,,,,,,,,,,,,,,,,,,,,,,,,,,,,,,,,,,,,,,,,,,,,,,,,,,,,,,,,,,,,,,,,,,,,,,,,,,,,,,,,,,,,,,,,,,,,,,,,,,,,,,,,,,,,,,,,,,,,,,,,,,,,,,,,,,,,,,,,,,,,,,,,,,,,,,,,,,,,,,,,,,,,,,,,,,,,,,,,,,,,,,,,,,,,,,,,,,,,,,,,,,,,,,,,,,,,,,,,,,,,,,,,,,,,,,,,,,,,,,,,,,,,,,,,,,,,,,,,,,,,,,,,,,,,,,,,,,,,,,,,,,,,,,,,,,,,,,,,,,,,,,,,,,,,,,,,,,,,,,,,,,,,,,,,,,,,,,,,,,,,,,,,,,,,,,,,,,,,,,,,,,,,,,,,,,,,,,,,,,,,,,,,,,,,,,,,,,,,,,,,,,,,,,,,,,,,,,,,,,,,,,,,,,,,,,,,,,,,,,,,,,,,,,,,,,,,,,,,,,,,,,,,,,,,,,,,,,,,,,,,,,,,,,,,,,,,,,,,,,,,,,,,,,,,,,,,,,,,,,,,,,,,,,,,,,,,,,,,,,,,,,,,,,,,,,,,,,,,,,,,,,,,,,,,,,,,,,,,,,,,,,,,,,,,,,,,,,,,,,,,,,,,,,,,,,,,,,,,,,,,,,,,,,,,,,,,,,,,,,,,,,,,,,,,,,,,,,,,,,,,,,,,,,,,,,,,,,,,,,,,,,,,,,,,,,,,,,,,,,,,,,,,,,,,,,,,,,,,,,,,,,,,,,,,,,,,,,,,,,,,,,,,,,,,,,,,,,,,,,,,,,,,,,,,,,,,,,,,,,,,,,,,,,,,,,,,,,,,,,,,,,,,,,,,,,,,,,,,,,,,,,,,,,,,,,,,,,,,,,,,,,,,,,,,,,,,,,,,,,,,,,,,,,,,,,,,,,,,,,,,,,,,,,,,,,,,,,,,,,,,,,,,,,,,,,,,,,,,,,,,,,,,,,,,,,,,,,,,,,,,,,,,,,,,,,,,,,,,,,,,,,,,,,,,,,,,,,,,,,,,,,,,,,,,,,,,,,,,,,,,,,,,,,,,,,,,,,,,,,,,,,,,,,,,,,,,,,,,,,,,,,,,,,,,,,,,,,,,,,,,,,,,,,,,,,,,,,,,,,,,,,,,,,,,,,,,,,,,,,,,,,,,,,,
,,,,,,,,,,,,,,,,,,,,,,,,,,,,,,,,,,,,,,,,,,,,,,,,,,,,,,,,,,,,,,,,,,,,,,,,,,,,,,,,,,,,,,,,,,,,,,,,,,,,,,,,,,,,,,,,,,,,,,,,,,,,,,,,,,,,,,,,,,,,,,,,,,,,,,,,,,,,,,,,,,,,,,,,,,,,,,,,,,,,,,,,,,,,,,,,,,,,,,,,,,,,,,,,,,,,,,,,,,,,,,,,,,,,,,,,,,,,,,,,,,,,,,,,,,,,,,,,,,,,,,,,,,,,,,,,,,,,,,,,,,,,,,,,,,,,,,,,,,,,,,,,,,,,,,,,,,,,,,,,,,,,,,,,,,,,,,,,,,,,,,,,,,,,,,,,,,,,,,,,,,,,,,,,,,,,,,,,,,,,,,,,,,,,,,,,,,,,,,,,,,,,,,,,,,,,,,,,,,,,,,,,,,,,,,,,,,,,,,,,,,,,,,,,,,,,,,,,,,,,,,,,,,,,,,,,,,,,,,,,,,,,,,,,,,,,,,,,,,,,,,,,,,,,,,,,,,,,,,,,,,,,,,,,,,,,,,,,,,,,,,,,,,,,,,,,,,,,,,,,,,,,,,,,,,,,,,,,,,,,,,,,,,,,,,,,,,,,,,,,,,,,,,,,,,,,,,,,,,,,,,,,,,,,,,,,,,,,,,,,,,,,,,,,,,,,,,,,,,,,,,,,,,,,,,,,,,,,,,,,,,,,,,,,,,,,,,,,,,,,,,,,,,,,,,,,,,,,,,,,,,,,,,,,,,,,,,,,,,,,,,,,,,,,,,,,,,,,,,,,,,,,,,,,,,,,,,,,,,,,,,,,,,,,,,,,,,,,,,,,,,,,,,,,,,,,,,,,,,,,,,,,,,,,,,,,,,,,,,,,,,,,,,,,,,,,,,,,,,,,,,,,,,,,,,,,,,,,,,,,,,,,,,,,,,,,,,,,,,,,,,,,,,,,,,,,,,,,,,,,,,,,,,,,,,,,,,,,,,,,,,,,,,,,,,,,,,,,,,,,,,,,,,,,,,,,,,,,,,,,,,,,,,,,,,,,,,,,,,,,,,,,,,,,,,,,,,,,,,,,,,,,,,,,,,,,,,,,,,,,,,,,,,,,,,,,,,,,,,,,,,,,,,,,,,,,,,,,,,,,,,,,,,,,,,,,,,,,,,,,,,,,,,,,,,,,,,,,,,,,,,,,,,,,,,,,,,,,,,,,,,,,,,,,,,,,,,,,,,,,,,,,,,,,,,,,,,,,,,,,,,,,,,,,,,,,,,,,,,,,,,,,,,,,,,,,,,,,,,,,,,,,,,,,,,,,,,,,,,,,,,,,,,,,,,,,,,,,,,,,,,,,,,,,,,,,,,,,,,,,,,,,,,,,,,,,,,,,,,,,,,,,,,,,,,,,,,,,,,,,,,,,,,,,,,,,,,,,,,,,,,,,,,,,,,,,,,,,,,,,,,,,,,,,,,,,,,,,,,,,,,,,,,,,,,,,,,,,,,,,,,,,,,,,,,,,,,,,,,,,,,,,,,,,,,,,,,,,,,,,,,,,,,,,,,,,,,,,,,,,,,,,,,,,,,,,,,,,,,,,,,,,,,,,,,,,,,,,,,,,,,,,,,,,,,,,,,,,,,,,,,,,,,,,,,,,,,,,,,,,,,,,,,,,,,,,,,,,,,,,,,,,,,,,,,,,,,,,,,,,,,,,,,,,,,,,,,,,,,,,,,,,,,,,,,,,,,,,,,,,,,,,,,,,,,,,,,,,,,,,,,,,,,,,,,,,,,,,,,,,,,,,,,,,,,,,,,,,,,,,,,,,,,,,,,,,,,,,,,,,,,,,,,,,,,,,,,,,,,,,,,,,,,,,,,,,,,,,,,,,,,,,,,,,,,,,,,,,,,,,,,,,,,,,,,,,,,,,,,,,,,,,,,,,,,,,,,,,,,,,,,,,,,,,,,,,,,,,,,,,,,,,,,,,,,,,,,,,,,,,,,,,,,,,,,,,,,,,,,,,,,,,,,,,,,,,,,,,,,,,,,,,,,,,,,,,,,,,,,,,,,,,,,,,,,,,,,,,,,,,,,,,,,,,,,,,,,,,,,,,,,,,,,,,,,,,,,,,,,,,,,,,,,,,,,,,,,,,,,,,,,,,,,,,,,,,,,,,,,,,,,,,,,,,,,,,,,,,,,,,,,,,,,,,,,,,,,,,,,,,,,,,,,,
3484,3275,2676,2413,2393,2353,2414,2375,2127,2375,2414,2353,2393,2413,2676,3275,3711,3481,2447,2375,2166,2341,2352,2350,2184,2222,2351,2173,2296,2383,2540,3480,4072,3850,2723,2416,2352,2337,2337,2354,2109,2131,2319,2322,2142,2505,2716,3850,4206,3982,2817,2563,2289,2357,2188,2344,2226,2142,2271,2373,2340,2627,2856,3985,4020,3800,2724,2465,2228,2322,2345,2221,2400,2350,2160,2072,2297,2404,2671,3800,3643,3397,2542,2443,2262,2247,2286,2227,2467,2441,2178,2214,2332,2383,2339,3435,3410,3186,2255,2253,2206,2400,2422,2301,2285,2305,2200,2265,2242,2348,2146,3185,3214,2999,2289,2291,2250,2391,2359,2250,2167,2248,2315,2244,2357,2324,2137,2987,3121,2917,2298,2306,2386,2224,2301,2301,2222,2282,2268,2242,2282,2269,2153,2879,3038,2866,2381,2265,2369,2337,2196,2381,2440,2355,2153,2189,2112,2130,2355,2824,3083,2935,2454,2325,2238,2346,2468,2758,2784,2548,2249,2280,2232,2280,2614,2859,3469,3517,3319,2669,2730,2915,3278,3547,3593,3367,2898,2754,2793,2821,3414,3575,4391,4238,3900,3489,3561,3403,4059,4292,4298,4075,3739,3324,3331,3446,4108,4320,4599,4381,3978,3663,3872,3542,4305,4502,4479,4303,4059,3486,3713,3686,4283,4520,4451,4146,3702,3446,3885,3767,4154,4306,4273,4209,4033,3564,3759,3686,3954,4373,4381,4215,3400,3388,3666,3603,3525,3644,3775,3912,3746,3421,3412,3668,3870,4218,4521,4298,3332,3223,3170,3244,2912,3336,3590,3609,3437,3061,3038,3355,3477,4298,4454,4236,3251,3073,2803,2943,3209,3255,3409,3372,3175,3013,2847,2933,3153,4232,4305,4093,3378,3265,2912,3067,3404,3516,3593,3525,3241,3277,2967,3278,3462,4090,4023,3839,3297,3207,2949,3065,3333,3463,3588,3486,3137,3259,2993,3243,3329,3776,3837,3628,3056,2934,2913,2935,3141,3674,3851,3604,2959,3052,2770,2824,2985,3624,4498,4285,3178,2958,2855,2793,3201,3869,4044,3832,2895,2925,2764,2929,3040,4264,4667,4444,3298,3114,2819,2892,3152,3797,4014,3819,2973,3098,2880,3043,3360,4445,4486,4253,3026,2997,2830,3039,2866,3609,3813,3573,2974,3004,2667,3010,3239,4274,3989,3743,2630,2741,2824,3090,3009,3357,3482,3198,2909,2838,2669,3034,2978,3770,3734,3531,2579,2629,2748,3005,3111,3198,3269,3080,2768,2625,2770,3050,2954,3519,3836,3605,2518,2495,2634,2763,2869,3105,3196,2993,2482,2071,2593,2852,2795,3610,3735,3507,2409,2551,2545,2596,2669,2980,3020,2744,2614,2573,2420,2462,2769,3531,3433,3220,2394,2573,2645,2577,2633,2839,2900,2848,2604,2554,2433,2472,2699,3197,3510,3299,2452,2312,2421,2439,2782,2768,2814,2863,2441,2418,2499,2473,2610,3267,3617,3405,2608,2667,2728,2472,2972,3002,2728,2820,2584,2441,2458,2478,2762,3356,3484,3267,2550,2536,2682,2416,2897,3015,2782,2665,2504,2419,2480,2508,2681,3214,3218,2985,2512,2452,2492,2207,2472,2624,2566,2431,2370,2352,2192,2385,2534,3010,3295,3036,2468,2539,2343,2316,2612,2364,2737,2588,2423,2182,2282,2356,2782,3167,3342,3089,2436,2591,2265,2329,2535,2700,2888,2683,2417,2424,2305,2221,2725,3190,3205,2967,2269,2384,2249,2351,2447,2605,2747,2476,2386,2412,2297,2212,2393,3040,3033,2826,2518,2434,2339,2297,2328,2533,2637,2409,2258,2354,2264,2316,2393,2852,2986,2753,2431,2419,2368,2368,2330,2647,2739,2550,2304,2395,2287,2336,2442,2797,3016,2789,2285,2341,2394,2410,2344,2647,2803,2615,2279,2403,2381,2406,2447,2824,2840,2612,2315,2257,2360,2338,2314,2532,2732,2527,2178,2254,2434,2380,2383,2711,2840,2490,2269,2108,2312,2310,2325,2477,2649,2492,2356,2297,2288,2283,2378,2753,2675,2470,2200,2088,2352,2260,2340,2484,2673,2595,2352,2338,2213,2334,2322,2564,2833,2664,2248,2331,2228,2298,2167,2455,2742,2583,2341,2379,2290,2211,2492,2720,2878,2697,2356,2287,2181,2253,2282,2553,2729,2575,2404,2430,2256,2310,2382,2730,2889,2583,2353,2355,2215,2308,2329,2433,2547,2396,2535,2459,2197,2346,2412,2667,2938,2713,2387,2347,2207,2292,2245,2442,2538,2320,2518,2481,2343,2363,2402,2774,2902,2614,2436,2428,2268,2225,2230,2433,2508,2252,2393,2501,2311,2246,2229,2719,2822,2640,2385,2318,2247,2237,2233,2476,2593,2362,2334,2254,2257,2358,2316,2700,2827,2609,2363,2307,2297,2289,2385,2550,2429,2340,2249,2276,2308,2345,2388,2759,2810,2622,2321,2239,2212,2320,2459,2622,2619,2244,2340,2382,2297,2358,2264,2608,2900,2662,2261,2278,2330,2336,2467,2608,2536,2464,2419,2390,2296,2339,2427,2749,2921,2679,2394,2421,2359,2331,2322,2446,2571,2574,2501,2301,2379,2225,2322,2738,3272,3073,2433,2422,2354,2296,2244,2474,2599,2466,2314,2290,2331,2300,2421,3047,3525,3315,2501,2417,2326,2234,2398,2521,2600,2516,2419,2383,2346,2356,2498,3305,3475,3272,2464,2334,2174,2176,2385,2515,2547,2548,2481,2480,2390,2305,2483,3255,3190,2994,2388,2319,2079,2293,2383,2426,2450,2448,2389,2275,2258,2248,2483,2937,3022,2790,2438,2416,2171,2263,2359,2397,2530,2460,2233,2166,2177,2310,2359,2854,2851,2698,2337,2116,2103,2109,2236,2305,2383,2286,2341,2329,2174,2221,2226,2670,2754,2590,2297,2265,2076,2322,2265,2189,2284,2365,2466,2184,2083,2215,2173,2539,2667,2513,2296,2343,2178,2290,2199,2221,2310,2392,2344,2446,2240,2223,2257,2489,2882,2690,2372,2359,2370,2339,2494,2289,2650,2593,2408,2617,2569,2353,2273,2644,3049,2832,2301,2447,2524,2544,2558,2313,2732,2709,2438,2604,2561,2312,2228,2832,3936,3715,2622,2393,2375,2266,2408,2413,2542,2573,2232,2336,2350,2278,2532,3712,4424,4197,3061,2745,2508,2367,2509,2864,3038,2912,2507,2464,2518,2671,3054,4201,4550,4328,3188,2875,2679,2613,2782,3272,3478,3312,2843,2721,2737,2920,3117,4329,4202,3990,3029,2761,2723,2792,2880,3244,3469,3273,2781,2864,2809,2841,3088,3997,4178,3948,2860,2682,2675,2720,2746,3064,3320,3144,2559,2671,2621,2654,2953,3968,3643,3428,2534,2435,2440,2514,2521,2848,3091,2926,2408,2353,2255,2244,2490,3414,3456,3230,2366,2288,2400,2426,2429,2591,2863,2694,2259,2363,2349,2227,2475,3246,3419,3218,2289,2450,2434,2335,2374,2626,2793,2593,2440,2514,2572,2346,2385,3185,3405,3182,2378,2451,2534,2383,2374,2655,2712,2401,2457,2584,2606,2468,2327,3162,3225,3038,2408,2407,2346,2337,2314,2566,2447,2240,2333,2374,2448,2446,2390,2949,3194,2986,2260,2320,2134,2343,2383,2413,2434,2395,2335,2259,2279,2327,2339,2967,2979,2759,2288,2320,2339,2368,2233,2406,2532,2411,2282,2257,2327,2403,2349,2732,2848,2699,2368,2324,2299,2258,2280,2401,2383,2311,2390,2287,2243,2246,2419,2653,2910,2640,2421,2325,2167,2233,2408,2494,2379,2124,2344,2189,2330,2252,2386,2780,3088,2803,2439,2380,2406,2449,2427,2530,2432,2372,2395,2264,2296,2397,2448,2931,3422,3196,2456,2422,2384,2399,2547,2556,2652,2411,2464,2369,2431,2558,2560,3185,3651,3430,2536,2369,2269,2095,2272,2526,2582,2519,2331,2272,2378,2499,2521,3414,3605,3387,2451,2346,2199,2247,2330,2453,2333,2376,2353,2237,2241,2377,2423,3378,3504,3283,2284,2335,2290,2278,2299,2322,2346,2283,2263,2328,2318,2337,2373,3284,3379,3164,2432,2372,2347,2233,2401,2554,2580,2387,2227,2454,2369,2263,2309,3164,3356,3132,2448,2308,2300,2282,2281,2695,2712,2506,2306,2386,2359,2392,2350,3117,3084,2864,2263,2316,2220,2287,2323,2613,2635,2496,2289,2453,2447,2431,2393,2807,2928,2766,2284,2265,2313,2349,2423,2680,2796,2621,2236,2429,2471,2413,2421,2702,2975,2723,2339,2309,2257,2345,2460,2660,2846,2748,2495,2401,2297,2237,2274,2791,3090,2882,2324,2323,2312,2299,2380,2620,2774,2746,2543,2230,2316,2341,2399,2840,3229,2997,2455,2264,2304,2238,2418,2472,2525,2631,2435,2232,2183,2155,2408,2974,3125,2903,2434,2374,2317,2392,2378,2535,2512,2485,2414,2471,2383,2433,2654,2945,2977,2880,2580,2483,2366,2463,2474,2632,2752,2672,2498,2530,2358,2522,2755,2689,3061,2837,2594,2384,2351,2422,2438,2587,2694,2547,2221,2384,2373,2372,2551,2905,3188,3030,2610,2364,2183,2407,2371,2540,2604,2438,2212,2364,2399,2375,2468,2973,3065,2957,2525,2550,2371,2374,2458,2619,2859,2660,2274,2439,2479,2379,2559,2921,3223,3069,2609,2572,2354,2283,2336,2752,2870,2681,2452,2407,2517,2471,2514,2934,3182,3007,2492,2378,2232,2102,2311,2556,2605,2610,2454,2470,2455,2277,2347,2956,3094,2902,2357,2242,2328,2286,2332,2412,2564,2582,2348,2499,2461,2373,2412,2899,3131,2893,2312,2445,2382,2363,2389,2586,2728,2627,2228,2421,2283,2159,2534,2945,3206,2995,2500,2507,2522,2463,2492,2712,2837,2608,2336,2509,2384,2368,2573,3039,3132,2957,2386,2505,2518,2377,2409,2522,2678,2523,2258,2358,2416,2436,2561,2925,3260,3009,2309,2300,2351,2420,2316,2263,2561,2565,2339,2210,2329,2286,2235,3036,3056,2848,2207,2195,2373,2373,2350,2431,2500,2451,2350,2163,2259,2283,2236,2793,2866,2627,2246,2247,2404,2323,2248,2308,2291,2279,2196,2229,2314,2360,2301,2587,2712,2552,2213,2268,2430,2299,2194,2370,2390,2329,2411,2225,2378,2418,2338,2516,2982,2755,2135,2212,2303,2305,2215,2121,2407,2362,2398,2344,2336,2327,2393,2797,3241,3009,2365,2331,2354,2393,2224,2226,2331,2388,2332,2363,2342,2276,2310,3024,3106,2852,2397,2299,2362,2367,2265,2332,2397,2355,2384,2371,2193,2211,2273,2874,3018,2878,2454,2423,2447,2386,2193,2367,2396,2396,2370,2345,2259,2245,2272,2721,3529,3305,2444,2349,2507,2431,2102,2555,2708,2545,2262,2271,2208,2238,2486,3313,3682,3446,2383,2234,2388,2441,2368,2871,3006,2833,2377,2342,2295,2348,2430,3460,3562,3329,2207,2205,2391,2232,2338,2870,2979,2768,2293,2312,2342,2380,2536,3342,3715,3483,2408,2327,2375,2246,2340,2473,2615,2474,2334,2246,2287,2270,2417,3502,4020,3794,2700,2464,2401,2346,2321,2551,2641,2486,2373,2205,2296,2455,2757,3802,4040,3814,2705,2466,2305,2372,2194,2531,2551,2461,2280,2260,2326,2481,2689,3817,3860,3637,2528,2341,2312,2254,2229,2512,2598,2435,2409,2377,2390,2353,2494,3629,3495,3286,2356,2208,2213,2371,2307,2385,2423,2456,2373,2333,2366,2323,2384,3267,3165,2959,2316,2288,2293,2224,2170,2380,2345,2332,2344,2280,2383,2334,2151,2950,3017,2850,2253,2313,2308,2298,2305,2219,2334,2276,2292,2321,2302,2287,2350,2756,2756,2592,2168,2227,2248,2314,2226,2335,2373,2187,2379,2364,2292,2328,2232,2557,2803,2600,2233,2165,2233,2231,2313,2299,2394,2405,2441,2359,2294,2299,2294,2587,2746,2539,2320,2317,2331,2315,2333,2328,2321,2356,2209,2212,2278,2307,2282,2562,2909,2682,2222,2210,2152,2237,2291,2250,2182,2287,2253,2306,2287,2261,2186,2707,3057,2851,2051,2062,2060,2197,2190,2207,2352,2229,2143,2171,2202,2214,2209,2798,3263,3050,2184,2224,2068,2129,2111,2230,2352,2202,2152,2222,2270,2302,2282,3009,3259,3038,2173,2117,2177,2092,1964,2039,2204,2183,2103,2186,2183,2241,2231,3018,3032,2811,1984,2025,2029,2016,1958,2102,2125,2066,2042,2053,2060,2079,1936,2800,2518,2335,2003,2011,2064,2033,2047,2124,2128,2052,1935,2014,2067,2041,1989,2250,2543,2315,2059,2027,2057,2016,1995,2154,2292,2089,1896,2007,2120,2137,2010,2378,2457,2404,2148,1950,1993,2141,2112,2206,2382,2215,1927,2005,2023,2066,2090,2275
,,,,,,,,,,,,,,,,,,,,,,,,,,,,,,,,,,,,,,,,,,,,,,,,,,,,,,,,,,,,,,,,,,,,,,,,,,,,,,,,,,,,,,,,,,,,,,,,,,,,,,,,,,,,,,,,,,,,,,,,,,,,,,,,,,,,,,,,,,,,,,,,,,,,,,,,,,,,,,,,,,,,,,,,,,,,,,,,,,,,,,,,,,,,,,,,,,,,,,,,,,,,,,,,,,,,,,,,,,,,,,,,,,,,,,,,,,,,,,,,,,,,,,,,,,,,,,,,,,,,,,,,,,,,,,,,,,,,,,,,,,,,,,,,,,,,,,,,,,,,,,,,,,,,,,,,,,,,,,,,,,,,,,,,,,,,,,,,,,,,,,,,,,,,,,,,,,,,,,,,,,,,,,,,,,,,,,,,,,,,,,,,,,,,,,,,,,,,,,,,,,,,,,,,,,,,,,,,,,,,,,,,,,,,,,,,,,,,,,,,,,,,,,,,,,,,,,,,,,,,,,,,,,,,,,,,,,,,,,,,,,,,,,,,,,,,,,,,,,,,,,,,,,,,,,,,,,,,,,,,,,,,,,,,,,,,,,,,,,,,,,,,,,,,,,,,,,,,,,,,,,,,,,,,,,,,,,,,,,,,,,,,,,,,,,,,,,,,,,,,,,,,,,,,,,,,,,,,,,,,,,,,,,,,,,,,,,,,,,,,,,,,,,,,,,,,,,,,,,,,,,,,,,,,,,,,,,,,,,,,,,,,,,,,,,,,,,,,,,,,,,,,,,,,,,,,,,,,,,,,,,,,,,,,,,,,,,,,,,,,,,,,,,,,,,,,,,,,,,,,,,,,,,,,,,,,,,,,,,,,,,,,,,,,,,,,,,,,,,,,,,,,,,,,,,,,,,,,,,,,,,,,,,,,,,,,,,,,,,,,,,,,,,,,,,,,,,,,,,,,,,,,,,,,,,,,,,,,,,,,,,,,,,,,,,,,,,,,,,,,,,,,,,,,,,,,,,,,,,,,,,,,,,,,,,,,,,,,,,,,,,,,,,,,,,,,,,,,,,,,,,,,,,,,,,,,,,,,,,,,,,,,,,,,,,,,,,,,,,,,,,,,,,,,,,,,,,,,,,,,,,,,,,,,,,,,,,,,,,,,,,,,,,,,,,,,,,,,,,,,,,,,,,,,,,,,,,,,,,,,,,,,,,,,,,,,,,,,,,,,,,,,,,,,,,,,,,,,,,,,,,,,,,,,,,,,,,,,,,,,,,,,,,,,,,,,,,,,,,,,,,,,,,,,,,,,,,,,,,,,,,,,,,,,,,,,,,,,,,,,,,,,,,,,,,,,,,,,,,,,,,,,,,,,,,,,,,,,,,,,,,,,,,,,,,,,,,,,,,,,,,,,,,,,,,,,,,,,,,,,,,,,,,,,,,,,,,,,,,,,,,,,,,,,,,,,,,,,,,,,,,,,,,,,,,,,,,,,,,,,,,,,,,,,,,,,,,,,,,,,,,,,,,,,,,,,,,,,,,,,,,,,,,,,,,,,,,,,,,,,,,,,,,,,,,,,,,,,,,,,,,,,,,,,,,,,,,,,,,,,,,,,,,,,,,,,,,,,,,,,,,,,,,,,,,,,,,,,,,,,,,,,,,,,,,,,,,,,,,,,,,,,,,,,,,,,,,,,,,,,,,,,,,,,,,,,,,,,,,,,,,,,,,,,,,,,,,,,,,,,,,,,,,,,,,,,,,,,,,,,,,,,,,,,,,,,,,,,,,,,,,,,,,,,,,,,,,,,,,,,,,,,,,,,,,,,,,,,,,,,,,,,,,,,,,,,,,,,,,,,,,,,,,,,,,,,,,,,,,,,,,,,,,,,,,,,,,,,,,,,,,,,,,,,,,,,,,,,,,,,,,,,,,,,,,,,,,,,,,,,,,,,,,,,,,,,,,,,,,,,,,,,,,,,,,,,,,,,,,,,,,,,,,,,,,,,,,,,,,,,,,,,,,,,,,,,,,,,,,,,,,,,,,,,,,,,,,,,,,,,,,,,,,,,,,,,,,,,,,,,,,,,,,,,,,,,,,,,,,,,,,,,,,,,,,,,,,,,,,,,,,,,,,,,,,,,,,,,,,,,,,,,,,,,,,,,,,,,,,,,,,,,,,,,,,,,,,,,,,,,,,,,,,,,,,,,,,,,,,,,,,,,,,,,,,,,,,,,,,,,,,,,,,,,,,,,,,,,,,,,,,,,,,,,,,,,,,,,,,,,,,,,,,,
,,,,,,,,,,,,,,,,,,,,,,,,,,,,,,,,,,,,,,,,,,,,,,,,,,,,,,,,,,,,,,,,,,,,,,,,,,,,,,,,,,,,,,,,,,,,,,,,,,,,,,,,,,,,,,,,,,,,,,,,,,,,,,,,,,,,,,,,,,,,,,,,,,,,,,,,,,,,,,,,,,,,,,,,,,,,,,,,,,,,,,,,,,,,,,,,,,,,,,,,,,,,,,,,,,,,,,,,,,,,,,,,,,,,,,,,,,,,,,,,,,,,,,,,,,,,,,,,,,,,,,,,,,,,,,,,,,,,,,,,,,,,,,,,,,,,,,,,,,,,,,,,,,,,,,,,,,,,,,,,,,,,,,,,,,,,,,,,,,,,,,,,,,,,,,,,,,,,,,,,,,,,,,,,,,,,,,,,,,,,,,,,,,,,,,,,,,,,,,,,,,,,,,,,,,,,,,,,,,,,,,,,,,,,,,,,,,,,,,,,,,,,,,,,,,,,,,,,,,,,,,,,,,,,,,,,,,,,,,,,,,,,,,,,,,,,,,,,,,,,,,,,,,,,,,,,,,,,,,,,,,,,,,,,,,,,,,,,,,,,,,,,,,,,,,,,,,,,,,,,,,,,,,,,,,,,,,,,,,,,,,,,,,,,,,,,,,,,,,,,,,,,,,,,,,,,,,,,,,,,,,,,,,,,,,,,,,,,,,,,,,,,,,,,,,,,,,,,,,,,,,,,,,,,,,,,,,,,,,,,,,,,,,,,,,,,,,,,,,,,,,,,,,,,,,,,,,,,,,,,,,,,,,,,,,,,,,,,,,,,,,,,,,,,,,,,,,,,,,,,,,,,,,,,,,,,,,,,,,,,,,,,,,,,,,,,,,,,,,,,,,,,,,,,,,,,,,,,,,,,,,,,,,,,,,,,,,,,,,,,,,,,,,,,,,,,,,,,,,,,,,,,,,,,,,,,,,,,,,,,,,,,,,,,,,,,,,,,,,,,,,,,,,,,,,,,,,,,,,,,,,,,,,,,,,,,,,,,,,,,,,,,,,,,,,,,,,,,,,,,,,,,,,,,,,,,,,,,,,,,,,,,,,,,,,,,,,,,,,,,,,,,,,,,,,,,,,,,,,,,,,,,,,,,,,,,,,,,,,,,,,,,,,,,,,,,,,,,,,,,,,,,,,,,,,,,,,,,,,,,,,,,,,,,,,,,,,,,,,,,,,,,,,,,,,,,,,,,,,,,,,,,,,,,,,,,,,,,,,,,,,,,,,,,,,,,,,,,,,,,,,,,,,,,,,,,,,,,,,,,,,,,,,,,,,,,,,,,,,,,,,,,,,,,,,,,,,,,,,,,,,,,,,,,,,,,,,,,,,,,,,,,,,,,,,,,,,,,,,,,,,,,,,,,,,,,,,,,,,,,,,,,,,,,,,,,,,,,,,,,,,,,,,,,,,,,,,,,,,,,,,,,,,,,,,,,,,,,,,,,,,,,,,,,,,,,,,,,,,,,,,,,,,,,,,,,,,,,,,,,,,,,,,,,,,,,,,,,,,,,,,,,,,,,,,,,,,,,,,,,,,,,,,,,,,,,,,,,,,,,,,,,,,,,,,,,,,,,,,,,,,,,,,,,,,,,,,,,,,,,,,,,,,,,,,,,,,,,,,,,,,,,,,,,,,,,,,,,,,,,,,,,,,,,,,,,,,,,,,,,,,,,,,,,,,,,,,,,,,,,,,,,,,,,,,,,,,,,,,,,,,,,,,,,,,,,,,,,,,,,,,,,,,,,,,,,,,,,,,,,,,,,,,,,,,,,,,,,,,,,,,,,,,,,,,,,,,,,,,,,,,,,,,,,,,,,,,,,,,,,,,,,,,,,,,,,,,,,,,,,,,,,,,,,,,,,,,,,,,,,,,,,,,,,,,,,,,,,,,,,,,,,,,,,,,,,,,,,,,,,,,,,,,,,,,,,,,,,,,,,,,,,,,,,,,,,,,,,,,,,,,,,,,,,,,,,,,,,,,,,,,,,,,,,,,,,,,,,,,,,,,,,,,,,,,,,,,,,,,,,,,,,,,,,,,,,,,,,,,,,,,,,,,,,,,,,,,,,,,,,,,,,,,,,,,,,,,,,,,,,,,,,,,,,,,,,,,,,,,,,,,,,,,,,,,,,,,,,,,,,,,,,,,,,,,,,,,,,,,,,,,,,,,,,,,,,,,,,,,,,,,,,,,,,,,,,,,,,,,,,,,,,,,,,,,,,,,,,,,,,,,,,,,,
,,,,,,,,,,,,,,,,,,,,,,,,,,,,,,,,,,,,,,,,,,,,,,,,,,,,,,,,,,,,,,,,,,,,,,,,,,,,,,,,,,,,,,,,,,,,,,,,,,,,,,,,,,,,,,,,,,,,,,,,,,,,,,,,,,,,,,,,,,,,,,,,,,,,,,,,,,,,,,,,,,,,,,,,,,,,,,,,,,,,,,,,,,,,,,,,,,,,,,,,,,,,,,,,,,,,,,,,,,,,,,,,,,,,,,,,,,,,,,,,,,,,,,,,,,,,,,,,,,,,,,,,,,,,,,,,,,,,,,,,,,,,,,,,,,,,,,,,,,,,,,,,,,,,,,,,,,,,,,,,,,,,,,,,,,,,,,,,,,,,,,,,,,,,,,,,,,,,,,,,,,,,,,,,,,,,,,,,,,,,,,,,,,,,,,,,,,,,,,,,,,,,,,,,,,,,,,,,,,,,,,,,,,,,,,,,,,,,,,,,,,,,,,,,,,,,,,,,,,,,,,,,,,,,,,,,,,,,,,,,,,,,,,,,,,,,,,,,,,,,,,,,,,,,,,,,,,,,,,,,,,,,,,,,,,,,,,,,,,,,,,,,,,,,,,,,,,,,,,,,,,,,,,,,,,,,,,,,,,,,,,,,,,,,,,,,,,,,,,,,,,,,,,,,,,,,,,,,,,,,,,,,,,,,,,,,,,,,,,,,,,,,,,,,,,,,,,,,,,,,,,,,,,,,,,,,,,,,,,,,,,,,,,,,,,,,,,,,,,,,,,,,,,,,,,,,,,,,,,,,,,,,,,,,,,,,,,,,,,,,,,,,,,,,,,,,,,,,,,,,,,,,,,,,,,,,,,,,,,,,,,,,,,,,,,,,,,,,,,,,,,,,,,,,,,,,,,,,,,,,,,,,,,,,,,,,,,,,,,,,,,,,,,,,,,,,,,,,,,,,,,,,,,,,,,,,,,,,,,,,,,,,,,,,,,,,,,,,,,,,,,,,,,,,,,,,,,,,,,,,,,,,,,,,,,,,,,,,,,,,,,,,,,,,,,,,,,,,,,,,,,,,,,,,,,,,,,,,,,,,,,,,,,,,,,,,,,,,,,,,,,,,,,,,,,,,,,,,,,,,,,,,,,,,,,,,,,,,,,,,,,,,,,,,,,,,,,,,,,,,,,,,,,,,,,,,,,,,,,,,,,,,,,,,,,,,,,,,,,,,,,,,,,,,,,,,,,,,,,,,,,,,,,,,,,,,,,,,,,,,,,,,,,,,,,,,,,,,,,,,,,,,,,,,,,,,,,,,,,,,,,,,,,,,,,,,,,,,,,,,,,,,,,,,,,,,,,,,,,,,,,,,,,,,,,,,,,,,,,,,,,,,,,,,,,,,,,,,,,,,,,,,,,,,,,,,,,,,,,,,,,,,,,,,,,,,,,,,,,,,,,,,,,,,,,,,,,,,,,,,,,,,,,,,,,,,,,,,,,,,,,,,,,,,,,,,,,,,,,,,,,,,,,,,,,,,,,,,,,,,,,,,,,,,,,,,,,,,,,,,,,,,,,,,,,,,,,,,,,,,,,,,,,,,,,,,,,,,,,,,,,,,,,,,,,,,,,,,,,,,,,,,,,,,,,,,,,,,,,,,,,,,,,,,,,,,,,,,,,,,,,,,,,,,,,,,,,,,,,,,,,,,,,,,,,,,,,,,,,,,,,,,,,,,,,,,,,,,,,,,,,,,,,,,,,,,,,,,,,,,,,,,,,,,,,,,,,,,,,,,,,,,,,,,,,,,,,,,,,,,,,,,,,,,,,,,,,,,,,,,,,,,,,,,,,,,,,,,,,,,,,,,,,,,,,,,,,,,,,,,,,,,,,,,,,,,,,,,,,,,,,,,,,,,,,,,,,,,,,,,,,,,,,,,,,,,,,,,,,,,,,,,,,,,,,,,,,,,,,,,,,,,,,,,,,,,,,,,,,,,,,,,,,,,,,,,,,,,,,,,,,,,,,,,,,,,,,,,,,,,,,,,,,,,,,,,,,,,,,,,,,,,,,,,,,,,,,,,,,,,,,,,,,,,,,,,,,,,,,,,,,,,,,,,,,,,,,,,,,,,,,,,,,,,,,,,,,,,,,,,,,,,,,,,,,,,,,,,,,,,,,,,,,,,,,,,,,,,,,,,,,,,,,,,,,,,,,,,,,,,,,,,,,,,,,,,,,,,,,,,,,,,,,,,,,,,,,,,,,,,,,,,,,,,,,,,,,,,,,,,,,,,,,,
,,,,,,,,,,,,,,,,,,,,,,,,,,,,,,,,,,,,,,,,,,,,,,,,,,,,,,,,,,,,,,,,,,,,,,,,,,,,,,,,,,,,,,,,,,,,,,,,,,,,,,,,,,,,,,,,,,,,,,,,,,,,,,,,,,,,,,,,,,,,,,,,,,,,,,,,,,,,,,,,,,,,,,,,,,,,,,,,,,,,,,,,,,,,,,,,,,,,,,,,,,,,,,,,,,,,,,,,,,,,,,,,,,,,,,,,,,,,,,,,,,,,,,,,,,,,,,,,,,,,,,,,,,,,,,,,,,,,,,,,,,,,,,,,,,,,,,,,,,,,,,,,,,,,,,,,,,,,,,,,,,,,,,,,,,,,,,,,,,,,,,,,,,,,,,,,,,,,,,,,,,,,,,,,,,,,,,,,,,,,,,,,,,,,,,,,,,,,,,,,,,,,,,,,,,,,,,,,,,,,,,,,,,,,,,,,,,,,,,,,,,,,,,,,,,,,,,,,,,,,,,,,,,,,,,,,,,,,,,,,,,,,,,,,,,,,,,,,,,,,,,,,,,,,,,,,,,,,,,,,,,,,,,,,,,,,,,,,,,,,,,,,,,,,,,,,,,,,,,,,,,,,,,,,,,,,,,,,,,,,,,,,,,,,,,,,,,,,,,,,,,,,,,,,,,,,,,,,,,,,,,,,,,,,,,,,,,,,,,,,,,,,,,,,,,,,,,,,,,,,,,,,,,,,,,,,,,,,,,,,,,,,,,,,,,,,,,,,,,,,,,,,,,,,,,,,,,,,,,,,,,,,,,,,,,,,,,,,,,,,,,,,,,,,,,,,,,,,,,,,,,,,,,,,,,,,,,,,,,,,,,,,,,,,,,,,,,,,,,,,,,,,,,,,,,,,,,,,,,,,,,,,,,,,,,,,,,,,,,,,,,,,,,,,,,,,,,,,,,,,,,,,,,,,,,,,,,,,,,,,,,,,,,,,,,,,,,,,,,,,,,,,,,,,,,,,,,,,,,,,,,,,,,,,,,,,,,,,,,,,,,,,,,,,,,,,,,,,,,,,,,,,,,,,,,,,,,,,,,,,,,,,,,,,,,,,,,,,,,,,,,,,,,,,,,,,,,,,,,,,,,,,,,,,,,,,,,,,,,,,,,,,,,,,,,,,,,,,,,,,,,,,,,,,,,,,,,,,,,,,,,,,,,,,,,,,,,,,,,,,,,,,,,,,,,,,,,,,,,,,,,,,,,,,,,,,,,,,,,,,,,,,,,,,,,,,,,,,,,,,,,,,,,,,,,,,,,,,,,,,,,,,,,,,,,,,,,,,,,,,,,,,,,,,,,,,,,,,,,,,,,,,,,,,,,,,,,,,,,,,,,,,,,,,,,,,,,,,,,,,,,,,,,,,,,,,,,,,,,,,,,,,,,,,,,,,,,,,,,,,,,,,,,,,,,,,,,,,,,,,,,,,,,,,,,,,,,,,,,,,,,,,,,,,,,,,,,,,,,,,,,,,,,,,,,,,,,,,,,,,,,,,,,,,,,,,,,,,,,,,,,,,,,,,,,,,,,,,,,,,,,,,,,,,,,,,,,,,,,,,,,,,,,,,,,,,,,,,,,,,,,,,,,,,,,,,,,,,,,,,,,,,,,,,,,,,,,,,,,,,,,,,,,,,,,,,,,,,,,,,,,,,,,,,,,,,,,,,,,,,,,,,,,,,,,,,,,,,,,,,,,,,,,,,,,,,,,,,,,,,,,,,,,,,,,,,,,,,,,,,,,,,,,,,,,,,,,,,,,,,,,,,,,,,,,,,,,,,,,,,,,,,,,,,,,,,,,,,,,,,,,,,,,,,,,,,,,,,,,,,,,,,,,,,,,,,,,,,,,,,,,,,,,,,,,,,,,,,,,,,,,,,,,,,,,,,,,,,,,,,,,,,,,,,,,,,,,,,,,,,,,,,,,,,,,,,,,,,,,,,,,,,,,,,,,,,,,,,,,,,,,,,,,,,,,,,,,,,,,,,,,,,,,,,,,,,,,,,,,,,,,,,,,,,,,,,,,,,,,,,,,,,,,,,,,,,,,,,,,,,,,,,,,,,,,,,,,,,,,,,,,,,,,,,,,,,,,,,,,,,,,,,,,,,,,,,,,,,,,,,,,,,,,,,,,,,,,,,,,,,,,,,,,,,,,,,,,,,,,,,,,,,,,,,,,,,,,,,,,,,,,,,,,,,,,,,,,,,,,,,,,,,,,,,,,,,,,,,,,,,,,,,,,,
,,,,,,,,,,,,,,,,,,,,,,,,,,,,,,,,,,,,,,,,,,,,,,,,,,,,,,,,,,,,,,,,,,,,,,,,,,,,,,,,,,,,,,,,,,,,,,,,,,,,,,,,,,,,,,,,,,,,,,,,,,,,,,,,,,,,,,,,,,,,,,,,,,,,,,,,,,,,,,,,,,,,,,,,,,,,,,,,,,,,,,,,,,,,,,,,,,,,,,,,,,,,,,,,,,,,,,,,,,,,,,,,,,,,,,,,,,,,,,,,,,,,,,,,,,,,,,,,,,,,,,,,,,,,,,,,,,,,,,,,,,,,,,,,,,,,,,,,,,,,,,,,,,,,,,,,,,,,,,,,,,,,,,,,,,,,,,,,,,,,,,,,,,,,,,,,,,,,,,,,,,,,,,,,,,,,,,,,,,,,,,,,,,,,,,,,,,,,,,,,,,,,,,,,,,,,,,,,,,,,,,,,,,,,,,,,,,,,,,,,,,,,,,,,,,,,,,,,,,,,,,,,,,,,,,,,,,,,,,,,,,,,,,,,,,,,,,,,,,,,,,,,,,,,,,,,,,,,,,,,,,,,,,,,,,,,,,,,,,,,,,,,,,,,,,,,,,,,,,,,,,,,,,,,,,,,,,,,,,,,,,,,,,,,,,,,,,,,,,,,,,,,,,,,,,,,,,,,,,,,,,,,,,,,,,,,,,,,,,,,,,,,,,,,,,,,,,,,,,,,,,,,,,,,,,,,,,,,,,,,,,,,,,,,,,,,,,,,,,,,,,,,,,,,,,,,,,,,,,,,,,,,,,,,,,,,,,,,,,,,,,,,,,,,,,,,,,,,,,,,,,,,,,,,,,,,,,,,,,,,,,,,,,,,,,,,,,,,,,,,,,,,,,,,,,,,,,,,,,,,,,,,,,,,,,,,,,,,,,,,,,,,,,,,,,,,,,,,,,,,,,,,,,,,,,,,,,,,,,,,,,,,,,,,,,,,,,,,,,,,,,,,,,,,,,,,,,,,,,,,,,,,,,,,,,,,,,,,,,,,,,,,,,,,,,,,,,,,,,,,,,,,,,,,,,,,,,,,,,,,,,,,,,,,,,,,,,,,,,,,,,,,,,,,,,,,,,,,,,,,,,,,,,,,,,,,,,,,,,,,,,,,,,,,,,,,,,,,,,,,,,,,,,,,,,,,,,,,,,,,,,,,,,,,,,,,,,,,,,,,,,,,,,,,,,,,,,,,,,,,,,,,,,,,,,,,,,,,,,,,,,,,,,,,,,,,,,,,,,,,,,,,,,,,,,,,,,,,,,,,,,,,,,,,,,,,,,,,,,,,,,,,,,,,,,,,,,,,,,,,,,,,,,,,,,,,,,,,,,,,,,,,,,,,,,,,,,,,,,,,,,,,,,,,,,,,,,,,,,,,,,,,,,,,,,,,,,,,,,,,,,,,,,,,,,,,,,,,,,,,,,,,,,,,,,,,,,,,,,,,,,,,,,,,,,,,,,,,,,,,,,,,,,,,,,,,,,,,,,,,,,,,,,,,,,,,,,,,,,,,,,,,,,,,,,,,,,,,,,,,,,,,,,,,,,,,,,,,,,,,,,,,,,,,,,,,,,,,,,,,,,,,,,,,,,,,,,,,,,,,,,,,,,,,,,,,,,,,,,,,,,,,,,,,,,,,,,,,,,,,,,,,,,,,,,,,,,,,,,,,,,,,,,,,,,,,,,,,,,,,,,,,,,,,,,,,,,,,,,,,,,,,,,,,,,,,,,,,,,,,,,,,,,,,,,,,,,,,,,,,,,,,,,,,,,,,,,,,,,,,,,,,,,,,,,,,,,,,,,,,,,,,,,,,,,,,,,,,,,,,,,,,,,,,,,,,,,,,,,,,,,,,,,,,,,,,,,,,,,,,,,,,,,,,,,,,,,,,,,,,,,,,,,,,,,,,,,,,,,,,,,,,,,,,,,,,,,,,,,,,,,,,,,,,,,,,,,,,,,,,,,,,,,,,,,,,,,,,,,,,,,,,,,,,,,,,,,,,,,,,,,,,,,,,,,,,,,,,,,,,,,,,,,,,,,,,,,,,,,,,,,,,,,,,,,,,,,,,,,,,,,,,,,,,,,,,,,,,,,,,,,,,,,,,,,,,,,,,,,,,,,,,,,,,,,,,,,,,,,,,,,,,,,,,,,,,,,,,,,,,,,,,,,,,,,,,,,,,,,,,,,,,,,,,,,,,,,,,,,,,,,,,,,,,,,,,,,,,,,,,,,,,,,,
3417,3219,2555,2339,2283,2342,2180,2186,1989,2186,2180,2342,2283,2339,2555,3219,3702,3477,2544,2256,2364,2378,2395,2275,2331,2304,2253,2293,2146,2361,2569,3486,4072,3853,2812,2300,2422,2413,2475,2346,2342,2292,2219,2298,2289,2461,2675,3849,4206,3985,2921,2379,2487,2395,2424,2235,2316,2225,2296,2338,2317,2499,2836,3984,4020,3801,2722,2271,2377,2160,2253,2211,2313,2181,2253,2222,2297,2433,2739,3801,3629,3411,2464,2281,2321,2275,2200,2209,2354,2218,2224,2302,2372,2259,2550,3414,3422,3198,2394,2390,2435,2435,2282,2343,2426,2198,2199,2260,2406,2313,2387,3211,3227,3013,2270,2358,2429,2351,2300,2387,2401,2331,2259,2325,2392,2428,2439,2993,3109,2867,2296,2399,2329,2210,2299,2277,2250,2316,2394,2363,2301,2416,2350,2897,3057,2874,2415,2314,2303,2368,2354,2372,2310,2250,2238,2323,2299,2301,2304,2829,2971,2694,2501,2304,2304,2399,2360,2546,2364,2456,2314,2233,2291,2233,2528,2827,3235,3129,3212,2796,3045,2469,3073,3043,3111,3030,3059,2957,2913,2806,3372,3481,4235,3987,3720,3698,3825,3603,3803,4013,3997,3900,3698,3323,3593,3475,4038,4091,4477,4321,3986,4045,4086,3904,4068,4283,4267,4168,4038,3855,3723,3999,4249,4231,4390,4298,4054,4055,4023,3737,3986,4173,4210,4077,4084,3943,3812,4053,4157,4272,4466,4312,3807,3790,3673,3434,3683,3849,3961,3809,3840,3736,3650,3729,3743,4218,4527,4323,3385,3316,3248,3173,3415,3432,3491,3536,3492,3430,3223,3061,3130,4282,4442,4224,3187,3138,3034,3086,3014,3370,3526,3356,3159,3166,3162,3013,3060,4222,4248,3988,3070,3362,3186,3074,3171,3633,3653,3498,3142,3303,3193,3233,2959,4023,3974,3778,3121,3263,3252,3126,3167,3531,3650,3420,3041,3288,3206,3181,3163,3790,3912,3680,3075,3017,3248,3147,3148,3554,3589,3378,3125,3182,3112,3105,3089,3688,4496,4285,3206,3335,3433,3329,3225,3590,3786,3557,3264,3357,3373,3278,3086,4252,4630,4425,3204,3268,3402,3380,3226,3736,3921,3674,3055,3285,3391,3406,3073,4375,4432,4225,3184,3140,3188,3190,3116,3571,3766,3575,2890,3014,3230,3218,2970,4170,3911,3718,2970,2940,2951,2966,2731,3223,3439,3273,2861,2838,2899,2823,3056,3627,3775,3495,2718,2937,2753,2750,2737,3036,3207,3072,2840,2673,2647,2672,3034,3629,3832,3607,2763,2745,2656,2609,2703,3028,3028,3025,2776,2593,2553,2613,2751,3644,3713,3516,2703,2632,2637,2565,2722,2934,2976,2913,2501,2561,2546,2522,2663,3480,3393,3206,2469,2609,2526,2533,2567,2648,2570,2562,2560,2538,2473,2449,2616,3109,3496,3269,2346,2523,2408,2330,2651,2799,2801,2691,2508,2437,2376,2395,2575,3257,3625,3391,2529,2546,2505,2513,2725,2880,2883,2728,2477,2527,2390,2529,2675,3408,3497,3252,2551,2521,2539,2478,2687,2767,2903,2695,2415,2574,2548,2517,2596,3286,3184,2936,2410,2327,2471,2512,2323,2517,2616,2565,2532,2380,2469,2431,2318,2989,3163,2835,2461,2278,2295,2552,2505,2778,2805,2508,2449,2358,2378,2303,2616,3078,3222,2866,2493,2197,2328,2606,2541,2759,2705,2743,2487,2308,2275,2386,2640,3105,3158,2890,2416,2303,2242,2435,2392,2553,2647,2524,2211,2292,2228,2308,2557,3009,3040,2844,2548,2446,2366,2254,2263,2448,2452,2244,2187,2322,2317,2355,2314,2796,3002,2782,2525,2508,2424,2295,2380,2507,2484,2352,2345,2391,2425,2393,2310,2819,3050,2756,2335,2406,2453,2432,2502,2544,2556,2481,2425,2450,2527,2518,2516,2885,2893,2747,2369,2454,2303,2384,2430,2519,2622,2523,2502,2423,2471,2431,2501,2693,2812,2670,2463,2520,2472,2433,2344,2275,2594,2399,2385,2272,2296,2313,2339,2657,2666,2544,2450,2456,2421,2421,2367,2510,2625,2555,2390,2231,2423,2299,2170,2503,2992,2798,2550,2454,2401,2421,2570,2713,2734,2682,2481,2423,2485,2409,2450,2824,2900,2724,2550,2401,2386,2416,2554,2671,2565,2553,2511,2340,2402,2448,2494,2717,2842,2630,2364,2380,2429,2345,2444,2463,2548,2517,2419,2340,2359,2401,2367,2691,2891,2696,2363,2469,2526,2405,2492,2457,2569,2520,2476,2330,2375,2422,2364,2657,2959,2774,2476,2452,2399,2440,2567,2642,2657,2628,2440,2478,2484,2379,2359,2718,2933,2789,2464,2451,2348,2375,2508,2632,2699,2536,2462,2473,2491,2484,2396,2728,2842,2707,2410,2458,2396,2243,2350,2438,2595,2588,2386,2434,2501,2412,2416,2706,2751,2603,2351,2272,2479,2398,2320,2493,2575,2473,2217,2461,2499,2415,2445,2637,2840,2566,2220,2341,2400,2405,2428,2465,2495,2402,2529,2426,2375,2455,2337,2635,2930,2654,2363,2317,2325,2510,2473,2328,2566,2372,2542,2439,2370,2458,2395,2782,3326,3108,2405,2176,2322,2464,2355,2502,2699,2549,2384,2369,2373,2287,2368,3098,3570,3343,2413,2246,2274,2355,2314,2548,2725,2517,2337,2288,2319,2328,2523,3360,3505,3273,2255,2243,2378,2383,2348,2465,2555,2302,2290,2270,2341,2374,2401,3280,3149,2935,2342,2357,2376,2277,2365,2341,2273,2356,2317,2180,2196,2434,2394,2875,2823,2646,2425,2427,2374,2334,2400,2421,2327,2323,2297,2267,2340,2307,2389,2593,2507,2447,2345,2371,2381,2319,2406,2411,2291,2327,2212,2233,2381,2356,2293,2333,2705,2484,2093,2333,2312,2289,2436,2416,2418,2348,2358,2379,2305,2288,2317,2502,2799,2622,2173,2194,2189,2236,2394,2362,2358,2464,2318,2430,2374,2420,2348,2614,2862,2556,2324,2443,2256,2367,2423,2479,2547,2559,2390,2574,2385,2458,2315,2700,3056,2864,2218,2441,2394,2444,2527,2446,2621,2608,2468,2574,2309,2304,2359,2811,3935,3710,2517,2340,2338,2399,2428,2348,2318,2343,2388,2400,2375,2260,2678,3717,4423,4197,3031,2732,2412,2558,2390,2838,2975,2692,2479,2572,2681,2553,3015,4196,4545,4325,3101,2854,2823,2838,2875,3238,3358,3173,2780,2939,2982,2834,3012,4316,4204,3991,3016,2813,2806,2826,2982,3360,3465,3261,2932,2996,2989,2866,2914,3967,4166,3943,2835,2816,2791,2739,2872,3224,3267,2899,2801,2648,2644,2663,2623,3932,3716,3490,2404,2396,2554,2517,2593,2804,2930,2697,2455,2514,2458,2566,2602,3515,3463,3243,2334,2475,2581,2444,2515,2581,2697,2617,2494,2483,2449,2406,2605,3250,3417,3236,2332,2366,2397,2329,2427,2618,2720,2628,2481,2434,2478,2342,2587,3172,3401,3189,2438,2438,2298,2402,2387,2502,2609,2518,2477,2506,2486,2289,2484,3196,3216,3011,2431,2381,2260,2353,2494,2514,2545,2423,2365,2449,2412,2339,2363,2980,3065,2921,2357,2359,2322,2304,2492,2510,2595,2515,2377,2282,2330,2358,2285,2905,2943,2688,2316,2369,2398,2138,2402,2445,2449,2370,2416,2193,1978,2317,2383,2695,2873,2658,2276,2344,2354,2263,2355,2446,2440,2395,2308,2283,2291,2277,2442,2683,2878,2714,2210,2260,2250,2325,2379,2461,2524,2431,2381,2422,2411,2472,2466,2648,3102,2871,2216,2289,2525,2460,2452,2577,2540,2514,2280,2399,2363,2340,2469,2887,3463,3235,2307,2428,2569,2269,2544,2645,2620,2540,2304,2427,2252,2470,2495,3234,3681,3454,2423,2331,2404,2397,2378,2454,2535,2546,2475,2451,2339,2528,2550,3451,3628,3398,2315,2328,2392,2431,2426,2420,2504,2508,2437,2308,2308,2446,2294,3408,3519,3291,2290,2238,2213,2247,2380,2434,2497,2369,2420,2315,2304,2407,2376,3305,3391,3167,2288,2394,2297,2305,2438,2419,2405,2444,2345,2427,2268,2410,2452,3178,3332,3140,2339,2424,2358,2392,2422,2443,2569,2523,2306,2391,2293,2316,2409,3106,3049,2879,2478,2422,2278,2405,2325,2688,2685,2590,2501,2389,2488,2416,2343,2804,2854,2674,2423,2439,2378,2473,2462,2644,2706,2619,2464,2421,2500,2382,2428,2671,2890,2718,2235,2357,2452,2394,2420,2571,2563,2536,2456,2336,2456,2335,2474,2612,3046,2861,2358,2281,2398,2316,2380,2505,2428,2506,2365,2298,2370,2314,2526,2871,3132,2895,2320,2307,2356,2356,2266,2330,2368,2425,2365,2348,2353,2397,2393,2919,2981,2708,2614,2318,2382,2305,2292,2586,2659,2774,2678,2370,2475,2474,2407,2778,3043,2824,2730,2414,2416,2424,2447,2648,2850,2858,2769,2394,2572,2621,2530,2909,3020,2877,2535,2227,2293,2270,2457,2411,2625,2635,2516,2430,2487,2555,2518,2843,3096,2905,2197,2365,2304,2324,2418,2363,2472,2433,2281,2247,2432,2360,2392,2865,2949,2689,2498,2561,2399,2385,2449,2681,2750,2519,2412,2331,2446,2417,2387,2789,3165,2939,2473,2557,2317,2395,2421,2698,2797,2418,2448,2433,2404,2417,2475,2918,3153,2955,2419,2437,2393,2310,2367,2607,2738,2483,2341,2432,2461,2351,2450,2958,3056,2852,2214,2483,2482,2411,2312,2508,2600,2560,2295,2338,2441,2458,2343,2836,3007,2804,2349,2576,2573,2459,2294,2484,2658,2597,2245,2154,2437,2420,2390,2713,3082,2873,2379,2564,2468,2496,2466,2582,2783,2589,2404,2228,2426,2551,2449,2847,3264,3043,2372,2452,2302,2333,2414,2540,2571,2452,2467,2302,2218,2466,2617,3062,3218,2978,2309,2374,2160,2359,2263,2478,2584,2444,2311,2292,2235,2490,2517,3042,3024,2834,2455,2372,2183,2331,2326,2459,2552,2509,2446,2319,2368,2374,2462,2800,2918,2766,2443,2340,2143,2219,2426,2391,2393,2375,2388,2241,2254,2394,2385,2668,2680,2607,2420,2394,2288,2481,2444,2427,2554,2342,2360,2347,2364,2441,2379,2585,2946,2791,2393,2433,2324,2444,2300,2261,2472,2353,2370,2449,2325,2362,2416,2778,3228,3024,2406,2346,2219,2295,2271,2304,2224,2207,2286,2380,2272,2290,2407,3019,3071,2893,2455,2290,2246,2357,2318,2291,2269,2292,2260,2264,2242,2378,2288,2826,2991,2797,2372,2257,2311,2377,2451,2458,2455,2435,2268,2307,2230,2369,2332,2767,3529,3310,2362,2312,2359,2372,2375,2573,2737,2413,2274,2243,2321,2366,2492,3313,3670,3453,2590,2384,2372,2426,2307,2751,2887,2587,2334,2402,2446,2276,2489,3437,3560,3340,2413,2384,2507,2497,2395,2622,2750,2529,2442,2429,2464,2376,2299,3326,3705,3487,2442,2341,2340,2336,2260,2483,2669,2502,2332,2323,2416,2456,2341,3477,4017,3797,2648,2473,2362,2257,2319,2570,2682,2448,2182,2353,2356,2603,2460,3781,4041,3821,2701,2612,2427,2382,2428,2537,2458,2149,2368,2315,2197,2547,2333,3806,3861,3645,2623,2561,2510,2453,2249,2512,2586,2333,2301,2128,2063,2238,2475,3630,3501,3278,2433,2483,2419,2379,2359,2281,2359,2366,2341,2292,2181,2115,2385,3284,3176,2928,2343,2319,2303,2323,2396,2188,2257,2308,2280,2333,2195,2183,2285,2992,2999,2732,2419,2318,2426,2389,2257,2249,2306,2395,2269,2353,2274,2201,2330,2820,2813,2625,2385,2282,2358,2382,2307,2324,2438,2395,2337,2245,2160,2220,2309,2589,2818,2649,2215,2255,2252,2420,2311,2312,2423,2288,2339,2189,2226,2218,2164,2583,2716,2569,2168,2079,2210,2287,2215,2283,2279,2258,2186,2293,2245,2313,2193,2478,2783,2589,2241,2174,2160,2302,2284,2245,2270,2219,2327,2302,2345,2401,2287,2555,3081,2888,2261,2307,2113,2305,2395,2368,2436,2280,2087,2189,2287,2403,2304,2818,3307,3093,2237,2204,2239,2261,2244,2228,2353,2234,1957,2111,2279,2324,1910,3065,3275,3052,2153,2195,2151,2154,2155,2190,2168,2152,2106,2019,2196,2111,2086,3047,3034,2796,1872,2015,1858,2159,1963,2155,2211,2160,2116,1973,2145,2125,2134,2808,2519,2275,1869,1931,1931,2098,2151,2165,2121,1883,2099,1928,2075,2066,2048,2361,2582,2369,1971,1901,1878,2032,2042,2188,2226,2314,2202,2025,2018,2099,1966,2399,2518,2402,2062,2031,1885,2102,2106,2210,2359,2335,2062,2020,1991,1978,2014,2368
,,,,,,,,,,,,,,,,,,,,,,,,,,,,,,,,,,,,,,,,,,,,,,,,,,,,,,,,,,,,,,,,,,,,,,,,,,,,,,,,,,,,,,,,,,,,,,,,,,,,,,,,,,,,,,,,,,,,,,,,,,,,,,,,,,,,,,,,,,,,,,,,,,,,,,,,,,,,,,,,,,,,,,,,,,,,,,,,,,,,,,,,,,,,,,,,,,,,,,,,,,,,,,,,,,,,,,,,,,,,,,,,,,,,,,,,,,,,,,,,,,,,,,,,,,,,,,,,,,,,,,,,,,,,,,,,,,,,,,,,,,,,,,,,,,,,,,,,,,,,,,,,,,,,,,,,,,,,,,,,,,,,,,,,,,,,,,,,,,,,,,,,,,,,,,,,,,,,,,,,,,,,,,,,,,,,,,,,,,,,,,,,,,,,,,,,,,,,,,,,,,,,,,,,,,,,,,,,,,,,,,,,,,,,,,,,,,,,,,,,,,,,,,,,,,,,,,,,,,,,,,,,,,,,,,,,,,,,,,,,,,,,,,,,,,,,,,,,,,,,,,,,,,,,,,,,,,,,,,,,,,,,,,,,,,,,,,,,,,,,,,,,,,,,,,,,,,,,,,,,,,,,,,,,,,,,,,,,,,,,,,,,,,,,,,,,,,,,,,,,,,,,,,,,,,,,,,,,,,,,,,,,,,,,,,,,,,,,,,,,,,,,,,,,,,,,,,,,,,,,,,,,,,,,,,,,,,,,,,,,,,,,,,,,,,,,,,,,,,,,,,,,,,,,,,,,,,,,,,,,,,,,,,,,,,,,,,,,,,,,,,,,,,,,,,,,,,,,,,,,,,,,,,,,,,,,,,,,,,,,,,,,,,,,,,,,,,,,,,,,,,,,,,,,,,,,,,,,,,,,,,,,,,,,,,,,,,,,,,,,,,,,,,,,,,,,,,,,,,,,,,,,,,,,,,,,,,,,,,,,,,,,,,,,,,,,,,,,,,,,,,,,,,,,,,,,,,,,,,,,,,,,,,,,,,,,,,,,,,,,,,,,,,,,,,,,,,,,,,,,,,,,,,,,,,,,,,,,,,,,,,,,,,,,,,,,,,,,,,,,,,,,,,,,,,,,,,,,,,,,,,,,,,,,,,,,,,,,,,,,,,,,,,,,,,,,,,,,,,,,,,,,,,,,,,,,,,,,,,,,,,,,,,,,,,,,,,,,,,,,,,,,,,,,,,,,,,,,,,,,,,,,,,,,,,,,,,,,,,,,,,,,,,,,,,,,,,,,,,,,,,,,,,,,,,,,,,,,,,,,,,,,,,,,,,,,,,,,,,,,,,,,,,,,,,,,,,,,,,,,,,,,,,,,,,,,,,,,,,,,,,,,,,,,,,,,,,,,,,,,,,,,,,,,,,,,,,,,,,,,,,,,,,,,,,,,,,,,,,,,,,,,,,,,,,,,,,,,,,,,,,,,,,,,,,,,,,,,,,,,,,,,,,,,,,,,,,,,,,,,,,,,,,,,,,,,,,,,,,,,,,,,,,,,,,,,,,,,,,,,,,,,,,,,,,,,,,,,,,,,,,,,,,,,,,,,,,,,,,,,,,,,,,,,,,,,,,,,,,,,,,,,,,,,,,,,,,,,,,,,,,,,,,,,,,,,,,,,,,,,,,,,,,,,,,,,,,,,,,,,,,,,,,,,,,,,,,,,,,,,,,,,,,,,,,,,,,,,,,,,,,,,,,,,,,,,,,,,,,,,,,,,,,,,,,,,,,,,,,,,,,,,,,,,,,,,,,,,,,,,,,,,,,,,,,,,,,,,,,,,,,,,,,,,,,,,,,,,,,,,,,,,,,,,,,,,,,,,,,,,,,,,,,,,,,,,,,,,,,,,,,,,,,,,,,,,,,,,,,,,,,,,,,,,,,,,,,,,,,,,,,,,,,,,,,,,,,,,,,,,,,,,,,,,,,,,,,,,,,,,,,,,,,,,,,,,,,,,,,,,,,,,,,,,,,,,,,,,,,,,,,,,,,,,,,,,,,,,,,,,,,,,,,,,,,,,,,,,,,,,,,,,,,,,,,,,,,,,,,,,,,,,,,,,,,,,,,,,,,,,,,,,,,,,,,,,,,,,,,,,,,,,,,,,,,,,,,,,,,,,,,,,,,,,,,,,,,,,,,,,,,,,,,,,,,,,,,,,,,,,,,,,,,,,,,,,,,,,,,,,,,,,,,,,,,,,,,,,,,,,,,,,,,,,,,,,,,,,,,,,,,,,,,,
,,,,,,,,,,,,,,,,,,,,,,,,,,,,,,,,,,,,,,,,,,,,,,,,,,,,,,,,,,,,,,,,,,,,,,,,,,,,,,,,,,,,,,,,,,,,,,,,,,,,,,,,,,,,,,,,,,,,,,,,,,,,,,,,,,,,,,,,,,,,,,,,,,,,,,,,,,,,,,,,,,,,,,,,,,,,,,,,,,,,,,,,,,,,,,,,,,,,,,,,,,,,,,,,,,,,,,,,,,,,,,,,,,,,,,,,,,,,,,,,,,,,,,,,,,,,,,,,,,,,,,,,,,,,,,,,,,,,,,,,,,,,,,,,,,,,,,,,,,,,,,,,,,,,,,,,,,,,,,,,,,,,,,,,,,,,,,,,,,,,,,,,,,,,,,,,,,,,,,,,,,,,,,,,,,,,,,,,,,,,,,,,,,,,,,,,,,,,,,,,,,,,,,,,,,,,,,,,,,,,,,,,,,,,,,,,,,,,,,,,,,,,,,,,,,,,,,,,,,,,,,,,,,,,,,,,,,,,,,,,,,,,,,,,,,,,,,,,,,,,,,,,,,,,,,,,,,,,,,,,,,,,,,,,,,,,,,,,,,,,,,,,,,,,,,,,,,,,,,,,,,,,,,,,,,,,,,,,,,,,,,,,,,,,,,,,,,,,,,,,,,,,,,,,,,,,,,,,,,,,,,,,,,,,,,,,,,,,,,,,,,,,,,,,,,,,,,,,,,,,,,,,,,,,,,,,,,,,,,,,,,,,,,,,,,,,,,,,,,,,,,,,,,,,,,,,,,,,,,,,,,,,,,,,,,,,,,,,,,,,,,,,,,,,,,,,,,,,,,,,,,,,,,,,,,,,,,,,,,,,,,,,,,,,,,,,,,,,,,,,,,,,,,,,,,,,,,,,,,,,,,,,,,,,,,,,,,,,,,,,,,,,,,,,,,,,,,,,,,,,,,,,,,,,,,,,,,,,,,,,,,,,,,,,,,,,,,,,,,,,,,,,,,,,,,,,,,,,,,,,,,,,,,,,,,,,,,,,,,,,,,,,,,,,,,,,,,,,,,,,,,,,,,,,,,,,,,,,,,,,,,,,,,,,,,,,,,,,,,,,,,,,,,,,,,,,,,,,,,,,,,,,,,,,,,,,,,,,,,,,,,,,,,,,,,,,,,,,,,,,,,,,,,,,,,,,,,,,,,,,,,,,,,,,,,,,,,,,,,,,,,,,,,,,,,,,,,,,,,,,,,,,,,,,,,,,,,,,,,,,,,,,,,,,,,,,,,,,,,,,,,,,,,,,,,,,,,,,,,,,,,,,,,,,,,,,,,,,,,,,,,,,,,,,,,,,,,,,,,,,,,,,,,,,,,,,,,,,,,,,,,,,,,,,,,,,,,,,,,,,,,,,,,,,,,,,,,,,,,,,,,,,,,,,,,,,,,,,,,,,,,,,,,,,,,,,,,,,,,,,,,,,,,,,,,,,,,,,,,,,,,,,,,,,,,,,,,,,,,,,,,,,,,,,,,,,,,,,,,,,,,,,,,,,,,,,,,,,,,,,,,,,,,,,,,,,,,,,,,,,,,,,,,,,,,,,,,,,,,,,,,,,,,,,,,,,,,,,,,,,,,,,,,,,,,,,,,,,,,,,,,,,,,,,,,,,,,,,,,,,,,,,,,,,,,,,,,,,,,,,,,,,,,,,,,,,,,,,,,,,,,,,,,,,,,,,,,,,,,,,,,,,,,,,,,,,,,,,,,,,,,,,,,,,,,,,,,,,,,,,,,,,,,,,,,,,,,,,,,,,,,,,,,,,,,,,,,,,,,,,,,,,,,,,,,,,,,,,,,,,,,,,,,,,,,,,,,,,,,,,,,,,,,,,,,,,,,,,,,,,,,,,,,,,,,,,,,,,,,,,,,,,,,,,,,,,,,,,,,,,,,,,,,,,,,,,,,,,,,,,,,,,,,,,,,,,,,,,,,,,,,,,,,,,,,,,,,,,,,,,,,,,,,,,,,,,,,,,,,,,,,,,,,,,,,,,,,,,,,,,,,,,,,,,,,,,,,,,,,,,,,,,,,,,,,,,,,,,,,,,,,,,,,,,,,,,,,,,,,,,,,,,,,,,,,,,,,,,,,,,,,,,,,,,,,,,,,,,,,,,,,,,,,,,,,,,,,,,,,,,,,,,,,,,,,,,,,,,,,,,,,,,,,,,,,,,,,,,,,,,,,,,,,,,,,,,,,,,,,,,,,,,,,,,,,,,,,,,,,,,,,,,,,,
,,,,,,,,,,,,,,,,,,,,,,,,,,,,,,,,,,,,,,,,,,,,,,,,,,,,,,,,,,,,,,,,,,,,,,,,,,,,,,,,,,,,,,,,,,,,,,,,,,,,,,,,,,,,,,,,,,,,,,,,,,,,,,,,,,,,,,,,,,,,,,,,,,,,,,,,,,,,,,,,,,,,,,,,,,,,,,,,,,,,,,,,,,,,,,,,,,,,,,,,,,,,,,,,,,,,,,,,,,,,,,,,,,,,,,,,,,,,,,,,,,,,,,,,,,,,,,,,,,,,,,,,,,,,,,,,,,,,,,,,,,,,,,,,,,,,,,,,,,,,,,,,,,,,,,,,,,,,,,,,,,,,,,,,,,,,,,,,,,,,,,,,,,,,,,,,,,,,,,,,,,,,,,,,,,,,,,,,,,,,,,,,,,,,,,,,,,,,,,,,,,,,,,,,,,,,,,,,,,,,,,,,,,,,,,,,,,,,,,,,,,,,,,,,,,,,,,,,,,,,,,,,,,,,,,,,,,,,,,,,,,,,,,,,,,,,,,,,,,,,,,,,,,,,,,,,,,,,,,,,,,,,,,,,,,,,,,,,,,,,,,,,,,,,,,,,,,,,,,,,,,,,,,,,,,,,,,,,,,,,,,,,,,,,,,,,,,,,,,,,,,,,,,,,,,,,,,,,,,,,,,,,,,,,,,,,,,,,,,,,,,,,,,,,,,,,,,,,,,,,,,,,,,,,,,,,,,,,,,,,,,,,,,,,,,,,,,,,,,,,,,,,,,,,,,,,,,,,,,,,,,,,,,,,,,,,,,,,,,,,,,,,,,,,,,,,,,,,,,,,,,,,,,,,,,,,,,,,,,,,,,,,,,,,,,,,,,,,,,,,,,,,,,,,,,,,,,,,,,,,,,,,,,,,,,,,,,,,,,,,,,,,,,,,,,,,,,,,,,,,,,,,,,,,,,,,,,,,,,,,,,,,,,,,,,,,,,,,,,,,,,,,,,,,,,,,,,,,,,,,,,,,,,,,,,,,,,,,,,,,,,,,,,,,,,,,,,,,,,,,,,,,,,,,,,,,,,,,,,,,,,,,,,,,,,,,,,,,,,,,,,,,,,,,,,,,,,,,,,,,,,,,,,,,,,,,,,,,,,,,,,,,,,,,,,,,,,,,,,,,,,,,,,,,,,,,,,,,,,,,,,,,,,,,,,,,,,,,,,,,,,,,,,,,,,,,,,,,,,,,,,,,,,,,,,,,,,,,,,,,,,,,,,,,,,,,,,,,,,,,,,,,,,,,,,,,,,,,,,,,,,,,,,,,,,,,,,,,,,,,,,,,,,,,,,,,,,,,,,,,,,,,,,,,,,,,,,,,,,,,,,,,,,,,,,,,,,,,,,,,,,,,,,,,,,,,,,,,,,,,,,,,,,,,,,,,,,,,,,,,,,,,,,,,,,,,,,,,,,,,,,,,,,,,,,,,,,,,,,,,,,,,,,,,,,,,,,,,,,,,,,,,,,,,,,,,,,,,,,,,,,,,,,,,,,,,,,,,,,,,,,,,,,,,,,,,,,,,,,,,,,,,,,,,,,,,,,,,,,,,,,,,,,,,,,,,,,,,,,,,,,,,,,,,,,,,,,,,,,,,,,,,,,,,,,,,,,,,,,,,,,,,,,,,,,,,,,,,,,,,,,,,,,,,,,,,,,,,,,,,,,,,,,,,,,,,,,,,,,,,,,,,,,,,,,,,,,,,,,,,,,,,,,,,,,,,,,,,,,,,,,,,,,,,,,,,,,,,,,,,,,,,,,,,,,,,,,,,,,,,,,,,,,,,,,,,,,,,,,,,,,,,,,,,,,,,,,,,,,,,,,,,,,,,,,,,,,,,,,,,,,,,,,,,,,,,,,,,,,,,,,,,,,,,,,,,,,,,,,,,,,,,,,,,,,,,,,,,,,,,,,,,,,,,,,,,,,,,,,,,,,,,,,,,,,,,,,,,,,,,,,,,,,,,,,,,,,,,,,,,,,,,,,,,,,,,,,,,,,,,,,,,,,,,,,,,,,,,,,,,,,,,,,,,,,,,,,,,,,,,,,,,,,,,,,,,,,,,,,,,,,,,,,,,,,,,,,,,,,,,,,,,,,,,,,,,,,,,,,,,,,,,,,,,,,,,,,,,,,,,,,,,,,,,,,,,,,,,,,,,,,,,,,,,,,,,,,,,,,,,,,,,,,,,,,,,,,,,,,,,,,,,,,,,,,,,,,,,,,,,,,,,,,,
,,,,,,,,,,,,,,,,,,,,,,,,,,,,,,,,,,,,,,,,,,,,,,,,,,,,,,,,,,,,,,,,,,,,,,,,,,,,,,,,,,,,,,,,,,,,,,,,,,,,,,,,,,,,,,,,,,,,,,,,,,,,,,,,,,,,,,,,,,,,,,,,,,,,,,,,,,,,,,,,,,,,,,,,,,,,,,,,,,,,,,,,,,,,,,,,,,,,,,,,,,,,,,,,,,,,,,,,,,,,,,,,,,,,,,,,,,,,,,,,,,,,,,,,,,,,,,,,,,,,,,,,,,,,,,,,,,,,,,,,,,,,,,,,,,,,,,,,,,,,,,,,,,,,,,,,,,,,,,,,,,,,,,,,,,,,,,,,,,,,,,,,,,,,,,,,,,,,,,,,,,,,,,,,,,,,,,,,,,,,,,,,,,,,,,,,,,,,,,,,,,,,,,,,,,,,,,,,,,,,,,,,,,,,,,,,,,,,,,,,,,,,,,,,,,,,,,,,,,,,,,,,,,,,,,,,,,,,,,,,,,,,,,,,,,,,,,,,,,,,,,,,,,,,,,,,,,,,,,,,,,,,,,,,,,,,,,,,,,,,,,,,,,,,,,,,,,,,,,,,,,,,,,,,,,,,,,,,,,,,,,,,,,,,,,,,,,,,,,,,,,,,,,,,,,,,,,,,,,,,,,,,,,,,,,,,,,,,,,,,,,,,,,,,,,,,,,,,,,,,,,,,,,,,,,,,,,,,,,,,,,,,,,,,,,,,,,,,,,,,,,,,,,,,,,,,,,,,,,,,,,,,,,,,,,,,,,,,,,,,,,,,,,,,,,,,,,,,,,,,,,,,,,,,,,,,,,,,,,,,,,,,,,,,,,,,,,,,,,,,,,,,,,,,,,,,,,,,,,,,,,,,,,,,,,,,,,,,,,,,,,,,,,,,,,,,,,,,,,,,,,,,,,,,,,,,,,,,,,,,,,,,,,,,,,,,,,,,,,,,,,,,,,,,,,,,,,,,,,,,,,,,,,,,,,,,,,,,,,,,,,,,,,,,,,,,,,,,,,,,,,,,,,,,,,,,,,,,,,,,,,,,,,,,,,,,,,,,,,,,,,,,,,,,,,,,,,,,,,,,,,,,,,,,,,,,,,,,,,,,,,,,,,,,,,,,,,,,,,,,,,,,,,,,,,,,,,,,,,,,,,,,,,,,,,,,,,,,,,,,,,,,,,,,,,,,,,,,,,,,,,,,,,,,,,,,,,,,,,,,,,,,,,,,,,,,,,,,,,,,,,,,,,,,,,,,,,,,,,,,,,,,,,,,,,,,,,,,,,,,,,,,,,,,,,,,,,,,,,,,,,,,,,,,,,,,,,,,,,,,,,,,,,,,,,,,,,,,,,,,,,,,,,,,,,,,,,,,,,,,,,,,,,,,,,,,,,,,,,,,,,,,,,,,,,,,,,,,,,,,,,,,,,,,,,,,,,,,,,,,,,,,,,,,,,,,,,,,,,,,,,,,,,,,,,,,,,,,,,,,,,,,,,,,,,,,,,,,,,,,,,,,,,,,,,,,,,,,,,,,,,,,,,,,,,,,,,,,,,,,,,,,,,,,,,,,,,,,,,,,,,,,,,,,,,,,,,,,,,,,,,,,,,,,,,,,,,,,,,,,,,,,,,,,,,,,,,,,,,,,,,,,,,,,,,,,,,,,,,,,,,,,,,,,,,,,,,,,,,,,,,,,,,,,,,,,,,,,,,,,,,,,,,,,,,,,,,,,,,,,,,,,,,,,,,,,,,,,,,,,,,,,,,,,,,,,,,,,,,,,,,,,,,,,,,,,,,,,,,,,,,,,,,,,,,,,,,,,,,,,,,,,,,,,,,,,,,,,,,,,,,,,,,,,,,,,,,,,,,,,,,,,,,,,,,,,,,,,,,,,,,,,,,,,,,,,,,,,,,,,,,,,,,,,,,,,,,,,,,,,,,,,,,,,,,,,,,,,,,,,,,,,,,,,,,,,,,,,,,,,,,,,,,,,,,,,,,,,,,,,,,,,,,,,,,,,,,,,,,,,,,,,,,,,,,,,,,,,,,,,,,,,,,,,,,,,,,,,,,,,,,,,,,,,,,,,,,,,,,,,,,,,,,,,,,,,,,,,,,,,,,,,,,,,,,,,,,,,,,,,,,,,,,,,,,,,,,,,,,,,,,,,,,,,,,,,,,,,,,,,,,,,,,,,,,,,,,,,,,,,,,,,,,,,,,,,,,,,,,,,,,,,,,,
,,,,,,,,,,,,,,,,,,,,,,,,,,,,,,,,,,,,,,,,,,,,,,,,,,,,,,,,,,,,,,,,,,,,,,,,,,,,,,,,,,,,,,,,,,,,,,,,,,,,,,,,,,,,,,,,,,,,,,,,,,,,,,,,,,,,,,,,,,,,,,,,,,,,,,,,,,,,,,,,,,,,,,,,,,,,,,,,,,,,,,,,,,,,,,,,,,,,,,,,,,,,,,,,,,,,,,,,,,,,,,,,,,,,,,,,,,,,,,,,,,,,,,,,,,,,,,,,,,,,,,,,,,,,,,,,,,,,,,,,,,,,,,,,,,,,,,,,,,,,,,,,,,,,,,,,,,,,,,,,,,,,,,,,,,,,,,,,,,,,,,,,,,,,,,,,,,,,,,,,,,,,,,,,,,,,,,,,,,,,,,,,,,,,,,,,,,,,,,,,,,,,,,,,,,,,,,,,,,,,,,,,,,,,,,,,,,,,,,,,,,,,,,,,,,,,,,,,,,,,,,,,,,,,,,,,,,,,,,,,,,,,,,,,,,,,,,,,,,,,,,,,,,,,,,,,,,,,,,,,,,,,,,,,,,,,,,,,,,,,,,,,,,,,,,,,,,,,,,,,,,,,,,,,,,,,,,,,,,,,,,,,,,,,,,,,,,,,,,,,,,,,,,,,,,,,,,,,,,,,,,,,,,,,,,,,,,,,,,,,,,,,,,,,,,,,,,,,,,,,,,,,,,,,,,,,,,,,,,,,,,,,,,,,,,,,,,,,,,,,,,,,,,,,,,,,,,,,,,,,,,,,,,,,,,,,,,,,,,,,,,,,,,,,,,,,,,,,,,,,,,,,,,,,,,,,,,,,,,,,,,,,,,,,,,,,,,,,,,,,,,,,,,,,,,,,,,,,,,,,,,,,,,,,,,,,,,,,,,,,,,,,,,,,,,,,,,,,,,,,,,,,,,,,,,,,,,,,,,,,,,,,,,,,,,,,,,,,,,,,,,,,,,,,,,,,,,,,,,,,,,,,,,,,,,,,,,,,,,,,,,,,,,,,,,,,,,,,,,,,,,,,,,,,,,,,,,,,,,,,,,,,,,,,,,,,,,,,,,,,,,,,,,,,,,,,,,,,,,,,,,,,,,,,,,,,,,,,,,,,,,,,,,,,,,,,,,,,,,,,,,,,,,,,,,,,,,,,,,,,,,,,,,,,,,,,,,,,,,,,,,,,,,,,,,,,,,,,,,,,,,,,,,,,,,,,,,,,,,,,,,,,,,,,,,,,,,,,,,,,,,,,,,,,,,,,,,,,,,,,,,,,,,,,,,,,,,,,,,,,,,,,,,,,,,,,,,,,,,,,,,,,,,,,,,,,,,,,,,,,,,,,,,,,,,,,,,,,,,,,,,,,,,,,,,,,,,,,,,,,,,,,,,,,,,,,,,,,,,,,,,,,,,,,,,,,,,,,,,,,,,,,,,,,,,,,,,,,,,,,,,,,,,,,,,,,,,,,,,,,,,,,,,,,,,,,,,,,,,,,,,,,,,,,,,,,,,,,,,,,,,,,,,,,,,,,,,,,,,,,,,,,,,,,,,,,,,,,,,,,,,,,,,,,,,,,,,,,,,,,,,,,,,,,,,,,,,,,,,,,,,,,,,,,,,,,,,,,,,,,,,,,,,,,,,,,,,,,,,,,,,,,,,,,,,,,,,,,,,,,,,,,,,,,,,,,,,,,,,,,,,,,,,,,,,,,,,,,,,,,,,,,,,,,,,,,,,,,,,,,,,,,,,,,,,,,,,,,,,,,,,,,,,,,,,,,,,,,,,,,,,,,,,,,,,,,,,,,,,,,,,,,,,,,,,,,,,,,,,,,,,,,,,,,,,,,,,,,,,,,,,,,,,,,,,,,,,,,,,,,,,,,,,,,,,,,,,,,,,,,,,,,,,,,,,,,,,,,,,,,,,,,,,,,,,,,,,,,,,,,,,,,,,,,,,,,,,,,,,,,,,,,,,,,,,,,,,,,,,,,,,,,,,,,,,,,,,,,,,,,,,,,,,,,,,,,,,,,,,,,,,,,,,,,,,,,,,,,,,,,,,,,,,,,,,,,,,,,,,,,,,,,,,,,,,,,,,,,,,,,,,,,,,,,,,,,,,,,,,,,,,,,,,,,,,,,,,,,,,,,,,,,,,,,,,,,,,,,,,,,,,,,,,,,,,,,,,,,,,,,,,,,,,,,,,,,,,,,,,,,,,,,,,,,,,,,,,,,,,,,,,,,,,,
3372,3236,2566,2468,2437,2506,2397,2299,2247,2299,2397,2506,2437,2468,2566,3236,3698,3466,2491,2466,2340,2292,2288,2310,2341,2319,2300,2376,2369,2344,2461,3475,4072,3849,2712,2503,2356,2310,2156,2081,2303,2284,2197,2096,2424,2406,2718,3851,4206,3981,2815,2542,2277,2307,2261,2062,2209,2288,2329,2179,2432,2453,2856,3985,4017,3793,2670,2515,2229,2269,2403,2232,2156,2229,2279,2209,2282,2367,2739,3799,3639,3426,2506,2370,2198,2294,2386,2359,2251,2224,2259,2331,2309,2317,2538,3424,3411,3181,2353,2408,2310,2278,2336,2331,2229,2272,2225,2285,2399,2413,2345,3194,3211,2990,2321,2350,2308,2390,2318,2259,2270,2299,2334,2312,2298,2326,2282,3001,3134,2929,2387,2399,2369,2408,2307,2263,2360,2373,2291,2330,2324,2293,2318,2933,3065,2877,2327,2319,2244,2271,2203,2215,2269,2398,2284,2297,2315,2212,2289,2856,3007,2844,2439,2253,2256,2272,2341,2543,2593,2514,2387,2414,2079,2246,2481,2660,3350,3346,3044,2920,2857,2944,2993,3286,3250,3230,3152,3059,2755,2962,3195,3360,3932,3589,3741,3430,3678,3645,3703,4043,4015,4006,3733,3803,3659,3320,3858,3862,4372,4152,3992,3961,3941,3919,3895,4278,4314,4293,4045,4024,3990,3931,4110,4064,4445,4301,3915,4013,3894,3869,3811,4134,4239,4228,4034,3871,3952,3961,4033,4255,4414,4245,3722,3726,3608,3487,3496,3620,3755,3810,3723,3437,3572,3643,3714,4198,4525,4304,3350,3245,3198,3038,3004,3222,3507,3538,3186,3286,3299,3183,3319,4299,4460,4241,3246,2875,2940,3017,3190,3447,3590,3477,3126,3066,2866,3122,3408,4244,4269,4009,3402,3179,3171,3312,3514,3690,3762,3628,3287,3193,3174,3368,3505,4078,4027,3763,3410,3161,3151,3226,3469,3629,3621,3481,3209,3028,3114,3237,3445,3824,3854,3672,3199,3076,3015,3193,3144,3771,3916,3688,3315,3098,3093,2851,3028,3687,4520,4287,3398,3243,3285,3362,3287,3935,4119,3921,3487,3252,3217,2769,3446,4320,4687,4451,3420,3181,3255,3202,3203,3761,4020,3878,3415,3002,3141,2999,3591,4489,4507,4262,3077,2956,3013,2959,3154,3637,3686,3559,3058,2879,2890,2973,3381,4313,4032,3776,2827,2726,2850,2827,3031,3323,3411,3240,2965,2798,2838,2767,3111,3847,3801,3549,2694,2593,2627,2579,2995,3144,3233,2943,2884,2753,2857,2642,2968,3639,3873,3633,2638,2634,2532,2588,2937,2922,3077,2997,2737,2826,2712,2621,2948,3690,3750,3513,2609,2611,2609,2511,2634,2786,2995,2980,2736,2800,2556,2668,2923,3570,3439,3198,2460,2585,2528,2262,2469,2773,2939,2750,2646,2700,2520,2701,2817,3259,3491,3241,2431,2474,2493,2527,2595,2857,2959,2791,2637,2438,2482,2561,2678,3296,3601,3360,2303,2626,2452,2712,2683,2806,2877,2767,2594,2519,2460,2632,2750,3407,3465,3226,2223,2584,2369,2623,2666,2608,2699,2682,2554,2614,2583,2550,2645,3279,3123,2878,2439,2372,2306,2159,2521,2506,2524,2442,2288,2447,2387,2469,2446,2944,3220,3055,2375,2559,2598,2374,2412,2616,2827,2712,2287,2347,2410,2552,2507,3025,3315,3159,2417,2569,2579,2459,2349,2709,2914,2764,2509,2313,2239,2596,2529,3088,3213,3070,2329,2446,2281,2398,2308,2556,2798,2758,2492,2307,2196,2393,2245,2937,3113,2925,2393,2318,2298,2291,2314,2598,2652,2651,2561,2419,2270,2177,2284,2881,3010,2836,2292,2364,2381,2374,2457,2502,2619,2533,2386,2421,2394,2301,2292,2689,3060,2864,2308,2358,2501,2422,2306,2661,2779,2534,2277,2314,2331,2310,2310,2778,2972,2760,2396,2370,2439,2427,2357,2734,2854,2617,2288,2241,2288,2245,2215,2770,2868,2685,2405,2426,2500,2428,2494,2688,2721,2535,2286,2217,2189,2303,2265,2678,2699,2526,2322,2451,2473,2367,2389,2573,2721,2553,2292,2324,2267,2400,2363,2550,2865,2707,2369,2282,2451,2275,2266,2499,2616,2597,2332,2437,2250,2400,2454,2672,2829,2602,2213,2276,2225,2473,2398,2533,2687,2529,2415,2395,2374,2447,2380,2637,2870,2702,2335,2156,2352,2405,2273,2493,2512,2417,2307,2394,2341,2277,2316,2697,2817,2636,2247,2316,2416,2295,2249,2384,2423,2227,2337,2461,2354,2175,2366,2698,2865,2638,2481,2431,2409,2359,2228,2609,2590,2404,2453,2432,2329,2278,2364,2581,2910,2692,2531,2441,2307,2392,2440,2638,2616,2454,2391,2418,2143,2359,2258,2655,2741,2635,2447,2295,2315,2346,2337,2618,2695,2513,2353,2386,2194,2282,2228,2587,2732,2570,2337,2204,2332,2285,2299,2595,2726,2556,2386,2310,2170,2203,2379,2665,2705,2427,2355,2280,2349,2384,2427,2502,2719,2615,2451,2251,2226,2328,2456,2641,2736,2633,2394,2057,2332,2326,2438,2432,2570,2562,2395,2230,2262,2276,2409,2600,3170,3017,2385,2288,2390,2364,2352,2409,2344,2365,2369,2261,2346,2338,2414,2946,3557,3322,2320,2351,2309,2341,2418,2520,2542,2364,2259,2267,2392,2322,2425,3336,3515,3293,2432,2333,2302,2204,2335,2435,2569,2429,2259,2266,2487,2501,2381,3281,3198,2986,2372,2299,2338,2372,2349,2278,2506,2398,2216,2287,2491,2464,2325,2958,2796,2589,2338,2330,2447,2486,2365,2392,2502,2485,2273,2363,2393,2447,2423,2628,2648,2527,2315,2342,2421,2379,2256,2391,2449,2486,2399,2434,2390,2269,2214,2484,2672,2532,2248,2298,2307,2283,2248,2301,2276,2399,2449,2455,2258,2285,2158,2475,2706,2562,2288,2289,2226,2386,2350,2242,2199,2351,2372,2352,2201,2313,2384,2547,2939,2667,2269,2390,2462,2512,2511,2767,2819,2582,2380,2234,2309,2282,2384,2782,2945,2681,2309,2363,2486,2542,2606,2867,2926,2735,2475,2379,2442,2358,2345,2709,3938,3717,2576,2358,2415,2510,2465,2691,2789,2632,2308,2452,2497,2394,2688,3720,4426,4201,3125,2622,2606,2558,2522,2844,2941,2609,2370,2270,2552,2701,3080,4205,4553,4333,3275,2761,3009,2856,2861,3236,3311,3137,2797,2716,2888,2943,3212,4336,4170,3950,2942,2853,3083,3035,3003,3317,3360,3204,2915,2971,3046,3010,3057,3922,4171,3952,2966,2700,2897,2999,2960,3184,3057,3154,2799,2878,2897,2912,2858,3943,3662,3446,2502,2412,2520,2681,2569,2715,3015,2980,2538,2532,2580,2632,2541,3440,3447,3231,2534,2397,2528,2493,2405,2528,2723,2686,2448,2451,2441,2342,2435,3212,3414,3218,2396,2343,2432,2348,2378,2591,2755,2632,2495,2364,2338,2235,2514,3249,3400,3188,2499,2191,2293,2328,2429,2488,2705,2579,2369,2164,2283,2375,2446,3182,3193,2961,2345,2412,2405,2274,2393,2532,2602,2445,2328,2299,2449,2456,2282,2955,3128,2951,2394,2361,2322,2093,2340,2351,2567,2388,2193,2333,2436,2431,2428,2902,2971,2796,2441,2279,2022,2315,2316,2246,2530,2485,2354,2402,2371,2403,2336,2760,2870,2625,2303,2226,2154,2211,2222,2351,2405,2349,2138,2269,2257,2238,2341,2666,2904,2651,2269,2345,2351,2184,2057,2424,2437,2422,2340,2312,2248,2380,2402,2629,3083,2861,2216,2421,2363,2257,2368,2608,2589,2389,2352,2183,2328,2432,2569,2898,3485,3254,2303,2313,2216,2324,2497,2703,2527,2292,2282,2360,2269,2361,2608,3277,3697,3467,2419,2263,2374,2368,2412,2631,2714,2510,2281,2296,2414,2351,2569,3478,3640,3412,2571,2457,2403,2373,2431,2561,2625,2424,2261,2332,2409,2387,2504,3419,3512,3282,2535,2449,2445,2475,2354,2398,2394,2381,2294,2362,2369,2386,2454,3291,3389,3144,2454,2375,2432,2420,2366,2302,2504,2145,2280,2331,2349,2369,2281,3173,3291,3035,2432,2237,2290,2345,2327,2604,2665,2344,2416,2374,2301,2365,2371,3102,2924,2795,2447,2322,2208,2322,2437,2659,2612,2418,2210,2266,2322,2318,2426,2754,2948,2784,2390,2274,2211,2409,2366,2567,2578,2538,2271,2359,2413,2401,2364,2789,2997,2816,2331,2334,2242,2363,2428,2564,2562,2414,2433,2230,2474,2442,2369,2769,3094,2844,2445,2361,2405,2512,2393,2503,2555,2555,2441,2091,2354,2272,2211,2925,3068,2914,2384,2407,2493,2419,2456,2523,2603,2612,2400,2418,2424,2394,2250,2916,2986,2899,2647,2389,2425,2424,2629,2833,2906,2913,2696,2587,2625,2583,2448,2927,2821,2811,2710,2442,2393,2605,2878,3009,3019,2935,2681,2529,2656,2592,2610,2915,2945,2780,2628,2441,2386,2542,2755,2894,2888,2753,2459,2507,2572,2464,2516,2811,3019,2712,2403,2450,2396,2475,2344,2535,2608,2421,2264,2285,2457,2469,2376,2833,2934,2654,2515,2431,2369,2331,2408,2695,2869,2654,2410,2408,2389,2454,2436,2727,3267,3037,2442,2468,2439,2179,2458,2743,2835,2660,2560,2443,2217,2435,2466,3068,3288,3082,2242,2396,2299,2205,2238,2606,2594,2494,2438,2310,2394,2273,2269,3060,3131,2912,2287,2235,2364,2408,2395,2361,2292,2204,2452,2458,2375,2276,2356,2910,3145,2841,2352,2246,2344,2422,2355,2478,2648,2547,2467,2437,2319,2425,2432,2997,3161,2824,2380,2251,2236,2227,2379,2600,2865,2716,2597,2431,2488,2524,2510,3002,3216,2992,2335,2304,2312,2246,2301,2512,2758,2554,2446,2412,2458,2363,2378,2999,3215,2962,2196,2200,2301,2292,2006,2518,2675,2544,2244,2283,2252,2188,2131,3000,2895,2693,2316,2364,2349,2344,2251,2352,2575,2523,2360,2312,2302,2300,2318,2658,2785,2591,2316,2298,2291,2284,2237,2447,2549,2483,2412,2439,2453,2388,2379,2527,2413,2483,2341,2292,2244,2215,2233,2478,2523,2391,2398,2488,2514,2381,2356,2454,2952,2733,2132,2186,2275,2261,2294,2332,2340,2386,2255,2515,2517,2346,2141,2781,3225,2974,2193,2338,2287,2279,2246,2288,2323,2327,2097,2478,2485,2347,2365,3015,3072,2831,2315,2370,2151,2198,2168,2276,2333,2352,2287,2356,2440,2393,2364,2855,2997,2787,2385,2266,2334,2189,2224,2342,2270,2229,2157,2243,2261,2245,2351,2801,3531,3282,2422,2279,2386,2319,2260,2472,2391,2447,2460,2381,2433,2276,2390,3330,3685,3434,2484,2206,2498,2466,2386,2552,2728,2459,2454,2410,2418,2393,2481,3481,3567,3327,2443,2254,2377,2481,2324,2436,2733,2477,2583,2348,2311,2309,2357,3361,3718,3504,2542,2359,2347,2382,2357,2384,2405,2373,2398,2382,2318,2347,2479,3506,4027,3812,2795,2451,2284,2483,2431,2486,2664,2481,2302,2433,2303,2391,2768,3808,4048,3825,2778,2417,2410,2527,2353,2391,2697,2577,2162,2189,2177,2432,2735,3822,3863,3641,2533,2396,2276,2281,2223,2349,2611,2498,2334,2310,2347,2297,2619,3639,3494,3280,2401,2352,2111,2304,2380,2237,2361,2457,2333,2250,2349,2309,2453,3270,3143,2957,2371,2388,2374,2447,2372,2165,2326,2456,2427,2338,2381,2265,2337,2911,3023,2866,2293,2301,2323,2354,2237,2299,2352,2345,2336,2367,2296,2291,2149,2772,2802,2527,2148,2058,2273,2270,2303,2438,2398,2219,2245,2296,2134,2210,2179,2635,2829,2616,2250,2169,2155,2099,2176,2409,2448,2219,2262,2218,2272,2360,2276,2634,2805,2591,2258,2162,2180,2180,2191,2228,2316,2201,2182,2234,2273,2200,2291,2603,2803,2596,2220,2108,2049,2043,2249,2300,2375,2220,2182,2215,2229,2173,2251,2588,3067,2855,2206,2100,2110,2159,2209,2274,2373,2225,2026,2186,2187,2200,2264,2858,3301,3097,2248,2154,2211,2157,2068,2286,2266,2169,2111,2017,2039,2252,2285,3070,3248,3027,2198,2179,2278,2111,1992,2200,2306,2203,2045,1971,1975,2171,2216,3001,2999,2786,2132,2200,2199,2156,1919,2137,2050,2168,2166,2000,1997,1989,2081,2772,2546,2316,2117,2146,2035,2073,2118,2151,2097,2090,2034,1871,1778,2044,2133,2358,2512,2357,1889,1923,2104,2115,2010,2020,2247,2163,2028,1911,1973,1944,2019,2307,2614,2468,2020,1859,2154,2055,1925,2227,2435,2385,2068,1981,2032,1981,1831,2401
