3400,3193,2617,2430,2379,2305,2403,2426,2290,2426,2403,2305,2379,2430,2617,3193,3713,3491,2594,2380,2248,2316,2334,2330,2356,2437,2401,2350,2349,2523,2534,3496,4069,3850,2781,2494,2426,2395,2384,2223,2452,2342,2287,2408,2324,2532,2789,3848,4204,3983,2896,2484,2394,2376,2399,2359,2411,2216,2207,2309,2242,2446,2872,3982,4012,3790,2697,2429,2201,2315,2297,2289,2121,2167,2335,2383,2340,2403,2690,3791,3735,3524,2575,2300,2181,2243,2249,2255,2230,2244,2272,2324,2393,2311,2487,3507,3511,3287,2264,2286,2255,2178,2267,2256,2292,2333,2196,2173,2449,2333,2314,3278,3817,3597,2564,2279,2388,2289,2303,2309,2403,2407,2367,2215,2270,2424,2318,3590,4003,3780,2722,2315,2297,2278,2326,2299,2303,2303,2137,2262,2144,2492,2624,3779,3877,3658,2611,2333,2163,2323,2338,2211,2233,2167,2303,2340,2188,2348,2511,3656,3486,3271,2368,2369,2172,2230,2291,2328,2347,2274,2289,2275,2310,2316,2402,3263,3119,2887,2280,2275,2319,2293,2295,2259,2412,2310,2253,2289,2395,2422,2296,2916,3121,2903,2879,2647,2252,2522,2476,2458,2470,2400,2557,2379,2269,2511,2697,2994,3955,3733,3782,3511,3177,3207,3180,3319,3460,3623,3640,3300,3295,3472,3470,3675,4506,4361,4183,4009,3642,3742,3566,3903,4012,4140,4136,3743,3744,4051,4162,4287,4598,4475,4269,4165,4019,4112,4068,4196,4189,4252,4245,3876,3803,4180,4344,4420,4315,4174,4021,3988,3999,4140,4170,4204,4097,4018,4014,3718,3588,3934,4176,4287,4523,4290,3552,3397,3664,3886,3937,3937,3794,3570,3445,3291,3206,3325,3773,4347,4605,4380,3270,2973,3209,3440,3500,3548,3438,3056,3017,2990,2796,3053,3462,4373,4799,4582,3518,3005,3027,2964,2920,3174,3213,2938,2599,2846,2908,3139,3370,4575,4698,4477,3403,2932,2789,2869,2777,2708,2821,2637,2598,2657,2894,2913,3346,4472,4254,4030,2935,2626,2745,2816,2708,2686,2770,2717,2487,2452,2934,2853,2991,4033,3774,3553,2707,2578,2672,2718,2669,2637,2605,2689,2616,2603,2890,2873,2661,3558,3551,3334,2498,2577,2600,2774,2698,2635,2671,2691,2564,2567,2626,2696,2639,3335,3466,3249,2349,2457,2521,2748,2669,2609,2563,2535,2492,2494,2620,2656,2475,3222,3650,3433,2428,2470,2468,2593,2579,2583,2563,2596,2326,2381,2601,2530,2382,3421,3649,3427,2680,2437,2427,2332,2551,2466,2630,2667,2582,2641,2522,2396,2596,3428,3187,3005,2950,2879,2821,2650,2602,2670,2927,2868,2845,2930,2838,2522,2429,3019,3113,2975,3010,2999,2970,2821,2617,2872,3006,2976,2867,2934,2904,2745,2489,2915,2954,2853,2850,2882,2877,2734,2718,2862,2905,2807,2742,2818,2734,2545,2473,2817,2839,2628,2676,2642,2595,2608,2755,2842,2778,2711,2727,2713,2515,2383,2434,2681,2849,2573,2691,2610,2423,2605,2746,2774,2687,2573,2682,2670,2507,2603,2559,2763,2932,2790,2846,2734,2519,2586,2585,2647,2700,2811,2768,2652,2470,2585,2675,2789,2930,2816,2848,2751,2551,2467,2395,2632,2621,2731,2728,2578,2537,2449,2618,2691,2994,2808,2622,2564,2362,2249,2393,2571,2498,2451,2524,2465,2396,2505,2457,2793,3145,2935,2384,2462,2407,2288,2445,2564,2712,2562,2486,2487,2317,2481,2513,2883,3405,3183,2392,2492,2403,2360,2511,2623,2754,2707,2473,2467,2389,2323,2369,3178,3436,3226,2416,2569,2482,2429,2350,2612,2668,2610,2566,2505,2503,2274,2245,3198,3230,3056,2540,2589,2411,2447,2374,2498,2382,2343,2346,2528,2533,2301,2283,2962,3034,2913,2571,2474,2368,2311,2344,2299,2520,2582,2438,2454,2436,2395,2483,2802,2939,2745,2532,2258,2400,2479,2541,2461,2412,2476,2469,2315,2311,2444,2494,2716,3013,2811,2489,2305,2440,2428,2348,2438,2414,2363,2474,2363,2309,2370,2253,2812,3135,2890,2438,2272,2397,2483,2354,2329,2570,2526,2420,2231,2450,2483,2291,2932,3095,2867,2387,2377,2363,2298,2331,2327,2372,2409,2460,2451,2468,2381,2265,2874,2895,2767,2344,2299,2269,2311,2328,2320,2406,2347,2391,2399,2427,2400,2415,2592,2884,2671,2242,2252,2172,2293,2331,2396,2464,2381,2355,2332,2488,2347,2382,2686,2754,2623,2267,2134,2352,2302,2242,2360,2476,2372,2212,2248,2450,2387,2304,2489,2777,2597,2289,2357,2486,2379,2436,2509,2449,2324,2173,2008,2188,2419,2405,2501,2719,2468,2287,2342,2399,2426,2533,2572,2589,2493,2394,2195,2403,2505,2420,2526,2825,2531,2254,2398,2339,2437,2556,2606,2639,2453,2483,2392,2330,2419,2424,2715,2800,2567,2255,2280,2414,2373,2463,2598,2583,2318,2243,2256,2372,2403,2372,2666,2784,2630,2387,2337,2351,2399,2420,2489,2431,2398,2400,2397,2411,2395,2332,2601,2947,2769,2480,2408,2389,2448,2329,2385,2513,2437,2350,2401,2323,2316,2394,2687,2826,2591,2354,2322,2271,2455,2510,2381,2574,2440,2439,2514,2311,2384,2332,2616,2733,2510,2436,2394,2267,2505,2485,2543,2557,2401,2366,2460,2361,2122,2298,2597,2724,2558,2486,2466,2436,2447,2481,2552,2513,2365,2325,2336,2313,2404,2370,2565,2557,2530,2393,2341,2400,2460,2322,2385,2422,2321,2315,2372,2293,2332,2466,2516,2602,2437,2372,2295,2309,2368,2314,2301,2348,2336,2328,2408,2327,2314,2452,2490,2708,2531,2382,2393,2343,2337,2386,2320,2451,2398,2357,2438,2391,2303,2405,2552,2636,2474,2264,2336,2342,2290,2295,2319,2382,2325,2268,2435,2301,2265,2351,2479,2721,2542,2310,2295,2345,2408,2321,2312,2221,2360,2407,2441,2398,2245,2294,2496,2699,2590,2417,2198,2254,2416,2374,2294,2188,2359,2299,2314,2228,2406,2395,2492,2651,2518,2505,2452,2180,2231,2298,2428,2522,2395,2165,2133,2099,2360,2333,2470,3338,3129,2537,2421,2339,2257,2394,2538,2591,2303,2320,2311,2143,2244,2376,3099,3865,3661,2712,2429,2313,2354,2288,2462,2501,2603,2456,2297,2211,2397,2423,3627,4151,3933,2939,2599,2591,2776,2824,2889,2922,2845,2709,2507,2492,2607,2891,3923,4191,3973,2963,2520,2780,2983,3004,3074,3125,2974,2676,2664,2645,2703,3080,3966,4098,3865,2857,2609,2746,2863,2883,2889,3042,2964,2543,2622,2674,2710,3042,3888,4098,3878,2797,2624,2670,2723,2675,2606,2833,2739,2512,2603,2493,2634,2920,3885,3775,3560,2518,2469,2620,2675,2437,2472,2497,2607,2582,2644,2500,2445,2587,3554,3304,3047,2354,2446,2306,2458,2416,2407,2357,2481,2473,2543,2401,2473,2539,3116,3146,2853,2420,2437,2248,2331,2319,2441,2364,2382,2445,2546,2401,2466,2474,2960,2744,2567,2381,2396,2281,2250,2366,2390,2313,2387,2280,2361,2354,2364,2332,2623,2839,2646,2280,2411,2409,2366,2352,2396,2408,2336,2146,2328,2362,2143,2364,2634,2830,2644,2326,2349,2209,2318,2404,2423,2485,2424,2315,2287,2254,2377,2415,2626,2736,2601,2409,2355,2267,2426,2475,2396,2417,2453,2338,2216,2354,2398,2439,2650,2732,2597,2345,2187,2393,2465,2479,2432,2386,2417,2361,2365,2137,2168,2309,2453,2827,2714,2415,2240,2455,2437,2458,2238,2265,2417,2488,2424,2345,2227,2350,2603,2846,2678,2358,2443,2340,2383,2539,2628,2672,2618,2436,2426,2335,2500,2549,2633,2893,2765,2383,2262,2458,2607,2682,2816,2846,2696,2506,2408,2434,2482,2333,2563,3114,2998,2630,2328,2390,2571,2567,2430,2724,2555,2442,2462,2388,2439,2552,2915,3424,3206,2564,2284,2293,2434,2337,2716,2722,2455,2307,2373,2398,2372,2544,3217,3389,3165,2451,2360,2542,2426,2325,2543,2401,2404,2232,2411,2469,2392,2420,3157,3172,2922,2353,2489,2593,2566,2484,2536,2526,2489,2354,2355,2419,2409,2437,2999,2864,2825,2509,2433,2509,2491,2610,2733,2848,2730,2422,2318,2473,2539,2606,2769,2975,2810,2365,2339,2439,2507,2619,2841,2856,2795,2414,2502,2557,2589,2707,2687,2898,2711,2334,2416,2383,2456,2402,2787,2718,2686,2481,2608,2622,2521,2648,2796,3011,2741,2420,2415,2281,2325,2288,2460,2640,2533,2352,2496,2612,2520,2383,2868,3026,2782,2534,2449,2364,2308,2370,2264,2507,2382,2286,2399,2412,2442,2354,2873,3086,2864,2583,2482,2410,2280,2439,2470,2390,2460,2388,2387,2291,2208,2378,2925,3080,2846,2498,2495,2496,2383,2359,2549,2795,2763,2447,2307,2370,2305,2400,2919,3141,2861,2346,2335,2332,2325,2367,2718,2752,2689,2538,2376,2379,2268,2345,2983,3060,2781,2353,2316,2334,2258,2252,2600,2573,2673,2445,2400,2404,2350,2351,2876,2808,2613,2359,2318,2324,2282,2316,2319,2519,2537,2348,2229,2328,2266,2425,2687,2663,2434,2309,2322,2305,2287,2306,2240,2291,2319,2229,2370,2187,2321,2447,2605,2702,2514,2291,2340,2410,2311,2337,2307,2404,2337,2314,2394,2213,2468,2437,2537,2639,2453,2397,2424,2404,2309,2303,2233,2414,2371,2242,2345,2257,2409,2361,2441,2577,2342,2466,2458,2439,2338,2279,2321,2354,2359,2286,2270,2279,2321,2143,2358,2666,2473,2437,2371,2444,2319,2344,2193,2252,2328,2334,2365,2272,2257,2344,2389,2933,2763,2410,2213,2326,2399,2527,2449,2399,2401,2389,2204,2361,2413,2354,2724,3068,2873,2279,2312,2252,2360,2519,2495,2322,2321,2273,2211,2404,2439,2320,2847,3117,2924,2294,2279,2230,2300,2397,2374,2242,2216,2361,2231,2408,2343,2274,2867,3110,2925,2349,2232,2201,2340,2314,2365,2336,2246,2262,2229,2246,2309,2358,2890,2874,2682,2267,2160,2361,2312,2208,2346,2396,2265,2292,2306,2332,2354,2242,2724,2772,2630,2241,2112,2105,2161,2366,2435,2404,2398,2371,2326,2344,2343,2310,2556,2823,2647,2332,2343,2327,2343,2479,2413,2374,2392,2402,2258,2213,2212,2269,2544,2779,2581,2255,2316,2344,2302,2328,2356,2356,2428,2318,2362,2426,2291,2295,2563,3088,2843,2149,2157,2269,2338,2343,2374,2440,2430,2431,2319,2391,2421,2364,2886,3554,3331,2385,2317,2194,2340,2377,2472,2385,2333,2242,2312,2345,2404,2478,3335,3604,3391,2541,2351,2371,2514,2510,2403,2318,2362,2277,2153,2207,2339,2440,3374,3357,3155,2430,2362,2459,2483,2506,2430,2331,2380,2372,2286,2344,2372,2465,3131,3105,2889,2217,2419,2440,2315,2451,2412,2500,2426,2383,2341,2363,2446,2478,2924,3071,2903,2336,2313,2316,2193,2301,2447,2577,2465,2404,2289,2388,2422,2353,2844,3461,3278,2549,2350,2279,2267,2204,2460,2570,2465,2319,2216,2387,2405,2284,3204,3857,3632,2677,2246,2461,2294,2298,2605,2940,2919,2462,2367,2342,2510,2639,3636,4042,3823,2698,2281,2500,2363,2375,2842,3085,3084,2529,2361,2487,2416,2836,3825,3949,3727,2702,2352,2429,2289,2349,2774,3018,2929,2470,2316,2446,2322,2734,3730,3614,3394,2541,2312,2327,2299,2249,2617,2734,2540,2347,2358,2365,2274,2432,3392,3087,2905,2327,2229,2322,2239,2273,2181,2103,2122,2203,2170,2256,2179,2189,2846,3351,3141,2366,2183,2281,2309,2245,2364,2391,2313,2204,2159,2175,2187,2145,3106,3499,3282,2267,2231,2254,2247,2122,2341,2363,2341,2339,2167,2112,2205,2267,3265,3335,3122,2335,2093,2121,2084,2108,2226,2242,2242,2117,2127,2186,2277,2307,3091,3056,2850,2272,1984,2097,2180,2217,2288,2090,2131,2130,2094,1979,2276,2198,2809,2857,2641,2147,2103,2172,2181,2234,2322,2267,2110,2165,2116,2121,2113,2197,2645,2651,2428,2100,2104,2128,2100,2239,2177,2130,2075,2056,2110,2141,2217,2150,2474,2377,2121,2054,2035,2087,2078,1985,1763,1993,2010,2095,2096,2126,2150,2121,2171,2282,2078,1996,1876,2113,2146,2068,2017,1958,1944,1954,1945,1930,2041,2049,2222,2288,2197,2044,2069,2055,1929,2070,2042,1910,1808,2037,1919,1991,2077,2111,2217
,,,,,,,,,,,,,,,,,,,,,,,,,,,,,,,,,,,,,,,,,,,,,,,,,,,,,,,,,,,,,,,,,,,,,,,,,,,,,,,,,,,,,,,,,,,,,,,,,,,,,,,,,,,,,,,,,,,,,,,,,,,,,,,,,,,,,,,,,,,,,,,,,,,,,,,,,,,,,,,,,,,,,,,,,,,,,,,,,,,,,,,,,,,,,,,,,,,,,,,,,,,,,,,,,,,,,,,,,,,,,,,,,,,,,,,,,,,,,,,,,,,,,,,,,,,,,,,,,,,,,,,,,,,,,,,,,,,,,,,,,,,,,,,,,,,,,,,,,,,,,,,,,,,,,,,,,,,,,,,,,,,,,,,,,,,,,,,,,,,,,,,,,,,,,,,,,,,,,,,,,,,,,,,,,,,,,,,,,,,,,,,,,,,,,,,,,,,,,,,,,,,,,,,,,,,,,,,,,,,,,,,,,,,,,,,,,,,,,,,,,,,,,,,,,,,,,,,,,,,,,,,,,,,,,,,,,,,,,,,,,,,,,,,,,,,,,,,,,,,,,,,,,,,,,,,,,,,,,,,,,,,,,,,,,,,,,,,,,,,,,,,,,,,,,,,,,,,,,,,,,,,,,,,,,,,,,,,,,,,,,,,,,,,,,,,,,,,,,,,,,,,,,,,,,,,,,,,,,,,,,,,,,,,,,,,,,,,,,,,,,,,,,,,,,,,,,,,,,,,,,,,,,,,,,,,,,,,,,,,,,,,,,,,,,,,,,,,,,,,,,,,,,,,,,,,,,,,,,,,,,,,,,,,,,,,,,,,,,,,,,,,,,,,,,,,,,,,,,,,,,,,,,,,,,,,,,,,,,,,,,,,,,,,,,,,,,,,,,,,,,,,,,,,,,,,,,,,,,,,,,,,,,,,,,,,,,,,,,,,,,,,,,,,,,,,,,,,,,,,,,,,,,,,,,,,,,,,,,,,,,,,,,,,,,,,,,,,,,,,,,,,,,,,,,,,,,,,,,,,,,,,,,,,,,,,,,,,,,,,,,,,,,,,,,,,,,,,,,,,,,,,,,,,,,,,,,,,,,,,,,,,,,,,,,,,,,,,,,,,,,,,,,,,,,,,,,,,,,,,,,,,,,,,,,,,,,,,,,,,,,,,,,,,,,,,,,,,,,,,,,,,,,,,,,,,,,,,,,,,,,,,,,,,,,,,,,,,,,,,,,,,,,,,,,,,,,,,,,,,,,,,,,,,,,,,,,,,,,,,,,,,,,,,,,,,,,,,,,,,,,,,,,,,,,,,,,,,,,,,,,,,,,,,,,,,,,,,,,,,,,,,,,,,,,,,,,,,,,,,,,,,,,,,,,,,,,,,,,,,,,,,,,,,,,,,,,,,,,,,,,,,,,,,,,,,,,,,,,,,,,,,,,,,,,,,,,,,,,,,,,,,,,,,,,,,,,,,,,,,,,,,,,,,,,,,,,,,,,,,,,,,,,,,,,,,,,,,,,,,,,,,,,,,,,,,,,,,,,,,,,,,,,,,,,,,,,,,,,,,,,,,,,,,,,,,,,,,,,,,,,,,,,,,,,,,,,,,,,,,,,,,,,,,,,,,,,,,,,,,,,,,,,,,,,,,,,,,,,,,,,,,,,,,,,,,,,,,,,,,,,,,,,,,,,,,,,,,,,,,,,,,,,,,,,,,,,,,,,,,,,,,,,,,,,,,,,,,,,,,,,,,,,,,,,,,,,,,,,,,,,,,,,,,,,,,,,,,,,,,,,,,,,,,,,,,,,,,,,,,,,,,,,,,,,,,,,,,,,,,,,,,,,,,,,,,,,,,,,,,,,,,,,,,,,,,,,,,,,,,,,,,,,,,,,,,,,,,,,,,,,,,,,,,,,,,,,,,,,,,,,,,,,,,,,,,,,,,,,,,,,,,,,,,,,,,,,,,,,,,,,,,,,,,,,,,,,,,,,,,,,,,,,,,,,,,,,,,,,,,,,,,,,,,,,,,,,,,,,,,,,,,,,,,,,,,,,,,,,,,,,,,,,,,,,,,,,,,,,,,,,,,,,,,,,,,,,,,,,,,,,,,,,,,,,,,,,,,,,,,,,,,,,,,,,,,,,,,,,,,,,,,,,,,,,,,,,,,,,,,,,,,,,,,,,,,,,,,,,,,,,,,,,,,,,,,,,,,,,,,,,,,,,,,,,,,,,,,,,,,,,,,,,,,,,,,,,,,,,,,,,,,,,,,,,,,,,,,,,,,,,,,,,,,
,,,,,,,,,,,,,,,,,,,,,,,,,,,,,,,,,,,,,,,,,,,,,,,,,,,,,,,,,,,,,,,,,,,,,,,,,,,,,,,,,,,,,,,,,,,,,,,,,,,,,,,,,,,,,,,,,,,,,,,,,,,,,,,,,,,,,,,,,,,,,,,,,,,,,,,,,,,,,,,,,,,,,,,,,,,,,,,,,,,,,,,,,,,,,,,,,,,,,,,,,,,,,,,,,,,,,,,,,,,,,,,,,,,,,,,,,,,,,,,,,,,,,,,,,,,,,,,,,,,,,,,,,,,,,,,,,,,,,,,,,,,,,,,,,,,,,,,,,,,,,,,,,,,,,,,,,,,,,,,,,,,,,,,,,,,,,,,,,,,,,,,,,,,,,,,,,,,,,,,,,,,,,,,,,,,,,,,,,,,,,,,,,,,,,,,,,,,,,,,,,,,,,,,,,,,,,,,,,,,,,,,,,,,,,,,,,,,,,,,,,,,,,,,,,,,,,,,,,,,,,,,,,,,,,,,,,,,,,,,,,,,,,,,,,,,,,,,,,,,,,,,,,,,,,,,,,,,,,,,,,,,,,,,,,,,,,,,,,,,,,,,,,,,,,,,,,,,,,,,,,,,,,,,,,,,,,,,,,,,,,,,,,,,,,,,,,,,,,,,,,,,,,,,,,,,,,,,,,,,,,,,,,,,,,,,,,,,,,,,,,,,,,,,,,,,,,,,,,,,,,,,,,,,,,,,,,,,,,,,,,,,,,,,,,,,,,,,,,,,,,,,,,,,,,,,,,,,,,,,,,,,,,,,,,,,,,,,,,,,,,,,,,,,,,,,,,,,,,,,,,,,,,,,,,,,,,,,,,,,,,,,,,,,,,,,,,,,,,,,,,,,,,,,,,,,,,,,,,,,,,,,,,,,,,,,,,,,,,,,,,,,,,,,,,,,,,,,,,,,,,,,,,,,,,,,,,,,,,,,,,,,,,,,,,,,,,,,,,,,,,,,,,,,,,,,,,,,,,,,,,,,,,,,,,,,,,,,,,,,,,,,,,,,,,,,,,,,,,,,,,,,,,,,,,,,,,,,,,,,,,,,,,,,,,,,,,,,,,,,,,,,,,,,,,,,,,,,,,,,,,,,,,,,,,,,,,,,,,,,,,,,,,,,,,,,,,,,,,,,,,,,,,,,,,,,,,,,,,,,,,,,,,,,,,,,,,,,,,,,,,,,,,,,,,,,,,,,,,,,,,,,,,,,,,,,,,,,,,,,,,,,,,,,,,,,,,,,,,,,,,,,,,,,,,,,,,,,,,,,,,,,,,,,,,,,,,,,,,,,,,,,,,,,,,,,,,,,,,,,,,,,,,,,,,,,,,,,,,,,,,,,,,,,,,,,,,,,,,,,,,,,,,,,,,,,,,,,,,,,,,,,,,,,,,,,,,,,,,,,,,,,,,,,,,,,,,,,,,,,,,,,,,,,,,,,,,,,,,,,,,,,,,,,,,,,,,,,,,,,,,,,,,,,,,,,,,,,,,,,,,,,,,,,,,,,,,,,,,,,,,,,,,,,,,,,,,,,,,,,,,,,,,,,,,,,,,,,,,,,,,,,,,,,,,,,,,,,,,,,,,,,,,,,,,,,,,,,,,,,,,,,,,,,,,,,,,,,,,,,,,,,,,,,,,,,,,,,,,,,,,,,,,,,,,,,,,,,,,,,,,,,,,,,,,,,,,,,,,,,,,,,,,,,,,,,,,,,,,,,,,,,,,,,,,,,,,,,,,,,,,,,,,,,,,,,,,,,,,,,,,,,,,,,,,,,,,,,,,,,,,,,,,,,,,,,,,,,,,,,,,,,,,,,,,,,,,,,,,,,,,,,,,,,,,,,,,,,,,,,,,,,,,,,,,,,,,,,,,,,,,,,,,,,,,,,,,,,,,,,,,,,,,,,,,,,,,,,,,,,,,,,,,,,,,,,,,,,,,,,,,,,,,,,,,,,,,,,,,,,,,,,,,,,,,,,,,,,,,,,,,,,,,,,,,,,,,,,,,,,,,,,,,,,,,,,,,,,,,,,,,,,,,,,,,,,,,,,,,,,,,,,,,,,,,,,,,,,,,,,,,,,,,,,,,,,,,,,,,,,,,,,,,,,,,,,,,,,,,,,,,,,,,,,,,,,,,,,,,,,,,,,,,,,,,,,,,,,,,,,,,,,,,,,,,,,,,,,,,,,,,,,,,,,,,,,,,,,,,,,,,,,,,,,,,,,,,,,,,,,,,,,,,,,
,,,,,,,,,,,,,,,,,,,,,,,,,,,,,,,,,,,,,,,,,,,,,,,,,,,,,,,,,,,,,,,,,,,,,,,,,,,,,,,,,,,,,,,,,,,,,,,,,,,,,,,,,,,,,,,,,,,,,,,,,,,,,,,,,,,,,,,,,,,,,,,,,,,,,,,,,,,,,,,,,,,,,,,,,,,,,,,,,,,,,,,,,,,,,,,,,,,,,,,,,,,,,,,,,,,,,,,,,,,,,,,,,,,,,,,,,,,,,,,,,,,,,,,,,,,,,,,,,,,,,,,,,,,,,,,,,,,,,,,,,,,,,,,,,,,,,,,,,,,,,,,,,,,,,,,,,,,,,,,,,,,,,,,,,,,,,,,,,,,,,,,,,,,,,,,,,,,,,,,,,,,,,,,,,,,,,,,,,,,,,,,,,,,,,,,,,,,,,,,,,,,,,,,,,,,,,,,,,,,,,,,,,,,,,,,,,,,,,,,,,,,,,,,,,,,,,,,,,,,,,,,,,,,,,,,,,,,,,,,,,,,,,,,,,,,,,,,,,,,,,,,,,,,,,,,,,,,,,,,,,,,,,,,,,,,,,,,,,,,,,,,,,,,,,,,,,,,,,,,,,,,,,,,,,,,,,,,,,,,,,,,,,,,,,,,,,,,,,,,,,,,,,,,,,,,,,,,,,,,,,,,,,,,,,,,,,,,,,,,,,,,,,,,,,,,,,,,,,,,,,,,,,,,,,,,,,,,,,,,,,,,,,,,,,,,,,,,,,,,,,,,,,,,,,,,,,,,,,,,,,,,,,,,,,,,,,,,,,,,,,,,,,,,,,,,,,,,,,,,,,,,,,,,,,,,,,,,,,,,,,,,,,,,,,,,,,,,,,,,,,,,,,,,,,,,,,,,,,,,,,,,,,,,,,,,,,,,,,,,,,,,,,,,,,,,,,,,,,,,,,,,,,,,,,,,,,,,,,,,,,,,,,,,,,,,,,,,,,,,,,,,,,,,,,,,,,,,,,,,,,,,,,,,,,,,,,,,,,,,,,,,,,,,,,,,,,,,,,,,,,,,,,,,,,,,,,,,,,,,,,,,,,,,,,,,,,,,,,,,,,,,,,,,,,,,,,,,,,,,,,,,,,,,,,,,,,,,,,,,,,,,,,,,,,,,,,,,,,,,,,,,,,,,,,,,,,,,,,,,,,,,,,,,,,,,,,,,,,,,,,,,,,,,,,,,,,,,,,,,,,,,,,,,,,,,,,,,,,,,,,,,,,,,,,,,,,,,,,,,,,,,,,,,,,,,,,,,,,,,,,,,,,,,,,,,,,,,,,,,,,,,,,,,,,,,,,,,,,,,,,,,,,,,,,,,,,,,,,,,,,,,,,,,,,,,,,,,,,,,,,,,,,,,,,,,,,,,,,,,,,,,,,,,,,,,,,,,,,,,,,,,,,,,,,,,,,,,,,,,,,,,,,,,,,,,,,,,,,,,,,,,,,,,,,,,,,,,,,,,,,,,,,,,,,,,,,,,,,,,,,,,,,,,,,,,,,,,,,,,,,,,,,,,,,,,,,,,,,,,,,,,,,,,,,,,,,,,,,,,,,,,,,,,,,,,,,,,,,,,,,,,,,,,,,,,,,,,,,,,,,,,,,,,,,,,,,,,,,,,,,,,,,,,,,,,,,,,,,,,,,,,,,,,,,,,,,,,,,,,,,,,,,,,,,,,,,,,,,,,,,,,,,,,,,,,,,,,,,,,,,,,,,,,,,,,,,,,,,,,,,,,,,,,,,,,,,,,,,,,,,,,,,,,,,,,,,,,,,,,,,,,,,,,,,,,,,,,,,,,,,,,,,,,,,,,,,,,,,,,,,,,,,,,,,,,,,,,,,,,,,,,,,,,,,,,,,,,,,,,,,,,,,,,,,,,,,,,,,,,,,,,,,,,,,,,,,,,,,,,,,,,,,,,,,,,,,,,,,,,,,,,,,,,,,,,,,,,,,,,,,,,,,,,,,,,,,,,,,,,,,,,,,,,,,,,,,,,,,,,,,,,,,,,,,,,,,,,,,,,,,,,,,,,,,,,,,,,,,,,,,,,,,,,,,,,,,,,,,,,,,,,,,,,,,,,,,,,,,,,,,,,,,,,,,,,,,,,,,,,,,,,,,,,,,,,,,,,,,,,,,,,,,,,,,,,,,,,,,,,,,,,,,,,,,,,,,,,,,,,,,,,,,,,,,,,,,,,,,,,,,,,,,,,,,,,,,,,,,,,,,,,,,,,
,,,,,,,,,,,,,,,,,,,,,,,,,,,,,,,,,,,,,,,,,,,,,,,,,,,,,,,,,,,,,,,,,,,,,,,,,,,,,,,,,,,,,,,,,,,,,,,,,,,,,,,,,,,,,,,,,,,,,,,,,,,,,,,,,,,,,,,,,,,,,,,,,,,,,,,,,,,,,,,,,,,,,,,,,,,,,,,,,,,,,,,,,,,,,,,,,,,,,,,,,,,,,,,,,,,,,,,,,,,,,,,,,,,,,,,,,,,,,,,,,,,,,,,,,,,,,,,,,,,,,,,,,,,,,,,,,,,,,,,,,,,,,,,,,,,,,,,,,,,,,,,,,,,,,,,,,,,,,,,,,,,,,,,,,,,,,,,,,,,,,,,,,,,,,,,,,,,,,,,,,,,,,,,,,,,,,,,,,,,,,,,,,,,,,,,,,,,,,,,,,,,,,,,,,,,,,,,,,,,,,,,,,,,,,,,,,,,,,,,,,,,,,,,,,,,,,,,,,,,,,,,,,,,,,,,,,,,,,,,,,,,,,,,,,,,,,,,,,,,,,,,,,,,,,,,,,,,,,,,,,,,,,,,,,,,,,,,,,,,,,,,,,,,,,,,,,,,,,,,,,,,,,,,,,,,,,,,,,,,,,,,,,,,,,,,,,,,,,,,,,,,,,,,,,,,,,,,,,,,,,,,,,,,,,,,,,,,,,,,,,,,,,,,,,,,,,,,,,,,,,,,,,,,,,,,,,,,,,,,,,,,,,,,,,,,,,,,,,,,,,,,,,,,,,,,,,,,,,,,,,,,,,,,,,,,,,,,,,,,,,,,,,,,,,,,,,,,,,,,,,,,,,,,,,,,,,,,,,,,,,,,,,,,,,,,,,,,,,,,,,,,,,,,,,,,,,,,,,,,,,,,,,,,,,,,,,,,,,,,,,,,,,,,,,,,,,,,,,,,,,,,,,,,,,,,,,,,,,,,,,,,,,,,,,,,,,,,,,,,,,,,,,,,,,,,,,,,,,,,,,,,,,,,,,,,,,,,,,,,,,,,,,,,,,,,,,,,,,,,,,,,,,,,,,,,,,,,,,,,,,,,,,,,,,,,,,,,,,,,,,,,,,,,,,,,,,,,,,,,,,,,,,,,,,,,,,,,,,,,,,,,,,,,,,,,,,,,,,,,,,,,,,,,,,,,,,,,,,,,,,,,,,,,,,,,,,,,,,,,,,,,,,,,,,,,,,,,,,,,,,,,,,,,,,,,,,,,,,,,,,,,,,,,,,,,,,,,,,,,,,,,,,,,,,,,,,,,,,,,,,,,,,,,,,,,,,,,,,,,,,,,,,,,,,,,,,,,,,,,,,,,,,,,,,,,,,,,,,,,,,,,,,,,,,,,,,,,,,,,,,,,,,,,,,,,,,,,,,,,,,,,,,,,,,,,,,,,,,,,,,,,,,,,,,,,,,,,,,,,,,,,,,,,,,,,,,,,,,,,,,,,,,,,,,,,,,,,,,,,,,,,,,,,,,,,,,,,,,,,,,,,,,,,,,,,,,,,,,,,,,,,,,,,,,,,,,,,,,,,,,,,,,,,,,,,,,,,,,,,,,,,,,,,,,,,,,,,,,,,,,,,,,,,,,,,,,,,,,,,,,,,,,,,,,,,,,,,,,,,,,,,,,,,,,,,,,,,,,,,,,,,,,,,,,,,,,,,,,,,,,,,,,,,,,,,,,,,,,,,,,,,,,,,,,,,,,,,,,,,,,,,,,,,,,,,,,,,,,,,,,,,,,,,,,,,,,,,,,,,,,,,,,,,,,,,,,,,,,,,,,,,,,,,,,,,,,,,,,,,,,,,,,,,,,,,,,,,,,,,,,,,,,,,,,,,,,,,,,,,,,,,,,,,,,,,,,,,,,,,,,,,,,,,,,,,,,,,,,,,,,,,,,,,,,,,,,,,,,,,,,,,,,,,,,,,,,,,,,,,,,,,,,,,,,,,,,,,,,,,,,,,,,,,,,,,,,,,,,,,,,,,,,,,,,,,,,,,,,,,,,,,,,,,,,,,,,,,,,,,,,,,,,,,,,,,,,,,,,,,,,,,,,,,,,,,,,,,,,,,,,,,,,,,,,,,,,,,,,,,,,,,,,,,,,,,,,,,,,,,,,,,,,,,,,,,,,,,,,,,,,,,,,,,,,,,,,,,,,,,,,,,,,,,,,,,,,,,,,,,,,,,,,,,,,,,,,,,,,,,,,,,,,,,,,,,,,,,,,,,,,,,,,,,
,,,,,,,,,,,,,,,,,,,,,,,,,,,,,,,,,,,,,,,,,,,,,,,,,,,,,,,,,,,,,,,,,,,,,,,,,,,,,,,,,,,,,,,,,,,,,,,,,,,,,,,,,,,,,,,,,,,,,,,,,,,,,,,,,,,,,,,,,,,,,,,,,,,,,,,,,,,,,,,,,,,,,,,,,,,,,,,,,,,,,,,,,,,,,,,,,,,,,,,,,,,,,,,,,,,,,,,,,,,,,,,,,,,,,,,,,,,,,,,,,,,,,,,,,,,,,,,,,,,,,,,,,,,,,,,,,,,,,,,,,,,,,,,,,,,,,,,,,,,,,,,,,,,,,,,,,,,,,,,,,,,,,,,,,,,,,,,,,,,,,,,,,,,,,,,,,,,,,,,,,,,,,,,,,,,,,,,,,,,,,,,,,,,,,,,,,,,,,,,,,,,,,,,,,,,,,,,,,,,,,,,,,,,,,,,,,,,,,,,,,,,,,,,,,,,,,,,,,,,,,,,,,,,,,,,,,,,,,,,,,,,,,,,,,,,,,,,,,,,,,,,,,,,,,,,,,,,,,,,,,,,,,,,,,,,,,,,,,,,,,,,,,,,,,,,,,,,,,,,,,,,,,,,,,,,,,,,,,,,,,,,,,,,,,,,,,,,,,,,,,,,,,,,,,,,,,,,,,,,,,,,,,,,,,,,,,,,,,,,,,,,,,,,,,,,,,,,,,,,,,,,,,,,,,,,,,,,,,,,,,,,,,,,,,,,,,,,,,,,,,,,,,,,,,,,,,,,,,,,,,,,,,,,,,,,,,,,,,,,,,,,,,,,,,,,,,,,,,,,,,,,,,,,,,,,,,,,,,,,,,,,,,,,,,,,,,,,,,,,,,,,,,,,,,,,,,,,,,,,,,,,,,,,,,,,,,,,,,,,,,,,,,,,,,,,,,,,,,,,,,,,,,,,,,,,,,,,,,,,,,,,,,,,,,,,,,,,,,,,,,,,,,,,,,,,,,,,,,,,,,,,,,,,,,,,,,,,,,,,,,,,,,,,,,,,,,,,,,,,,,,,,,,,,,,,,,,,,,,,,,,,,,,,,,,,,,,,,,,,,,,,,,,,,,,,,,,,,,,,,,,,,,,,,,,,,,,,,,,,,,,,,,,,,,,,,,,,,,,,,,,,,,,,,,,,,,,,,,,,,,,,,,,,,,,,,,,,,,,,,,,,,,,,,,,,,,,,,,,,,,,,,,,,,,,,,,,,,,,,,,,,,,,,,,,,,,,,,,,,,,,,,,,,,,,,,,,,,,,,,,,,,,,,,,,,,,,,,,,,,,,,,,,,,,,,,,,,,,,,,,,,,,,,,,,,,,,,,,,,,,,,,,,,,,,,,,,,,,,,,,,,,,,,,,,,,,,,,,,,,,,,,,,,,,,,,,,,,,,,,,,,,,,,,,,,,,,,,,,,,,,,,,,,,,,,,,,,,,,,,,,,,,,,,,,,,,,,,,,,,,,,,,,,,,,,,,,,,,,,,,,,,,,,,,,,,,,,,,,,,,,,,,,,,,,,,,,,,,,,,,,,,,,,,,,,,,,,,,,,,,,,,,,,,,,,,,,,,,,,,,,,,,,,,,,,,,,,,,,,,,,,,,,,,,,,,,,,,,,,,,,,,,,,,,,,,,,,,,,,,,,,,,,,,,,,,,,,,,,,,,,,,,,,,,,,,,,,,,,,,,,,,,,,,,,,,,,,,,,,,,,,,,,,,,,,,,,,,,,,,,,,,,,,,,,,,,,,,,,,,,,,,,,,,,,,,,,,,,,,,,,,,,,,,,,,,,,,,,,,,,,,,,,,,,,,,,,,,,,,,,,,,,,,,,,,,,,,,,,,,,,,,,,,,,,,,,,,,,,,,,,,,,,,,,,,,,,,,,,,,,,,,,,,,,,,,,,,,,,,,,,,,,,,,,,,,,,,,,,,,,,,,,,,,,,,,,,,,,,,,,,,,,,,,,,,,,,,,,,,,,,,,,,,,,,,,,,,,,,,,,,,,,,,,,,,,,,,,,,,,,,,,,,,,,,,,,,,,,,,,,,,,,,,,,,,,,,,,,,,,,,,,,,,,,,,,,,,,,,,,,,,,,,,,,,,,,,,,,,,,,,,,,,,,,,,,,,,,,,,,,,,,,,,,,,,,,,,,,,,,,,,,,,,,,,,,,,,,,,,,,,,,,,,,,,,,,,,,,,,,,,,,,,,,,,,,,,,,,,,,,,,,,,,
3508,3306,2564,2405,2362,2154,2388,2243,2064,2243,2388,2154,2362,2405,2564,3306,3715,3490,2538,2331,2100,2281,2236,2187,2208,2282,2298,2242,2386,2331,2564,3492,4069,3850,2721,2397,2121,2305,2166,2161,2139,2315,2282,2323,2342,2212,2756,3848,4202,3979,2850,2522,2148,2101,2304,2330,2208,2307,2265,2297,2375,2278,2893,3982,4009,3792,2715,2440,2123,2169,2401,2394,2362,2267,2280,2328,2403,2242,2746,3790,3717,3485,2515,2228,2149,2203,2268,2330,2360,2200,2344,2277,2276,2354,2357,3487,3501,3271,2299,2235,2291,2300,2187,2276,2344,2297,2267,2044,2240,2268,2360,3283,3818,3595,2492,2252,2297,2317,2174,2202,2329,2356,2195,2243,2263,2244,2459,3592,4004,3779,2704,2208,2341,2335,2256,2324,2237,2337,2347,2335,2324,2287,2665,3781,3878,3659,2576,2250,2230,2242,2249,2326,2173,2233,2328,2350,2406,2265,2547,3658,3483,3275,2411,2352,2052,2223,2367,2336,2166,2272,2361,2306,2304,2221,2344,3257,3158,2950,2223,2252,2365,2467,2423,2352,2419,2467,2370,2355,2260,2196,2291,2928,3043,2933,2846,2326,2401,2531,2662,2692,2692,2649,2469,2451,2415,2204,2313,2862,3990,3930,3592,3289,3198,3278,3180,3344,3022,3542,3417,3339,3585,3372,3464,3593,4443,4241,4117,3740,3653,3762,3946,4019,3823,4043,3986,3721,4001,3894,4022,4098,4521,4112,4282,3839,3792,4147,4207,4188,4089,4125,4125,3651,3911,3940,4156,4225,4048,4078,4115,3728,3679,4095,4116,4006,4070,3943,3949,3824,3568,3544,3931,3648,4493,4267,3749,3530,3484,3665,3723,3629,3781,3526,3508,3585,3587,3306,3322,4252,4606,4385,3413,3236,3223,3273,3197,3215,3399,3209,3084,3013,3037,3177,3125,4380,4798,4581,3519,2992,2913,3149,3149,3193,3126,2985,2930,2738,2870,3189,3295,4573,4698,4478,3413,2955,2797,2867,2901,2937,2954,2812,2869,2758,2930,3017,3168,4468,4259,4046,3063,2605,2756,2845,2564,2735,2826,2844,2920,2871,3020,2947,2906,4026,3750,3547,2833,2611,2697,2820,2576,2716,2626,2780,2861,2791,2871,2830,2680,3519,3496,3279,2702,2745,2664,2467,2512,2671,2538,2707,2653,2544,2606,2482,2417,3301,3444,3218,2726,2717,2667,2533,2518,2587,2695,2522,2672,2581,2424,2459,2548,3230,3648,3425,2598,2575,2489,2530,2392,2635,2637,2591,2588,2510,2429,2351,2421,3427,3647,3411,2585,2503,2475,2581,2392,2523,2675,2687,2485,2491,2448,2395,2482,3423,3231,3075,2555,2779,2794,2756,2529,2647,2816,2957,2800,2697,2688,2572,2546,3020,3026,2900,2600,2823,2823,2691,2631,2783,2849,3003,2909,2687,2725,2502,2609,2716,2806,2729,2573,2714,2726,2581,2575,2644,2740,2828,2815,2679,2412,2502,2512,2668,2773,2603,2485,2679,2588,2457,2529,2503,2608,2581,2567,2576,2364,2457,2301,2679,2931,2816,2593,2663,2539,2535,2588,2471,2618,2610,2637,2587,2220,2440,2433,2727,3025,2973,2721,2693,2600,2372,2468,2491,2607,2621,2656,2464,2429,2580,2553,2690,2891,2906,2548,2663,2609,2472,2511,2221,2624,2677,2748,2603,2534,2626,2532,2651,2879,2737,2541,2489,2392,2276,2381,2293,2537,2651,2500,2272,2468,2574,2346,2636,3100,2894,2373,2383,2428,2301,2411,2617,2749,2768,2536,2270,2604,2618,2522,2842,3389,3169,2431,2298,2397,2295,2344,2714,2736,2683,2418,2222,2469,2521,2558,3151,3445,3228,2435,2209,2345,2336,2341,2509,2582,2469,2365,2332,2364,2331,2389,3226,3196,2970,2427,2273,2313,2328,2472,2512,2705,2548,2340,2332,2319,2201,2427,2983,3194,2925,2404,2306,2380,2421,2348,2602,2828,2690,2339,2410,2382,2433,2482,3020,3072,2816,2331,2366,2418,2391,2305,2470,2593,2493,2207,2210,2333,2279,2450,2915,2925,2718,2395,2390,2381,2418,2549,2513,2405,2333,2323,2380,2368,2425,2456,2713,3091,2843,2433,2439,2334,2357,2517,2515,2622,2492,2467,2402,2267,2357,2348,2868,2986,2763,2340,2260,2117,1980,2356,2463,2565,2439,2280,2368,2326,2267,2218,2782,2642,2411,2290,2162,2290,2345,2247,2336,2340,2227,2269,2252,2346,2357,2436,2494,2885,2634,2260,2259,2298,2343,2279,2232,2119,2248,2202,2194,2310,2380,2446,2714,2809,2624,2342,2249,2310,2328,2255,2197,2286,2198,2342,2421,2330,2315,2230,2605,2752,2554,2356,2412,2378,2374,2278,2050,2306,2298,2410,2379,2308,2318,2291,2520,2794,2518,2273,2406,2392,2334,2341,2277,2421,2464,2479,2362,2296,2363,2274,2595,2816,2605,2231,2267,2304,2089,2374,2492,2417,2525,2357,2384,2363,2319,2334,2585,2825,2675,2330,2353,2407,2312,2379,2283,2321,2369,2296,2384,2443,2365,2217,2613,2825,2716,2449,2417,2478,2253,2313,2330,2400,2428,2280,2303,2390,2330,2375,2589,2957,2733,2423,2189,2392,2323,2279,2295,2439,2387,2345,2275,2249,2316,2365,2730,2843,2730,2571,2434,2206,2298,2441,2330,2331,2391,2171,2281,2279,2290,2265,2535,2788,2741,2546,2440,2327,2323,2279,2362,2362,2262,2280,2295,2276,2274,2295,2615,2752,2599,2514,2314,2243,2420,2440,2438,2494,2334,2267,2339,2254,2288,2248,2566,2517,2513,2390,2343,2305,2346,2339,2393,2392,2389,2324,2332,2364,2374,2359,2405,2620,2512,2264,2386,2244,2360,2428,2455,2287,2255,2334,2213,2273,2243,1999,2465,2668,2549,2403,2371,2229,2171,2371,2377,2263,2378,2395,2366,2193,2142,2184,2481,2656,2528,2391,2330,2307,2224,2213,2263,2329,2364,2445,2436,2299,2212,2133,2471,2711,2505,2292,2355,2360,2354,2081,2298,2354,2263,2346,2271,2306,2329,2301,2519,2632,2520,2288,2274,2240,2257,2298,2257,2253,2295,2212,2142,2293,2368,2349,2441,2673,2467,2308,2272,2102,2209,2415,2304,2281,2291,2263,2168,2188,2338,2483,2548,3339,3118,2485,2379,2135,2372,2390,2350,2374,2264,2238,2088,2270,2394,2471,3107,3855,3628,2545,2383,2434,2492,2398,2303,2523,2489,2321,2341,2469,2460,2492,3632,4146,3923,2904,2785,2517,2665,2734,2689,2909,2885,2536,2569,2551,2778,2524,3915,4184,3958,2989,2853,2567,2877,2976,2880,3142,3060,2797,2525,2604,2807,2870,3953,4096,3880,2954,2742,2521,2642,2851,2863,3007,2939,2659,2360,2415,2696,2946,3870,4100,3884,2832,2607,2331,2503,2693,2693,2686,2560,2559,2378,2484,2524,2829,3877,3785,3560,2515,2398,2462,2401,2555,2512,2461,2372,2468,2524,2527,2232,2600,3570,3288,3069,2333,2330,2506,2346,2422,2455,2367,2343,2320,2376,2408,2266,2402,3053,3123,2842,2390,2399,2467,2366,2379,2444,2401,2357,2454,2307,2122,2217,2352,2937,2772,2583,2393,2318,2376,2396,2354,2380,2431,2508,2460,2293,2271,2343,2438,2620,2757,2618,2272,2327,2346,2221,2419,2364,2423,2468,2379,2329,2391,2407,2423,2546,2784,2600,2366,2429,2360,2309,2418,2415,2465,2314,2269,2293,2345,2365,2329,2517,2669,2526,2412,2466,2349,2294,2326,2307,2444,2314,2230,2322,2144,2287,2342,2540,2637,2469,2350,2352,2240,2217,2166,2316,2365,2256,2208,2360,2277,2272,2380,2479,2901,2690,2323,2360,2187,2211,2126,2295,2380,2459,2351,2394,2374,2360,2250,2667,2970,2878,2677,2515,2420,2280,2619,2840,2820,2594,2267,2494,2490,2325,2449,2723,3006,2914,2801,2683,2554,2389,2861,2916,2898,2754,2580,2619,2621,2456,2555,2890,3077,2950,2645,2539,2594,2323,2759,2691,2701,2528,2592,2548,2567,2496,2525,2919,3415,3203,2481,2344,2535,2358,2447,2595,2463,2413,2584,2422,2450,2435,2493,3169,3394,3175,2265,2241,2395,2312,2393,2478,2380,2250,2405,2404,2451,2254,2395,3167,3185,2978,2317,2084,2299,2315,2426,2542,2372,2464,2356,2222,2327,2209,2382,2965,3068,2872,2487,2388,2353,2369,2536,2593,2523,2632,2503,2422,2427,2458,2491,2931,3174,2974,2540,2346,2417,2398,2505,2653,2628,2524,2536,2556,2452,2500,2497,3026,2992,2856,2554,2322,2428,2262,2449,2656,2735,2635,2437,2354,2210,2141,2361,2837,2889,2736,2391,2443,2422,2377,2348,2571,2594,2527,2396,2366,2306,2199,2356,2619,2980,2690,2379,2409,2388,2389,2486,2454,2642,2538,2355,2357,2314,2245,2361,2733,2859,2759,2399,2373,2423,2401,2481,2482,2692,2678,2330,2361,2349,2333,2410,2503,3018,2876,2459,2474,2474,2493,2329,2661,2964,2842,2535,2478,2486,2490,2470,2798,2983,2916,2529,2628,2598,2741,2663,2912,3104,2976,2418,2588,2637,2582,2567,2922,2913,2804,2432,2559,2579,2615,2605,2794,2953,2829,2416,2389,2382,2436,2578,2833,2986,2710,2376,2370,2427,2454,2339,2492,2659,2600,2283,2164,2265,2333,2422,2783,2902,2667,2278,2248,2277,2431,2342,2440,2573,2509,2287,2317,2204,2209,2220,2693,2681,2557,2438,2220,2239,2246,2322,2376,2476,2320,2253,2234,2247,2110,2161,2452,2779,2632,2417,2311,2376,2350,2333,2335,2340,2193,2154,2129,2231,2324,2259,2500,2728,2516,2064,2202,2383,2389,2381,2377,2317,2249,2333,2279,2379,2272,2319,2523,2743,2572,2192,2103,2300,2319,2296,2395,2226,2294,2266,2230,2292,2289,2359,2573,3030,2859,2353,2286,2306,2346,2349,2402,2419,2372,2253,2268,2217,2166,2205,2802,2874,2688,2363,2350,2331,2310,2338,2523,2497,2385,2190,2312,2308,2315,2332,2766,2987,2795,2295,2381,2340,2294,2296,2462,2375,2295,2214,2293,2359,2364,2367,2756,3156,2954,2374,2368,2290,2228,2301,2354,2226,2094,2221,2206,2186,2201,2369,2911,2944,2726,2309,2308,2226,2356,2411,2344,2337,2291,2212,2291,2288,2126,2220,2666,2747,2510,2296,2295,2291,2340,2364,2326,2313,2404,2266,2210,2215,2293,2141,2576,2845,2583,2309,2241,2312,2305,2403,2376,2384,2296,2373,2313,2196,2305,2289,2645,2723,2566,2362,2335,2016,2310,2351,2321,2385,2317,2300,2289,2247,2360,2357,2517,3113,2905,2353,2296,2132,2312,2354,2378,2444,2379,2416,2389,2277,2379,2300,2861,3557,3337,2377,2358,2101,2338,2269,2386,2451,2345,2230,2295,2375,2347,2287,3326,3602,3382,2335,2358,2296,2316,2206,2328,2466,2336,2217,2080,2196,2238,2418,3376,3337,3092,2339,2264,2213,2279,2355,2256,2369,2391,2377,2314,2213,2415,2430,3129,3118,2899,2400,2226,2046,2294,2263,2264,2433,2474,2455,2360,2319,2398,2330,2871,3057,2840,2291,2116,2189,2289,2248,2273,2432,2456,2344,2252,2319,2315,2239,2845,3470,3243,2492,2163,2301,2202,2362,2332,2412,2496,2323,2294,2289,2370,2340,3253,3856,3631,2518,2412,2107,2278,2520,2588,2885,2891,2525,2299,2282,2396,2483,3634,4042,3822,2637,2486,2374,2352,2522,2903,3143,3093,2605,2325,2313,2301,2722,3821,3950,3729,2634,2393,2363,2289,2436,2879,2997,2897,2489,2264,2333,2307,2649,3724,3614,3396,2411,2278,2161,2255,2354,2510,2356,2523,2221,2208,2249,2323,2297,3381,3089,2912,2313,2217,2167,2221,2222,2309,2259,2318,2163,2255,2136,2254,2335,2822,3335,3111,2237,2310,2118,2160,2127,2229,2321,2152,2107,2242,2238,2199,2211,3106,3486,3256,2226,2082,2116,2101,2054,2207,2431,2343,2306,2218,2144,1903,2284,3267,3325,3099,2139,1999,2279,2267,2106,2268,2371,2380,2318,2114,2002,2108,2193,3108,3058,2837,2202,2086,2204,2233,2008,2126,2016,2180,2178,2157,2137,2166,2103,2838,2873,2685,2078,2156,2179,2186,2180,2125,2098,2118,2079,2082,2186,2212,2123,2609,2628,2434,2042,2135,2114,2058,1998,1990,2095,2054,2089,2062,2102,2188,2147,2373,2333,2198,2078,2124,2176,2127,1996,1832,2023,2206,2200,2063,1998,2099,2148,2185,2243,2083,1920,2110,2159,1984,1953,1977,2047,2133,2091,1963,1800,2022,2036,2057,2202,2103,1999,2058,1927,1947,2027,1913,2027,1974,1955,1784,2050,2037,2008,2035
,,,,,,,,,,,,,,,,,,,,,,,,,,,,,,,,,,,,,,,,,,,,,,,,,,,,,,,,,,,,,,,,,,,,,,,,,,,,,,,,,,,,,,,,,,,,,,,,,,,,,,,,,,,,,,,,,,,,,,,,,,,,,,,,,,,,,,,,,,,,,,,,,,,,,,,,,,,,,,,,,,,,,,,,,,,,,,,,,,,,,,,,,,,,,,,,,,,,,,,,,,,,,,,,,,,,,,,,,,,,,,,,,,,,,,,,,,,,,,,,,,,,,,,,,,,,,,,,,,,,,,,,,,,,,,,,,,,,,,,,,,,,,,,,,,,,,,,,,,,,,,,,,,,,,,,,,,,,,,,,,,,,,,,,,,,,,,,,,,,,,,,,,,,,,,,,,,,,,,,,,,,,,,,,,,,,,,,,,,,,,,,,,,,,,,,,,,,,,,,,,,,,,,,,,,,,,,,,,,,,,,,,,,,,,,,,,,,,,,,,,,,,,,,,,,,,,,,,,,,,,,,,,,,,,,,,,,,,,,,,,,,,,,,,,,,,,,,,,,,,,,,,,,,,,,,,,,,,,,,,,,,,,,,,,,,,,,,,,,,,,,,,,,,,,,,,,,,,,,,,,,,,,,,,,,,,,,,,,,,,,,,,,,,,,,,,,,,,,,,,,,,,,,,,,,,,,,,,,,,,,,,,,,,,,,,,,,,,,,,,,,,,,,,,,,,,,,,,,,,,,,,,,,,,,,,,,,,,,,,,,,,,,,,,,,,,,,,,,,,,,,,,,,,,,,,,,,,,,,,,,,,,,,,,,,,,,,,,,,,,,,,,,,,,,,,,,,,,,,,,,,,,,,,,,,,,,,,,,,,,,,,,,,,,,,,,,,,,,,,,,,,,,,,,,,,,,,,,,,,,,,,,,,,,,,,,,,,,,,,,,,,,,,,,,,,,,,,,,,,,,,,,,,,,,,,,,,,,,,,,,,,,,,,,,,,,,,,,,,,,,,,,,,,,,,,,,,,,,,,,,,,,,,,,,,,,,,,,,,,,,,,,,,,,,,,,,,,,,,,,,,,,,,,,,,,,,,,,,,,,,,,,,,,,,,,,,,,,,,,,,,,,,,,,,,,,,,,,,,,,,,,,,,,,,,,,,,,,,,,,,,,,,,,,,,,,,,,,,,,,,,,,,,,,,,,,,,,,,,,,,,,,,,,,,,,,,,,,,,,,,,,,,,,,,,,,,,,,,,,,,,,,,,,,,,,,,,,,,,,,,,,,,,,,,,,,,,,,,,,,,,,,,,,,,,,,,,,,,,,,,,,,,,,,,,,,,,,,,,,,,,,,,,,,,,,,,,,,,,,,,,,,,,,,,,,,,,,,,,,,,,,,,,,,,,,,,,,,,,,,,,,,,,,,,,,,,,,,,,,,,,,,,,,,,,,,,,,,,,,,,,,,,,,,,,,,,,,,,,,,,,,,,,,,,,,,,,,,,,,,,,,,,,,,,,,,,,,,,,,,,,,,,,,,,,,,,,,,,,,,,,,,,,,,,,,,,,,,,,,,,,,,,,,,,,,,,,,,,,,,,,,,,,,,,,,,,,,,,,,,,,,,,,,,,,,,,,,,,,,,,,,,,,,,,,,,,,,,,,,,,,,,,,,,,,,,,,,,,,,,,,,,,,,,,,,,,,,,,,,,,,,,,,,,,,,,,,,,,,,,,,,,,,,,,,,,,,,,,,,,,,,,,,,,,,,,,,,,,,,,,,,,,,,,,,,,,,,,,,,,,,,,,,,,,,,,,,,,,,,,,,,,,,,,,,,,,,,,,,,,,,,,,,,,,,,,,,,,,,,,,,,,,,,,,,,,,,,,,,,,,,,,,,,,,,,,,,,,,,,,,,,,,,,,,,,,,,,,,,,,,,,,,,,,,,,,,,,,,,,,,,,,,,,,,,,,,,,,,,,,,,,,,,,,,,,,,,,,,,,,,,,,,,,,,,,,,,,,,,,,,,,,,,,,,,,,,,,,,,,,,,,,,,,,,,,,,,,,,,,,,,,,,,,,,,,,,,,,,,,,,,,,,,,,,,,,,,,,,,,,,,,,,,,,,,,,,,,,,,,,,,,,,,,,,,,,,,,,,,,,,,,,,,,,,,,,,,,,,,,,,,,,,,,,,,,,,,,,,,,,,,,,,,,,,,,,,,,,,,,,,,,,,,,,,,,,,,,,,,,,,,,,,,,,,,,,,,,,,,,,,,,,,,,,,,,,,,,,,,,,,,,,,,,
,,,,,,,,,,,,,,,,,,,,,,,,,,,,,,,,,,,,,,,,,,,,,,,,,,,,,,,,,,,,,,,,,,,,,,,,,,,,,,,,,,,,,,,,,,,,,,,,,,,,,,,,,,,,,,,,,,,,,,,,,,,,,,,,,,,,,,,,,,,,,,,,,,,,,,,,,,,,,,,,,,,,,,,,,,,,,,,,,,,,,,,,,,,,,,,,,,,,,,,,,,,,,,,,,,,,,,,,,,,,,,,,,,,,,,,,,,,,,,,,,,,,,,,,,,,,,,,,,,,,,,,,,,,,,,,,,,,,,,,,,,,,,,,,,,,,,,,,,,,,,,,,,,,,,,,,,,,,,,,,,,,,,,,,,,,,,,,,,,,,,,,,,,,,,,,,,,,,,,,,,,,,,,,,,,,,,,,,,,,,,,,,,,,,,,,,,,,,,,,,,,,,,,,,,,,,,,,,,,,,,,,,,,,,,,,,,,,,,,,,,,,,,,,,,,,,,,,,,,,,,,,,,,,,,,,,,,,,,,,,,,,,,,,,,,,,,,,,,,,,,,,,,,,,,,,,,,,,,,,,,,,,,,,,,,,,,,,,,,,,,,,,,,,,,,,,,,,,,,,,,,,,,,,,,,,,,,,,,,,,,,,,,,,,,,,,,,,,,,,,,,,,,,,,,,,,,,,,,,,,,,,,,,,,,,,,,,,,,,,,,,,,,,,,,,,,,,,,,,,,,,,,,,,,,,,,,,,,,,,,,,,,,,,,,,,,,,,,,,,,,,,,,,,,,,,,,,,,,,,,,,,,,,,,,,,,,,,,,,,,,,,,,,,,,,,,,,,,,,,,,,,,,,,,,,,,,,,,,,,,,,,,,,,,,,,,,,,,,,,,,,,,,,,,,,,,,,,,,,,,,,,,,,,,,,,,,,,,,,,,,,,,,,,,,,,,,,,,,,,,,,,,,,,,,,,,,,,,,,,,,,,,,,,,,,,,,,,,,,,,,,,,,,,,,,,,,,,,,,,,,,,,,,,,,,,,,,,,,,,,,,,,,,,,,,,,,,,,,,,,,,,,,,,,,,,,,,,,,,,,,,,,,,,,,,,,,,,,,,,,,,,,,,,,,,,,,,,,,,,,,,,,,,,,,,,,,,,,,,,,,,,,,,,,,,,,,,,,,,,,,,,,,,,,,,,,,,,,,,,,,,,,,,,,,,,,,,,,,,,,,,,,,,,,,,,,,,,,,,,,,,,,,,,,,,,,,,,,,,,,,,,,,,,,,,,,,,,,,,,,,,,,,,,,,,,,,,,,,,,,,,,,,,,,,,,,,,,,,,,,,,,,,,,,,,,,,,,,,,,,,,,,,,,,,,,,,,,,,,,,,,,,,,,,,,,,,,,,,,,,,,,,,,,,,,,,,,,,,,,,,,,,,,,,,,,,,,,,,,,,,,,,,,,,,,,,,,,,,,,,,,,,,,,,,,,,,,,,,,,,,,,,,,,,,,,,,,,,,,,,,,,,,,,,,,,,,,,,,,,,,,,,,,,,,,,,,,,,,,,,,,,,,,,,,,,,,,,,,,,,,,,,,,,,,,,,,,,,,,,,,,,,,,,,,,,,,,,,,,,,,,,,,,,,,,,,,,,,,,,,,,,,,,,,,,,,,,,,,,,,,,,,,,,,,,,,,,,,,,,,,,,,,,,,,,,,,,,,,,,,,,,,,,,,,,,,,,,,,,,,,,,,,,,,,,,,,,,,,,,,,,,,,,,,,,,,,,,,,,,,,,,,,,,,,,,,,,,,,,,,,,,,,,,,,,,,,,,,,,,,,,,,,,,,,,,,,,,,,,,,,,,,,,,,,,,,,,,,,,,,,,,,,,,,,,,,,,,,,,,,,,,,,,,,,,,,,,,,,,,,,,,,,,,,,,,,,,,,,,,,,,,,,,,,,,,,,,,,,,,,,,,,,,,,,,,,,,,,,,,,,,,,,,,,,,,,,,,,,,,,,,,,,,,,,,,,,,,,,,,,,,,,,,,,,,,,,,,,,,,,,,,,,,,,,,,,,,,,,,,,,,,,,,,,,,,,,,,,,,,,,,,,,,,,,,,,,,,,,,,,,,,,,,,,,,,,,,,,,,,,,,,,,,,,,,,,,,,,,,,,,,,,,,,,,,,,,,,,,,,,,,,,,,,,,,,,,,,,,,,,,,,,,,,,,,,,,,,,,,,,,,,,,,,,,,,,,,,,,,,,,,,,,,,,,,,,,,,,,,,,,,,,,,,
,,,,,,,,,,,,,,,,,,,,,,,,,,,,,,,,,,,,,,,,,,,,,,,,,,,,,,,,,,,,,,,,,,,,,,,,,,,,,,,,,,,,,,,,,,,,,,,,,,,,,,,,,,,,,,,,,,,,,,,,,,,,,,,,,,,,,,,,,,,,,,,,,,,,,,,,,,,,,,,,,,,,,,,,,,,,,,,,,,,,,,,,,,,,,,,,,,,,,,,,,,,,,,,,,,,,,,,,,,,,,,,,,,,,,,,,,,,,,,,,,,,,,,,,,,,,,,,,,,,,,,,,,,,,,,,,,,,,,,,,,,,,,,,,,,,,,,,,,,,,,,,,,,,,,,,,,,,,,,,,,,,,,,,,,,,,,,,,,,,,,,,,,,,,,,,,,,,,,,,,,,,,,,,,,,,,,,,,,,,,,,,,,,,,,,,,,,,,,,,,,,,,,,,,,,,,,,,,,,,,,,,,,,,,,,,,,,,,,,,,,,,,,,,,,,,,,,,,,,,,,,,,,,,,,,,,,,,,,,,,,,,,,,,,,,,,,,,,,,,,,,,,,,,,,,,,,,,,,,,,,,,,,,,,,,,,,,,,,,,,,,,,,,,,,,,,,,,,,,,,,,,,,,,,,,,,,,,,,,,,,,,,,,,,,,,,,,,,,,,,,,,,,,,,,,,,,,,,,,,,,,,,,,,,,,,,,,,,,,,,,,,,,,,,,,,,,,,,,,,,,,,,,,,,,,,,,,,,,,,,,,,,,,,,,,,,,,,,,,,,,,,,,,,,,,,,,,,,,,,,,,,,,,,,,,,,,,,,,,,,,,,,,,,,,,,,,,,,,,,,,,,,,,,,,,,,,,,,,,,,,,,,,,,,,,,,,,,,,,,,,,,,,,,,,,,,,,,,,,,,,,,,,,,,,,,,,,,,,,,,,,,,,,,,,,,,,,,,,,,,,,,,,,,,,,,,,,,,,,,,,,,,,,,,,,,,,,,,,,,,,,,,,,,,,,,,,,,,,,,,,,,,,,,,,,,,,,,,,,,,,,,,,,,,,,,,,,,,,,,,,,,,,,,,,,,,,,,,,,,,,,,,,,,,,,,,,,,,,,,,,,,,,,,,,,,,,,,,,,,,,,,,,,,,,,,,,,,,,,,,,,,,,,,,,,,,,,,,,,,,,,,,,,,,,,,,,,,,,,,,,,,,,,,,,,,,,,,,,,,,,,,,,,,,,,,,,,,,,,,,,,,,,,,,,,,,,,,,,,,,,,,,,,,,,,,,,,,,,,,,,,,,,,,,,,,,,,,,,,,,,,,,,,,,,,,,,,,,,,,,,,,,,,,,,,,,,,,,,,,,,,,,,,,,,,,,,,,,,,,,,,,,,,,,,,,,,,,,,,,,,,,,,,,,,,,,,,,,,,,,,,,,,,,,,,,,,,,,,,,,,,,,,,,,,,,,,,,,,,,,,,,,,,,,,,,,,,,,,,,,,,,,,,,,,,,,,,,,,,,,,,,,,,,,,,,,,,,,,,,,,,,,,,,,,,,,,,,,,,,,,,,,,,,,,,,,,,,,,,,,,,,,,,,,,,,,,,,,,,,,,,,,,,,,,,,,,,,,,,,,,,,,,,,,,,,,,,,,,,,,,,,,,,,,,,,,,,,,,,,,,,,,,,,,,,,,,,,,,,,,,,,,,,,,,,,,,,,,,,,,,,,,,,,,,,,,,,,,,,,,,,,,,,,,,,,,,,,,,,,,,,,,,,,,,,,,,,,,,,,,,,,,,,,,,,,,,,,,,,,,,,,,,,,,,,,,,,,,,,,,,,,,,,,,,,,,,,,,,,,,,,,,,,,,,,,,,,,,,,,,,,,,,,,,,,,,,,,,,,,,,,,,,,,,,,,,,,,,,,,,,,,,,,,,,,,,,,,,,,,,,,,,,,,,,,,,,,,,,,,,,,,,,,,,,,,,,,,,,,,,,,,,,,,,,,,,,,,,,,,,,,,,,,,,,,,,,,,,,,,,,,,,,,,,,,,,,,,,,,,,,,,,,,,,,,,,,,,,,,,,,,,,,,,,,,,,,,,,,,,,,,,,,,,,,,,,,,,,,,,,,,,,,,,,,,,,,,,,,,,,,,,,,,,,,,,,,,,,,,,,,,,,,,,,,,,,,,,,,,,,,,,,,,,,,,,,,,,,,,,,,,,,,,,,,,,,,,,,,,,,,,,,,,,,,,,,,,,,,,,,,,,,,,,,,,,,,,,,,,,,,,,,,,,
,,,,,,,,,,,,,,,,,,,,,,,,,,,,,,,,,,,,,,,,,,,,,,,,,,,,,,,,,,,,,,,,,,,,,,,,,,,,,,,,,,,,,,,,,,,,,,,,,,,,,,,,,,,,,,,,,,,,,,,,,,,,,,,,,,,,,,,,,,,,,,,,,,,,,,,,,,,,,,,,,,,,,,,,,,,,,,,,,,,,,,,,,,,,,,,,,,,,,,,,,,,,,,,,,,,,,,,,,,,,,,,,,,,,,,,,,,,,,,,,,,,,,,,,,,,,,,,,,,,,,,,,,,,,,,,,,,,,,,,,,,,,,,,,,,,,,,,,,,,,,,,,,,,,,,,,,,,,,,,,,,,,,,,,,,,,,,,,,,,,,,,,,,,,,,,,,,,,,,,,,,,,,,,,,,,,,,,,,,,,,,,,,,,,,,,,,,,,,,,,,,,,,,,,,,,,,,,,,,,,,,,,,,,,,,,,,,,,,,,,,,,,,,,,,,,,,,,,,,,,,,,,,,,,,,,,,,,,,,,,,,,,,,,,,,,,,,,,,,,,,,,,,,,,,,,,,,,,,,,,,,,,,,,,,,,,,,,,,,,,,,,,,,,,,,,,,,,,,,,,,,,,,,,,,,,,,,,,,,,,,,,,,,,,,,,,,,,,,,,,,,,,,,,,,,,,,,,,,,,,,,,,,,,,,,,,,,,,,,,,,,,,,,,,,,,,,,,,,,,,,,,,,,,,,,,,,,,,,,,,,,,,,,,,,,,,,,,,,,,,,,,,,,,,,,,,,,,,,,,,,,,,,,,,,,,,,,,,,,,,,,,,,,,,,,,,,,,,,,,,,,,,,,,,,,,,,,,,,,,,,,,,,,,,,,,,,,,,,,,,,,,,,,,,,,,,,,,,,,,,,,,,,,,,,,,,,,,,,,,,,,,,,,,,,,,,,,,,,,,,,,,,,,,,,,,,,,,,,,,,,,,,,,,,,,,,,,,,,,,,,,,,,,,,,,,,,,,,,,,,,,,,,,,,,,,,,,,,,,,,,,,,,,,,,,,,,,,,,,,,,,,,,,,,,,,,,,,,,,,,,,,,,,,,,,,,,,,,,,,,,,,,,,,,,,,,,,,,,,,,,,,,,,,,,,,,,,,,,,,,,,,,,,,,,,,,,,,,,,,,,,,,,,,,,,,,,,,,,,,,,,,,,,,,,,,,,,,,,,,,,,,,,,,,,,,,,,,,,,,,,,,,,,,,,,,,,,,,,,,,,,,,,,,,,,,,,,,,,,,,,,,,,,,,,,,,,,,,,,,,,,,,,,,,,,,,,,,,,,,,,,,,,,,,,,,,,,,,,,,,,,,,,,,,,,,,,,,,,,,,,,,,,,,,,,,,,,,,,,,,,,,,,,,,,,,,,,,,,,,,,,,,,,,,,,,,,,,,,,,,,,,,,,,,,,,,,,,,,,,,,,,,,,,,,,,,,,,,,,,,,,,,,,,,,,,,,,,,,,,,,,,,,,,,,,,,,,,,,,,,,,,,,,,,,,,,,,,,,,,,,,,,,,,,,,,,,,,,,,,,,,,,,,,,,,,,,,,,,,,,,,,,,,,,,,,,,,,,,,,,,,,,,,,,,,,,,,,,,,,,,,,,,,,,,,,,,,,,,,,,,,,,,,,,,,,,,,,,,,,,,,,,,,,,,,,,,,,,,,,,,,,,,,,,,,,,,,,,,,,,,,,,,,,,,,,,,,,,,,,,,,,,,,,,,,,,,,,,,,,,,,,,,,,,,,,,,,,,,,,,,,,,,,,,,,,,,,,,,,,,,,,,,,,,,,,,,,,,,,,,,,,,,,,,,,,,,,,,,,,,,,,,,,,,,,,,,,,,,,,,,,,,,,,,,,,,,,,,,,,,,,,,,,,,,,,,,,,,,,,,,,,,,,,,,,,,,,,,,,,,,,,,,,,,,,,,,,,,,,,,,,,,,,,,,,,,,,,,,,,,,,,,,,,,,,,,,,,,,,,,,,,,,,,,,,,,,,,,,,,,,,,,,,,,,,,,,,,,,,,,,,,,,,,,,,,,,,,,,,,,,,,,,,,,,,,,,,,,,,,,,,,,,,,,,,,,,,,,,,,,,,,,,,,,,,,,,,,,,,,,,,,,,,,,,,,,,,,,,,,,,,,,,,,,,,,,,,,,,,,,,,,,,,,,,,,,,,,,,,,,,,,,,,,,,,,,,,,,,,,,,,,,,,,,,,,,,,,,,,,,,,,,,,,
,,,,,,,,,,,,,,,,,,,,,,,,,,,,,,,,,,,,,,,,,,,,,,,,,,,,,,,,,,,,,,,,,,,,,,,,,,,,,,,,,,,,,,,,,,,,,,,,,,,,,,,,,,,,,,,,,,,,,,,,,,,,,,,,,,,,,,,,,,,,,,,,,,,,,,,,,,,,,,,,,,,,,,,,,,,,,,,,,,,,,,,,,,,,,,,,,,,,,,,,,,,,,,,,,,,,,,,,,,,,,,,,,,,,,,,,,,,,,,,,,,,,,,,,,,,,,,,,,,,,,,,,,,,,,,,,,,,,,,,,,,,,,,,,,,,,,,,,,,,,,,,,,,,,,,,,,,,,,,,,,,,,,,,,,,,,,,,,,,,,,,,,,,,,,,,,,,,,,,,,,,,,,,,,,,,,,,,,,,,,,,,,,,,,,,,,,,,,,,,,,,,,,,,,,,,,,,,,,,,,,,,,,,,,,,,,,,,,,,,,,,,,,,,,,,,,,,,,,,,,,,,,,,,,,,,,,,,,,,,,,,,,,,,,,,,,,,,,,,,,,,,,,,,,,,,,,,,,,,,,,,,,,,,,,,,,,,,,,,,,,,,,,,,,,,,,,,,,,,,,,,,,,,,,,,,,,,,,,,,,,,,,,,,,,,,,,,,,,,,,,,,,,,,,,,,,,,,,,,,,,,,,,,,,,,,,,,,,,,,,,,,,,,,,,,,,,,,,,,,,,,,,,,,,,,,,,,,,,,,,,,,,,,,,,,,,,,,,,,,,,,,,,,,,,,,,,,,,,,,,,,,,,,,,,,,,,,,,,,,,,,,,,,,,,,,,,,,,,,,,,,,,,,,,,,,,,,,,,,,,,,,,,,,,,,,,,,,,,,,,,,,,,,,,,,,,,,,,,,,,,,,,,,,,,,,,,,,,,,,,,,,,,,,,,,,,,,,,,,,,,,,,,,,,,,,,,,,,,,,,,,,,,,,,,,,,,,,,,,,,,,,,,,,,,,,,,,,,,,,,,,,,,,,,,,,,,,,,,,,,,,,,,,,,,,,,,,,,,,,,,,,,,,,,,,,,,,,,,,,,,,,,,,,,,,,,,,,,,,,,,,,,,,,,,,,,,,,,,,,,,,,,,,,,,,,,,,,,,,,,,,,,,,,,,,,,,,,,,,,,,,,,,,,,,,,,,,,,,,,,,,,,,,,,,,,,,,,,,,,,,,,,,,,,,,,,,,,,,,,,,,,,,,,,,,,,,,,,,,,,,,,,,,,,,,,,,,,,,,,,,,,,,,,,,,,,,,,,,,,,,,,,,,,,,,,,,,,,,,,,,,,,,,,,,,,,,,,,,,,,,,,,,,,,,,,,,,,,,,,,,,,,,,,,,,,,,,,,,,,,,,,,,,,,,,,,,,,,,,,,,,,,,,,,,,,,,,,,,,,,,,,,,,,,,,,,,,,,,,,,,,,,,,,,,,,,,,,,,,,,,,,,,,,,,,,,,,,,,,,,,,,,,,,,,,,,,,,,,,,,,,,,,,,,,,,,,,,,,,,,,,,,,,,,,,,,,,,,,,,,,,,,,,,,,,,,,,,,,,,,,,,,,,,,,,,,,,,,,,,,,,,,,,,,,,,,,,,,,,,,,,,,,,,,,,,,,,,,,,,,,,,,,,,,,,,,,,,,,,,,,,,,,,,,,,,,,,,,,,,,,,,,,,,,,,,,,,,,,,,,,,,,,,,,,,,,,,,,,,,,,,,,,,,,,,,,,,,,,,,,,,,,,,,,,,,,,,,,,,,,,,,,,,,,,,,,,,,,,,,,,,,,,,,,,,,,,,,,,,,,,,,,,,,,,,,,,,,,,,,,,,,,,,,,,,,,,,,,,,,,,,,,,,,,,,,,,,,,,,,,,,,,,,,,,,,,,,,,,,,,,,,,,,,,,,,,,,,,,,,,,,,,,,,,,,,,,,,,,,,,,,,,,,,,,,,,,,,,,,,,,,,,,,,,,,,,,,,,,,,,,,,,,,,,,,,,,,,,,,,,,,,,,,,,,,,,,,,,,,,,,,,,,,,,,,,,,,,,,,,,,,,,,,,,,,,,,,,,,,,,,,,,,,,,,,,,,,,,,,,,,,,,,,,,,,,,,,,,,,,,,,,,,,,,,,,,,,,,,,,,,,,,,,,,,,,,,,,,,,,,,,,,,,,,,,,,,,,,,,,,,,,,,,,,,,,,,,,,,,,,,,,,,,,,,,,,,,,,,,,,,,,,,,,
3498,3309,2487,2485,2297,2340,2284,2302,2393,2302,2284,2340,2297,2485,2487,3309,3723,3486,2301,2428,2204,2302,2310,2410,2361,2284,2287,2258,2162,2332,2455,3497,4069,3848,2728,2372,2135,2318,2200,2242,2231,2192,2257,2253,2236,2454,2721,3848,4203,3980,2871,2462,2330,2158,2109,2130,2223,2167,2357,2380,2208,2559,2846,3982,4008,3789,2650,2422,2230,2243,2123,2258,2225,2122,2279,2307,2251,2318,2692,3790,3722,3490,2498,2425,2316,2284,2328,2160,2238,2076,2187,2182,2253,2258,2409,3500,3497,3281,2525,2343,2373,2293,2272,2191,2243,2141,2126,2121,2283,2256,2199,3263,3817,3601,2660,2361,2281,2345,2215,2213,2252,2076,2090,2273,2298,2223,2416,3586,4002,3779,2702,2293,2225,2361,2280,2274,2265,2334,2242,2215,2303,2358,2549,3777,3875,3654,2460,2191,2262,2285,2269,2359,2246,2335,2189,2090,2114,2440,2510,3650,3473,3272,2412,2316,2319,2259,2185,2298,2330,2389,2372,2321,2286,2371,2330,3225,3152,2895,2348,2337,2390,2358,2266,2264,2369,2269,2351,2407,2313,2310,2351,2961,3147,2876,2805,2391,2553,2529,2394,2394,2234,2558,2527,2516,2332,2290,2388,3006,3975,3671,3750,3561,3306,3283,2956,3612,3677,3674,3668,3146,2935,3244,3091,3826,4533,4326,4037,3944,3847,3910,3831,4153,4127,4078,4028,3755,3521,3701,3803,4371,4632,4445,3835,3860,3943,4136,4162,4292,4177,4042,3915,3884,3761,3893,3993,4475,4382,4135,3533,3548,3758,4090,4177,4159,3913,3528,3347,3764,3720,3747,3895,4313,4536,4263,3584,3543,3407,3769,3929,3898,3586,3153,3293,3337,3384,3451,3642,4364,4605,4376,3266,3185,3078,3339,3484,3509,3311,3117,3081,2888,2891,3066,3421,4379,4799,4579,3477,2872,2972,2966,3005,3149,3169,3083,2958,2800,2773,3191,3327,4576,4697,4475,3388,2874,2825,2836,2753,2736,2704,2621,2690,2547,2763,2929,3294,4472,4257,4033,2947,2644,2605,2723,2728,2624,2773,2749,2627,2551,2895,2914,3010,4036,3774,3535,2628,2472,2529,2747,2667,2619,2762,2790,2726,2546,2726,2729,2750,3561,3557,3332,2424,2228,2521,2689,2746,2578,2596,2651,2607,2542,2558,2512,2711,3351,3456,3237,2438,2272,2498,2728,2643,2436,2468,2603,2455,2405,2548,2572,2506,3217,3657,3431,2435,2369,2352,2495,2455,2486,2546,2584,2487,2389,2522,2609,2516,3441,3661,3442,2765,2585,2291,2362,2486,2461,2614,2572,2609,2592,2547,2560,2632,3440,3208,3052,3106,2983,2602,2637,2576,2709,2818,2841,2819,2893,2834,2736,2770,3024,3050,3008,3093,3035,2665,2613,2869,2890,2864,2828,2881,2892,2832,2848,2587,2943,2997,2881,2826,2796,2364,2629,2802,2795,2839,2801,2701,2580,2590,2718,2548,2929,2828,2608,2541,2509,2283,2475,2442,2690,2829,2775,2581,2398,2444,2533,2427,2693,2736,2443,2465,2521,2430,2287,2556,2756,2741,2601,2437,2464,2382,2470,2560,2592,2951,2716,2641,2615,2513,2449,2675,2769,2682,2618,2540,2445,2447,2571,2566,2830,2946,2805,2605,2626,2563,2501,2623,2690,2419,2328,2345,2467,2230,2624,2485,2831,2892,2703,2403,2294,2312,2344,2448,2458,2585,2389,2305,2422,2175,2592,2366,2726,3140,2895,2447,2397,2346,2349,2188,2649,2680,2638,2588,2627,2289,2505,2548,2909,3435,3211,2537,2607,2480,2206,2132,2679,2642,2701,2663,2570,2327,2317,2680,3206,3465,3251,2566,2533,2465,2228,2263,2579,2606,2618,2576,2328,2372,2232,2645,3234,3232,3014,2545,2449,2405,2319,2274,2562,2777,2782,2502,2368,2412,2365,2455,3014,3073,2807,2496,2516,2414,2346,2325,2617,2837,2772,2424,2264,2218,2345,2180,2838,2912,2652,2311,2364,2252,2242,2340,2448,2607,2491,2367,2286,2265,2269,2357,2696,3022,2755,2315,2393,2338,2443,2304,2380,2499,2459,2237,2164,2296,2235,2442,2862,3074,2795,2431,2398,2372,2468,2418,2254,2465,2493,2210,2263,2300,2234,2461,2926,2988,2751,2524,2345,2296,2388,2462,2372,2314,2367,2210,2194,2068,2254,2431,2832,2961,2714,2419,2349,2369,2389,2413,2457,2503,2426,2418,2264,2197,2360,2294,2725,2995,2714,2256,2359,2448,2375,2382,2385,2324,2359,2366,2199,2344,2403,2233,2774,2845,2616,2231,2369,2472,2382,2337,2294,2369,2268,2389,2286,2276,2200,2244,2602,2764,2445,2302,2347,2415,2324,2285,2259,2449,2376,2263,2244,2200,2249,2356,2608,2621,2500,2399,2337,2323,2335,2272,2384,2435,2514,2290,2181,2145,2440,2452,2526,2797,2636,2288,2219,2254,2267,2395,2585,2664,2483,2275,2170,2190,2458,2462,2615,2740,2617,2321,2333,2259,2345,2475,2577,2591,2328,2410,2304,2167,2451,2467,2702,2877,2637,2335,2332,2324,2141,2423,2485,2262,2278,2375,2218,2279,2336,2312,2684,2989,2794,2276,2327,2288,2296,2332,2441,2304,2352,2301,2182,2341,2286,2330,2768,2859,2641,2270,2279,2340,2292,2418,2472,2450,2472,2228,2245,2276,2274,2366,2668,2735,2457,2328,2317,2352,2356,2472,2469,2358,2370,2306,2252,2252,2174,2320,2558,2763,2563,2269,2368,2325,2203,2245,2230,2176,2325,2187,2353,2307,2265,2277,2542,2648,2368,2324,2304,2285,2288,2357,2307,2334,2294,2194,2371,2379,2181,2216,2436,2602,2499,2409,2299,2220,2223,2338,2237,2252,2198,2385,2335,2423,2193,2298,2440,2728,2599,2552,2436,2198,2169,2269,2333,2289,2100,2373,2376,2384,2332,2202,2554,2641,2446,2345,2337,2161,2265,2039,2328,2307,2098,2167,2237,2107,2222,2354,2486,2685,2463,2326,2426,2317,2245,2197,2314,2248,2237,2345,2401,2183,2274,2414,2531,2649,2485,2351,2463,2486,2384,2362,2167,2280,2330,2314,2340,2249,2288,2381,2537,2714,2539,2182,2327,2506,2406,2386,2430,2357,2265,2291,2262,2122,2161,2323,2545,3341,3121,2162,2261,2366,2378,2355,2411,2173,2241,2383,2276,2304,2367,2338,3120,3862,3660,2657,2422,2357,2198,2324,2468,2539,2426,2345,2314,2370,2311,2461,3617,4149,3931,2924,2598,2584,2590,2759,2903,2909,2683,2737,2511,2594,2720,2850,3918,4192,3972,2876,2567,2545,2839,3023,3072,3053,2857,2858,2665,2438,2822,3109,3968,4106,3872,2646,2405,2449,2870,2947,2871,3021,2890,2710,2538,2553,2690,3096,3898,4104,3880,2784,2392,2559,2648,2588,2661,2811,2758,2520,2531,2668,2604,2961,3891,3778,3555,2410,2327,2505,2565,2412,2432,2497,2501,2448,2640,2657,2480,2643,3564,3283,3082,2429,2357,2249,2382,2249,2385,2427,2408,2294,2357,2348,2371,2412,3065,3150,2943,2432,2300,2149,2370,2277,2242,2414,2294,2212,2225,2158,2098,2307,2913,2748,2635,2406,2387,2336,2296,2358,2247,2481,2469,2446,2350,2292,2270,2375,2638,2766,2657,2323,2373,2338,2277,2325,2446,2559,2509,2252,2370,2152,2207,2411,2655,2855,2679,2241,2347,2203,2233,2260,2390,2535,2338,2224,2353,2215,2221,2431,2686,2759,2691,2359,2330,2227,2209,2268,2350,2417,2299,2286,2166,2239,2282,2430,2549,2743,2615,2398,2366,2343,2320,2308,2401,2497,2449,2379,2298,2327,2264,2364,2592,2856,2614,2371,2362,2284,2381,2115,2379,2516,2488,2414,2358,2434,2416,2314,2640,2803,2551,2486,2329,2334,2247,2384,2494,2564,2604,2354,2453,2528,2499,2398,2661,2838,2628,2640,2567,2383,2335,2585,2772,2694,2692,2505,2532,2732,2661,2583,2610,2990,2843,2620,2555,2416,2402,2617,2830,2786,2613,2565,2553,2655,2576,2513,2841,3413,3190,2540,2450,2437,2463,2482,2641,2633,2610,2519,2435,2434,2218,2297,3191,3366,3146,2230,2242,2229,2315,2258,2454,2400,2377,2490,2433,2347,2242,2157,3147,3199,2958,2344,2294,2297,2311,2414,2463,2328,2372,2513,2430,2330,2269,2178,3001,2774,2731,2483,2320,2431,2462,2496,2563,2649,2571,2540,2485,2444,2391,2433,2698,2958,2758,2459,2526,2519,2449,2583,2704,2766,2580,2420,2357,2319,2280,2440,2785,2924,2721,2433,2427,2512,2406,2423,2765,2850,2556,2252,2223,2277,2311,2398,2720,3091,2865,2264,2331,2250,2228,2255,2600,2653,2427,2225,2223,2228,2403,2468,2890,2963,2746,2403,2365,2155,2338,2362,2450,2528,2499,2361,2114,2166,2307,2401,2793,2974,2775,2340,2345,2203,2381,2427,2590,2484,2674,2327,2084,2233,2229,2420,2819,3094,2872,2573,2563,2327,2483,2628,2761,2954,3015,2500,2374,2228,2097,2608,2997,3150,2881,2625,2623,2476,2444,2698,2768,2939,2995,2525,2578,2447,2064,2596,2952,2980,2649,2372,2417,2385,2330,2500,2620,2724,2740,2325,2448,2423,2388,2301,2795,2676,2435,2171,2227,2329,2249,2378,2563,2492,2503,2292,2387,2340,2327,2160,2528,2675,2489,2327,2310,2301,2185,2355,2437,2351,2456,2386,2318,2407,2254,2279,2473,2509,2484,2374,2190,2206,2299,2248,2255,2399,2406,2326,2378,2317,2283,2406,2325,2803,2639,2208,2118,2141,2119,2055,2240,2436,2351,2270,2242,2228,2300,2285,2632,2850,2667,2255,2231,2174,2227,2331,2249,2437,2431,2334,2184,2273,2304,2224,2652,2793,2547,2226,2259,2266,2243,2268,2374,2286,2200,2231,2324,2305,2354,2262,2624,2893,2696,2368,2402,2208,2326,2353,2313,2325,2314,2288,2308,2355,2298,2309,2654,3109,2874,2394,2428,2295,2209,2283,2318,2343,2363,2183,2317,2384,2217,2320,2893,3170,2927,2424,2347,2235,2225,2258,2267,2227,2306,2423,2355,2395,2346,2361,2943,3093,2900,2448,2401,2170,2307,2382,2390,2268,2263,2247,2308,2341,2340,2245,2907,2920,2758,2408,2440,2377,2343,2410,2492,2405,2339,2260,2108,2083,2247,2223,2733,2821,2613,2269,2375,2389,2342,2371,2411,2386,2232,2300,2364,2297,2159,2312,2513,2866,2611,2172,2163,2186,2394,2337,2369,2331,2272,2239,2242,2236,2340,2390,2648,2737,2344,2366,2284,2283,2324,2290,2251,2309,2272,2188,2157,2135,2192,2368,2616,3107,2902,2354,2228,2236,2203,2306,2233,2422,2407,2335,2271,2240,2317,2310,2885,3561,3334,2438,2260,2338,2310,2290,2343,2396,2350,2284,2354,2408,2451,2357,3340,3604,3371,2128,2264,2289,2224,2274,2355,2399,2383,2173,2421,2346,2443,2367,3380,3345,3115,2303,2352,2215,2359,2250,2349,2376,2252,2260,2451,2287,2422,2378,3129,3102,2903,2426,2401,2354,2241,2278,2327,2392,2339,2366,2348,2170,2339,2305,2875,3065,2879,2359,2378,2247,2077,2310,2362,2391,2455,2343,2236,2160,2174,2329,2802,3475,3276,2304,2464,2253,2115,2248,2340,2562,2559,2202,2203,2295,2233,2356,3232,3856,3632,2499,2463,2469,2311,2356,2616,2933,2929,2491,2285,2398,2070,2495,3633,4039,3817,2610,2483,2489,2374,2455,2806,3107,3100,2612,2160,2257,2425,2720,3824,3948,3721,2642,2433,2411,2321,2409,2785,3064,2948,2412,2301,2154,2492,2712,3733,3611,3387,2506,2286,2339,2285,2270,2511,2711,2569,2184,2385,2316,2362,2517,3397,3079,2875,2339,2384,2306,2145,2212,2214,2261,2216,2209,2211,2402,2286,2297,2869,3350,3129,2233,2242,2204,2175,2131,2366,2289,2221,2119,2244,2273,2237,2072,3123,3487,3267,2232,2159,2042,2099,2106,2350,2396,2229,1996,2252,2149,2081,2298,3265,3313,3092,2178,2104,2195,2116,2051,2290,2275,2089,2116,2099,1987,2172,2157,3087,3055,2832,2137,1967,1947,2116,2144,2050,1953,2108,2108,2125,2157,2107,2034,2822,2848,2626,2033,1939,2028,2073,2048,1986,2084,2126,2153,2056,2164,2016,2021,2616,2637,2399,2018,2013,2010,2039,1970,2109,2014,1964,1981,1974,2025,1872,2021,2378,2280,2057,2003,2026,2056,2103,2126,2058,1970,1938,1925,2134,2026,2038,2085,2141,2230,2154,2095,2012,1886,2029,2059,1993,2060,2035,1963,2013,1902,1998,2033,1974,2284,2207,1943,1968,1851,1914,1900,2026,2056,2006,1868,1921,2008,1997,1776,2067
,,,,,,,,,,,,,,,,,,,,,,,,,,,,,,,,,,,,,,,,,,,,,,,,,,,,,,,,,,,,,,,,,,,,,,,,,,,,,,,,,,,,,,,,,,,,,,,,,,,,,,,,,,,,,,,,,,,,,,,,,,,,,,,,,,,,,,,,,,,,,,,,,,,,,,,,,,,,,,,,,,,,,,,,,,,,,,,,,,,,,,,,,,,,,,,,,,,,,,,,,,,,,,,,,,,,,,,,,,,,,,,,,,,,,,,,,,,,,,,,,,,,,,,,,,,,,,,,,,,,,,,,,,,,,,,,,,,,,,,,,,,,,,,,,,,,,,,,,,,,,,,,,,,,,,,,,,,,,,,,,,,,,,,,,,,,,,,,,,,,,,,,,,,,,,,,,,,,,,,,,,,,,,,,,,,,,,,,,,,,,,,,,,,,,,,,,,,,,,,,,,,,,,,,,,,,,,,,,,,,,,,,,,,,,,,,,,,,,,,,,,,,,,,,,,,,,,,,,,,,,,,,,,,,,,,,,,,,,,,,,,,,,,,,,,,,,,,,,,,,,,,,,,,,,,,,,,,,,,,,,,,,,,,,,,,,,,,,,,,,,,,,,,,,,,,,,,,,,,,,,,,,,,,,,,,,,,,,,,,,,,,,,,,,,,,,,,,,,,,,,,,,,,,,,,,,,,,,,,,,,,,,,,,,,,,,,,,,,,,,,,,,,,,,,,,,,,,,,,,,,,,,,,,,,,,,,,,,,,,,,,,,,,,,,,,,,,,,,,,,,,,,,,,,,,,,,,,,,,,,,,,,,,,,,,,,,,,,,,,,,,,,,,,,,,,,,,,,,,,,,,,,,,,,,,,,,,,,,,,,,,,,,,,,,,,,,,,,,,,,,,,,,,,,,,,,,,,,,,,,,,,,,,,,,,,,,,,,,,,,,,,,,,,,,,,,,,,,,,,,,,,,,,,,,,,,,,,,,,,,,,,,,,,,,,,,,,,,,,,,,,,,,,,,,,,,,,,,,,,,,,,,,,,,,,,,,,,,,,,,,,,,,,,,,,,,,,,,,,,,,,,,,,,,,,,,,,,,,,,,,,,,,,,,,,,,,,,,,,,,,,,,,,,,,,,,,,,,,,,,,,,,,,,,,,,,,,,,,,,,,,,,,,,,,,,,,,,,,,,,,,,,,,,,,,,,,,,,,,,,,,,,,,,,,,,,,,,,,,,,,,,,,,,,,,,,,,,,,,,,,,,,,,,,,,,,,,,,,,,,,,,,,,,,,,,,,,,,,,,,,,,,,,,,,,,,,,,,,,,,,,,,,,,,,,,,,,,,,,,,,,,,,,,,,,,,,,,,,,,,,,,,,,,,,,,,,,,,,,,,,,,,,,,,,,,,,,,,,,,,,,,,,,,,,,,,,,,,,,,,,,,,,,,,,,,,,,,,,,,,,,,,,,,,,,,,,,,,,,,,,,,,,,,,,,,,,,,,,,,,,,,,,,,,,,,,,,,,,,,,,,,,,,,,,,,,,,,,,,,,,,,,,,,,,,,,,,,,,,,,,,,,,,,,,,,,,,,,,,,,,,,,,,,,,,,,,,,,,,,,,,,,,,,,,,,,,,,,,,,,,,,,,,,,,,,,,,,,,,,,,,,,,,,,,,,,,,,,,,,,,,,,,,,,,,,,,,,,,,,,,,,,,,,,,,,,,,,,,,,,,,,,,,,,,,,,,,,,,,,,,,,,,,,,,,,,,,,,,,,,,,,,,,,,,,,,,,,,,,,,,,,,,,,,,,,,,,,,,,,,,,,,,,,,,,,,,,,,,,,,,,,,,,,,,,,,,,,,,,,,,,,,,,,,,,,,,,,,,,,,,,,,,,,,,,,,,,,,,,,,,,,,,,,,,,,,,,,,,,,,,,,,,,,,,,,,,,,,,,,,,,,,,,,,,,,,,,,,,,,,,,,,,,,,,,,,,,,,,,,,,,,,,,,,,,,,,,,,,,,,,,,,,,,,,,,,,,,,,,,,,,,,,,,,,,,,,,,,,,,,,,,,,,,,,,,,,,,,,,,,,,,,,,,,,,,,,,,,,,,,,,,,,,,,,,,,,,,,,,,,,,,,,,,,,,,,,,,,,,,,,,,,,,,,,,,,,,,,,,,,,,,,,,,,,,,,,,,,,,,,,,,,,,,,,,,,,,,,,,,,,,,,,,,,,,,,,,,,,,,,,,,,,,,,,,,,,,,,,,,,,,,,,,,,,,,,,,,,,,,,,,,,,,,
,,,,,,,,,,,,,,,,,,,,,,,,,,,,,,,,,,,,,,,,,,,,,,,,,,,,,,,,,,,,,,,,,,,,,,,,,,,,,,,,,,,,,,,,,,,,,,,,,,,,,,,,,,,,,,,,,,,,,,,,,,,,,,,,,,,,,,,,,,,,,,,,,,,,,,,,,,,,,,,,,,,,,,,,,,,,,,,,,,,,,,,,,,,,,,,,,,,,,,,,,,,,,,,,,,,,,,,,,,,,,,,,,,,,,,,,,,,,,,,,,,,,,,,,,,,,,,,,,,,,,,,,,,,,,,,,,,,,,,,,,,,,,,,,,,,,,,,,,,,,,,,,,,,,,,,,,,,,,,,,,,,,,,,,,,,,,,,,,,,,,,,,,,,,,,,,,,,,,,,,,,,,,,,,,,,,,,,,,,,,,,,,,,,,,,,,,,,,,,,,,,,,,,,,,,,,,,,,,,,,,,,,,,,,,,,,,,,,,,,,,,,,,,,,,,,,,,,,,,,,,,,,,,,,,,,,,,,,,,,,,,,,,,,,,,,,,,,,,,,,,,,,,,,,,,,,,,,,,,,,,,,,,,,,,,,,,,,,,,,,,,,,,,,,,,,,,,,,,,,,,,,,,,,,,,,,,,,,,,,,,,,,,,,,,,,,,,,,,,,,,,,,,,,,,,,,,,,,,,,,,,,,,,,,,,,,,,,,,,,,,,,,,,,,,,,,,,,,,,,,,,,,,,,,,,,,,,,,,,,,,,,,,,,,,,,,,,,,,,,,,,,,,,,,,,,,,,,,,,,,,,,,,,,,,,,,,,,,,,,,,,,,,,,,,,,,,,,,,,,,,,,,,,,,,,,,,,,,,,,,,,,,,,,,,,,,,,,,,,,,,,,,,,,,,,,,,,,,,,,,,,,,,,,,,,,,,,,,,,,,,,,,,,,,,,,,,,,,,,,,,,,,,,,,,,,,,,,,,,,,,,,,,,,,,,,,,,,,,,,,,,,,,,,,,,,,,,,,,,,,,,,,,,,,,,,,,,,,,,,,,,,,,,,,,,,,,,,,,,,,,,,,,,,,,,,,,,,,,,,,,,,,,,,,,,,,,,,,,,,,,,,,,,,,,,,,,,,,,,,,,,,,,,,,,,,,,,,,,,,,,,,,,,,,,,,,,,,,,,,,,,,,,,,,,,,,,,,,,,,,,,,,,,,,,,,,,,,,,,,,,,,,,,,,,,,,,,,,,,,,,,,,,,,,,,,,,,,,,,,,,,,,,,,,,,,,,,,,,,,,,,,,,,,,,,,,,,,,,,,,,,,,,,,,,,,,,,,,,,,,,,,,,,,,,,,,,,,,,,,,,,,,,,,,,,,,,,,,,,,,,,,,,,,,,,,,,,,,,,,,,,,,,,,,,,,,,,,,,,,,,,,,,,,,,,,,,,,,,,,,,,,,,,,,,,,,,,,,,,,,,,,,,,,,,,,,,,,,,,,,,,,,,,,,,,,,,,,,,,,,,,,,,,,,,,,,,,,,,,,,,,,,,,,,,,,,,,,,,,,,,,,,,,,,,,,,,,,,,,,,,,,,,,,,,,,,,,,,,,,,,,,,,,,,,,,,,,,,,,,,,,,,,,,,,,,,,,,,,,,,,,,,,,,,,,,,,,,,,,,,,,,,,,,,,,,,,,,,,,,,,,,,,,,,,,,,,,,,,,,,,,,,,,,,,,,,,,,,,,,,,,,,,,,,,,,,,,,,,,,,,,,,,,,,,,,,,,,,,,,,,,,,,,,,,,,,,,,,,,,,,,,,,,,,,,,,,,,,,,,,,,,,,,,,,,,,,,,,,,,,,,,,,,,,,,,,,,,,,,,,,,,,,,,,,,,,,,,,,,,,,,,,,,,,,,,,,,,,,,,,,,,,,,,,,,,,,,,,,,,,,,,,,,,,,,,,,,,,,,,,,,,,,,,,,,,,,,,,,,,,,,,,,,,,,,,,,,,,,,,,,,,,,,,,,,,,,,,,,,,,,,,,,,,,,,,,,,,,,,,,,,,,,,,,,,,,,,,,,,,,,,,,,,,,,,,,,,,,,,,,,,,,,,,,,,,,,,,,,,,,,,,,,,,,,,,,,,,,,,,,,,,,,,,,,,,,,,,,,,,,,,,,,,,,,,,,,,,,,,,,,,,,,,,,,,,,,,,,,,,,,,,,,,,,,,,,,,,,,,,,,,,,,,,,,,,,,,,,,,,,,,,,,,,,,,,,,,,,,,,,,,,,,,,
,,,,,,,,,,,,,,,,,,,,,,,,,,,,,,,,,,,,,,,,,,,,,,,,,,,,,,,,,,,,,,,,,,,,,,,,,,,,,,,,,,,,,,,,,,,,,,,,,,,,,,,,,,,,,,,,,,,,,,,,,,,,,,,,,,,,,,,,,,,,,,,,,,,,,,,,,,,,,,,,,,,,,,,,,,,,,,,,,,,,,,,,,,,,,,,,,,,,,,,,,,,,,,,,,,,,,,,,,,,,,,,,,,,,,,,,,,,,,,,,,,,,,,,,,,,,,,,,,,,,,,,,,,,,,,,,,,,,,,,,,,,,,,,,,,,,,,,,,,,,,,,,,,,,,,,,,,,,,,,,,,,,,,,,,,,,,,,,,,,,,,,,,,,,,,,,,,,,,,,,,,,,,,,,,,,,,,,,,,,,,,,,,,,,,,,,,,,,,,,,,,,,,,,,,,,,,,,,,,,,,,,,,,,,,,,,,,,,,,,,,,,,,,,,,,,,,,,,,,,,,,,,,,,,,,,,,,,,,,,,,,,,,,,,,,,,,,,,,,,,,,,,,,,,,,,,,,,,,,,,,,,,,,,,,,,,,,,,,,,,,,,,,,,,,,,,,,,,,,,,,,,,,,,,,,,,,,,,,,,,,,,,,,,,,,,,,,,,,,,,,,,,,,,,,,,,,,,,,,,,,,,,,,,,,,,,,,,,,,,,,,,,,,,,,,,,,,,,,,,,,,,,,,,,,,,,,,,,,,,,,,,,,,,,,,,,,,,,,,,,,,,,,,,,,,,,,,,,,,,,,,,,,,,,,,,,,,,,,,,,,,,,,,,,,,,,,,,,,,,,,,,,,,,,,,,,,,,,,,,,,,,,,,,,,,,,,,,,,,,,,,,,,,,,,,,,,,,,,,,,,,,,,,,,,,,,,,,,,,,,,,,,,,,,,,,,,,,,,,,,,,,,,,,,,,,,,,,,,,,,,,,,,,,,,,,,,,,,,,,,,,,,,,,,,,,,,,,,,,,,,,,,,,,,,,,,,,,,,,,,,,,,,,,,,,,,,,,,,,,,,,,,,,,,,,,,,,,,,,,,,,,,,,,,,,,,,,,,,,,,,,,,,,,,,,,,,,,,,,,,,,,,,,,,,,,,,,,,,,,,,,,,,,,,,,,,,,,,,,,,,,,,,,,,,,,,,,,,,,,,,,,,,,,,,,,,,,,,,,,,,,,,,,,,,,,,,,,,,,,,,,,,,,,,,,,,,,,,,,,,,,,,,,,,,,,,,,,,,,,,,,,,,,,,,,,,,,,,,,,,,,,,,,,,,,,,,,,,,,,,,,,,,,,,,,,,,,,,,,,,,,,,,,,,,,,,,,,,,,,,,,,,,,,,,,,,,,,,,,,,,,,,,,,,,,,,,,,,,,,,,,,,,,,,,,,,,,,,,,,,,,,,,,,,,,,,,,,,,,,,,,,,,,,,,,,,,,,,,,,,,,,,,,,,,,,,,,,,,,,,,,,,,,,,,,,,,,,,,,,,,,,,,,,,,,,,,,,,,,,,,,,,,,,,,,,,,,,,,,,,,,,,,,,,,,,,,,,,,,,,,,,,,,,,,,,,,,,,,,,,,,,,,,,,,,,,,,,,,,,,,,,,,,,,,,,,,,,,,,,,,,,,,,,,,,,,,,,,,,,,,,,,,,,,,,,,,,,,,,,,,,,,,,,,,,,,,,,,,,,,,,,,,,,,,,,,,,,,,,,,,,,,,,,,,,,,,,,,,,,,,,,,,,,,,,,,,,,,,,,,,,,,,,,,,,,,,,,,,,,,,,,,,,,,,,,,,,,,,,,,,,,,,,,,,,,,,,,,,,,,,,,,,,,,,,,,,,,,,,,,,,,,,,,,,,,,,,,,,,,,,,,,,,,,,,,,,,,,,,,,,,,,,,,,,,,,,,,,,,,,,,,,,,,,,,,,,,,,,,,,,,,,,,,,,,,,,,,,,,,,,,,,,,,,,,,,,,,,,,,,,,,,,,,,,,,,,,,,,,,,,,,,,,,,,,,,,,,,,,,,,,,,,,,,,,,,,,,,,,,,,,,,,,,,,,,,,,,,,,,,,,,,,,,,,,,,,,,,,,,,,,,,,,,,,,,,,,,,,,,,,,,,,,,,,,,,,,,,,,,,,,,,,,,,,,,,,,,,,,,,,,,,,,,,,,,,,,,,,,,,,,,,,,,,,,,,,,,,,,,,,,,,,,,,,,,,,,,,,,,,,,,,,,,
,,,,,,,,,,,,,,,,,,,,,,,,,,,,,,,,,,,,,,,,,,,,,,,,,,,,,,,,,,,,,,,,,,,,,,,,,,,,,,,,,,,,,,,,,,,,,,,,,,,,,,,,,,,,,,,,,,,,,,,,,,,,,,,,,,,,,,,,,,,,,,,,,,,,,,,,,,,,,,,,,,,,,,,,,,,,,,,,,,,,,,,,,,,,,,,,,,,,,,,,,,,,,,,,,,,,,,,,,,,,,,,,,,,,,,,,,,,,,,,,,,,,,,,,,,,,,,,,,,,,,,,,,,,,,,,,,,,,,,,,,,,,,,,,,,,,,,,,,,,,,,,,,,,,,,,,,,,,,,,,,,,,,,,,,,,,,,,,,,,,,,,,,,,,,,,,,,,,,,,,,,,,,,,,,,,,,,,,,,,,,,,,,,,,,,,,,,,,,,,,,,,,,,,,,,,,,,,,,,,,,,,,,,,,,,,,,,,,,,,,,,,,,,,,,,,,,,,,,,,,,,,,,,,,,,,,,,,,,,,,,,,,,,,,,,,,,,,,,,,,,,,,,,,,,,,,,,,,,,,,,,,,,,,,,,,,,,,,,,,,,,,,,,,,,,,,,,,,,,,,,,,,,,,,,,,,,,,,,,,,,,,,,,,,,,,,,,,,,,,,,,,,,,,,,,,,,,,,,,,,,,,,,,,,,,,,,,,,,,,,,,,,,,,,,,,,,,,,,,,,,,,,,,,,,,,,,,,,,,,,,,,,,,,,,,,,,,,,,,,,,,,,,,,,,,,,,,,,,,,,,,,,,,,,,,,,,,,,,,,,,,,,,,,,,,,,,,,,,,,,,,,,,,,,,,,,,,,,,,,,,,,,,,,,,,,,,,,,,,,,,,,,,,,,,,,,,,,,,,,,,,,,,,,,,,,,,,,,,,,,,,,,,,,,,,,,,,,,,,,,,,,,,,,,,,,,,,,,,,,,,,,,,,,,,,,,,,,,,,,,,,,,,,,,,,,,,,,,,,,,,,,,,,,,,,,,,,,,,,,,,,,,,,,,,,,,,,,,,,,,,,,,,,,,,,,,,,,,,,,,,,,,,,,,,,,,,,,,,,,,,,,,,,,,,,,,,,,,,,,,,,,,,,,,,,,,,,,,,,,,,,,,,,,,,,,,,,,,,,,,,,,,,,,,,,,,,,,,,,,,,,,,,,,,,,,,,,,,,,,,,,,,,,,,,,,,,,,,,,,,,,,,,,,,,,,,,,,,,,,,,,,,,,,,,,,,,,,,,,,,,,,,,,,,,,,,,,,,,,,,,,,,,,,,,,,,,,,,,,,,,,,,,,,,,,,,,,,,,,,,,,,,,,,,,,,,,,,,,,,,,,,,,,,,,,,,,,,,,,,,,,,,,,,,,,,,,,,,,,,,,,,,,,,,,,,,,,,,,,,,,,,,,,,,,,,,,,,,,,,,,,,,,,,,,,,,,,,,,,,,,,,,,,,,,,,,,,,,,,,,,,,,,,,,,,,,,,,,,,,,,,,,,,,,,,,,,,,,,,,,,,,,,,,,,,,,,,,,,,,,,,,,,,,,,,,,,,,,,,,,,,,,,,,,,,,,,,,,,,,,,,,,,,,,,,,,,,,,,,,,,,,,,,,,,,,,,,,,,,,,,,,,,,,,,,,,,,,,,,,,,,,,,,,,,,,,,,,,,,,,,,,,,,,,,,,,,,,,,,,,,,,,,,,,,,,,,,,,,,,,,,,,,,,,,,,,,,,,,,,,,,,,,,,,,,,,,,,,,,,,,,,,,,,,,,,,,,,,,,,,,,,,,,,,,,,,,,,,,,,,,,,,,,,,,,,,,,,,,,,,,,,,,,,,,,,,,,,,,,,,,,,,,,,,,,,,,,,,,,,,,,,,,,,,,,,,,,,,,,,,,,,,,,,,,,,,,,,,,,,,,,,,,,,,,,,,,,,,,,,,,,,,,,,,,,,,,,,,,,,,,,,,,,,,,,,,,,,,,,,,,,,,,,,,,,,,,,,,,,,,,,,,,,,,,,,,,,,,,,,,,,,,,,,,,,,,,,,,,,,,,,,,,,,,,,,,,,,,,,,,,,,,,,,,,,,,,,,,,,,,,,,,,,,,,,,,,,,,,,,,,,,,,,,,,,,,,,,,,,,,,,,,,,,,,,,,,,,,,,,,,,,,,,,,,,,,,,,,,,,,,,,,,,,,,,,,,,,,,,,,,,,,,,,,,,,,,,,,,,,,,,,,,,,
,,,,,,,,,,,,,,,,,,,,,,,,,,,,,,,,,,,,,,,,,,,,,,,,,,,,,,,,,,,,,,,,,,,,,,,,,,,,,,,,,,,,,,,,,,,,,,,,,,,,,,,,,,,,,,,,,,,,,,,,,,,,,,,,,,,,,,,,,,,,,,,,,,,,,,,,,,,,,,,,,,,,,,,,,,,,,,,,,,,,,,,,,,,,,,,,,,,,,,,,,,,,,,,,,,,,,,,,,,,,,,,,,,,,,,,,,,,,,,,,,,,,,,,,,,,,,,,,,,,,,,,,,,,,,,,,,,,,,,,,,,,,,,,,,,,,,,,,,,,,,,,,,,,,,,,,,,,,,,,,,,,,,,,,,,,,,,,,,,,,,,,,,,,,,,,,,,,,,,,,,,,,,,,,,,,,,,,,,,,,,,,,,,,,,,,,,,,,,,,,,,,,,,,,,,,,,,,,,,,,,,,,,,,,,,,,,,,,,,,,,,,,,,,,,,,,,,,,,,,,,,,,,,,,,,,,,,,,,,,,,,,,,,,,,,,,,,,,,,,,,,,,,,,,,,,,,,,,,,,,,,,,,,,,,,,,,,,,,,,,,,,,,,,,,,,,,,,,,,,,,,,,,,,,,,,,,,,,,,,,,,,,,,,,,,,,,,,,,,,,,,,,,,,,,,,,,,,,,,,,,,,,,,,,,,,,,,,,,,,,,,,,,,,,,,,,,,,,,,,,,,,,,,,,,,,,,,,,,,,,,,,,,,,,,,,,,,,,,,,,,,,,,,,,,,,,,,,,,,,,,,,,,,,,,,,,,,,,,,,,,,,,,,,,,,,,,,,,,,,,,,,,,,,,,,,,,,,,,,,,,,,,,,,,,,,,,,,,,,,,,,,,,,,,,,,,,,,,,,,,,,,,,,,,,,,,,,,,,,,,,,,,,,,,,,,,,,,,,,,,,,,,,,,,,,,,,,,,,,,,,,,,,,,,,,,,,,,,,,,,,,,,,,,,,,,,,,,,,,,,,,,,,,,,,,,,,,,,,,,,,,,,,,,,,,,,,,,,,,,,,,,,,,,,,,,,,,,,,,,,,,,,,,,,,,,,,,,,,,,,,,,,,,,,,,,,,,,,,,,,,,,,,,,,,,,,,,,,,,,,,,,,,,,,,,,,,,,,,,,,,,,,,,,,,,,,,,,,,,,,,,,,,,,,,,,,,,,,,,,,,,,,,,,,,,,,,,,,,,,,,,,,,,,,,,,,,,,,,,,,,,,,,,,,,,,,,,,,,,,,,,,,,,,,,,,,,,,,,,,,,,,,,,,,,,,,,,,,,,,,,,,,,,,,,,,,,,,,,,,,,,,,,,,,,,,,,,,,,,,,,,,,,,,,,,,,,,,,,,,,,,,,,,,,,,,,,,,,,,,,,,,,,,,,,,,,,,,,,,,,,,,,,,,,,,,,,,,,,,,,,,,,,,,,,,,,,,,,,,,,,,,,,,,,,,,,,,,,,,,,,,,,,,,,,,,,,,,,,,,,,,,,,,,,,,,,,,,,,,,,,,,,,,,,,,,,,,,,,,,,,,,,,,,,,,,,,,,,,,,,,,,,,,,,,,,,,,,,,,,,,,,,,,,,,,,,,,,,,,,,,,,,,,,,,,,,,,,,,,,,,,,,,,,,,,,,,,,,,,,,,,,,,,,,,,,,,,,,,,,,,,,,,,,,,,,,,,,,,,,,,,,,,,,,,,,,,,,,,,,,,,,,,,,,,,,,,,,,,,,,,,,,,,,,,,,,,,,,,,,,,,,,,,,,,,,,,,,,,,,,,,,,,,,,,,,,,,,,,,,,,,,,,,,,,,,,,,,,,,,,,,,,,,,,,,,,,,,,,,,,,,,,,,,,,,,,,,,,,,,,,,,,,,,,,,,,,,,,,,,,,,,,,,,,,,,,,,,,,,,,,,,,,,,,,,,,,,,,,,,,,,,,,,,,,,,,,,,,,,,,,,,,,,,,,,,,,,,,,,,,,,,,,,,,,,,,,,,,,,,,,,,,,,,,,,,,,,,,,,,,,,,,,,,,,,,,,,,,,,,,,,,,,,,,,,,,,,,,,,,,,,,,,,,,,,,,,,,,,,,,,,,,,,,,,,,,,,,,,,,,,,,,,,,,,,,,,,,,,,,,,,,,,,,,,,,,,,,,,,,,,,,,,,,,,,,,,,,,,,,,,,,,,,,,,,,,,,,,,,,,,,,,,,,,,,,,,,,,,,,,,,,,,,,
3504,3280,2431,2411,2341,2377,2161,2214,2038,2214,2161,2377,2341,2411,2431,3280,3714,3482,2403,2385,2289,2304,2287,2316,2306,2257,2220,2326,2396,2401,2451,3488,4068,3847,2698,2440,2320,2234,2287,2290,2225,2229,2270,2353,2188,2404,2737,3849,4202,3979,2798,2525,2300,2100,2283,2211,2251,2180,2265,2374,2200,2436,2859,3981,4006,3780,2641,2444,2325,2002,2345,2175,2144,2246,2259,2362,2215,2317,2688,3785,3735,3513,2428,2193,2313,2103,2248,2274,2077,2111,2295,2258,2077,2266,2514,3507,3511,3284,2422,2318,2282,2311,2256,2297,2255,2222,2226,2162,2046,2061,2357,3302,3821,3600,2618,2271,2066,2343,2290,2315,2290,2299,2177,1981,2270,2350,2437,3596,4005,3782,2724,2356,2309,2295,2377,2349,2279,2279,2269,2384,2189,2466,2581,3778,3878,3662,2617,2339,2284,2408,2319,2260,2311,2410,2423,2444,2270,2395,2507,3653,3474,3266,2394,2201,2231,2371,2263,2224,2306,2540,2529,2380,2207,2179,2377,3251,3130,2901,2323,2316,2327,2273,2287,2212,2232,2479,2457,2261,2149,2211,2327,2934,3118,2841,2720,2352,2363,2431,2258,2443,2354,2357,2464,2396,2424,2309,2667,2904,4001,3981,3857,3566,3379,3407,3379,3161,3446,3756,3711,3417,3236,3418,3442,3831,4511,4468,4258,4026,3672,3961,3930,3409,3883,4202,4167,3751,3866,3862,3861,4215,4596,4535,4250,4040,3897,4047,4072,3822,3978,4205,4181,3737,3938,3997,4084,4174,4331,4227,3734,3944,3899,3801,3911,3900,3881,3911,3864,3702,3750,3790,3997,4037,4524,4310,3578,3695,3664,3478,3531,3755,3639,3632,3695,3574,3397,3232,3688,4314,4606,4380,3133,3186,3171,3231,3197,3445,3289,3325,3358,3211,3027,3128,3429,4386,4798,4581,3511,3064,2864,2962,2907,3091,3165,3137,2966,2938,2880,3159,3360,4574,4696,4477,3394,2946,2724,2742,2738,2680,2787,2715,2603,2581,2779,3066,3196,4466,4254,4034,2865,2849,2718,2677,2696,2707,2860,2794,2502,2575,2805,2901,2837,4027,3759,3537,2722,2805,2774,2719,2844,2791,2865,2701,2655,2765,2711,2674,2807,3538,3514,3311,2554,2662,2611,2697,2836,2755,2594,2613,2632,2662,2577,2475,2651,3271,3459,3219,2473,2524,2443,2443,2682,2587,2661,2531,2521,2414,2478,2495,2497,3242,3640,3414,2450,2401,2316,2396,2540,2444,2647,2600,2492,2321,2311,2439,2479,3420,3644,3414,2574,2533,2579,2652,2395,2357,2443,2649,2553,2419,2293,2399,2492,3416,3211,3015,3031,2828,2863,2843,2684,2676,2740,2777,2884,2725,2730,2777,2848,3071,3165,2954,3071,2915,2828,2794,2708,2867,2802,2705,2933,2706,2782,2886,2797,2970,2938,2754,2793,2721,2720,2706,2633,2799,2692,2511,2777,2452,2534,2619,2481,2704,2702,2671,2512,2402,2671,2715,2488,2597,2626,2521,2698,2441,2376,2355,2528,2713,2806,2727,2601,2470,2573,2576,2406,2608,2700,2610,2582,2417,2293,2162,2471,2726,2859,2759,2737,2519,2446,2595,2518,2600,2585,2731,2718,2623,2500,2461,2469,2767,2871,2829,2763,2462,2364,2586,2478,2571,2520,2653,2764,2547,2525,2543,2497,2684,2922,2843,2421,2332,2231,2308,2392,2485,2442,2318,2600,2531,2339,2251,2310,2667,3112,2869,2391,2363,2315,2261,2417,2680,2620,2502,2607,2520,2261,2192,2542,2864,3417,3189,2406,2421,2279,2253,2363,2737,2795,2562,2607,2526,2311,2233,2452,3195,3442,3218,2434,2439,2313,2447,2306,2592,2576,2426,2480,2405,2214,2329,2419,3209,3132,2907,2501,2303,2395,2458,2451,2545,2571,2632,2460,2152,2126,2241,2489,2905,3138,2897,2436,2311,2341,2356,2331,2583,2710,2650,2364,2150,2219,2249,2495,2972,2964,2657,2453,2340,2241,2250,2407,2402,2477,2398,2149,2279,2299,2263,2428,2832,2984,2787,2368,2317,2436,2396,2505,2579,2495,2433,2241,2308,2242,2334,2410,2744,3140,2929,2281,2431,2477,2449,2535,2610,2709,2608,2296,2307,2301,2386,2374,2933,3054,2866,2426,2274,2417,2322,2337,2392,2515,2453,2207,2278,2381,2372,2302,2830,2919,2768,2436,2374,2418,2414,2426,2275,2364,2228,2034,2353,2297,2436,2337,2698,2972,2803,2395,2369,2338,2238,2350,2268,2414,2393,2166,2331,2386,2327,2329,2722,2793,2571,2313,2382,2174,2284,2266,2288,2416,2260,2190,2419,2397,2313,2238,2486,2722,2571,2374,2327,2103,2304,2308,2424,2408,2262,2150,2410,2133,2179,2223,2437,2768,2635,2427,2024,2214,2261,2360,2247,2367,2388,2319,2314,2296,2251,2229,2540,2733,2526,2303,2164,2296,2177,2341,2393,2466,2324,2331,2411,2352,2333,2337,2621,2704,2541,2281,2289,2370,2408,2376,2392,2429,2174,2272,2401,2301,2316,2346,2553,2632,2576,2361,2279,2381,2474,2444,2473,2285,2283,2306,2382,2342,2272,2303,2564,2908,2736,2192,2156,2297,2404,2409,2406,2352,2468,2308,2380,2313,2213,2361,2713,2825,2625,2386,2182,2237,2380,2278,2277,2376,2402,2335,2355,2429,2410,2464,2691,2829,2603,2390,2318,2324,2299,2292,2242,2304,2355,2300,2178,2382,2375,2400,2661,2851,2699,2363,2301,2348,2381,2289,2173,2050,2308,2269,2244,2229,2104,2133,2634,2714,2500,2228,2253,2257,2344,2214,2275,2166,2233,2316,2182,2238,2283,2090,2514,2624,2461,2427,2314,2194,2261,2289,2405,2327,2251,2388,2339,2244,2299,2223,2420,2675,2502,2358,2331,2136,2066,2244,2311,2327,2290,2416,2217,2268,2295,2264,2421,2720,2478,2281,2339,2210,2281,2178,2360,2330,2305,2380,2233,2198,2321,2291,2557,2775,2594,2342,2100,2216,2330,2301,2313,2197,2395,2413,2390,2352,2323,2270,2646,2701,2508,2201,2237,2293,2230,2172,2235,2229,2355,2388,2370,2409,2371,2291,2466,2674,2504,2309,2200,2174,2294,2334,2306,2278,2356,2411,2388,2394,2345,2257,2584,3330,3113,2255,2250,2276,2320,2399,2418,2455,2447,2381,2300,2387,2253,2294,3103,3855,3646,2586,2422,2196,2314,2208,2380,2666,2708,2497,2392,2383,2301,2455,3619,4144,3920,2825,2805,2517,2605,2655,2683,2940,2936,2720,2499,2629,2600,2800,3903,4187,3967,2775,2850,2744,2792,2851,2804,3166,3087,2687,2439,2734,2736,2946,3948,4099,3860,2744,2828,2677,2743,2740,2820,3067,3009,2601,2550,2563,2796,2849,3880,4098,3876,2866,2661,2651,2433,2601,2714,2892,2801,2485,2570,2574,2612,2716,3879,3775,3567,2690,2464,2546,2560,2541,2456,2568,2318,2464,2604,2596,2633,2497,3541,3290,3060,2396,2369,2423,2413,2269,2373,2551,2419,2360,2471,2415,2475,2510,3105,3117,2876,2147,2304,2399,2347,2111,2302,2439,2399,2423,2188,2264,2325,2434,2935,2765,2495,2350,2356,2322,2243,2347,2255,2421,2412,2346,2331,2268,2310,2276,2569,2851,2697,2458,2291,2313,2318,2259,2326,2530,2503,2300,2340,2281,2300,2177,2615,2861,2694,2380,2344,2376,2382,2256,2257,2435,2396,2173,2348,2329,2330,2247,2551,2725,2564,2284,2262,2322,2270,2157,2345,2449,2381,2195,2249,2206,2195,2175,2499,2716,2539,2236,2186,2381,2420,2266,2313,2482,2458,2154,2221,2066,2221,2317,2598,2961,2806,2294,2296,2206,2221,2237,2337,2458,2534,2460,2355,2135,2224,2426,2744,2903,2850,2491,2560,2537,2422,2462,2615,2712,2558,2482,2429,2391,2415,2566,2681,2924,2766,2473,2434,2673,2533,2610,2708,2840,2754,2584,2496,2514,2304,2565,2805,2995,2860,2519,2460,2555,2500,2505,2711,2606,2654,2553,2453,2415,2393,2391,2792,3388,3191,2406,2338,2276,2278,2341,2636,2453,2648,2543,2475,2358,2343,2357,3155,3386,3156,2281,2164,2247,2291,2337,2501,2431,2584,2490,2458,2414,2288,2348,3182,3210,2973,2136,2428,2425,2357,2333,2540,2565,2523,2515,2423,2271,2286,2307,3017,2977,2822,2385,2458,2216,2299,2464,2722,2778,2624,2510,2434,2391,2379,2513,2708,3026,2757,2582,2581,2407,2351,2299,2642,2689,2663,2589,2480,2311,2425,2461,2677,2959,2689,2636,2499,2308,2286,2477,2742,2627,2568,2557,2429,2310,2315,2413,2840,2992,2757,2463,2316,2212,2301,2372,2636,2481,2403,2455,2330,2284,2240,2250,2807,2934,2733,2357,2164,2233,2252,2314,2531,2475,2312,2423,2427,2429,2454,2409,2781,2834,2769,2387,2217,2240,2296,2429,2602,2618,2424,2442,2464,2394,2519,2360,2674,2997,2823,2323,2309,2296,2164,2466,2625,2686,2562,2162,2218,2386,2458,2426,2775,3056,2870,2282,2248,2340,2176,2372,2496,2521,2480,2280,2238,2318,2316,2292,2914,3052,2862,2335,2228,2117,2207,2327,2279,2407,2439,2385,2292,2396,2451,2324,2786,2868,2692,2246,2240,2211,2278,2235,2266,2475,2455,2180,2219,2361,2330,2243,2635,2715,2580,2378,2247,2371,2382,2243,2352,2368,2302,2328,2287,2234,2275,2145,2518,2643,2577,2346,2290,2337,2327,2258,2303,2340,2405,2354,2148,2246,2341,2255,2470,2766,2558,2309,2275,2397,2315,2293,2374,2353,2385,2365,2293,2196,2293,2359,2582,2714,2522,2272,2220,2319,2322,2339,2360,2351,2300,2251,2354,2269,2295,2328,2506,2826,2664,2320,2311,2306,2375,2253,2244,2210,2234,2305,2348,2287,2231,2278,2625,3024,2858,2414,2337,2259,2245,2132,2288,2181,2212,2354,2269,2171,2167,2355,2763,2935,2798,2327,2287,2231,2323,2235,2354,2319,2355,2410,2304,2112,2110,2214,2795,3134,2870,2267,2232,2310,2439,2352,2302,2377,2437,2305,2170,2193,2149,2279,2935,3168,2925,2252,2180,2159,2414,2404,2335,2261,2419,2267,2196,2218,2245,2191,2980,2854,2721,2146,2086,2266,2366,2319,2299,2365,2382,2329,2238,2160,2290,2273,2667,2792,2607,1982,2086,2232,2279,2331,2356,2357,2389,2387,2309,2208,2213,2239,2513,2839,2654,2160,2178,2160,2209,2228,2218,2167,2300,2326,2331,2133,2231,2217,2603,2728,2552,2207,2243,2244,2336,2311,2289,2162,2287,2243,2282,2219,2254,2242,2551,3132,2927,2264,2216,2362,2421,2284,2245,2355,2265,2303,2412,2330,2337,2317,2926,3562,3333,2482,2309,2330,2248,2198,2311,2388,2380,2215,2376,2324,2375,2449,3351,3609,3380,2496,2354,2315,2338,2326,2414,2467,2426,2304,2302,2439,2395,2514,3393,3351,3090,2275,2342,2240,2359,2504,2542,2534,2387,2412,2458,2389,2447,2536,3161,3104,2883,2415,2378,2294,2314,2480,2467,2467,2393,2369,2485,2361,2307,2377,2920,3058,2843,2354,2247,2244,2164,2281,2375,2409,2313,2333,2404,2356,2235,2231,2900,3463,3221,2102,2091,2258,2251,2210,2290,2370,2381,2355,2454,2336,2192,2299,3240,3856,3628,2484,2143,2174,2389,2295,2505,2867,2884,2603,2425,2351,2328,2523,3636,4041,3820,2697,2264,2305,2398,2325,2593,3089,3104,2626,2270,2264,2422,2706,3826,3952,3727,2665,2288,2320,2333,2388,2781,3033,2950,2481,2210,2143,2273,2599,3729,3616,3394,2417,2306,2437,2310,2377,2610,2733,2612,2229,2217,2181,2199,2304,3387,3079,2876,2226,2342,2451,2279,2403,2275,2347,2347,2240,2096,2240,2176,2147,2811,3340,3114,2122,2276,2167,2188,2274,2103,2360,2310,2277,2023,2124,2240,2181,3113,3494,3272,2319,2322,2303,2190,2201,2328,2393,2254,2198,1986,2119,2196,2108,3264,3324,3108,2308,2177,2209,2165,2228,2257,2238,2260,2252,2138,2001,2068,2217,3098,3050,2826,2175,2168,2151,2091,2069,2006,2117,2225,2279,2163,2147,2123,2187,2841,2860,2629,2079,2198,2051,2097,2169,2182,2105,2105,2093,2090,2083,2109,2072,2636,2653,2408,2068,2164,2062,2055,2025,2121,2178,2174,2153,2045,1989,2122,1996,2455,2420,2183,1844,1941,1995,1877,1841,1931,2138,2145,1976,2158,2065,1995,2131,2193,2263,2107,1797,1834,1854,1855,1854,1883,1990,2039,2152,2175,2040,1829,1911,1953,2364,2238,1845,1884,1994,1989,1885,2021,1977,2017,2070,2140,2058,1798,1772,2159
,,,,,,,,,,,,,,,,,,,,,,,,,,,,,,,,,,,,,,,,,,,,,,,,,,,,,,,,,,,,,,,,,,,,,,,,,,,,,,,,,,,,,,,,,,,,,,,,,,,,,,,,,,,,,,,,,,,,,,,,,,,,,,,,,,,,,,,,,,,,,,,,,,,,,,,,,,,,,,,,,,,,,,,,,,,,,,,,,,,,,,,,,,,,,,,,,,,,,,,,,,,,,,,,,,,,,,,,,,,,,,,,,,,,,,,,,,,,,,,,,,,,,,,,,,,,,,,,,,,,,,,,,,,,,,,,,,,,,,,,,,,,,,,,,,,,,,,,,,,,,,,,,,,,,,,,,,,,,,,,,,,,,,,,,,,,,,,,,,,,,,,,,,,,,,,,,,,,,,,,,,,,,,,,,,,,,,,,,,,,,,,,,,,,,,,,,,,,,,,,,,,,,,,,,,,,,,,,,,,,,,,,,,,,,,,,,,,,,,,,,,,,,,,,,,,,,,,,,,,,,,,,,,,,,,,,,,,,,,,,,,,,,,,,,,,,,,,,,,,,,,,,,,,,,,,,,,,,,,,,,,,,,,,,,,,,,,,,,,,,,,,,,,,,,,,,,,,,,,,,,,,,,,,,,,,,,,,,,,,,,,,,,,,,,,,,,,,,,,,,,,,,,,,,,,,,,,,,,,,,,,,,,,,,,,,,,,,,,,,,,,,,,,,,,,,,,,,,,,,,,,,,,,,,,,,,,,,,,,,,,,,,,,,,,,,,,,,,,,,,,,,,,,,,,,,,,,,,,,,,,,,,,,,,,,,,,,,,,,,,,,,,,,,,,,,,,,,,,,,,,,,,,,,,,,,,,,,,,,,,,,,,,,,,,,,,,,,,,,,,,,,,,,,,,,,,,,,,,,,,,,,,,,,,,,,,,,,,,,,,,,,,,,,,,,,,,,,,,,,,,,,,,,,,,,,,,,,,,,,,,,,,,,,,,,,,,,,,,,,,,,,,,,,,,,,,,,,,,,,,,,,,,,,,,,,,,,,,,,,,,,,,,,,,,,,,,,,,,,,,,,,,,,,,,,,,,,,,,,,,,,,,,,,,,,,,,,,,,,,,,,,,,,,,,,,,,,,,,,,,,,,,,,,,,,,,,,,,,,,,,,,,,,,,,,,,,,,,,,,,,,,,,,,,,,,,,,,,,,,,,,,,,,,,,,,,,,,,,,,,,,,,,,,,,,,,,,,,,,,,,,,,,,,,,,,,,,,,,,,,,,,,,,,,,,,,,,,,,,,,,,,,,,,,,,,,,,,,,,,,,,,,,,,,,,,,,,,,,,,,,,,,,,,,,,,,,,,,,,,,,,,,,,,,,,,,,,,,,,,,,,,,,,,,,,,,,,,,,,,,,,,,,,,,,,,,,,,,,,,,,,,,,,,,,,,,,,,,,,,,,,,,,,,,,,,,,,,,,,,,,,,,,,,,,,,,,,,,,,,,,,,,,,,,,,,,,,,,,,,,,,,,,,,,,,,,,,,,,,,,,,,,,,,,,,,,,,,,,,,,,,,,,,,,,,,,,,,,,,,,,,,,,,,,,,,,,,,,,,,,,,,,,,,,,,,,,,,,,,,,,,,,,,,,,,,,,,,,,,,,,,,,,,,,,,,,,,,,,,,,,,,,,,,,,,,,,,,,,,,,,,,,,,,,,,,,,,,,,,,,,,,,,,,,,,,,,,,,,,,,,,,,,,,,,,,,,,,,,,,,,,,,,,,,,,,,,,,,,,,,,,,,,,,,,,,,,,,,,,,,,,,,,,,,,,,,,,,,,,,,,,,,,,,,,,,,,,,,,,,,,,,,,,,,,,,,,,,,,,,,,,,,,,,,,,,,,,,,,,,,,,,,,,,,,,,,,,,,,,,,,,,,,,,,,,,,,,,,,,,,,,,,,,,,,,,,,,,,,,,,,,,,,,,,,,,,,,,,,,,,,,,,,,,,,,,,,,,,,,,,,,,,,,,,,,,,,,,,,,,,,,,,,,,,,,,,,,,,,,,,,,,,,,,,,,,,,,,,,,,,,,,,,,,,,,,,,,,,,,,,,,,,,,,,,,,,,,,,,,,,,,,,,,,,,,,,,,,,,,,,,,,,,,,,,,,,,,,,,,,,,,,,,,,,,,,,,,,,,,,,,,,,,,,,,,,,,,,,,,,,,,,,,,,,,,,,,,,,,,,,,,,,,,,,,,,,,,,,,,,,,,,,,,,,,,,,,,,,,,,,,,,,,,,
,,,,,,,,,,,,,,,,,,,,,,,,,,,,,,,,,,,,,,,,,,,,,,,,,,,,,,,,,,,,,,,,,,,,,,,,,,,,,,,,,,,,,,,,,,,,,,,,,,,,,,,,,,,,,,,,,,,,,,,,,,,,,,,,,,,,,,,,,,,,,,,,,,,,,,,,,,,,,,,,,,,,,,,,,,,,,,,,,,,,,,,,,,,,,,,,,,,,,,,,,,,,,,,,,,,,,,,,,,,,,,,,,,,,,,,,,,,,,,,,,,,,,,,,,,,,,,,,,,,,,,,,,,,,,,,,,,,,,,,,,,,,,,,,,,,,,,,,,,,,,,,,,,,,,,,,,,,,,,,,,,,,,,,,,,,,,,,,,,,,,,,,,,,,,,,,,,,,,,,,,,,,,,,,,,,,,,,,,,,,,,,,,,,,,,,,,,,,,,,,,,,,,,,,,,,,,,,,,,,,,,,,,,,,,,,,,,,,,,,,,,,,,,,,,,,,,,,,,,,,,,,,,,,,,,,,,,,,,,,,,,,,,,,,,,,,,,,,,,,,,,,,,,,,,,,,,,,,,,,,,,,,,,,,,,,,,,,,,,,,,,,,,,,,,,,,,,,,,,,,,,,,,,,,,,,,,,,,,,,,,,,,,,,,,,,,,,,,,,,,,,,,,,,,,,,,,,,,,,,,,,,,,,,,,,,,,,,,,,,,,,,,,,,,,,,,,,,,,,,,,,,,,,,,,,,,,,,,,,,,,,,,,,,,,,,,,,,,,,,,,,,,,,,,,,,,,,,,,,,,,,,,,,,,,,,,,,,,,,,,,,,,,,,,,,,,,,,,,,,,,,,,,,,,,,,,,,,,,,,,,,,,,,,,,,,,,,,,,,,,,,,,,,,,,,,,,,,,,,,,,,,,,,,,,,,,,,,,,,,,,,,,,,,,,,,,,,,,,,,,,,,,,,,,,,,,,,,,,,,,,,,,,,,,,,,,,,,,,,,,,,,,,,,,,,,,,,,,,,,,,,,,,,,,,,,,,,,,,,,,,,,,,,,,,,,,,,,,,,,,,,,,,,,,,,,,,,,,,,,,,,,,,,,,,,,,,,,,,,,,,,,,,,,,,,,,,,,,,,,,,,,,,,,,,,,,,,,,,,,,,,,,,,,,,,,,,,,,,,,,,,,,,,,,,,,,,,,,,,,,,,,,,,,,,,,,,,,,,,,,,,,,,,,,,,,,,,,,,,,,,,,,,,,,,,,,,,,,,,,,,,,,,,,,,,,,,,,,,,,,,,,,,,,,,,,,,,,,,,,,,,,,,,,,,,,,,,,,,,,,,,,,,,,,,,,,,,,,,,,,,,,,,,,,,,,,,,,,,,,,,,,,,,,,,,,,,,,,,,,,,,,,,,,,,,,,,,,,,,,,,,,,,,,,,,,,,,,,,,,,,,,,,,,,,,,,,,,,,,,,,,,,,,,,,,,,,,,,,,,,,,,,,,,,,,,,,,,,,,,,,,,,,,,,,,,,,,,,,,,,,,,,,,,,,,,,,,,,,,,,,,,,,,,,,,,,,,,,,,,,,,,,,,,,,,,,,,,,,,,,,,,,,,,,,,,,,,,,,,,,,,,,,,,,,,,,,,,,,,,,,,,,,,,,,,,,,,,,,,,,,,,,,,,,,,,,,,,,,,,,,,,,,,,,,,,,,,,,,,,,,,,,,,,,,,,,,,,,,,,,,,,,,,,,,,,,,,,,,,,,,,,,,,,,,,,,,,,,,,,,,,,,,,,,,,,,,,,,,,,,,,,,,,,,,,,,,,,,,,,,,,,,,,,,,,,,,,,,,,,,,,,,,,,,,,,,,,,,,,,,,,,,,,,,,,,,,,,,,,,,,,,,,,,,,,,,,,,,,,,,,,,,,,,,,,,,,,,,,,,,,,,,,,,,,,,,,,,,,,,,,,,,,,,,,,,,,,,,,,,,,,,,,,,,,,,,,,,,,,,,,,,,,,,,,,,,,,,,,,,,,,,,,,,,,,,,,,,,,,,,,,,,,,,,,,,,,,,,,,,,,,,,,,,,,,,,,,,,,,,,,,,,,,,,,,,,,,,,,,,,,,,,,,,,,,,,,,,,,,,,,,,,,,,,,,,,,,,,,,,,,,,,,,,,,,,,,,,,,,,,,,,,,,,,,,,,,,,,,,,,,,,,,,,,,,,,,,,,,,,,,,,,,,,,,,,,,,,,,,,,,,,,,,,,,,,,,,,,,,,,,,,,,,,
,,,,,,,,,,,,,,,,,,,,,,,,,,,,,,,,,,,,,,,,,,,,,,,,,,,,,,,,,,,,,,,,,,,,,,,,,,,,,,,,,,,,,,,,,,,,,,,,,,,,,,,,,,,,,,,,,,,,,,,,,,,,,,,,,,,,,,,,,,,,,,,,,,,,,,,,,,,,,,,,,,,,,,,,,,,,,,,,,,,,,,,,,,,,,,,,,,,,,,,,,,,,,,,,,,,,,,,,,,,,,,,,,,,,,,,,,,,,,,,,,,,,,,,,,,,,,,,,,,,,,,,,,,,,,,,,,,,,,,,,,,,,,,,,,,,,,,,,,,,,,,,,,,,,,,,,,,,,,,,,,,,,,,,,,,,,,,,,,,,,,,,,,,,,,,,,,,,,,,,,,,,,,,,,,,,,,,,,,,,,,,,,,,,,,,,,,,,,,,,,,,,,,,,,,,,,,,,,,,,,,,,,,,,,,,,,,,,,,,,,,,,,,,,,,,,,,,,,,,,,,,,,,,,,,,,,,,,,,,,,,,,,,,,,,,,,,,,,,,,,,,,,,,,,,,,,,,,,,,,,,,,,,,,,,,,,,,,,,,,,,,,,,,,,,,,,,,,,,,,,,,,,,,,,,,,,,,,,,,,,,,,,,,,,,,,,,,,,,,,,,,,,,,,,,,,,,,,,,,,,,,,,,,,,,,,,,,,,,,,,,,,,,,,,,,,,,,,,,,,,,,,,,,,,,,,,,,,,,,,,,,,,,,,,,,,,,,,,,,,,,,,,,,,,,,,,,,,,,,,,,,,,,,,,,,,,,,,,,,,,,,,,,,,,,,,,,,,,,,,,,,,,,,,,,,,,,,,,,,,,,,,,,,,,,,,,,,,,,,,,,,,,,,,,,,,,,,,,,,,,,,,,,,,,,,,,,,,,,,,,,,,,,,,,,,,,,,,,,,,,,,,,,,,,,,,,,,,,,,,,,,,,,,,,,,,,,,,,,,,,,,,,,,,,,,,,,,,,,,,,,,,,,,,,,,,,,,,,,,,,,,,,,,,,,,,,,,,,,,,,,,,,,,,,,,,,,,,,,,,,,,,,,,,,,,,,,,,,,,,,,,,,,,,,,,,,,,,,,,,,,,,,,,,,,,,,,,,,,,,,,,,,,,,,,,,,,,,,,,,,,,,,,,,,,,,,,,,,,,,,,,,,,,,,,,,,,,,,,,,,,,,,,,,,,,,,,,,,,,,,,,,,,,,,,,,,,,,,,,,,,,,,,,,,,,,,,,,,,,,,,,,,,,,,,,,,,,,,,,,,,,,,,,,,,,,,,,,,,,,,,,,,,,,,,,,,,,,,,,,,,,,,,,,,,,,,,,,,,,,,,,,,,,,,,,,,,,,,,,,,,,,,,,,,,,,,,,,,,,,,,,,,,,,,,,,,,,,,,,,,,,,,,,,,,,,,,,,,,,,,,,,,,,,,,,,,,,,,,,,,,,,,,,,,,,,,,,,,,,,,,,,,,,,,,,,,,,,,,,,,,,,,,,,,,,,,,,,,,,,,,,,,,,,,,,,,,,,,,,,,,,,,,,,,,,,,,,,,,,,,,,,,,,,,,,,,,,,,,,,,,,,,,,,,,,,,,,,,,,,,,,,,,,,,,,,,,,,,,,,,,,,,,,,,,,,,,,,,,,,,,,,,,,,,,,,,,,,,,,,,,,,,,,,,,,,,,,,,,,,,,,,,,,,,,,,,,,,,,,,,,,,,,,,,,,,,,,,,,,,,,,,,,,,,,,,,,,,,,,,,,,,,,,,,,,,,,,,,,,,,,,,,,,,,,,,,,,,,,,,,,,,,,,,,,,,,,,,,,,,,,,,,,,,,,,,,,,,,,,,,,,,,,,,,,,,,,,,,,,,,,,,,,,,,,,,,,,,,,,,,,,,,,,,,,,,,,,,,,,,,,,,,,,,,,,,,,,,,,,,,,,,,,,,,,,,,,,,,,,,,,,,,,,,,,,,,,,,,,,,,,,,,,,,,,,,,,,,,,,,,,,,,,,,,,,,,,,,,,,,,,,,,,,,,,,,,,,,,,,,,,,,,,,,,,,,,,,,,,,,,,,,,,,,,,,,,,,,,,,,,,,,,,,,,,,,,,,,,,,,,,,,,,,,,,,,,,,,,,,,,,,,,,,,,,,,,,,,,,,,,,,,,,,,,,,,,,,,,,,,,,,,,,,,,,,,,,,,,,,,,,,,,,,,,,,,,,,,,,,,,,,,,,,,
,,,,,,,,,,,,,,,,,,,,,,,,,,,,,,,,,,,,,,,,,,,,,,,,,,,,,,,,,,,,,,,,,,,,,,,,,,,,,,,,,,,,,,,,,,,,,,,,,,,,,,,,,,,,,,,,,,,,,,,,,,,,,,,,,,,,,,,,,,,,,,,,,,,,,,,,,,,,,,,,,,,,,,,,,,,,,,,,,,,,,,,,,,,,,,,,,,,,,,,,,,,,,,,,,,,,,,,,,,,,,,,,,,,,,,,,,,,,,,,,,,,,,,,,,,,,,,,,,,,,,,,,,,,,,,,,,,,,,,,,,,,,,,,,,,,,,,,,,,,,,,,,,,,,,,,,,,,,,,,,,,,,,,,,,,,,,,,,,,,,,,,,,,,,,,,,,,,,,,,,,,,,,,,,,,,,,,,,,,,,,,,,,,,,,,,,,,,,,,,,,,,,,,,,,,,,,,,,,,,,,,,,,,,,,,,,,,,,,,,,,,,,,,,,,,,,,,,,,,,,,,,,,,,,,,,,,,,,,,,,,,,,,,,,,,,,,,,,,,,,,,,,,,,,,,,,,,,,,,,,,,,,,,,,,,,,,,,,,,,,,,,,,,,,,,,,,,,,,,,,,,,,,,,,,,,,,,,,,,,,,,,,,,,,,,,,,,,,,,,,,,,,,,,,,,,,,,,,,,,,,,,,,,,,,,,,,,,,,,,,,,,,,,,,,,,,,,,,,,,,,,,,,,,,,,,,,,,,,,,,,,,,,,,,,,,,,,,,,,,,,,,,,,,,,,,,,,,,,,,,,,,,,,,,,,,,,,,,,,,,,,,,,,,,,,,,,,,,,,,,,,,,,,,,,,,,,,,,,,,,,,,,,,,,,,,,,,,,,,,,,,,,,,,,,,,,,,,,,,,,,,,,,,,,,,,,,,,,,,,,,,,,,,,,,,,,,,,,,,,,,,,,,,,,,,,,,,,,,,,,,,,,,,,,,,,,,,,,,,,,,,,,,,,,,,,,,,,,,,,,,,,,,,,,,,,,,,,,,,,,,,,,,,,,,,,,,,,,,,,,,,,,,,,,,,,,,,,,,,,,,,,,,,,,,,,,,,,,,,,,,,,,,,,,,,,,,,,,,,,,,,,,,,,,,,,,,,,,,,,,,,,,,,,,,,,,,,,,,,,,,,,,,,,,,,,,,,,,,,,,,,,,,,,,,,,,,,,,,,,,,,,,,,,,,,,,,,,,,,,,,,,,,,,,,,,,,,,,,,,,,,,,,,,,,,,,,,,,,,,,,,,,,,,,,,,,,,,,,,,,,,,,,,,,,,,,,,,,,,,,,,,,,,,,,,,,,,,,,,,,,,,,,,,,,,,,,,,,,,,,,,,,,,,,,,,,,,,,,,,,,,,,,,,,,,,,,,,,,,,,,,,,,,,,,,,,,,,,,,,,,,,,,,,,,,,,,,,,,,,,,,,,,,,,,,,,,,,,,,,,,,,,,,,,,,,,,,,,,,,,,,,,,,,,,,,,,,,,,,,,,,,,,,,,,,,,,,,,,,,,,,,,,,,,,,,,,,,,,,,,,,,,,,,,,,,,,,,,,,,,,,,,,,,,,,,,,,,,,,,,,,,,,,,,,,,,,,,,,,,,,,,,,,,,,,,,,,,,,,,,,,,,,,,,,,,,,,,,,,,,,,,,,,,,,,,,,,,,,,,,,,,,,,,,,,,,,,,,,,,,,,,,,,,,,,,,,,,,,,,,,,,,,,,,,,,,,,,,,,,,,,,,,,,,,,,,,,,,,,,,,,,,,,,,,,,,,,,,,,,,,,,,,,,,,,,,,,,,,,,,,,,,,,,,,,,,,,,,,,,,,,,,,,,,,,,,,,,,,,,,,,,,,,,,,,,,,,,,,,,,,,,,,,,,,,,,,,,,,,,,,,,,,,,,,,,,,,,,,,,,,,,,,,,,,,,,,,,,,,,,,,,,,,,,,,,,,,,,,,,,,,,,,,,,,,,,,,,,,,,,,,,,,,,,,,,,,,,,,,,,,,,,,,,,,,,,,,,,,,,,,,,,,,,,,,,,,,,,,,,,,,,,,,,,,,,,,,,,,,,,,,,,,,,,,,,,,,,,,,,,,,,,,,,,,,,,,,,,,,,,,,,,,,,,,,,,,,,,,,,,,,,,,,,,,,,,,,,,,,,,,,,,,,,,,,,,,,,,,,,,,,,,,,,,,,,,,,,,,,,,,,,,,,,,,,,,,,,,,,,,,,,,,,,
,,,,,,,,,,,,,,,,,,,,,,,,,,,,,,,,,,,,,,,,,,,,,,,,,,,,,,,,,,,,,,,,,,,,,,,,,,,,,,,,,,,,,,,,,,,,,,,,,,,,,,,,,,,,,,,,,,,,,,,,,,,,,,,,,,,,,,,,,,,,,,,,,,,,,,,,,,,,,,,,,,,,,,,,,,,,,,,,,,,,,,,,,,,,,,,,,,,,,,,,,,,,,,,,,,,,,,,,,,,,,,,,,,,,,,,,,,,,,,,,,,,,,,,,,,,,,,,,,,,,,,,,,,,,,,,,,,,,,,,,,,,,,,,,,,,,,,,,,,,,,,,,,,,,,,,,,,,,,,,,,,,,,,,,,,,,,,,,,,,,,,,,,,,,,,,,,,,,,,,,,,,,,,,,,,,,,,,,,,,,,,,,,,,,,,,,,,,,,,,,,,,,,,,,,,,,,,,,,,,,,,,,,,,,,,,,,,,,,,,,,,,,,,,,,,,,,,,,,,,,,,,,,,,,,,,,,,,,,,,,,,,,,,,,,,,,,,,,,,,,,,,,,,,,,,,,,,,,,,,,,,,,,,,,,,,,,,,,,,,,,,,,,,,,,,,,,,,,,,,,,,,,,,,,,,,,,,,,,,,,,,,,,,,,,,,,,,,,,,,,,,,,,,,,,,,,,,,,,,,,,,,,,,,,,,,,,,,,,,,,,,,,,,,,,,,,,,,,,,,,,,,,,,,,,,,,,,,,,,,,,,,,,,,,,,,,,,,,,,,,,,,,,,,,,,,,,,,,,,,,,,,,,,,,,,,,,,,,,,,,,,,,,,,,,,,,,,,,,,,,,,,,,,,,,,,,,,,,,,,,,,,,,,,,,,,,,,,,,,,,,,,,,,,,,,,,,,,,,,,,,,,,,,,,,,,,,,,,,,,,,,,,,,,,,,,,,,,,,,,,,,,,,,,,,,,,,,,,,,,,,,,,,,,,,,,,,,,,,,,,,,,,,,,,,,,,,,,,,,,,,,,,,,,,,,,,,,,,,,,,,,,,,,,,,,,,,,,,,,,,,,,,,,,,,,,,,,,,,,,,,,,,,,,,,,,,,,,,,,,,,,,,,,,,,,,,,,,,,,,,,,,,,,,,,,,,,,,,,,,,,,,,,,,,,,,,,,,,,,,,,,,,,,,,,,,,,,,,,,,,,,,,,,,,,,,,,,,,,,,,,,,,,,,,,,,,,,,,,,,,,,,,,,,,,,,,,,,,,,,,,,,,,,,,,,,,,,,,,,,,,,,,,,,,,,,,,,,,,,,,,,,,,,,,,,,,,,,,,,,,,,,,,,,,,,,,,,,,,,,,,,,,,,,,,,,,,,,,,,,,,,,,,,,,,,,,,,,,,,,,,,,,,,,,,,,,,,,,,,,,,,,,,,,,,,,,,,,,,,,,,,,,,,,,,,,,,,,,,,,,,,,,,,,,,,,,,,,,,,,,,,,,,,,,,,,,,,,,,,,,,,,,,,,,,,,,,,,,,,,,,,,,,,,,,,,,,,,,,,,,,,,,,,,,,,,,,,,,,,,,,,,,,,,,,,,,,,,,,,,,,,,,,,,,,,,,,,,,,,,,,,,,,,,,,,,,,,,,,,,,,,,,,,,,,,,,,,,,,,,,,,,,,,,,,,,,,,,,,,,,,,,,,,,,,,,,,,,,,,,,,,,,,,,,,,,,,,,,,,,,,,,,,,,,,,,,,,,,,,,,,,,,,,,,,,,,,,,,,,,,,,,,,,,,,,,,,,,,,,,,,,,,,,,,,,,,,,,,,,,,,,,,,,,,,,,,,,,,,,,,,,,,,,,,,,,,,,,,,,,,,,,,,,,,,,,,,,,,,,,,,,,,,,,,,,,,,,,,,,,,,,,,,,,,,,,,,,,,,,,,,,,,,,,,,,,,,,,,,,,,,,,,,,,,,,,,,,,,,,,,,,,,,,,,,,,,,,,,,,,,,,,,,,,,,,,,,,,,,,,,,,,,,,,,,,,,,,,,,,,,,,,,,,,,,,,,,,,,,,,,,,,,,,,,,,,,,,,,,,,,,,,,,,,,,,,,,,,,,,,,,,,,,,,,,,,,,,,,,,,,,,,,,,,,,,,,,,,,,,,,,,,,,,,,,,,,,,,,,,,,,,,,,,,,,,,,,,,,,,,,,,,,,,,,,,,,,,,,,,,,,,,,,,,,,,,,,,,,,,,,,,,,,,,,,,,,,,,,,,,,,,,,,,,
3502,3298,2444,2204,2349,2384,2359,2422,2348,2422,2359,2384,2349,2204,2444,3298,3710,3475,2423,2389,2380,2269,2301,2406,2280,2316,2403,2281,2265,2240,2409,3495,4069,3847,2646,2485,2295,2247,2143,2308,2230,2165,2388,2326,2373,2357,2742,3850,4204,3980,2839,2548,2351,2277,2239,2336,2299,2237,2315,2304,2438,2506,2848,3983,4009,3789,2702,2469,2337,2344,2244,2240,2317,2345,2262,2164,2314,2392,2681,3790,3736,3517,2533,2378,2281,2254,2320,2223,2200,2320,2123,2063,2190,2293,2538,3509,3495,3270,2299,2309,2298,2261,2381,2417,2154,2247,2145,2171,2134,2247,2388,3287,3816,3591,2414,2279,2311,2361,2316,2350,2162,2238,2170,2278,2241,2339,2445,3589,4003,3778,2680,2344,2270,2374,2338,2293,2230,2058,2143,2167,2207,2507,2555,3777,3875,3658,2592,2326,2214,2372,2283,2436,2420,2245,2204,2188,2248,2500,2443,3646,3479,3265,2210,2364,2283,2321,2346,2452,2330,2279,2325,2275,2375,2386,2262,3246,3139,2915,2262,2259,2334,2269,2276,2386,2381,2315,2306,2366,2341,2359,2388,2916,3070,2817,2663,2394,2260,2347,2502,2552,2403,2338,2471,2373,2385,2468,2734,3016,3980,3838,3684,3495,3495,3337,3260,3631,3648,3655,3513,3443,3237,3099,3513,3756,4523,4409,4040,3557,3722,3587,4021,4258,4209,4086,3994,3884,3565,3773,4162,4332,4618,4518,4151,3571,3766,3889,4236,4424,4351,4098,4011,3859,3785,3993,4323,4439,4331,4204,3993,3973,3842,3860,4137,4255,4178,3823,3631,3535,3762,3898,4166,4294,4522,4270,3586,3755,3551,3539,3845,3934,3852,3531,3257,3370,3538,3632,3835,4359,4606,4379,3289,3366,3174,2927,3438,3586,3526,3215,3020,3085,3151,3274,3574,4379,4798,4574,3433,3150,2959,2785,3016,3227,3227,2970,2742,2774,2568,3209,3371,4578,4696,4470,3309,2965,2658,2748,2787,2834,2867,2672,2601,2791,2654,3060,3254,4471,4251,4028,2979,2555,2664,2594,2861,2896,2744,2757,2661,2705,2467,2657,3091,4032,3766,3535,2828,2706,2570,2538,2865,2949,2815,2731,2648,2586,2582,2756,2893,3550,3534,3301,2689,2540,2484,2524,2763,2918,2836,2700,2561,2449,2457,2603,2590,3319,3461,3243,2518,2539,2569,2595,2681,2742,2647,2644,2406,2485,2524,2562,2488,3236,3643,3426,2548,2531,2447,2394,2560,2578,2432,2540,2472,2475,2552,2556,2550,3417,3651,3431,2578,2353,2361,2464,2431,2474,2414,2547,2592,2563,2615,2529,2558,3423,3168,2979,2949,2737,2735,2672,2563,2654,2750,2818,2759,2719,2884,2750,2717,3055,3073,3101,3019,2904,2765,2474,2872,2908,2851,2840,2702,2687,2809,2650,2791,2830,2977,2935,2676,2662,2602,2559,2849,2892,2849,2738,2468,2464,2467,2458,2733,2841,2860,2683,2565,2636,2579,2548,2585,2716,2736,2644,2435,2500,2486,2508,2437,2618,2830,2605,2521,2587,2501,2417,2539,2623,2676,2667,2487,2435,2416,2442,2516,2715,2899,2767,2712,2556,2517,2412,2478,2640,2672,2741,2694,2377,2506,2447,2553,2766,2935,2783,2676,2557,2535,2568,2577,2622,2561,2716,2648,2415,2409,2450,2508,2788,2885,2699,2380,2270,2425,2519,2406,2499,2633,2528,2305,2378,2387,2292,2398,2697,3081,2886,2485,2305,2470,2555,2274,2599,2809,2497,2462,2299,2313,2381,2479,2876,3405,3201,2585,2450,2525,2507,2311,2546,2687,2408,2407,2395,2179,2276,2456,3153,3451,3233,2398,2318,2319,2306,2272,2418,2350,2374,2441,2401,2391,2328,2462,3226,3244,3018,2313,2347,2345,2193,2326,2234,2586,2618,2279,2443,2415,2391,2607,3069,3098,2888,2485,2540,2334,2356,2464,2452,2271,2595,2396,2190,2405,2426,2481,2883,2898,2704,2396,2329,2354,2180,2363,2482,2205,2395,2342,2207,2428,2490,2291,2733,3005,2774,2348,2357,2321,2357,2311,2401,2532,2509,2233,2271,2330,2456,2512,2790,2966,2789,2376,2306,2393,2351,2263,2496,2583,2572,2332,2384,2358,2464,2575,2818,2813,2668,2332,2286,2310,2356,2370,2286,2452,2575,2405,2318,2313,2324,2400,2654,2849,2651,2346,2318,2265,2315,2248,2237,2414,2466,2383,2216,2252,2278,2311,2720,2905,2717,2254,2229,2304,2256,2163,2243,2413,2462,2291,2218,2181,2197,2370,2676,2613,2412,2287,2171,2151,2165,2103,2402,2348,2399,2377,2274,2229,2281,2433,2602,2759,2618,2279,2276,2149,2261,2182,2242,2435,2406,2355,2315,2205,2227,2348,2565,2757,2603,2244,2301,2361,2314,2340,2413,2476,2528,2464,2299,2324,2315,2306,2504,2727,2543,2271,2198,2219,2267,2437,2524,2577,2516,2430,2325,2389,2498,2443,2591,2755,2650,2484,2398,2273,2355,2470,2511,2438,2390,2305,2382,2286,2542,2505,2586,2841,2680,2476,2181,2256,2367,2482,2422,2337,2214,2356,2348,2296,2413,2389,2630,2992,2808,2377,2284,2343,2457,2525,2491,2200,2364,2402,2215,2200,2367,2482,2797,2903,2696,2280,2433,2477,2538,2471,2435,2474,2413,2346,2330,2349,2357,2336,2751,2836,2618,2456,2404,2448,2334,2277,2320,2384,2295,2289,2436,2441,2104,2356,2586,2809,2653,2408,2264,2313,2260,2289,2274,2221,2160,2305,2298,2300,2298,2410,2578,2677,2581,2325,2208,2232,2291,2291,2323,2202,2118,2283,2242,2317,2154,2381,2514,2693,2599,2367,2298,2013,2369,2395,2363,2298,2268,2323,2323,2290,2355,2222,2483,2743,2604,2203,2330,2352,2363,2340,2312,2482,2289,2335,2325,2337,2436,2343,2391,2670,2495,2242,2319,2383,2334,2272,2240,2361,2336,2320,2298,2264,2359,2198,2540,2656,2418,2312,2208,2271,2332,2374,2313,2234,2318,2332,2256,2259,2254,2428,2544,2653,2522,2204,2147,2166,2309,2354,2341,2344,2337,2319,2173,2282,2251,2368,2545,2659,2496,2253,2236,2299,2335,2366,2305,2285,2329,2349,2327,2371,2344,2321,2397,3329,3091,2327,2341,2321,2318,2332,2298,2326,2276,2227,2232,2412,2444,2406,3109,3859,3649,2585,2532,2384,2460,2465,2462,2626,2610,2395,2411,2413,2587,2506,3630,4155,3933,2887,2736,2524,2673,2906,2984,2983,2859,2769,2778,2644,2739,2960,3932,4197,3975,2818,2760,2626,2877,3126,3148,3122,2937,2861,2796,2782,2700,3170,3983,4112,3879,2871,2575,2455,2726,2990,2971,3008,2849,2705,2603,2617,2682,3114,3905,4107,3887,2847,2507,2269,2497,2585,2612,2827,2726,2543,2627,2592,2541,2892,3892,3779,3562,2642,2439,2404,2464,2450,2501,2638,2618,2403,2617,2641,2424,2461,3553,3299,3097,2516,2419,2397,2332,2374,2464,2477,2490,2314,2469,2552,2226,2259,3095,3155,2898,2450,2299,2308,2330,2405,2580,2558,2383,2329,2264,2393,2418,2387,2964,2763,2571,2223,2233,2222,2292,2407,2559,2525,2422,2403,2314,2309,2304,2356,2621,2827,2638,2323,2448,2235,2271,2314,2525,2535,2508,2470,2361,2314,2221,2276,2579,2876,2719,2467,2474,2226,2227,2192,2331,2487,2481,2332,2256,2292,2338,2360,2685,2748,2609,2362,2275,2285,2260,2230,2341,2425,2417,2377,2205,2265,2406,2388,2657,2737,2592,2381,2289,2250,2390,2321,2333,2366,2365,2263,2205,2278,2372,2318,2457,2886,2648,2264,2455,2458,2454,2409,2162,2338,2376,2368,2420,2233,2307,2299,2651,2835,2647,2441,2499,2571,2453,2512,2426,2785,2700,2270,2410,2350,2460,2477,2686,2870,2834,2496,2459,2583,2522,2503,2687,2960,2864,2530,2503,2483,2579,2581,2720,3082,2955,2474,2363,2389,2398,2466,2580,2783,2698,2426,2465,2565,2559,2542,2885,3433,3217,2522,2351,2438,2339,2417,2561,2642,2503,2187,2445,2479,2492,2493,3224,3391,3179,2419,2389,2320,2315,2367,2305,2325,2359,2259,2395,2360,2430,2478,3195,3203,2979,2296,2415,2361,2324,2158,2398,2508,2431,2366,2381,2276,2384,2538,3021,2937,2807,2341,2445,2413,2507,2464,2693,2762,2613,2504,2420,2256,2478,2627,2806,3051,2804,2486,2395,2331,2493,2473,2658,2817,2619,2487,2268,2206,2298,2536,2841,3040,2834,2457,2240,2263,2408,2473,2538,2692,2561,2384,2393,2483,2259,2386,2823,3078,2880,2370,2343,2425,2421,2425,2508,2521,2316,2374,2460,2419,2250,2316,2805,2955,2801,2150,2382,2375,2354,2422,2605,2536,2492,2421,2384,2010,2357,2385,2774,2954,2799,2214,2257,2189,2406,2441,2614,2664,2521,2320,2305,2264,2407,2414,2829,2946,2767,2218,2366,2306,2464,2387,2529,2814,2739,2215,2327,2323,2325,2521,2683,2928,2730,2309,2451,2394,2434,2365,2663,2944,2847,2467,2403,2404,2435,2398,2704,2916,2687,2386,2478,2397,2421,2209,2648,2841,2751,2500,2316,2405,2262,2317,2595,2696,2376,2437,2401,2347,2282,2303,2427,2554,2477,2342,2233,2290,2286,2283,2421,2689,2499,2560,2542,2348,2306,2164,2262,2237,2253,2321,2334,2229,2216,2386,2533,2745,2534,2451,2537,2469,2434,2146,2259,2262,2334,2396,2366,2284,2270,2387,2539,2730,2480,2253,2407,2417,2450,2112,2295,2235,2240,2309,2222,2253,2318,2342,2439,2834,2509,2193,2088,2349,2413,2263,2257,2313,2281,2330,2305,2299,2254,2168,2593,2774,2687,2355,2186,2329,2451,2340,2390,2428,2402,2375,2417,2337,2332,2372,2592,2879,2719,2368,2206,2297,2306,2236,2301,2420,2262,2268,2370,2103,2414,2329,2643,3037,2837,2395,2385,2307,2418,2376,2145,2338,2306,2284,2294,2137,2168,2203,2835,3097,2874,2420,2352,2398,2485,2455,2032,2344,2375,2339,2348,2170,2211,2226,2871,3108,2851,2372,2351,2416,2473,2426,2375,2273,2270,2277,2159,2283,2381,2146,2891,2879,2641,2250,2334,2270,2267,2244,2367,2339,2292,2245,2231,2253,2336,2178,2674,2852,2696,2282,2280,2294,2119,2276,2287,2239,2248,2157,2342,2386,2230,2263,2567,2872,2651,2164,2304,2328,2277,2180,2063,2180,2273,2156,2350,2374,2285,2194,2626,2767,2564,2179,2272,2294,2275,2222,2281,2301,2340,2297,2193,2271,2243,2279,2595,3093,2846,2279,2318,2259,2411,2196,2353,2411,2381,2344,2108,2241,2293,2310,2893,3554,3327,2194,2391,2299,2459,2316,2366,2449,2381,2324,2314,2285,2160,2504,3341,3603,3374,2402,2312,2441,2444,2321,2356,2348,2438,2404,2379,2285,2362,2428,3384,3357,3126,2270,2348,2343,2326,2369,2266,2315,2341,2398,2282,2335,2193,2249,3136,3144,2949,2385,2399,2237,2224,2232,2342,2438,2309,2269,2300,2288,2321,2389,2912,3114,2953,2375,2404,2344,2321,2455,2477,2473,2305,2141,2240,2326,2269,2200,2861,3472,3268,2499,2211,2372,2308,2488,2405,2420,2400,2340,2379,2377,2316,2333,3253,3855,3635,2534,2256,2500,2518,2452,2616,2917,2877,2323,2408,2425,2320,2589,3636,4042,3821,2734,2365,2412,2410,2432,2819,3088,3051,2491,2319,2387,2371,2749,3825,3950,3726,2690,2193,2326,2214,2383,2797,3046,2935,2419,2176,2283,2244,2717,3732,3616,3394,2493,2386,2381,2249,2198,2599,2675,2560,2212,2199,2275,2188,2361,3395,3107,2905,2332,2232,2075,2130,2176,2314,2242,2183,2136,2111,2163,2323,2353,2884,3349,3125,2164,2161,2232,2286,2155,2280,2312,2221,2164,2318,2212,2261,2334,3117,3484,3264,2313,2201,2197,2174,2193,2255,2256,2355,2106,2249,2218,2138,2252,3251,3313,3084,2043,2175,2204,2192,2159,2266,2330,2249,2109,2117,2275,2231,2198,3084,3059,2819,1867,2151,2184,2181,2081,2085,2201,2119,2141,2013,2224,2174,2170,2850,2839,2603,1969,1986,2036,2230,2082,2038,2000,2001,2002,1976,2020,2165,2085,2592,2650,2387,2047,2003,2030,2100,2049,2182,2115,1982,2108,2106,2060,2153,2021,2418,2298,2043,2102,2151,2060,1963,2118,2083,1915,1961,2024,1914,1971,2026,1995,2144,2153,2047,2088,2160,1985,1878,1882,1920,2009,2055,2143,1929,1901,1927,1932,2166,2309,2089,2046,2040,1843,2000,1827,1903,1940,2030,2015,1966,2050,2005,1892,2150
,,,,,,,,,,,,,,,,,,,,,,,,,,,,,,,,,,,,,,,,,,,,,,,,,,,,,,,,,,,,,,,,,,,,,,,,,,,,,,,,,,,,,,,,,,,,,,,,,,,,,,,,,,,,,,,,,,,,,,,,,,,,,,,,,,,,,,,,,,,,,,,,,,,,,,,,,,,,,,,,,,,,,,,,,,,,,,,,,,,,,,,,,,,,,,,,,,,,,,,,,,,,,,,,,,,,,,,,,,,,,,,,,,,,,,,,,,,,,,,,,,,,,,,,,,,,,,,,,,,,,,,,,,,,,,,,,,,,,,,,,,,,,,,,,,,,,,,,,,,,,,,,,,,,,,,,,,,,,,,,,,,,,,,,,,,,,,,,,,,,,,,,,,,,,,,,,,,,,,,,,,,,,,,,,,,,,,,,,,,,,,,,,,,,,,,,,,,,,,,,,,,,,,,,,,,,,,,,,,,,,,,,,,,,,,,,,,,,,,,,,,,,,,,,,,,,,,,,,,,,,,,,,,,,,,,,,,,,,,,,,,,,,,,,,,,,,,,,,,,,,,,,,,,,,,,,,,,,,,,,,,,,,,,,,,,,,,,,,,,,,,,,,,,,,,,,,,,,,,,,,,,,,,,,,,,,,,,,,,,,,,,,,,,,,,,,,,,,,,,,,,,,,,,,,,,,,,,,,,,,,,,,,,,,,,,,,,,,,,,,,,,,,,,,,,,,,,,,,,,,,,,,,,,,,,,,,,,,,,,,,,,,,,,,,,,,,,,,,,,,,,,,,,,,,,,,,,,,,,,,,,,,,,,,,,,,,,,,,,,,,,,,,,,,,,,,,,,,,,,,,,,,,,,,,,,,,,,,,,,,,,,,,,,,,,,,,,,,,,,,,,,,,,,,,,,,,,,,,,,,,,,,,,,,,,,,,,,,,,,,,,,,,,,,,,,,,,,,,,,,,,,,,,,,,,,,,,,,,,,,,,,,,,,,,,,,,,,,,,,,,,,,,,,,,,,,,,,,,,,,,,,,,,,,,,,,,,,,,,,,,,,,,,,,,,,,,,,,,,,,,,,,,,,,,,,,,,,,,,,,,,,,,,,,,,,,,,,,,,,,,,,,,,,,,,,,,,,,,,,,,,,,,,,,,,,,,,,,,,,,,,,,,,,,,,,,,,,,,,,,,,,,,,,,,,,,,,,,,,,,,,,,,,,,,,,,,,,,,,,,,,,,,,,,,,,,,,,,,,,,,,,,,,,,,,,,,,,,,,,,,,,,,,,,,,,,,,,,,,,,,,,,,,,,,,,,,,,,,,,,,,,,,,,,,,,,,,,,,,,,,,,,,,,,,,,,,,,,,,,,,,,,,,,,,,,,,,,,,,,,,,,,,,,,,,,,,,,,,,,,,,,,,,,,,,,,,,,,,,,,,,,,,,,,,,,,,,,,,,,,,,,,,,,,,,,,,,,,,,,,,,,,,,,,,,,,,,,,,,,,,,,,,,,,,,,,,,,,,,,,,,,,,,,,,,,,,,,,,,,,,,,,,,,,,,,,,,,,,,,,,,,,,,,,,,,,,,,,,,,,,,,,,,,,,,,,,,,,,,,,,,,,,,,,,,,,,,,,,,,,,,,,,,,,,,,,,,,,,,,,,,,,,,,,,,,,,,,,,,,,,,,,,,,,,,,,,,,,,,,,,,,,,,,,,,,,,,,,,,,,,,,,,,,,,,,,,,,,,,,,,,,,,,,,,,,,,,,,,,,,,,,,,,,,,,,,,,,,,,,,,,,,,,,,,,,,,,,,,,,,,,,,,,,,,,,,,,,,,,,,,,,,,,,,,,,,,,,,,,,,,,,,,,,,,,,,,,,,,,,,,,,,,,,,,,,,,,,,,,,,,,,,,,,,,,,,,,,,,,,,,,,,,,,,,,,,,,,,,,,,,,,,,,,,,,,,,,,,,,,,,,,,,,,,,,,,,,,,,,,,,,,,,,,,,,,,,,,,,,,,,,,,,,,,,,,,,,,,,,,,,,,,,,,,,,,,,,,,,,,,,,,,,,,,,,,,,,,,,,,,,,,,,,,,,,,,,,,,,,,,,,,,,,,,,,,,,,,,,,,,,,,,,,,,,,,,,,,,,,,,,,,,,,,,,,,,,,,,,,,,,,,,,,,,,,,,,,,,,,,,,,,,,,,,,,,,,,,,,,,,,,,,,,,,,,,,,,,,,,,,,,,,,,,,,,,,,,,,,,,,,,,,,,,,,,,,,,,,,,,,,,,,,,,
,,,,,,,,,,,,,,,,,,,,,,,,,,,,,,,,,,,,,,,,,,,,,,,,,,,,,,,,,,,,,,,,,,,,,,,,,,,,,,,,,,,,,,,,,,,,,,,,,,,,,,,,,,,,,,,,,,,,,,,,,,,,,,,,,,,,,,,,,,,,,,,,,,,,,,,,,,,,,,,,,,,,,,,,,,,,,,,,,,,,,,,,,,,,,,,,,,,,,,,,,,,,,,,,,,,,,,,,,,,,,,,,,,,,,,,,,,,,,,,,,,,,,,,,,,,,,,,,,,,,,,,,,,,,,,,,,,,,,,,,,,,,,,,,,,,,,,,,,,,,,,,,,,,,,,,,,,,,,,,,,,,,,,,,,,,,,,,,,,,,,,,,,,,,,,,,,,,,,,,,,,,,,,,,,,,,,,,,,,,,,,,,,,,,,,,,,,,,,,,,,,,,,,,,,,,,,,,,,,,,,,,,,,,,,,,,,,,,,,,,,,,,,,,,,,,,,,,,,,,,,,,,,,,,,,,,,,,,,,,,,,,,,,,,,,,,,,,,,,,,,,,,,,,,,,,,,,,,,,,,,,,,,,,,,,,,,,,,,,,,,,,,,,,,,,,,,,,,,,,,,,,,,,,,,,,,,,,,,,,,,,,,,,,,,,,,,,,,,,,,,,,,,,,,,,,,,,,,,,,,,,,,,,,,,,,,,,,,,,,,,,,,,,,,,,,,,,,,,,,,,,,,,,,,,,,,,,,,,,,,,,,,,,,,,,,,,,,,,,,,,,,,,,,,,,,,,,,,,,,,,,,,,,,,,,,,,,,,,,,,,,,,,,,,,,,,,,,,,,,,,,,,,,,,,,,,,,,,,,,,,,,,,,,,,,,,,,,,,,,,,,,,,,,,,,,,,,,,,,,,,,,,,,,,,,,,,,,,,,,,,,,,,,,,,,,,,,,,,,,,,,,,,,,,,,,,,,,,,,,,,,,,,,,,,,,,,,,,,,,,,,,,,,,,,,,,,,,,,,,,,,,,,,,,,,,,,,,,,,,,,,,,,,,,,,,,,,,,,,,,,,,,,,,,,,,,,,,,,,,,,,,,,,,,,,,,,,,,,,,,,,,,,,,,,,,,,,,,,,,,,,,,,,,,,,,,,,,,,,,,,,,,,,,,,,,,,,,,,,,,,,,,,,,,,,,,,,,,,,,,,,,,,,,,,,,,,,,,,,,,,,,,,,,,,,,,,,,,,,,,,,,,,,,,,,,,,,,,,,,,,,,,,,,,,,,,,,,,,,,,,,,,,,,,,,,,,,,,,,,,,,,,,,,,,,,,,,,,,,,,,,,,,,,,,,,,,,,,,,,,,,,,,,,,,,,,,,,,,,,,,,,,,,,,,,,,,,,,,,,,,,,,,,,,,,,,,,,,,,,,,,,,,,,,,,,,,,,,,,,,,,,,,,,,,,,,,,,,,,,,,,,,,,,,,,,,,,,,,,,,,,,,,,,,,,,,,,,,,,,,,,,,,,,,,,,,,,,,,,,,,,,,,,,,,,,,,,,,,,,,,,,,,,,,,,,,,,,,,,,,,,,,,,,,,,,,,,,,,,,,,,,,,,,,,,,,,,,,,,,,,,,,,,,,,,,,,,,,,,,,,,,,,,,,,,,,,,,,,,,,,,,,,,,,,,,,,,,,,,,,,,,,,,,,,,,,,,,,,,,,,,,,,,,,,,,,,,,,,,,,,,,,,,,,,,,,,,,,,,,,,,,,,,,,,,,,,,,,,,,,,,,,,,,,,,,,,,,,,,,,,,,,,,,,,,,,,,,,,,,,,,,,,,,,,,,,,,,,,,,,,,,,,,,,,,,,,,,,,,,,,,,,,,,,,,,,,,,,,,,,,,,,,,,,,,,,,,,,,,,,,,,,,,,,,,,,,,,,,,,,,,,,,,,,,,,,,,,,,,,,,,,,,,,,,,,,,,,,,,,,,,,,,,,,,,,,,,,,,,,,,,,,,,,,,,,,,,,,,,,,,,,,,,,,,,,,,,,,,,,,,,,,,,,,,,,,,,,,,,,,,,,,,,,,,,,,,,,,,,,,,,,,,,,,,,,,,,,,,,,,,,,,,,,,,,,,,,,,,,,,,,,,,,,,,,,,,,,,,,,,,,,,,,,,,,,,,,,,,,,,,,,,,,,,,,,,,,,,,,,,,,,,,,,,,,,,,,,,,,,,,,,,,,,,,,,,,,,,,,,,,,,,,,,,,,,,,,,,,,,,,,,,,,,
,,,,,,,,,,,,,,,,,,,,,,,,,,,,,,,,,,,,,,,,,,,,,,,,,,,,,,,,,,,,,,,,,,,,,,,,,,,,,,,,,,,,,,,,,,,,,,,,,,,,,,,,,,,,,,,,,,,,,,,,,,,,,,,,,,,,,,,,,,,,,,,,,,,,,,,,,,,,,,,,,,,,,,,,,,,,,,,,,,,,,,,,,,,,,,,,,,,,,,,,,,,,,,,,,,,,,,,,,,,,,,,,,,,,,,,,,,,,,,,,,,,,,,,,,,,,,,,,,,,,,,,,,,,,,,,,,,,,,,,,,,,,,,,,,,,,,,,,,,,,,,,,,,,,,,,,,,,,,,,,,,,,,,,,,,,,,,,,,,,,,,,,,,,,,,,,,,,,,,,,,,,,,,,,,,,,,,,,,,,,,,,,,,,,,,,,,,,,,,,,,,,,,,,,,,,,,,,,,,,,,,,,,,,,,,,,,,,,,,,,,,,,,,,,,,,,,,,,,,,,,,,,,,,,,,,,,,,,,,,,,,,,,,,,,,,,,,,,,,,,,,,,,,,,,,,,,,,,,,,,,,,,,,,,,,,,,,,,,,,,,,,,,,,,,,,,,,,,,,,,,,,,,,,,,,,,,,,,,,,,,,,,,,,,,,,,,,,,,,,,,,,,,,,,,,,,,,,,,,,,,,,,,,,,,,,,,,,,,,,,,,,,,,,,,,,,,,,,,,,,,,,,,,,,,,,,,,,,,,,,,,,,,,,,,,,,,,,,,,,,,,,,,,,,,,,,,,,,,,,,,,,,,,,,,,,,,,,,,,,,,,,,,,,,,,,,,,,,,,,,,,,,,,,,,,,,,,,,,,,,,,,,,,,,,,,,,,,,,,,,,,,,,,,,,,,,,,,,,,,,,,,,,,,,,,,,,,,,,,,,,,,,,,,,,,,,,,,,,,,,,,,,,,,,,,,,,,,,,,,,,,,,,,,,,,,,,,,,,,,,,,,,,,,,,,,,,,,,,,,,,,,,,,,,,,,,,,,,,,,,,,,,,,,,,,,,,,,,,,,,,,,,,,,,,,,,,,,,,,,,,,,,,,,,,,,,,,,,,,,,,,,,,,,,,,,,,,,,,,,,,,,,,,,,,,,,,,,,,,,,,,,,,,,,,,,,,,,,,,,,,,,,,,,,,,,,,,,,,,,,,,,,,,,,,,,,,,,,,,,,,,,,,,,,,,,,,,,,,,,,,,,,,,,,,,,,,,,,,,,,,,,,,,,,,,,,,,,,,,,,,,,,,,,,,,,,,,,,,,,,,,,,,,,,,,,,,,,,,,,,,,,,,,,,,,,,,,,,,,,,,,,,,,,,,,,,,,,,,,,,,,,,,,,,,,,,,,,,,,,,,,,,,,,,,,,,,,,,,,,,,,,,,,,,,,,,,,,,,,,,,,,,,,,,,,,,,,,,,,,,,,,,,,,,,,,,,,,,,,,,,,,,,,,,,,,,,,,,,,,,,,,,,,,,,,,,,,,,,,,,,,,,,,,,,,,,,,,,,,,,,,,,,,,,,,,,,,,,,,,,,,,,,,,,,,,,,,,,,,,,,,,,,,,,,,,,,,,,,,,,,,,,,,,,,,,,,,,,,,,,,,,,,,,,,,,,,,,,,,,,,,,,,,,,,,,,,,,,,,,,,,,,,,,,,,,,,,,,,,,,,,,,,,,,,,,,,,,,,,,,,,,,,,,,,,,,,,,,,,,,,,,,,,,,,,,,,,,,,,,,,,,,,,,,,,,,,,,,,,,,,,,,,,,,,,,,,,,,,,,,,,,,,,,,,,,,,,,,,,,,,,,,,,,,,,,,,,,,,,,,,,,,,,,,,,,,,,,,,,,,,,,,,,,,,,,,,,,,,,,,,,,,,,,,,,,,,,,,,,,,,,,,,,,,,,,,,,,,,,,,,,,,,,,,,,,,,,,,,,,,,,,,,,,,,,,,,,,,,,,,,,,,,,,,,,,,,,,,,,,,,,,,,,,,,,,,,,,,,,,,,,,,,,,,,,,,,,,,,,,,,,,,,,,,,,,,,,,,,,,,,,,,,,,,,,,,,,,,,,,,,,,,,,,,,,,,,,,,,,,,,,,,,,,,,,,,,,,,,,,,,,,,,,,,,,,,,,,,,,,,,,,,,,,,,,,,,,,,,,,,,,,,,,,,,,,,,,,,,,,,,,,,,,,,,,,,,,,,,,,,,,,,,,,,,,,,,,,,,,,,,,,,,,,
,,,,,,,,,,,,,,,,,,,,,,,,,,,,,,,,,,,,,,,,,,,,,,,,,,,,,,,,,,,,,,,,,,,,,,,,,,,,,,,,,,,,,,,,,,,,,,,,,,,,,,,,,,,,,,,,,,,,,,,,,,,,,,,,,,,,,,,,,,,,,,,,,,,,,,,,,,,,,,,,,,,,,,,,,,,,,,,,,,,,,,,,,,,,,,,,,,,,,,,,,,,,,,,,,,,,,,,,,,,,,,,,,,,,,,,,,,,,,,,,,,,,,,,,,,,,,,,,,,,,,,,,,,,,,,,,,,,,,,,,,,,,,,,,,,,,,,,,,,,,,,,,,,,,,,,,,,,,,,,,,,,,,,,,,,,,,,,,,,,,,,,,,,,,,,,,,,,,,,,,,,,,,,,,,,,,,,,,,,,,,,,,,,,,,,,,,,,,,,,,,,,,,,,,,,,,,,,,,,,,,,,,,,,,,,,,,,,,,,,,,,,,,,,,,,,,,,,,,,,,,,,,,,,,,,,,,,,,,,,,,,,,,,,,,,,,,,,,,,,,,,,,,,,,,,,,,,,,,,,,,,,,,,,,,,,,,,,,,,,,,,,,,,,,,,,,,,,,,,,,,,,,,,,,,,,,,,,,,,,,,,,,,,,,,,,,,,,,,,,,,,,,,,,,,,,,,,,,,,,,,,,,,,,,,,,,,,,,,,,,,,,,,,,,,,,,,,,,,,,,,,,,,,,,,,,,,,,,,,,,,,,,,,,,,,,,,,,,,,,,,,,,,,,,,,,,,,,,,,,,,,,,,,,,,,,,,,,,,,,,,,,,,,,,,,,,,,,,,,,,,,,,,,,,,,,,,,,,,,,,,,,,,,,,,,,,,,,,,,,,,,,,,,,,,,,,,,,,,,,,,,,,,,,,,,,,,,,,,,,,,,,,,,,,,,,,,,,,,,,,,,,,,,,,,,,,,,,,,,,,,,,,,,,,,,,,,,,,,,,,,,,,,,,,,,,,,,,,,,,,,,,,,,,,,,,,,,,,,,,,,,,,,,,,,,,,,,,,,,,,,,,,,,,,,,,,,,,,,,,,,,,,,,,,,,,,,,,,,,,,,,,,,,,,,,,,,,,,,,,,,,,,,,,,,,,,,,,,,,,,,,,,,,,,,,,,,,,,,,,,,,,,,,,,,,,,,,,,,,,,,,,,,,,,,,,,,,,,,,,,,,,,,,,,,,,,,,,,,,,,,,,,,,,,,,,,,,,,,,,,,,,,,,,,,,,,,,,,,,,,,,,,,,,,,,,,,,,,,,,,,,,,,,,,,,,,,,,,,,,,,,,,,,,,,,,,,,,,,,,,,,,,,,,,,,,,,,,,,,,,,,,,,,,,,,,,,,,,,,,,,,,,,,,,,,,,,,,,,,,,,,,,,,,,,,,,,,,,,,,,,,,,,,,,,,,,,,,,,,,,,,,,,,,,,,,,,,,,,,,,,,,,,,,,,,,,,,,,,,,,,,,,,,,,,,,,,,,,,,,,,,,,,,,,,,,,,,,,,,,,,,,,,,,,,,,,,,,,,,,,,,,,,,,,,,,,,,,,,,,,,,,,,,,,,,,,,,,,,,,,,,,,,,,,,,,,,,,,,,,,,,,,,,,,,,,,,,,,,,,,,,,,,,,,,,,,,,,,,,,,,,,,,,,,,,,,,,,,,,,,,,,,,,,,,,,,,,,,,,,,,,,,,,,,,,,,,,,,,,,,,,,,,,,,,,,,,,,,,,,,,,,,,,,,,,,,,,,,,,,,,,,,,,,,,,,,,,,,,,,,,,,,,,,,,,,,,,,,,,,,,,,,,,,,,,,,,,,,,,,,,,,,,,,,,,,,,,,,,,,,,,,,,,,,,,,,,,,,,,,,,,,,,,,,,,,,,,,,,,,,,,,,,,,,,,,,,,,,,,,,,,,,,,,,,,,,,,,,,,,,,,,,,,,,,,,,,,,,,,,,,,,,,,,,,,,,,,,,,,,,,,,,,,,,,,,,,,,,,,,,,,,,,,,,,,,,,,,,,,,,,,,,,,,,,,,,,,,,,,,,,,,,,,,,,,,,,,,,,,,,,,,,,,,,,,,,,,,,,,,,,,,,,,,,,,,,,,,,,,,,,,,,,,,,,,,,,,,,,,,,,,,,,,,,,,,,,,,,,,,,,,,,,,,,,,,,,,,,,,,,,,,,,,,,,,,,,,,,,,,,,,,,,,,,,,,,,,,,,,,,,,,,,,,
,,,,,,,,,,,,,,,,,,,,,,,,,,,,,,,,,,,,,,,,,,,,,,,,,,,,,,,,,,,,,,,,,,,,,,,,,,,,,,,,,,,,,,,,,,,,,,,,,,,,,,,,,,,,,,,,,,,,,,,,,,,,,,,,,,,,,,,,,,,,,,,,,,,,,,,,,,,,,,,,,,,,,,,,,,,,,,,,,,,,,,,,,,,,,,,,,,,,,,,,,,,,,,,,,,,,,,,,,,,,,,,,,,,,,,,,,,,,,,,,,,,,,,,,,,,,,,,,,,,,,,,,,,,,,,,,,,,,,,,,,,,,,,,,,,,,,,,,,,,,,,,,,,,,,,,,,,,,,,,,,,,,,,,,,,,,,,,,,,,,,,,,,,,,,,,,,,,,,,,,,,,,,,,,,,,,,,,,,,,,,,,,,,,,,,,,,,,,,,,,,,,,,,,,,,,,,,,,,,,,,,,,,,,,,,,,,,,,,,,,,,,,,,,,,,,,,,,,,,,,,,,,,,,,,,,,,,,,,,,,,,,,,,,,,,,,,,,,,,,,,,,,,,,,,,,,,,,,,,,,,,,,,,,,,,,,,,,,,,,,,,,,,,,,,,,,,,,,,,,,,,,,,,,,,,,,,,,,,,,,,,,,,,,,,,,,,,,,,,,,,,,,,,,,,,,,,,,,,,,,,,,,,,,,,,,,,,,,,,,,,,,,,,,,,,,,,,,,,,,,,,,,,,,,,,,,,,,,,,,,,,,,,,,,,,,,,,,,,,,,,,,,,,,,,,,,,,,,,,,,,,,,,,,,,,,,,,,,,,,,,,,,,,,,,,,,,,,,,,,,,,,,,,,,,,,,,,,,,,,,,,,,,,,,,,,,,,,,,,,,,,,,,,,,,,,,,,,,,,,,,,,,,,,,,,,,,,,,,,,,,,,,,,,,,,,,,,,,,,,,,,,,,,,,,,,,,,,,,,,,,,,,,,,,,,,,,,,,,,,,,,,,,,,,,,,,,,,,,,,,,,,,,,,,,,,,,,,,,,,,,,,,,,,,,,,,,,,,,,,,,,,,,,,,,,,,,,,,,,,,,,,,,,,,,,,,,,,,,,,,,,,,,,,,,,,,,,,,,,,,,,,,,,,,,,,,,,,,,,,,,,,,,,,,,,,,,,,,,,,,,,,,,,,,,,,,,,,,,,,,,,,,,,,,,,,,,,,,,,,,,,,,,,,,,,,,,,,,,,,,,,,,,,,,,,,,,,,,,,,,,,,,,,,,,,,,,,,,,,,,,,,,,,,,,,,,,,,,,,,,,,,,,,,,,,,,,,,,,,,,,,,,,,,,,,,,,,,,,,,,,,,,,,,,,,,,,,,,,,,,,,,,,,,,,,,,,,,,,,,,,,,,,,,,,,,,,,,,,,,,,,,,,,,,,,,,,,,,,,,,,,,,,,,,,,,,,,,,,,,,,,,,,,,,,,,,,,,,,,,,,,,,,,,,,,,,,,,,,,,,,,,,,,,,,,,,,,,,,,,,,,,,,,,,,,,,,,,,,,,,,,,,,,,,,,,,,,,,,,,,,,,,,,,,,,,,,,,,,,,,,,,,,,,,,,,,,,,,,,,,,,,,,,,,,,,,,,,,,,,,,,,,,,,,,,,,,,,,,,,,,,,,,,,,,,,,,,,,,,,,,,,,,,,,,,,,,,,,,,,,,,,,,,,,,,,,,,,,,,,,,,,,,,,,,,,,,,,,,,,,,,,,,,,,,,,,,,,,,,,,,,,,,,,,,,,,,,,,,,,,,,,,,,,,,,,,,,,,,,,,,,,,,,,,,,,,,,,,,,,,,,,,,,,,,,,,,,,,,,,,,,,,,,,,,,,,,,,,,,,,,,,,,,,,,,,,,,,,,,,,,,,,,,,,,,,,,,,,,,,,,,,,,,,,,,,,,,,,,,,,,,,,,,,,,,,,,,,,,,,,,,,,,,,,,,,,,,,,,,,,,,,,,,,,,,,,,,,,,,,,,,,,,,,,,,,,,,,,,,,,,,,,,,,,,,,,,,,,,,,,,,,,,,,,,,,,,,,,,,,,,,,,,,,,,,,,,,,,,,,,,,,,,,,,,,,,,,,,,,,,,,,,,,,,,,,,,,,,,,,,,,,,,,,,,,,,,,,,,,,,,,,,,,,,,,,,,,,,,,,,,,,,,,,,,,,,,,,,,,,,,,,,,,,,,,,,,,,,,,,,,,,,,,,,,,,,,,,,,,,,,,,,,,,
3511,3327,2606,2394,2482,2274,2264,2215,2204,2215,2264,2274,2482,2394,2606,3327,3722,3487,2348,2428,2265,2182,2188,2269,2215,2166,2169,2305,2430,2273,2516,3510,4069,3848,2698,2361,2129,2088,2222,2181,2144,2221,2174,2175,2357,2468,2701,3848,4205,3983,2861,2414,2248,2239,2231,2191,2234,2305,2309,2183,2446,2541,2816,3982,4011,3790,2695,2250,2338,2161,2219,2296,2301,2306,2351,1988,2378,2323,2674,3793,3726,3504,2462,2204,2304,2283,2239,2260,2283,2234,2233,2210,2300,2387,2429,3494,3504,3285,2329,2197,2215,2242,2233,2195,2363,2329,2160,2259,2309,2175,2324,3288,3815,3589,2463,2311,2408,2290,2273,2316,2292,2257,1896,2151,2343,2152,2495,3590,4002,3776,2675,2251,2423,2225,2291,2348,2164,2223,2219,2181,2366,2368,2637,3778,3875,3656,2528,2279,2388,2244,2279,2333,2198,2430,2329,2015,2263,2372,2528,3653,3462,3236,2244,2231,2274,2072,2213,2368,2275,2282,2346,2220,2214,2251,2300,3235,3147,2928,2440,2197,2168,2305,2419,2407,2217,2224,2385,2320,2171,2359,2402,2965,3127,2910,2829,2657,2428,2557,2570,2409,2283,2364,2533,2345,2384,2427,2574,2886,4014,3897,3824,3482,3214,2834,3415,3203,2860,3508,3244,3611,2939,3518,3645,3774,4507,4281,4181,3741,3841,3752,3599,3824,3751,3947,3793,4039,3632,3964,4204,4211,4597,4380,4101,3702,3992,4052,3985,4105,3978,4039,3977,4036,3822,3966,4318,4277,4324,4154,3645,3646,3816,3996,4009,4074,3926,3844,3817,3590,3644,3763,4090,3950,4516,4296,3226,3317,3393,3670,3652,3784,3668,3489,3412,3019,3205,3480,3640,4258,4605,4380,3228,2923,3080,3329,3240,3403,3338,3060,3152,2926,3092,2990,3246,4375,4799,4581,3507,2985,2923,3063,2982,3106,3131,2890,2842,2795,2922,3161,3332,4573,4696,4476,3398,2858,2794,2828,2743,2769,2822,2698,2509,2573,2731,3036,3199,4467,4255,4032,2946,2657,2770,2795,2657,2587,2716,2597,2605,2556,2948,3013,3009,4028,3755,3536,2607,2594,2607,2782,2791,2638,2586,2680,2653,2514,2865,2932,2895,3529,3537,3322,2542,2437,2438,2626,2715,2517,2590,2601,2445,2364,2625,2732,2606,3310,3463,3260,2622,2322,2363,2657,2673,2462,2603,2586,2404,2474,2683,2645,2511,3225,3637,3418,2593,2417,2413,2605,2584,2509,2625,2552,2359,2393,2650,2567,2393,3410,3649,3426,2744,2544,2625,2511,2534,2522,2465,2574,2485,2484,2683,2551,2369,3421,3212,3084,2960,2598,2876,2546,2679,2798,2689,2766,2785,2814,2840,2812,2743,3031,3017,2904,2978,2665,2837,2488,2557,2827,2789,2916,2870,2799,2842,2908,2847,2930,2746,2679,2808,2570,2331,2513,2550,2637,2650,2772,2706,2557,2513,2737,2631,2848,2761,2643,2643,2546,2230,2495,2484,2482,2582,2727,2734,2579,2459,2607,2552,2818,2841,2810,2703,2528,2466,2542,2545,2567,2617,2680,2620,2541,2333,2341,2475,2737,2978,2935,2846,2600,2579,2512,2507,2464,2666,2691,2689,2550,2356,2499,2616,2764,2957,2853,2812,2586,2632,2608,2438,2457,2580,2494,2607,2438,2434,2520,2481,2721,2951,2729,2582,2360,2486,2487,2328,2280,2631,2495,2520,2450,2365,2421,2348,2727,3162,2957,2307,2313,2268,2435,2667,2481,2713,2687,2454,2581,2365,2390,2053,2945,3383,3152,2510,2390,2202,2557,2726,2539,2444,2449,2478,2603,2539,2502,2386,3084,3439,3210,2452,2292,2312,2300,2396,2411,2382,2187,2310,2505,2484,2429,2471,3196,3187,3013,2423,2369,2405,2275,2384,2453,2505,2398,2230,2431,2396,2362,2451,3006,3029,2863,2290,2476,2372,2232,2259,2433,2570,2535,2349,2326,2453,2435,2339,2835,2900,2686,2385,2414,2202,2278,2169,2208,2478,2475,2413,2298,2345,2440,2359,2712,2939,2715,2306,2374,2327,2308,2349,2462,2588,2488,2322,2294,2358,2486,2359,2722,2853,2644,2297,2253,2334,2262,2234,2438,2630,2612,2431,2256,2306,2413,2299,2609,2807,2644,2407,2383,2400,2336,2297,2293,2475,2540,2421,2254,2389,2286,2249,2573,2837,2698,2224,2230,2436,2402,2341,2253,2373,2422,2392,2339,2320,2239,2321,2627,2938,2713,2229,2215,2419,2317,2215,2377,2412,2473,2326,2328,2288,2180,2418,2782,2709,2525,2292,2318,2368,2102,2244,2286,2405,2385,2219,2157,2235,2317,2309,2636,2625,2451,2344,2332,2396,2390,2407,2292,2336,2467,2319,2243,2284,2351,2256,2500,2711,2542,2239,2363,2433,2201,2325,2261,2414,2465,2411,2376,2363,2289,2368,2535,2789,2633,2286,2203,2374,2076,2210,2469,2563,2528,2461,2422,2306,2336,2341,2582,2692,2535,2350,2226,2268,2308,2403,2464,2579,2497,2309,2299,2409,2348,2416,2529,2748,2636,2380,2291,2239,2344,2475,2431,2461,2388,2274,2248,2356,2216,2284,2560,2839,2584,2325,2284,2142,2443,2509,2435,2312,2363,2242,2225,2328,2338,2307,2606,2823,2657,2312,2172,2104,2326,2497,2401,2262,2346,2203,2336,2321,2265,2328,2703,2853,2671,2180,2236,2142,2266,2398,2399,2367,2233,2253,2407,2250,2181,2174,2617,2773,2588,2103,2338,2305,2318,2276,2365,2394,2179,2354,2376,2234,2274,2223,2625,2635,2429,2177,2240,2376,2416,2398,2359,2359,2298,2402,2391,2362,2358,2376,2519,2599,2427,2306,2313,2372,2402,2361,2246,2295,2375,2375,2423,2464,2391,2368,2475,2706,2507,2313,2294,2294,2330,2241,2310,2304,2300,2371,2355,2284,2150,2306,2588,2722,2616,2323,2266,2315,2299,2283,2271,2288,2272,2230,2300,2254,2148,2333,2549,2715,2357,2227,2211,2320,2301,2273,2378,2330,2287,2075,2263,2383,2239,2302,2493,2631,2554,2315,2316,2434,2335,2390,2360,2333,2254,2161,2195,2207,2277,2208,2334,2567,2445,2213,2239,2402,2387,2367,2346,2408,2222,2291,2351,2315,2320,2257,2457,3337,3109,2343,2352,2330,2303,2326,2336,2256,2270,2274,2290,2385,2247,2408,3118,3859,3635,2643,2156,2375,2189,2446,2439,2565,2577,2398,2342,2315,2458,2679,3642,4152,3929,2772,2653,2479,2766,2794,2913,2988,2908,2682,2489,2395,2770,2862,3932,4192,3968,3025,2562,2681,2903,2875,3036,3114,3028,2765,2468,2565,2852,2836,3969,4105,3893,3015,2470,2569,2663,2515,2874,2962,2930,2708,2453,2598,2738,2863,3875,4103,3887,2867,2484,2498,2540,2309,2571,2737,2718,2422,2460,2527,2517,2881,3883,3785,3567,2581,2408,2527,2556,2378,2238,2457,2356,2352,2607,2508,2187,2623,3573,3280,3089,2460,2348,2435,2494,2307,2372,2446,2083,2367,2425,2376,2292,2310,3051,3147,2966,2300,2193,2308,2355,2284,2240,2412,2222,2316,2383,2388,2329,2377,2900,2823,2633,2469,2430,2366,2452,2401,2298,2488,2370,2424,2376,2325,2260,2392,2597,2790,2667,2426,2391,2265,2439,2356,2359,2574,2500,2441,2413,2370,2163,2218,2502,2797,2669,2257,2207,2349,2382,2233,2369,2447,2299,2351,2343,2351,2220,2344,2580,2711,2554,2212,2186,2221,2253,2270,2292,2370,2266,2227,2266,2249,2230,2205,2549,2667,2444,2201,2274,2230,2360,2392,2262,2446,2480,2240,2231,2230,2272,2218,2563,2894,2621,2366,2484,2390,2377,2382,2258,2459,2534,2368,2298,2231,2263,2217,2703,2937,2751,2599,2505,2354,2229,2223,2336,2589,2566,2488,2347,2351,2323,2440,2800,2847,2758,2566,2507,2503,2459,2358,2572,2791,2616,2434,2366,2484,2344,2455,2751,3084,2892,2451,2357,2351,2376,2373,2618,2767,2528,2408,2501,2541,2329,2511,2874,3444,3220,2437,2279,2337,2280,2414,2465,2562,2502,2357,2388,2207,2425,2347,3220,3395,3166,2427,2151,2398,2379,2253,2311,2425,2436,2291,2154,2240,2437,2255,3181,3059,2847,2275,2251,2208,2336,2461,2551,2552,2399,2369,2259,2301,2350,2341,2855,2839,2757,2548,2283,2341,2332,2509,2753,2802,2470,2457,2462,2458,2357,2552,2623,2826,2822,2596,2430,2478,2380,2531,2747,2810,2591,2395,2549,2353,2343,2474,2645,3056,2883,2573,2473,2366,2341,2335,2537,2740,2585,2286,2463,2360,2236,2288,2832,3045,2902,2335,2375,2272,2260,2296,2412,2605,2562,2209,2413,2365,2269,2284,2826,2896,2729,2371,2330,2228,2286,2367,2524,2561,2525,2282,2136,2177,2244,2391,2696,2861,2668,2337,2345,2301,2203,2434,2615,2603,2449,2333,2189,2239,2195,2313,2698,2986,2822,2441,2467,2421,2286,2361,2701,2702,2573,2431,2444,2217,2350,2485,2642,3017,2870,2480,2344,2404,2337,2477,2829,2692,2505,2483,2499,2303,2456,2589,2760,2941,2828,2409,2313,2420,2357,2465,2727,2646,2309,2307,2475,2155,2327,2495,2633,2812,2707,2426,2219,2512,2397,2264,2445,2397,2455,2302,2348,2207,2278,2345,2626,2711,2545,2377,2185,2480,2397,2347,2274,2388,2450,2358,2143,2193,2273,2368,2502,2618,2342,2316,2377,2322,2371,2387,2349,2366,2421,2308,2223,2420,2438,2423,2603,2714,2530,2147,2298,2353,2347,2225,2298,2335,2426,2255,2238,2385,2453,2331,2652,2771,2640,2333,2289,2308,2141,2089,2173,2308,2290,2351,2311,2225,2270,2258,2589,2757,2536,2342,2335,2323,2215,2247,2201,2125,2320,2476,2352,2325,2321,2325,2566,3038,2863,2393,2375,2335,2270,2342,2262,2203,2314,2444,2475,2356,2373,2399,2812,2995,2821,2421,2295,2190,2369,2430,2298,2256,2156,2389,2410,2337,2353,2295,2698,3062,2874,2286,2235,2299,2350,2281,2416,2343,2295,2258,2304,2334,2233,2269,2850,3102,2874,2262,2177,2281,2253,2264,2380,2335,2182,2302,2243,2231,2235,2310,2886,2882,2694,2103,2259,2316,2272,2101,2324,2332,2141,2264,2138,2246,2339,2324,2665,2805,2572,2117,2154,2359,2365,2357,2399,2246,2227,2205,2146,2152,2239,2369,2567,2875,2674,2162,2310,2416,2450,2393,2410,2216,2215,2106,2189,2096,2262,2288,2665,2696,2532,2077,2222,2410,2249,2368,2328,2318,2335,2330,2333,2236,2223,2266,2521,3101,2872,2007,2138,2286,2228,2270,2258,2325,2391,2381,2309,2309,2228,2200,2886,3557,3328,2324,2260,2304,2267,2288,2261,2296,2200,2148,2124,2016,2309,2168,3337,3596,3365,2269,2371,2444,2291,2261,2308,2384,2267,2126,2111,2119,2248,2424,3379,3344,3108,2247,2377,2360,2288,2350,2297,2339,2294,2175,2157,2283,2288,2346,3136,3152,2958,2325,2325,2266,2254,2190,2241,2346,2281,2160,2230,2294,2357,2246,2921,3019,2776,2341,2390,2340,2209,2232,2374,2432,2450,2217,2199,2353,2395,2269,2752,3458,3227,2436,2490,2340,2267,2406,2389,2580,2574,2341,2125,2482,2455,2229,3229,3858,3643,2611,2386,2382,2260,2371,2771,2966,2855,2379,2364,2508,2352,2491,3628,4040,3827,2721,2452,2339,2377,2464,2916,3087,3024,2455,2288,2432,2404,2637,3817,3950,3730,2651,2275,2295,2350,2391,2828,2950,2845,2370,2297,2361,2403,2558,3721,3621,3404,2423,2197,2386,2369,2319,2497,2614,2564,2254,2415,2286,2300,2325,3390,3109,2911,2287,2320,2411,2316,2235,2246,2350,2323,2179,2301,2297,2198,2226,2857,3352,3126,2174,2272,2383,2253,2296,2259,2327,2238,2188,2169,2224,2131,2263,3131,3489,3261,2117,2240,2313,2271,2213,2331,2269,2261,2190,2293,2231,2076,2278,3272,3325,3096,2081,2087,2133,2169,2181,2229,2261,2253,2231,2257,2241,2100,2171,3107,3067,2847,2002,1979,2173,2183,2191,2143,2037,2127,2184,2160,2116,1934,2186,2847,2865,2636,1926,1911,2087,2148,2014,2185,2124,2077,2121,2151,2113,2109,2035,2636,2642,2430,1916,1884,2132,2069,2028,2060,2069,2080,2098,2116,2114,2061,2109,2393,2281,2157,1975,1935,1983,1890,2007,2129,2050,1977,1900,1966,2000,1920,1979,2130,2243,2058,1996,1925,2019,1942,1975,2015,1980,1955,1941,1994,1943,1912,2007,2132,2191,1981,1800,1874,1986,2058,1964,1993,1813,2018,1902,2010,1955,1829,1922,2011
,,,,,,,,,,,,,,,,,,,,,,,,,,,,,,,,,,,,,,,,,,,,,,,,,,,,,,,,,,,,,,,,,,,,,,,,,,,,,,,,,,,,,,,,,,,,,,,,,,,,,,,,,,,,,,,,,,,,,,,,,,,,,,,,,,,,,,,,,,,,,,,,,,,,,,,,,,,,,,,,,,,,,,,,,,,,,,,,,,,,,,,,,,,,,,,,,,,,,,,,,,,,,,,,,,,,,,,,,,,,,,,,,,,,,,,,,,,,,,,,,,,,,,,,,,,,,,,,,,,,,,,,,,,,,,,,,,,,,,,,,,,,,,,,,,,,,,,,,,,,,,,,,,,,,,,,,,,,,,,,,,,,,,,,,,,,,,,,,,,,,,,,,,,,,,,,,,,,,,,,,,,,,,,,,,,,,,,,,,,,,,,,,,,,,,,,,,,,,,,,,,,,,,,,,,,,,,,,,,,,,,,,,,,,,,,,,,,,,,,,,,,,,,,,,,,,,,,,,,,,,,,,,,,,,,,,,,,,,,,,,,,,,,,,,,,,,,,,,,,,,,,,,,,,,,,,,,,,,,,,,,,,,,,,,,,,,,,,,,,,,,,,,,,,,,,,,,,,,,,,,,,,,,,,,,,,,,,,,,,,,,,,,,,,,,,,,,,,,,,,,,,,,,,,,,,,,,,,,,,,,,,,,,,,,,,,,,,,,,,,,,,,,,,,,,,,,,,,,,,,,,,,,,,,,,,,,,,,,,,,,,,,,,,,,,,,,,,,,,,,,,,,,,,,,,,,,,,,,,,,,,,,,,,,,,,,,,,,,,,,,,,,,,,,,,,,,,,,,,,,,,,,,,,,,,,,,,,,,,,,,,,,,,,,,,,,,,,,,,,,,,,,,,,,,,,,,,,,,,,,,,,,,,,,,,,,,,,,,,,,,,,,,,,,,,,,,,,,,,,,,,,,,,,,,,,,,,,,,,,,,,,,,,,,,,,,,,,,,,,,,,,,,,,,,,,,,,,,,,,,,,,,,,,,,,,,,,,,,,,,,,,,,,,,,,,,,,,,,,,,,,,,,,,,,,,,,,,,,,,,,,,,,,,,,,,,,,,,,,,,,,,,,,,,,,,,,,,,,,,,,,,,,,,,,,,,,,,,,,,,,,,,,,,,,,,,,,,,,,,,,,,,,,,,,,,,,,,,,,,,,,,,,,,,,,,,,,,,,,,,,,,,,,,,,,,,,,,,,,,,,,,,,,,,,,,,,,,,,,,,,,,,,,,,,,,,,,,,,,,,,,,,,,,,,,,,,,,,,,,,,,,,,,,,,,,,,,,,,,,,,,,,,,,,,,,,,,,,,,,,,,,,,,,,,,,,,,,,,,,,,,,,,,,,,,,,,,,,,,,,,,,,,,,,,,,,,,,,,,,,,,,,,,,,,,,,,,,,,,,,,,,,,,,,,,,,,,,,,,,,,,,,,,,,,,,,,,,,,,,,,,,,,,,,,,,,,,,,,,,,,,,,,,,,,,,,,,,,,,,,,,,,,,,,,,,,,,,,,,,,,,,,,,,,,,,,,,,,,,,,,,,,,,,,,,,,,,,,,,,,,,,,,,,,,,,,,,,,,,,,,,,,,,,,,,,,,,,,,,,,,,,,,,,,,,,,,,,,,,,,,,,,,,,,,,,,,,,,,,,,,,,,,,,,,,,,,,,,,,,,,,,,,,,,,,,,,,,,,,,,,,,,,,,,,,,,,,,,,,,,,,,,,,,,,,,,,,,,,,,,,,,,,,,,,,,,,,,,,,,,,,,,,,,,,,,,,,,,,,,,,,,,,,,,,,,,,,,,,,,,,,,,,,,,,,,,,,,,,,,,,,,,,,,,,,,,,,,,,,,,,,,,,,,,,,,,,,,,,,,,,,,,,,,,,,,,,,,,,,,,,,,,,,,,,,,,,,,,,,,,,,,,,,,,,,,,,,,,,,,,,,,,,,,,,,,,,,,,,,,,,,,,,,,,,,,,,,,,,,,,,,,,,,,,,,,,,,,,,,,,,,,,,,,,,,,,,,,,,,,,,,,,,,,,,,,,,,,,,,,,,,,,,,,,,,,,,,,,,,,,,,,,,,,,,,,,,,,,,,,,,,,,,,,,,,,,,,,,,,,,,,,,,,,,,,,,,,,,,,,,,,,,,,,,,,,,,,,,,,,,,,,,,,,,,,,,,,,,,,,,,,,,,,,,,,,,,,,,,,,,,,,,,,,,,,,,,,,,,,,,,,,,,,,
,,,,,,,,,,,,,,,,,,,,,,,,,,,,,,,,,,,,,,,,,,,,,,,,,,,,,,,,,,,,,,,,,,,,,,,,,,,,,,,,,,,,,,,,,,,,,,,,,,,,,,,,,,,,,,,,,,,,,,,,,,,,,,,,,,,,,,,,,,,,,,,,,,,,,,,,,,,,,,,,,,,,,,,,,,,,,,,,,,,,,,,,,,,,,,,,,,,,,,,,,,,,,,,,,,,,,,,,,,,,,,,,,,,,,,,,,,,,,,,,,,,,,,,,,,,,,,,,,,,,,,,,,,,,,,,,,,,,,,,,,,,,,,,,,,,,,,,,,,,,,,,,,,,,,,,,,,,,,,,,,,,,,,,,,,,,,,,,,,,,,,,,,,,,,,,,,,,,,,,,,,,,,,,,,,,,,,,,,,,,,,,,,,,,,,,,,,,,,,,,,,,,,,,,,,,,,,,,,,,,,,,,,,,,,,,,,,,,,,,,,,,,,,,,,,,,,,,,,,,,,,,,,,,,,,,,,,,,,,,,,,,,,,,,,,,,,,,,,,,,,,,,,,,,,,,,,,,,,,,,,,,,,,,,,,,,,,,,,,,,,,,,,,,,,,,,,,,,,,,,,,,,,,,,,,,,,,,,,,,,,,,,,,,,,,,,,,,,,,,,,,,,,,,,,,,,,,,,,,,,,,,,,,,,,,,,,,,,,,,,,,,,,,,,,,,,,,,,,,,,,,,,,,,,,,,,,,,,,,,,,,,,,,,,,,,,,,,,,,,,,,,,,,,,,,,,,,,,,,,,,,,,,,,,,,,,,,,,,,,,,,,,,,,,,,,,,,,,,,,,,,,,,,,,,,,,,,,,,,,,,,,,,,,,,,,,,,,,,,,,,,,,,,,,,,,,,,,,,,,,,,,,,,,,,,,,,,,,,,,,,,,,,,,,,,,,,,,,,,,,,,,,,,,,,,,,,,,,,,,,,,,,,,,,,,,,,,,,,,,,,,,,,,,,,,,,,,,,,,,,,,,,,,,,,,,,,,,,,,,,,,,,,,,,,,,,,,,,,,,,,,,,,,,,,,,,,,,,,,,,,,,,,,,,,,,,,,,,,,,,,,,,,,,,,,,,,,,,,,,,,,,,,,,,,,,,,,,,,,,,,,,,,,,,,,,,,,,,,,,,,,,,,,,,,,,,,,,,,,,,,,,,,,,,,,,,,,,,,,,,,,,,,,,,,,,,,,,,,,,,,,,,,,,,,,,,,,,,,,,,,,,,,,,,,,,,,,,,,,,,,,,,,,,,,,,,,,,,,,,,,,,,,,,,,,,,,,,,,,,,,,,,,,,,,,,,,,,,,,,,,,,,,,,,,,,,,,,,,,,,,,,,,,,,,,,,,,,,,,,,,,,,,,,,,,,,,,,,,,,,,,,,,,,,,,,,,,,,,,,,,,,,,,,,,,,,,,,,,,,,,,,,,,,,,,,,,,,,,,,,,,,,,,,,,,,,,,,,,,,,,,,,,,,,,,,,,,,,,,,,,,,,,,,,,,,,,,,,,,,,,,,,,,,,,,,,,,,,,,,,,,,,,,,,,,,,,,,,,,,,,,,,,,,,,,,,,,,,,,,,,,,,,,,,,,,,,,,,,,,,,,,,,,,,,,,,,,,,,,,,,,,,,,,,,,,,,,,,,,,,,,,,,,,,,,,,,,,,,,,,,,,,,,,,,,,,,,,,,,,,,,,,,,,,,,,,,,,,,,,,,,,,,,,,,,,,,,,,,,,,,,,,,,,,,,,,,,,,,,,,,,,,,,,,,,,,,,,,,,,,,,,,,,,,,,,,,,,,,,,,,,,,,,,,,,,,,,,,,,,,,,,,,,,,,,,,,,,,,,,,,,,,,,,,,,,,,,,,,,,,,,,,,,,,,,,,,,,,,,,,,,,,,,,,,,,,,,,,,,,,,,,,,,,,,,,,,,,,,,,,,,,,,,,,,,,,,,,,,,,,,,,,,,,,,,,,,,,,,,,,,,,,,,,,,,,,,,,,,,,,,,,,,,,,,,,,,,,,,,,,,,,,,,,,,,,,,,,,,,,,,,,,,,,,,,,,,,,,,,,,,,,,,,,,,,,,,,,,,,,,,,,,,,,,,,,,,,,,,,,,,,,,,,,,,,,,,,,,,,,,,,,,,,,,,,,,,,,,,,,,,,,,,,,,,,,,,,,,,,,,,,,,,,,,,,,,,,,,,,,,,,,,,,,,,,,,,,,,,,,,,,,,,,,
,,,,,,,,,,,,,,,,,,,,,,,,,,,,,,,,,,,,,,,,,,,,,,,,,,,,,,,,,,,,,,,,,,,,,,,,,,,,,,,,,,,,,,,,,,,,,,,,,,,,,,,,,,,,,,,,,,,,,,,,,,,,,,,,,,,,,,,,,,,,,,,,,,,,,,,,,,,,,,,,,,,,,,,,,,,,,,,,,,,,,,,,,,,,,,,,,,,,,,,,,,,,,,,,,,,,,,,,,,,,,,,,,,,,,,,,,,,,,,,,,,,,,,,,,,,,,,,,,,,,,,,,,,,,,,,,,,,,,,,,,,,,,,,,,,,,,,,,,,,,,,,,,,,,,,,,,,,,,,,,,,,,,,,,,,,,,,,,,,,,,,,,,,,,,,,,,,,,,,,,,,,,,,,,,,,,,,,,,,,,,,,,,,,,,,,,,,,,,,,,,,,,,,,,,,,,,,,,,,,,,,,,,,,,,,,,,,,,,,,,,,,,,,,,,,,,,,,,,,,,,,,,,,,,,,,,,,,,,,,,,,,,,,,,,,,,,,,,,,,,,,,,,,,,,,,,,,,,,,,,,,,,,,,,,,,,,,,,,,,,,,,,,,,,,,,,,,,,,,,,,,,,,,,,,,,,,,,,,,,,,,,,,,,,,,,,,,,,,,,,,,,,,,,,,,,,,,,,,,,,,,,,,,,,,,,,,,,,,,,,,,,,,,,,,,,,,,,,,,,,,,,,,,,,,,,,,,,,,,,,,,,,,,,,,,,,,,,,,,,,,,,,,,,,,,,,,,,,,,,,,,,,,,,,,,,,,,,,,,,,,,,,,,,,,,,,,,,,,,,,,,,,,,,,,,,,,,,,,,,,,,,,,,,,,,,,,,,,,,,,,,,,,,,,,,,,,,,,,,,,,,,,,,,,,,,,,,,,,,,,,,,,,,,,,,,,,,,,,,,,,,,,,,,,,,,,,,,,,,,,,,,,,,,,,,,,,,,,,,,,,,,,,,,,,,,,,,,,,,,,,,,,,,,,,,,,,,,,,,,,,,,,,,,,,,,,,,,,,,,,,,,,,,,,,,,,,,,,,,,,,,,,,,,,,,,,,,,,,,,,,,,,,,,,,,,,,,,,,,,,,,,,,,,,,,,,,,,,,,,,,,,,,,,,,,,,,,,,,,,,,,,,,,,,,,,,,,,,,,,,,,,,,,,,,,,,,,,,,,,,,,,,,,,,,,,,,,,,,,,,,,,,,,,,,,,,,,,,,,,,,,,,,,,,,,,,,,,,,,,,,,,,,,,,,,,,,,,,,,,,,,,,,,,,,,,,,,,,,,,,,,,,,,,,,,,,,,,,,,,,,,,,,,,,,,,,,,,,,,,,,,,,,,,,,,,,,,,,,,,,,,,,,,,,,,,,,,,,,,,,,,,,,,,,,,,,,,,,,,,,,,,,,,,,,,,,,,,,,,,,,,,,,,,,,,,,,,,,,,,,,,,,,,,,,,,,,,,,,,,,,,,,,,,,,,,,,,,,,,,,,,,,,,,,,,,,,,,,,,,,,,,,,,,,,,,,,,,,,,,,,,,,,,,,,,,,,,,,,,,,,,,,,,,,,,,,,,,,,,,,,,,,,,,,,,,,,,,,,,,,,,,,,,,,,,,,,,,,,,,,,,,,,,,,,,,,,,,,,,,,,,,,,,,,,,,,,,,,,,,,,,,,,,,,,,,,,,,,,,,,,,,,,,,,,,,,,,,,,,,,,,,,,,,,,,,,,,,,,,,,,,,,,,,,,,,,,,,,,,,,,,,,,,,,,,,,,,,,,,,,,,,,,,,,,,,,,,,,,,,,,,,,,,,,,,,,,,,,,,,,,,,,,,,,,,,,,,,,,,,,,,,,,,,,,,,,,,,,,,,,,,,,,,,,,,,,,,,,,,,,,,,,,,,,,,,,,,,,,,,,,,,,,,,,,,,,,,,,,,,,,,,,,,,,,,,,,,,,,,,,,,,,,,,,,,,,,,,,,,,,,,,,,,,,,,,,,,,,,,,,,,,,,,,,,,,,,,,,,,,,,,,,,,,,,,,,,,,,,,,,,,,,,,,,,,,,,,,,,,,,,,,,,,,,,,,,,,,,,,,,,,,,,,,,,,,,,,,,,,,,,,,,,,,,,,,,,,,,,,,,,,,,,,,,,,,,,,,,,,,,,,,,,,,,,,,,,,,,,,,,,,,,,,,,,,,,,,,,,,,,,,,,,,,,,,,,,,,,,,,,,,,,,,,
,,,,,,,,,,,,,,,,,,,,,,,,,,,,,,,,,,,,,,,,,,,,,,,,,,,,,,,,,,,,,,,,,,,,,,,,,,,,,,,,,,,,,,,,,,,,,,,,,,,,,,,,,,,,,,,,,,,,,,,,,,,,,,,,,,,,,,,,,,,,,,,,,,,,,,,,,,,,,,,,,,,,,,,,,,,,,,,,,,,,,,,,,,,,,,,,,,,,,,,,,,,,,,,,,,,,,,,,,,,,,,,,,,,,,,,,,,,,,,,,,,,,,,,,,,,,,,,,,,,,,,,,,,,,,,,,,,,,,,,,,,,,,,,,,,,,,,,,,,,,,,,,,,,,,,,,,,,,,,,,,,,,,,,,,,,,,,,,,,,,,,,,,,,,,,,,,,,,,,,,,,,,,,,,,,,,,,,,,,,,,,,,,,,,,,,,,,,,,,,,,,,,,,,,,,,,,,,,,,,,,,,,,,,,,,,,,,,,,,,,,,,,,,,,,,,,,,,,,,,,,,,,,,,,,,,,,,,,,,,,,,,,,,,,,,,,,,,,,,,,,,,,,,,,,,,,,,,,,,,,,,,,,,,,,,,,,,,,,,,,,,,,,,,,,,,,,,,,,,,,,,,,,,,,,,,,,,,,,,,,,,,,,,,,,,,,,,,,,,,,,,,,,,,,,,,,,,,,,,,,,,,,,,,,,,,,,,,,,,,,,,,,,,,,,,,,,,,,,,,,,,,,,,,,,,,,,,,,,,,,,,,,,,,,,,,,,,,,,,,,,,,,,,,,,,,,,,,,,,,,,,,,,,,,,,,,,,,,,,,,,,,,,,,,,,,,,,,,,,,,,,,,,,,,,,,,,,,,,,,,,,,,,,,,,,,,,,,,,,,,,,,,,,,,,,,,,,,,,,,,,,,,,,,,,,,,,,,,,,,,,,,,,,,,,,,,,,,,,,,,,,,,,,,,,,,,,,,,,,,,,,,,,,,,,,,,,,,,,,,,,,,,,,,,,,,,,,,,,,,,,,,,,,,,,,,,,,,,,,,,,,,,,,,,,,,,,,,,,,,,,,,,,,,,,,,,,,,,,,,,,,,,,,,,,,,,,,,,,,,,,,,,,,,,,,,,,,,,,,,,,,,,,,,,,,,,,,,,,,,,,,,,,,,,,,,,,,,,,,,,,,,,,,,,,,,,,,,,,,,,,,,,,,,,,,,,,,,,,,,,,,,,,,,,,,,,,,,,,,,,,,,,,,,,,,,,,,,,,,,,,,,,,,,,,,,,,,,,,,,,,,,,,,,,,,,,,,,,,,,,,,,,,,,,,,,,,,,,,,,,,,,,,,,,,,,,,,,,,,,,,,,,,,,,,,,,,,,,,,,,,,,,,,,,,,,,,,,,,,,,,,,,,,,,,,,,,,,,,,,,,,,,,,,,,,,,,,,,,,,,,,,,,,,,,,,,,,,,,,,,,,,,,,,,,,,,,,,,,,,,,,,,,,,,,,,,,,,,,,,,,,,,,,,,,,,,,,,,,,,,,,,,,,,,,,,,,,,,,,,,,,,,,,,,,,,,,,,,,,,,,,,,,,,,,,,,,,,,,,,,,,,,,,,,,,,,,,,,,,,,,,,,,,,,,,,,,,,,,,,,,,,,,,,,,,,,,,,,,,,,,,,,,,,,,,,,,,,,,,,,,,,,,,,,,,,,,,,,,,,,,,,,,,,,,,,,,,,,,,,,,,,,,,,,,,,,,,,,,,,,,,,,,,,,,,,,,,,,,,,,,,,,,,,,,,,,,,,,,,,,,,,,,,,,,,,,,,,,,,,,,,,,,,,,,,,,,,,,,,,,,,,,,,,,,,,,,,,,,,,,,,,,,,,,,,,,,,,,,,,,,,,,,,,,,,,,,,,,,,,,,,,,,,,,,,,,,,,,,,,,,,,,,,,,,,,,,,,,,,,,,,,,,,,,,,,,,,,,,,,,,,,,,,,,,,,,,,,,,,,,,,,,,,,,,,,,,,,,,,,,,,,,,,,,,,,,,,,,,,,,,,,,,,,,,,,,,,,,,,,,,,,,,,,,,,,,,,,,,,,,,,,,,,,,,,,,,,,,,,,,,,,,,,,,,,,,,,,,,,,,,,,,,,,,,,,,,,,,,,,,,,,,,,,,,,,,,,,,,,,,,,,,,,,,,,,,,,,,,,,,,,,,,,,,,,,,,,,,,,,,,,,,,,,,,,,,,,,,,,,,,,,,,,,,,,,,,,,,,,,,,,,,,,,
,,,,,,,,,,,,,,,,,,,,,,,,,,,,,,,,,,,,,,,,,,,,,,,,,,,,,,,,,,,,,,,,,,,,,,,,,,,,,,,,,,,,,,,,,,,,,,,,,,,,,,,,,,,,,,,,,,,,,,,,,,,,,,,,,,,,,,,,,,,,,,,,,,,,,,,,,,,,,,,,,,,,,,,,,,,,,,,,,,,,,,,,,,,,,,,,,,,,,,,,,,,,,,,,,,,,,,,,,,,,,,,,,,,,,,,,,,,,,,,,,,,,,,,,,,,,,,,,,,,,,,,,,,,,,,,,,,,,,,,,,,,,,,,,,,,,,,,,,,,,,,,,,,,,,,,,,,,,,,,,,,,,,,,,,,,,,,,,,,,,,,,,,,,,,,,,,,,,,,,,,,,,,,,,,,,,,,,,,,,,,,,,,,,,,,,,,,,,,,,,,,,,,,,,,,,,,,,,,,,,,,,,,,,,,,,,,,,,,,,,,,,,,,,,,,,,,,,,,,,,,,,,,,,,,,,,,,,,,,,,,,,,,,,,,,,,,,,,,,,,,,,,,,,,,,,,,,,,,,,,,,,,,,,,,,,,,,,,,,,,,,,,,,,,,,,,,,,,,,,,,,,,,,,,,,,,,,,,,,,,,,,,,,,,,,,,,,,,,,,,,,,,,,,,,,,,,,,,,,,,,,,,,,,,,,,,,,,,,,,,,,,,,,,,,,,,,,,,,,,,,,,,,,,,,,,,,,,,,,,,,,,,,,,,,,,,,,,,,,,,,,,,,,,,,,,,,,,,,,,,,,,,,,,,,,,,,,,,,,,,,,,,,,,,,,,,,,,,,,,,,,,,,,,,,,,,,,,,,,,,,,,,,,,,,,,,,,,,,,,,,,,,,,,,,,,,,,,,,,,,,,,,,,,,,,,,,,,,,,,,,,,,,,,,,,,,,,,,,,,,,,,,,,,,,,,,,,,,,,,,,,,,,,,,,,,,,,,,,,,,,,,,,,,,,,,,,,,,,,,,,,,,,,,,,,,,,,,,,,,,,,,,,,,,,,,,,,,,,,,,,,,,,,,,,,,,,,,,,,,,,,,,,,,,,,,,,,,,,,,,,,,,,,,,,,,,,,,,,,,,,,,,,,,,,,,,,,,,,,,,,,,,,,,,,,,,,,,,,,,,,,,,,,,,,,,,,,,,,,,,,,,,,,,,,,,,,,,,,,,,,,,,,,,,,,,,,,,,,,,,,,,,,,,,,,,,,,,,,,,,,,,,,,,,,,,,,,,,,,,,,,,,,,,,,,,,,,,,,,,,,,,,,,,,,,,,,,,,,,,,,,,,,,,,,,,,,,,,,,,,,,,,,,,,,,,,,,,,,,,,,,,,,,,,,,,,,,,,,,,,,,,,,,,,,,,,,,,,,,,,,,,,,,,,,,,,,,,,,,,,,,,,,,,,,,,,,,,,,,,,,,,,,,,,,,,,,,,,,,,,,,,,,,,,,,,,,,,,,,,,,,,,,,,,,,,,,,,,,,,,,,,,,,,,,,,,,,,,,,,,,,,,,,,,,,,,,,,,,,,,,,,,,,,,,,,,,,,,,,,,,,,,,,,,,,,,,,,,,,,,,,,,,,,,,,,,,,,,,,,,,,,,,,,,,,,,,,,,,,,,,,,,,,,,,,,,,,,,,,,,,,,,,,,,,,,,,,,,,,,,,,,,,,,,,,,,,,,,,,,,,,,,,,,,,,,,,,,,,,,,,,,,,,,,,,,,,,,,,,,,,,,,,,,,,,,,,,,,,,,,,,,,,,,,,,,,,,,,,,,,,,,,,,,,,,,,,,,,,,,,,,,,,,,,,,,,,,,,,,,,,,,,,,,,,,,,,,,,,,,,,,,,,,,,,,,,,,,,,,,,,,,,,,,,,,,,,,,,,,,,,,,,,,,,,,,,,,,,,,,,,,,,,,,,,,,,,,,,,,,,,,,,,,,,,,,,,,,,,,,,,,,,,,,,,,,,,,,,,,,,,,,,,,,,,,,,,,,,,,,,,,,,,,,,,,,,,,,,,,,,,,,,,,,,,,,,,,,,,,,,,,,,,,,,,,,,,,,,,,,,,,,,,,,,,,,,,,,,,,,,,,,,,,,,,,,,,,,,,,,,,,,,,,,,,,,,,,,,,,,,,,,,,,,,,,,,,,,,,,,,,,,,,,,,,,,,,,,,,,,,,,,,,,,,,,,,,,,,,,,,,,,,,,,,,,,,,,,,,,,,,,,,,,,
3484,3288,2502,2417,2366,2512,2374,2378,2315,2378,2374,2512,2366,2417,2502,3288,3713,3486,2356,2325,2265,2395,2322,2288,2313,2389,2422,2381,2433,2435,2474,3479,4072,3850,2675,2498,2078,2170,2197,2125,2164,2191,2288,2235,2377,2442,2729,3848,4204,3982,2824,2610,2425,2309,2218,2054,2184,2331,2253,2222,2459,2443,2837,3981,4013,3793,2694,2454,2327,2205,2164,2179,2215,2271,2323,2244,2357,2338,2674,3791,3728,3494,2530,2444,2209,2174,2006,1973,2164,2170,2318,2267,2357,2353,2489,3501,3510,3289,2453,2303,2222,2262,2159,2214,2141,2093,2255,2257,2298,2233,2352,3293,3821,3599,2550,2230,2343,2296,2162,2277,2320,2201,2140,2142,2293,2044,2566,3595,4004,3782,2747,2131,2279,2255,2174,1985,2232,2214,2119,2128,2362,2060,2707,3781,3873,3657,2628,2309,2207,2211,2201,2122,2088,2263,2282,2134,2207,2109,2575,3652,3465,3241,2423,2155,2200,2259,2287,2293,2286,2290,2189,2184,2108,2228,2360,3246,3137,2945,2291,2224,2286,2368,2385,2456,2326,2399,2307,2326,2263,2242,2252,2909,3169,3096,2806,2494,2565,2422,2512,2523,2510,2529,2344,2456,2359,2187,2526,2956,3846,3373,3741,3282,3252,3470,3358,3598,3637,3703,3458,3293,3112,3194,3355,3748,4477,4104,3915,3675,3869,3997,3822,4048,4084,4151,3894,3645,3503,3756,4024,4352,4623,4396,3714,3733,3962,4089,3877,3970,4165,4216,3980,3669,3522,3935,4217,4492,4392,4256,3935,3670,3698,3884,3868,4083,4049,3941,3817,3729,3693,3813,4034,4219,4515,4259,3509,3061,3445,3554,3654,3837,3764,3443,3476,3470,3491,3511,3516,4289,4608,4381,3247,3114,3167,3225,3301,3429,3301,3103,3200,3030,3161,3176,3261,4379,4798,4579,3445,3134,2811,2773,2923,3076,3069,2778,2861,2708,2915,3229,3262,4572,4696,4474,3308,3075,2595,2606,2745,2804,2985,2740,2684,2822,2850,3115,3157,4467,4258,4035,2872,2958,2696,2735,2665,2762,2903,2781,2857,2741,2693,2909,2905,4032,3744,3514,2721,2631,2781,2703,2633,2812,2925,2905,2895,2783,2538,2627,2670,3522,3508,3273,2587,2575,2705,2566,2589,2686,2869,2805,2727,2602,2574,2534,2530,3286,3463,3257,2618,2491,2572,2535,2449,2579,2543,2449,2553,2484,2457,2546,2464,3229,3636,3416,2507,2450,2469,2506,2392,2554,2501,2253,2534,2474,2293,2254,2386,3409,3644,3420,2738,2450,2275,2352,2316,2449,2613,2622,2606,2463,2366,2374,2529,3427,3116,3083,3035,2549,2422,2443,2455,2362,2754,2802,2742,2623,2331,2730,2534,2963,3171,3111,2991,2577,2554,2450,2638,2619,2420,2514,2618,2702,2636,2732,2423,2917,2857,2900,2726,2454,2626,2481,2496,2579,2472,2461,2462,2532,2527,2420,2501,2624,2827,2684,2467,2534,2644,2503,2685,2658,2596,2466,2514,2537,2399,2394,2570,2812,2811,2479,2399,2329,2463,2485,2647,2623,2606,2639,2601,2384,2270,2342,2602,2817,2889,2794,2752,2314,2303,2432,2424,2446,2663,2773,2583,2468,2507,2414,2452,2802,2844,2578,2621,2324,2230,2398,2545,2539,2620,2736,2470,2509,2587,2493,2606,2781,2823,2519,2357,2400,2191,2284,2396,2513,2700,2606,2475,2333,2350,2159,2402,2672,3059,2837,2340,2500,2396,2362,2322,2682,2842,2736,2497,2321,2393,2410,2369,2838,3416,3204,2326,2501,2388,2385,2358,2636,2713,2678,2354,2273,2423,2503,2429,3176,3462,3262,2522,2387,2287,2405,2446,2626,2654,2569,2213,2224,2418,2461,2416,3229,3199,3013,2428,2285,2299,2431,2330,2364,2554,2466,2364,2436,2305,2458,2365,2971,2894,2851,2459,2239,2273,2438,2269,2437,2537,2429,2389,2356,2240,2415,2176,2721,2848,2703,2317,2155,2385,2298,2398,2472,2559,2446,2305,2231,2246,2286,2291,2648,3004,2763,2371,2469,2395,2272,2353,2594,2730,2516,2397,2310,2223,2387,2420,2739,3041,2802,2374,2521,2336,2311,2183,2557,2703,2525,2493,2547,2306,2380,2411,2821,2917,2695,2307,2324,2345,2418,2246,2383,2550,2406,2480,2579,2351,2383,2383,2729,2935,2733,2274,2247,2357,2481,2439,2422,2494,2347,2401,2421,2179,2327,2381,2779,2895,2747,2352,2100,2397,2410,2333,2326,2403,2379,2438,2337,2276,2393,2386,2791,2786,2571,2166,2154,2376,2381,2286,2146,2420,2298,2256,2351,2341,2382,2404,2661,2703,2489,2316,2351,2275,2329,2230,2357,2447,2349,2294,2204,2330,2351,2427,2620,2657,2436,2417,2346,2363,2340,2325,2200,2329,2346,2403,2182,2214,2222,2204,2438,2837,2662,2397,2377,2382,2369,2360,2356,2559,2454,2294,2180,2240,2182,2423,2551,2735,2608,2491,2490,2469,2442,2434,2473,2675,2565,2115,2311,2394,2245,2258,2580,2737,2608,2372,2358,2430,2372,2424,2409,2499,2421,2303,2351,2473,2312,2375,2678,2935,2683,2300,2249,2303,2360,2453,2391,2405,2527,2500,2455,2431,2375,2436,2782,2934,2718,2384,2286,2424,2409,2471,2525,2342,2423,2388,2310,2360,2272,2534,2825,2870,2665,2272,2237,2482,2521,2484,2543,2391,2243,2219,1980,2253,2348,2434,2708,2766,2611,2358,2198,2408,2526,2440,2470,2371,2338,2313,2161,2413,2434,2388,2598,2617,2375,2308,2279,2275,2400,2377,2339,2426,2345,2322,2314,2369,2304,2396,2461,2627,2475,2292,2346,2331,2381,2425,2245,2407,2344,2234,2384,2278,2288,2397,2311,2676,2507,2356,2393,2206,2368,2339,2226,2362,2281,2293,2357,2219,2286,2350,2387,2629,2492,2287,2352,2261,2310,2294,2298,2201,2212,2171,2248,2269,2117,2076,2459,2653,2544,2296,2303,2240,2251,2340,2380,2024,2251,2235,2315,2262,2308,2308,2514,2573,2363,2275,2245,2226,2296,2427,2331,2111,2202,2227,2208,2262,2372,2332,2324,2670,2534,2344,2098,2202,2196,2395,2360,2333,2211,2301,2386,2361,2424,2397,2533,3342,3134,2387,2234,2186,2191,2266,2400,2469,2490,2444,2413,2423,2241,2168,3107,3861,3636,2694,2352,2359,2288,2247,2295,2506,2450,2388,2501,2422,2445,2585,3647,4146,3913,3025,2840,2520,2534,2499,2979,3099,2972,2692,2663,2434,2488,2923,3930,4186,3961,3070,2931,2604,2816,2779,3141,3179,3091,2810,2810,2657,2510,3081,3977,4086,3862,2666,2758,2581,2764,2637,2985,2972,2916,2768,2762,2660,2369,2893,3853,4086,3862,2693,2618,2371,2487,2454,2557,2721,2742,2561,2657,2644,2422,2741,3862,3770,3546,2435,2474,2395,2509,2420,2525,2607,2640,2485,2575,2616,2427,2374,3538,3263,3053,2171,2264,2193,2411,2567,2487,2452,2488,2477,2427,2420,2414,2390,3005,3136,2939,2245,2299,2271,2214,2400,2362,2383,2252,2295,2314,2352,2309,2418,2911,2870,2609,2292,2131,2290,2266,2428,2394,2479,2476,2333,2238,2323,2358,2319,2703,2764,2612,2275,2005,2218,2193,2340,2336,2533,2514,2399,2351,2206,2344,2275,2673,2838,2621,2329,2364,2243,2167,2217,2325,2518,2515,2514,2455,2280,2288,2325,2658,2732,2547,2383,2460,2224,2193,2267,2306,2202,2333,2435,2455,2271,2235,2260,2566,2677,2421,2393,2411,2369,2332,2305,2238,2195,2310,2310,2378,2252,2211,2323,2524,2878,2653,2282,2324,2373,2366,2478,2470,2440,2259,2344,2300,2269,2232,2326,2652,3007,2833,2190,2426,2384,2434,2658,2599,2821,2705,2527,2449,2375,2402,2495,2733,2934,2870,2291,2576,2544,2533,2726,2736,2898,2772,2540,2522,2420,2382,2726,2869,3115,2860,2484,2600,2501,2455,2543,2586,2618,2560,2442,2520,2423,2324,2549,2986,3421,3196,2507,2500,2415,2370,2398,2359,2547,2327,2248,2321,2297,2306,2553,3204,3396,3164,2480,2236,2372,2392,2266,2350,2515,2300,2299,2350,2236,2259,2442,3174,3169,2986,2449,2406,2389,2374,2379,2507,2593,2478,2315,2175,2324,2446,2352,2916,3090,2933,2429,2421,2384,2307,2519,2701,2675,2681,2456,2392,2401,2381,2325,2914,3175,2964,2361,2407,2444,2277,2307,2537,2484,2579,2458,2295,2440,2453,2446,2967,3073,2898,2302,2332,2340,2269,2214,2527,2567,2503,2331,2421,2396,2303,2307,2844,2954,2796,2166,2276,2277,2298,2238,2323,2479,2476,2287,2303,2504,2332,2395,2755,2853,2689,2357,2347,2363,2399,2377,2453,2550,2513,2353,2431,2522,2447,2353,2620,2924,2795,2396,2397,2322,2471,2482,2503,2574,2514,2346,2385,2429,2422,2328,2632,3022,2792,2372,2446,2427,2316,2360,2553,2704,2500,2505,2465,2436,2571,2569,2856,3043,2836,2426,2520,2529,2510,2403,2601,2753,2559,2609,2484,2353,2515,2522,2824,2821,2655,2351,2379,2468,2465,2384,2382,2443,2336,2410,2358,2137,2262,2458,2712,2783,2576,2337,2345,2324,2340,2415,2389,2357,2336,2408,2376,2133,2282,2381,2445,2767,2611,2272,2249,2321,2309,2353,2268,2379,2411,2367,2208,2149,2274,2309,2493,2757,2499,2221,2432,2374,2285,2441,2324,2387,2486,2386,2283,2248,2189,2150,2581,2743,2571,2333,2402,2338,2377,2515,2411,2296,2411,2425,2264,2308,2265,2085,2540,2816,2634,2322,2345,2299,2339,2420,2342,2225,2266,2314,2326,2247,2194,2184,2647,2776,2654,2396,2208,2156,2175,2333,2352,2222,2287,2353,2353,2204,2133,2307,2563,3005,2748,2429,2230,2083,2190,2234,2217,2185,2236,2354,2331,2360,2196,2292,2758,3042,2815,2468,2310,2185,2250,2299,2154,2178,2304,2282,2362,2394,2269,2254,2810,3015,2733,2426,2401,2390,2399,2259,2209,2217,2289,2319,2336,2293,2155,2172,2823,3045,2866,2408,2374,2302,2348,2206,2310,2461,2370,2205,2370,2334,2239,2329,2808,2753,2696,2333,2220,2244,2347,2214,2298,2378,2349,2286,2299,2191,2299,2354,2711,2851,2666,2188,2199,2364,2360,2291,2379,2407,2420,2333,2364,2312,2168,2173,2658,2883,2731,2316,2281,2306,2378,2371,2460,2296,2441,2382,2417,2350,2289,2141,2618,2752,2579,2381,2377,2357,2341,2347,2395,2217,2231,2238,2324,2355,2297,2307,2547,3101,2884,2369,2176,2301,2304,2359,2243,2077,2144,2157,2281,2295,2247,2243,2862,3561,3335,2402,2295,2357,2264,2230,2371,2369,2203,2180,2051,2165,2347,2423,3331,3614,3392,2386,2316,2311,2257,2357,2332,2336,2240,2158,2192,2098,2253,2478,3393,3345,3135,2452,2188,2310,2453,2472,2392,2282,2210,2238,2281,2307,2316,2426,3106,3126,2940,2373,2304,2364,2383,2382,2471,2289,2215,2389,2327,2299,2425,2418,2892,3075,2854,2378,2370,2252,2214,2327,2463,2369,2334,2445,2399,2274,2354,2389,2828,3481,3272,2443,2268,2269,2034,2270,2261,2485,2338,2358,2238,2255,2383,1985,3253,3851,3626,2652,2305,2223,2219,2382,2751,3018,2940,2488,2391,2307,2380,2522,3629,4038,3818,2644,2473,2261,2271,2530,2909,3200,3129,2654,2417,2379,2478,2712,3819,3942,3717,2500,2299,2198,2093,2551,2803,3013,2899,2483,2319,2310,2390,2647,3715,3600,3371,2267,2168,2312,2134,2336,2582,2574,2397,2298,2290,2391,2299,2450,3379,3044,2810,2166,2021,2130,2147,2308,2362,2216,2257,2259,2213,2237,2283,2267,2852,3348,3106,2091,2073,2112,2163,2146,2235,2263,2211,2125,2172,2177,2290,2227,3139,3495,3259,2261,2018,2099,2196,2241,2323,2423,2181,2088,2156,2179,2318,2184,3275,3325,3107,2249,2115,1899,2116,2178,2303,2349,2177,2175,2133,2248,2178,2090,3094,3071,2851,2082,2083,2002,2087,2118,2208,2181,2097,2004,2202,2263,2057,2090,2835,2896,2668,2052,2029,1811,2131,2032,2012,2069,2018,2150,2135,2198,2047,2038,2690,2699,2455,1950,1970,2025,2162,2014,2023,2006,2041,1913,1954,1834,2119,2144,2517,2350,2230,2019,1994,1996,2135,2010,1859,2066,2064,1924,1886,1942,2035,2055,2115,2284,2150,1839,2046,1786,1903,1892,1957,2086,1987,1847,2001,1856,1921,1946,2092,2231,2108,1955,2038,1952,1827,1901,2023,2040,1974,1829,1959,1851,1975,1942,2061
,,,,,,,,,,,,,,,,,,,,,,,,,,,,,,,,,,,,,,,,,,,,,,,,,,,,,,,,,,,,,,,,,,,,,,,,,,,,,,,,,,,,,,,,,,,,,,,,,,,,,,,,,,,,,,,,,,,,,,,,,,,,,,,,,,,,,,,,,,,,,,,,,,,,,,,,,,,,,,,,,,,,,,,,,,,,,,,,,,,,,,,,,,,,,,,,,,,,,,,,,,,,,,,,,,,,,,,,,,,,,,,,,,,,,,,,,,,,,,,,,,,,,,,,,,,,,,,,,,,,,,,,,,,,,,,,,,,,,,,,,,,,,,,,,,,,,,,,,,,,,,,,,,,,,,,,,,,,,,,,,,,,,,,,,,,,,,,,,,,,,,,,,,,,,,,,,,,,,,,,,,,,,,,,,,,,,,,,,,,,,,,,,,,,,,,,,,,,,,,,,,,,,,,,,,,,,,,,,,,,,,,,,,,,,,,,,,,,,,,,,,,,,,,,,,,,,,,,,,,,,,,,,,,,,,,,,,,,,,,,,,,,,,,,,,,,,,,,,,,,,,,,,,,,,,,,,,,,,,,,,,,,,,,,,,,,,,,,,,,,,,,,,,,,,,,,,,,,,,,,,,,,,,,,,,,,,,,,,,,,,,,,,,,,,,,,,,,,,,,,,,,,,,,,,,,,,,,,,,,,,,,,,,,,,,,,,,,,,,,,,,,,,,,,,,,,,,,,,,,,,,,,,,,,,,,,,,,,,,,,,,,,,,,,,,,,,,,,,,,,,,,,,,,,,,,,,,,,,,,,,,,,,,,,,,,,,,,,,,,,,,,,,,,,,,,,,,,,,,,,,,,,,,,,,,,,,,,,,,,,,,,,,,,,,,,,,,,,,,,,,,,,,,,,,,,,,,,,,,,,,,,,,,,,,,,,,,,,,,,,,,,,,,,,,,,,,,,,,,,,,,,,,,,,,,,,,,,,,,,,,,,,,,,,,,,,,,,,,,,,,,,,,,,,,,,,,,,,,,,,,,,,,,,,,,,,,,,,,,,,,,,,,,,,,,,,,,,,,,,,,,,,,,,,,,,,,,,,,,,,,,,,,,,,,,,,,,,,,,,,,,,,,,,,,,,,,,,,,,,,,,,,,,,,,,,,,,,,,,,,,,,,,,,,,,,,,,,,,,,,,,,,,,,,,,,,,,,,,,,,,,,,,,,,,,,,,,,,,,,,,,,,,,,,,,,,,,,,,,,,,,,,,,,,,,,,,,,,,,,,,,,,,,,,,,,,,,,,,,,,,,,,,,,,,,,,,,,,,,,,,,,,,,,,,,,,,,,,,,,,,,,,,,,,,,,,,,,,,,,,,,,,,,,,,,,,,,,,,,,,,,,,,,,,,,,,,,,,,,,,,,,,,,,,,,,,,,,,,,,,,,,,,,,,,,,,,,,,,,,,,,,,,,,,,,,,,,,,,,,,,,,,,,,,,,,,,,,,,,,,,,,,,,,,,,,,,,,,,,,,,,,,,,,,,,,,,,,,,,,,,,,,,,,,,,,,,,,,,,,,,,,,,,,,,,,,,,,,,,,,,,,,,,,,,,,,,,,,,,,,,,,,,,,,,,,,,,,,,,,,,,,,,,,,,,,,,,,,,,,,,,,,,,,,,,,,,,,,,,,,,,,,,,,,,,,,,,,,,,,,,,,,,,,,,,,,,,,,,,,,,,,,,,,,,,,,,,,,,,,,,,,,,,,,,,,,,,,,,,,,,,,,,,,,,,,,,,,,,,,,,,,,,,,,,,,,,,,,,,,,,,,,,,,,,,,,,,,,,,,,,,,,,,,,,,,,,,,,,,,,,,,,,,,,,,,,,,,,,,,,,,,,,,,,,,,,,,,,,,,,,,,,,,,,,,,,,,,,,,,,,,,,,,,,,,,,,,,,,,,,,,,,,,,,,,,,,,,,,,,,,,,,,,,,,,,,,,,,,,,,,,,,,,,,,,,,,,,,,,,,,,,,,,,,,,,,,,,,,,,,,,,,,,,,,,,,,,,,,,,,,,,,,,,,,,,,,,,,,,,,,,,,,,,,,,,,,,,,,,,,,,,,,,,,,,,,,,,,,,,,,,,,,,,,,,,,,,,,,,,,,,,,,,,,,,,,,,,,,,,,,,,,,,,,,,,,,,,,,,,,,,,,,,,,,,,,,,,,,,,,,,,,,,,,,,,,,,,,,,,,,,,,,,,,,,,,,,,,,,,,,,,,,,,,,,,,,,,,,,,,,,,,,,,
,,,,,,,,,,,,,,,,,,,,,,,,,,,,,,,,,,,,,,,,,,,,,,,,,,,,,,,,,,,,,,,,,,,,,,,,,,,,,,,,,,,,,,,,,,,,,,,,,,,,,,,,,,,,,,,,,,,,,,,,,,,,,,,,,,,,,,,,,,,,,,,,,,,,,,,,,,,,,,,,,,,,,,,,,,,,,,,,,,,,,,,,,,,,,,,,,,,,,,,,,,,,,,,,,,,,,,,,,,,,,,,,,,,,,,,,,,,,,,,,,,,,,,,,,,,,,,,,,,,,,,,,,,,,,,,,,,,,,,,,,,,,,,,,,,,,,,,,,,,,,,,,,,,,,,,,,,,,,,,,,,,,,,,,,,,,,,,,,,,,,,,,,,,,,,,,,,,,,,,,,,,,,,,,,,,,,,,,,,,,,,,,,,,,,,,,,,,,,,,,,,,,,,,,,,,,,,,,,,,,,,,,,,,,,,,,,,,,,,,,,,,,,,,,,,,,,,,,,,,,,,,,,,,,,,,,,,,,,,,,,,,,,,,,,,,,,,,,,,,,,,,,,,,,,,,,,,,,,,,,,,,,,,,,,,,,,,,,,,,,,,,,,,,,,,,,,,,,,,,,,,,,,,,,,,,,,,,,,,,,,,,,,,,,,,,,,,,,,,,,,,,,,,,,,,,,,,,,,,,,,,,,,,,,,,,,,,,,,,,,,,,,,,,,,,,,,,,,,,,,,,,,,,,,,,,,,,,,,,,,,,,,,,,,,,,,,,,,,,,,,,,,,,,,,,,,,,,,,,,,,,,,,,,,,,,,,,,,,,,,,,,,,,,,,,,,,,,,,,,,,,,,,,,,,,,,,,,,,,,,,,,,,,,,,,,,,,,,,,,,,,,,,,,,,,,,,,,,,,,,,,,,,,,,,,,,,,,,,,,,,,,,,,,,,,,,,,,,,,,,,,,,,,,,,,,,,,,,,,,,,,,,,,,,,,,,,,,,,,,,,,,,,,,,,,,,,,,,,,,,,,,,,,,,,,,,,,,,,,,,,,,,,,,,,,,,,,,,,,,,,,,,,,,,,,,,,,,,,,,,,,,,,,,,,,,,,,,,,,,,,,,,,,,,,,,,,,,,,,,,,,,,,,,,,,,,,,,,,,,,,,,,,,,,,,,,,,,,,,,,,,,,,,,,,,,,,,,,,,,,,,,,,,,,,,,,,,,,,,,,,,,,,,,,,,,,,,,,,,,,,,,,,,,,,,,,,,,,,,,,,,,,,,,,,,,,,,,,,,,,,,,,,,,,,,,,,,,,,,,,,,,,,,,,,,,,,,,,,,,,,,,,,,,,,,,,,,,,,,,,,,,,,,,,,,,,,,,,,,,,,,,,,,,,,,,,,,,,,,,,,,,,,,,,,,,,,,,,,,,,,,,,,,,,,,,,,,,,,,,,,,,,,,,,,,,,,,,,,,,,,,,,,,,,,,,,,,,,,,,,,,,,,,,,,,,,,,,,,,,,,,,,,,,,,,,,,,,,,,,,,,,,,,,,,,,,,,,,,,,,,,,,,,,,,,,,,,,,,,,,,,,,,,,,,,,,,,,,,,,,,,,,,,,,,,,,,,,,,,,,,,,,,,,,,,,,,,,,,,,,,,,,,,,,,,,,,,,,,,,,,,,,,,,,,,,,,,,,,,,,,,,,,,,,,,,,,,,,,,,,,,,,,,,,,,,,,,,,,,,,,,,,,,,,,,,,,,,,,,,,,,,,,,,,,,,,,,,,,,,,,,,,,,,,,,,,,,,,,,,,,,,,,,,,,,,,,,,,,,,,,,,,,,,,,,,,,,,,,,,,,,,,,,,,,,,,,,,,,,,,,,,,,,,,,,,,,,,,,,,,,,,,,,,,,,,,,,,,,,,,,,,,,,,,,,,,,,,,,,,,,,,,,,,,,,,,,,,,,,,,,,,,,,,,,,,,,,,,,,,,,,,,,,,,,,,,,,,,,,,,,,,,,,,,,,,,,,,,,,,,,,,,,,,,,,,,,,,,,,,,,,,,,,,,,,,,,,,,,,,,,,,,,,,,,,,,,,,,,,,,,,,,,,,,,,,,,,,,,,,,,,,,,,,,,,,,,,,,,,,,,,,,,,,,,,,,,,,,,,,,,,,,,,,,,,,,,,,,,,,,,,,,,,,,,,,,,,,,,,,,,,,,,,,,,,,,,,,,,,,,,,,,,,,,,,,,,,,,,,,,,,,,,,,,,,,,,,,,,,,,,,,,,,,
,,,,,,,,,,,,,,,,,,,,,,,,,,,,,,,,,,,,,,,,,,,,,,,,,,,,,,,,,,,,,,,,,,,,,,,,,,,,,,,,,,,,,,,,,,,,,,,,,,,,,,,,,,,,,,,,,,,,,,,,,,,,,,,,,,,,,,,,,,,,,,,,,,,,,,,,,,,,,,,,,,,,,,,,,,,,,,,,,,,,,,,,,,,,,,,,,,,,,,,,,,,,,,,,,,,,,,,,,,,,,,,,,,,,,,,,,,,,,,,,,,,,,,,,,,,,,,,,,,,,,,,,,,,,,,,,,,,,,,,,,,,,,,,,,,,,,,,,,,,,,,,,,,,,,,,,,,,,,,,,,,,,,,,,,,,,,,,,,,,,,,,,,,,,,,,,,,,,,,,,,,,,,,,,,,,,,,,,,,,,,,,,,,,,,,,,,,,,,,,,,,,,,,,,,,,,,,,,,,,,,,,,,,,,,,,,,,,,,,,,,,,,,,,,,,,,,,,,,,,,,,,,,,,,,,,,,,,,,,,,,,,,,,,,,,,,,,,,,,,,,,,,,,,,,,,,,,,,,,,,,,,,,,,,,,,,,,,,,,,,,,,,,,,,,,,,,,,,,,,,,,,,,,,,,,,,,,,,,,,,,,,,,,,,,,,,,,,,,,,,,,,,,,,,,,,,,,,,,,,,,,,,,,,,,,,,,,,,,,,,,,,,,,,,,,,,,,,,,,,,,,,,,,,,,,,,,,,,,,,,,,,,,,,,,,,,,,,,,,,,,,,,,,,,,,,,,,,,,,,,,,,,,,,,,,,,,,,,,,,,,,,,,,,,,,,,,,,,,,,,,,,,,,,,,,,,,,,,,,,,,,,,,,,,,,,,,,,,,,,,,,,,,,,,,,,,,,,,,,,,,,,,,,,,,,,,,,,,,,,,,,,,,,,,,,,,,,,,,,,,,,,,,,,,,,,,,,,,,,,,,,,,,,,,,,,,,,,,,,,,,,,,,,,,,,,,,,,,,,,,,,,,,,,,,,,,,,,,,,,,,,,,,,,,,,,,,,,,,,,,,,,,,,,,,,,,,,,,,,,,,,,,,,,,,,,,,,,,,,,,,,,,,,,,,,,,,,,,,,,,,,,,,,,,,,,,,,,,,,,,,,,,,,,,,,,,,,,,,,,,,,,,,,,,,,,,,,,,,,,,,,,,,,,,,,,,,,,,,,,,,,,,,,,,,,,,,,,,,,,,,,,,,,,,,,,,,,,,,,,,,,,,,,,,,,,,,,,,,,,,,,,,,,,,,,,,,,,,,,,,,,,,,,,,,,,,,,,,,,,,,,,,,,,,,,,,,,,,,,,,,,,,,,,,,,,,,,,,,,,,,,,,,,,,,,,,,,,,,,,,,,,,,,,,,,,,,,,,,,,,,,,,,,,,,,,,,,,,,,,,,,,,,,,,,,,,,,,,,,,,,,,,,,,,,,,,,,,,,,,,,,,,,,,,,,,,,,,,,,,,,,,,,,,,,,,,,,,,,,,,,,,,,,,,,,,,,,,,,,,,,,,,,,,,,,,,,,,,,,,,,,,,,,,,,,,,,,,,,,,,,,,,,,,,,,,,,,,,,,,,,,,,,,,,,,,,,,,,,,,,,,,,,,,,,,,,,,,,,,,,,,,,,,,,,,,,,,,,,,,,,,,,,,,,,,,,,,,,,,,,,,,,,,,,,,,,,,,,,,,,,,,,,,,,,,,,,,,,,,,,,,,,,,,,,,,,,,,,,,,,,,,,,,,,,,,,,,,,,,,,,,,,,,,,,,,,,,,,,,,,,,,,,,,,,,,,,,,,,,,,,,,,,,,,,,,,,,,,,,,,,,,,,,,,,,,,,,,,,,,,,,,,,,,,,,,,,,,,,,,,,,,,,,,,,,,,,,,,,,,,,,,,,,,,,,,,,,,,,,,,,,,,,,,,,,,,,,,,,,,,,,,,,,,,,,,,,,,,,,,,,,,,,,,,,,,,,,,,,,,,,,,,,,,,,,,,,,,,,,,,,,,,,,,,,,,,,,,,,,,,,,,,,,,,,,,,,,,,,,,,,,,,,,,,,,,,,,,,,,,,,,,,,,,,,,,,,,,,,,,,,,,,,,,,,,,,,,,,,,,,,,,,,,,,,,,,,,,,,,,,,,,,,,,,,,,,,,,,,,,,,,,,,,,,,,,,,,,,,,,,,,,,,,,,,,,,,,,,,,,,,,,,,,,,,,,,,,,,,,,,,,,,,,,
,,,,,,,,,,,,,,,,,,,,,,,,,,,,,,,,,,,,,,,,,,,,,,,,,,,,,,,,,,,,,,,,,,,,,,,,,,,,,,,,,,,,,,,,,,,,,,,,,,,,,,,,,,,,,,,,,,,,,,,,,,,,,,,,,,,,,,,,,,,,,,,,,,,,,,,,,,,,,,,,,,,,,,,,,,,,,,,,,,,,,,,,,,,,,,,,,,,,,,,,,,,,,,,,,,,,,,,,,,,,,,,,,,,,,,,,,,,,,,,,,,,,,,,,,,,,,,,,,,,,,,,,,,,,,,,,,,,,,,,,,,,,,,,,,,,,,,,,,,,,,,,,,,,,,,,,,,,,,,,,,,,,,,,,,,,,,,,,,,,,,,,,,,,,,,,,,,,,,,,,,,,,,,,,,,,,,,,,,,,,,,,,,,,,,,,,,,,,,,,,,,,,,,,,,,,,,,,,,,,,,,,,,,,,,,,,,,,,,,,,,,,,,,,,,,,,,,,,,,,,,,,,,,,,,,,,,,,,,,,,,,,,,,,,,,,,,,,,,,,,,,,,,,,,,,,,,,,,,,,,,,,,,,,,,,,,,,,,,,,,,,,,,,,,,,,,,,,,,,,,,,,,,,,,,,,,,,,,,,,,,,,,,,,,,,,,,,,,,,,,,,,,,,,,,,,,,,,,,,,,,,,,,,,,,,,,,,,,,,,,,,,,,,,,,,,,,,,,,,,,,,,,,,,,,,,,,,,,,,,,,,,,,,,,,,,,,,,,,,,,,,,,,,,,,,,,,,,,,,,,,,,,,,,,,,,,,,,,,,,,,,,,,,,,,,,,,,,,,,,,,,,,,,,,,,,,,,,,,,,,,,,,,,,,,,,,,,,,,,,,,,,,,,,,,,,,,,,,,,,,,,,,,,,,,,,,,,,,,,,,,,,,,,,,,,,,,,,,,,,,,,,,,,,,,,,,,,,,,,,,,,,,,,,,,,,,,,,,,,,,,,,,,,,,,,,,,,,,,,,,,,,,,,,,,,,,,,,,,,,,,,,,,,,,,,,,,,,,,,,,,,,,,,,,,,,,,,,,,,,,,,,,,,,,,,,,,,,,,,,,,,,,,,,,,,,,,,,,,,,,,,,,,,,,,,,,,,,,,,,,,,,,,,,,,,,,,,,,,,,,,,,,,,,,,,,,,,,,,,,,,,,,,,,,,,,,,,,,,,,,,,,,,,,,,,,,,,,,,,,,,,,,,,,,,,,,,,,,,,,,,,,,,,,,,,,,,,,,,,,,,,,,,,,,,,,,,,,,,,,,,,,,,,,,,,,,,,,,,,,,,,,,,,,,,,,,,,,,,,,,,,,,,,,,,,,,,,,,,,,,,,,,,,,,,,,,,,,,,,,,,,,,,,,,,,,,,,,,,,,,,,,,,,,,,,,,,,,,,,,,,,,,,,,,,,,,,,,,,,,,,,,,,,,,,,,,,,,,,,,,,,,,,,,,,,,,,,,,,,,,,,,,,,,,,,,,,,,,,,,,,,,,,,,,,,,,,,,,,,,,,,,,,,,,,,,,,,,,,,,,,,,,,,,,,,,,,,,,,,,,,,,,,,,,,,,,,,,,,,,,,,,,,,,,,,,,,,,,,,,,,,,,,,,,,,,,,,,,,,,,,,,,,,,,,,,,,,,,,,,,,,,,,,,,,,,,,,,,,,,,,,,,,,,,,,,,,,,,,,,,,,,,,,,,,,,,,,,,,,,,,,,,,,,,,,,,,,,,,,,,,,,,,,,,,,,,,,,,,,,,,,,,,,,,,,,,,,,,,,,,,,,,,,,,,,,,,,,,,,,,,,,,,,,,,,,,,,,,,,,,,,,,,,,,,,,,,,,,,,,,,,,,,,,,,,,,,,,,,,,,,,,,,,,,,,,,,,,,,,,,,,,,,,,,,,,,,,,,,,,,,,,,,,,,,,,,,,,,,,,,,,,,,,,,,,,,,,,,,,,,,,,,,,,,,,,,,,,,,,,,,,,,,,,,,,,,,,,,,,,,,,,,,,,,,,,,,,,,,,,,,,,,,,,,,,,,,,,,,,,,,,,,,,,,,,,,,,,,,,,,,,,,,,,,,,,,,,,,,,,,,,,,,,,,,,,,,,,,,,,,,,,,,,,,,,,,,,,,,,,,,,,,,,,,,,,,,,,,,,,,,,,,,,,,,,,,,,,,,,,,,,,,,,,,,,,,,,,,,,,,,,,,,,,,,,,,,,,,,,,,,,,,,,,
,,,,,,,,,,,,,,,,,,,,,,,,,,,,,,,,,,,,,,,,,,,,,,,,,,,,,,,,,,,,,,,,,,,,,,,,,,,,,,,,,,,,,,,,,,,,,,,,,,,,,,,,,,,,,,,,,,,,,,,,,,,,,,,,,,,,,,,,,,,,,,,,,,,,,,,,,,,,,,,,,,,,,,,,,,,,,,,,,,,,,,,,,,,,,,,,,,,,,,,,,,,,,,,,,,,,,,,,,,,,,,,,,,,,,,,,,,,,,,,,,,,,,,,,,,,,,,,,,,,,,,,,,,,,,,,,,,,,,,,,,,,,,,,,,,,,,,,,,,,,,,,,,,,,,,,,,,,,,,,,,,,,,,,,,,,,,,,,,,,,,,,,,,,,,,,,,,,,,,,,,,,,,,,,,,,,,,,,,,,,,,,,,,,,,,,,,,,,,,,,,,,,,,,,,,,,,,,,,,,,,,,,,,,,,,,,,,,,,,,,,,,,,,,,,,,,,,,,,,,,,,,,,,,,,,,,,,,,,,,,,,,,,,,,,,,,,,,,,,,,,,,,,,,,,,,,,,,,,,,,,,,,,,,,,,,,,,,,,,,,,,,,,,,,,,,,,,,,,,,,,,,,,,,,,,,,,,,,,,,,,,,,,,,,,,,,,,,,,,,,,,,,,,,,,,,,,,,,,,,,,,,,,,,,,,,,,,,,,,,,,,,,,,,,,,,,,,,,,,,,,,,,,,,,,,,,,,,,,,,,,,,,,,,,,,,,,,,,,,,,,,,,,,,,,,,,,,,,,,,,,,,,,,,,,,,,,,,,,,,,,,,,,,,,,,,,,,,,,,,,,,,,,,,,,,,,,,,,,,,,,,,,,,,,,,,,,,,,,,,,,,,,,,,,,,,,,,,,,,,,,,,,,,,,,,,,,,,,,,,,,,,,,,,,,,,,,,,,,,,,,,,,,,,,,,,,,,,,,,,,,,,,,,,,,,,,,,,,,,,,,,,,,,,,,,,,,,,,,,,,,,,,,,,,,,,,,,,,,,,,,,,,,,,,,,,,,,,,,,,,,,,,,,,,,,,,,,,,,,,,,,,,,,,,,,,,,,,,,,,,,,,,,,,,,,,,,,,,,,,,,,,,,,,,,,,,,,,,,,,,,,,,,,,,,,,,,,,,,,,,,,,,,,,,,,,,,,,,,,,,,,,,,,,,,,,,,,,,,,,,,,,,,,,,,,,,,,,,,,,,,,,,,,,,,,,,,,,,,,,,,,,,,,,,,,,,,,,,,,,,,,,,,,,,,,,,,,,,,,,,,,,,,,,,,,,,,,,,,,,,,,,,,,,,,,,,,,,,,,,,,,,,,,,,,,,,,,,,,,,,,,,,,,,,,,,,,,,,,,,,,,,,,,,,,,,,,,,,,,,,,,,,,,,,,,,,,,,,,,,,,,,,,,,,,,,,,,,,,,,,,,,,,,,,,,,,,,,,,,,,,,,,,,,,,,,,,,,,,,,,,,,,,,,,,,,,,,,,,,,,,,,,,,,,,,,,,,,,,,,,,,,,,,,,,,,,,,,,,,,,,,,,,,,,,,,,,,,,,,,,,,,,,,,,,,,,,,,,,,,,,,,,,,,,,,,,,,,,,,,,,,,,,,,,,,,,,,,,,,,,,,,,,,,,,,,,,,,,,,,,,,,,,,,,,,,,,,,,,,,,,,,,,,,,,,,,,,,,,,,,,,,,,,,,,,,,,,,,,,,,,,,,,,,,,,,,,,,,,,,,,,,,,,,,,,,,,,,,,,,,,,,,,,,,,,,,,,,,,,,,,,,,,,,,,,,,,,,,,,,,,,,,,,,,,,,,,,,,,,,,,,,,,,,,,,,,,,,,,,,,,,,,,,,,,,,,,,,,,,,,,,,,,,,,,,,,,,,,,,,,,,,,,,,,,,,,,,,,,,,,,,,,,,,,,,,,,,,,,,,,,,,,,,,,,,,,,,,,,,,,,,,,,,,,,,,,,,,,,,,,,,,,,,,,,,,,,,,,,,,,,,,,,,,,,,,,,,,,,,,,,,,,,,,,,,,,,,,,,,,,,,,,,,,,,,,,,,,,,,,,,,,,,,,,,,,,,,,,,,,,,,,,,,,,,,,,,,,,,,,,,,,,,,,,,,,,,,,,,,,,,,,,,,,,,,,,,,,,,,,,,,,,,,,,,,,,,,,,,,,,,,,,,,,,,,,,,,,,,,,,,,,,,,,,,,,,,,,,,,,,,,,,,,,
3467,3285,2455,2251,2427,2447,2487,2424,2195,2424,2487,2447,2427,2251,2455,3285,3710,3464,2351,2217,2370,2448,2401,2321,2368,2425,2341,2461,2314,2409,2535,3499,4072,3850,2770,2375,2169,2295,2357,2326,2376,2342,2239,2364,2241,2477,2765,3853,4205,3981,2837,2548,2355,2231,2274,2204,2183,2243,2191,2291,2317,2507,2875,3984,4009,3786,2610,2516,2309,2313,2298,2202,2235,2284,2220,2285,2147,2550,2698,3791,3736,3509,2374,2381,2250,2347,2342,2269,2263,2240,2380,2380,2288,2498,2564,3501,3495,3268,2230,2382,2327,2441,2368,2353,2323,2402,2403,2377,2254,2207,2430,3273,3814,3587,2326,2262,2307,2347,2171,2283,2224,2343,2367,2353,2188,2223,2450,3590,4001,3774,2650,2367,2323,2266,2302,2192,2166,2293,2419,2357,2227,2359,2568,3776,3870,3647,2538,2373,2287,2346,2346,2235,2247,2388,2336,2303,2210,2299,2437,3648,3469,3252,2383,2270,2332,2317,2238,2097,2233,2342,2267,2127,2255,2434,2428,3234,3160,2953,2184,2148,2278,2372,2332,2357,2308,2319,2304,2392,2343,2426,2415,2938,3111,2910,2537,2387,2600,2580,2560,2679,2545,2531,2578,2448,2467,2503,2607,2844,3981,3529,3763,3194,3253,3199,3185,3323,3491,3565,3349,3456,3487,3317,3562,3877,4522,4234,4188,3825,3354,3683,3949,3929,4069,4140,3822,3853,3932,3757,4117,4426,4635,4349,4218,3985,3259,3936,4217,4241,4226,4286,4020,3800,4019,3878,4243,4555,4313,4068,3932,3805,3433,3973,4142,4150,4092,4094,3919,3447,3814,3708,4052,4285,4510,4299,3544,3329,3331,3731,3771,3829,3778,3616,3516,3379,3434,3364,3613,4288,4607,4377,3211,3162,3044,3251,3382,3507,3467,3106,3111,3104,3000,2871,3433,4383,4799,4575,3401,2992,2903,2912,3065,3158,3077,2821,2819,2827,2849,3160,3358,4578,4696,4471,3311,2905,2772,2787,2925,2667,2636,2626,2564,2614,2751,3167,3186,4469,4253,4030,2941,2698,2592,2832,2961,2733,2606,2767,2630,2352,2405,3054,2890,4022,3748,3512,2787,2563,2526,2760,2908,2765,2643,2821,2650,2343,2707,2949,2847,3524,3539,3318,2619,2429,2450,2649,2765,2687,2597,2539,2474,2306,2536,2755,2652,3310,3463,3242,2487,2378,2506,2724,2653,2593,2721,2626,2429,2436,2513,2623,2605,3258,3641,3420,2547,2354,2425,2620,2521,2458,2671,2540,2414,2458,2549,2634,2609,3413,3651,3435,2617,2397,2444,2644,2498,2559,2628,2544,2599,2492,2581,2739,2638,3420,3192,3023,2690,2556,2540,2848,2731,2752,2751,2815,2818,2590,2703,2783,2494,2995,3053,3021,2796,2783,2463,2814,2822,2699,2682,2885,2837,2686,2729,2594,2688,2923,2733,2802,2649,2666,2356,2655,2699,2604,2727,2847,2680,2713,2700,2555,2620,2652,2741,2715,2687,2551,2248,2458,2605,2672,2731,2808,2561,2514,2498,2616,2531,2735,2871,2856,2720,2597,2425,2314,2417,2572,2571,2765,2441,2371,2447,2400,2350,2665,3035,3019,2786,2426,2471,2469,2571,2600,2677,2751,2623,2289,2481,2383,2395,2882,2877,2865,2726,2479,2431,2547,2727,2685,2571,2603,2516,2292,2470,2539,2396,2836,2775,2599,2426,2414,2379,2447,2527,2492,2556,2428,2231,2369,2425,2446,2251,2749,3153,2928,2193,2376,2488,2605,2416,2470,2747,2646,2386,2521,2515,2592,2297,2946,3440,3222,2500,2598,2659,2698,2458,2453,2644,2641,2568,2389,2546,2676,2491,3216,3470,3236,2497,2612,2500,2523,2370,2459,2630,2616,2486,2416,2329,2529,2385,3247,3189,2887,2417,2538,2447,2452,2449,2282,2504,2604,2491,2377,2355,2274,2338,3023,2868,2705,2427,2507,2491,2389,2423,2457,2565,2576,2437,2396,2399,2367,2388,2729,2778,2673,2338,2435,2462,2276,2399,2541,2503,2491,2486,2495,2471,2391,2460,2631,2935,2780,2471,2255,2380,2357,2364,2573,2611,2538,2501,2494,2296,2367,2368,2749,3059,2823,2507,2418,2441,2346,2333,2505,2566,2570,2360,2361,2216,2373,2296,2812,2984,2822,2412,2390,2459,2397,2214,2270,2330,2296,2290,2271,2348,2306,2324,2663,3049,2865,2334,2424,2401,2233,2130,2387,2438,2349,2285,2291,2411,2352,2258,2824,2969,2764,2322,2403,2383,2306,2281,2406,2500,2448,2414,2474,2454,2439,2166,2811,2779,2568,2280,2384,2276,2331,2212,2385,2447,2491,2334,2393,2307,2168,2251,2616,2728,2577,2310,2316,2196,2284,2340,2384,2399,2515,2377,2382,2445,2289,2374,2508,2601,2458,2207,2284,2406,2312,2339,2404,2378,2448,2397,2401,2341,2287,2314,2474,2641,2505,2370,2265,2298,2330,2250,2181,2513,2441,2384,2393,2327,2282,2345,2566,2547,2577,2424,2324,2268,2227,2252,2355,2554,2420,2345,2298,2141,2290,2353,2482,2686,2458,2288,2265,2250,2060,2317,2513,2407,2447,2331,2329,2298,2284,2353,2427,2881,2721,2345,2268,2357,2208,2255,2437,2477,2309,2273,2262,2434,2233,2274,2682,2824,2666,2338,2234,2335,2123,2415,2529,2419,2377,2326,2336,2373,2362,2179,2700,2829,2562,2096,2306,2413,2416,2457,2467,2454,2415,2297,2353,2420,2461,2243,2655,2697,2567,2176,2362,2516,2383,2337,2149,2428,2455,2156,2188,2460,2501,2361,2490,2610,2522,2367,2172,2336,2351,2353,2212,2428,2460,2291,2354,2405,2349,2387,2374,2610,2327,2255,2252,2343,2277,2410,2243,2219,2257,2309,2307,2168,2114,2402,2555,2689,2312,2316,2291,2408,2290,2430,2297,2255,2369,2369,2158,2345,2296,2400,2520,2609,2403,2236,2267,2423,2311,2418,2398,2330,2462,2436,2385,2254,2256,2250,2460,2681,2542,2284,2151,2327,2256,2340,2393,2387,2511,2497,2401,2267,2320,2319,2506,2696,2478,2270,2290,2418,2339,2339,2347,2448,2420,2397,2288,2390,2327,2297,2507,2631,2499,2353,2391,2436,2364,2374,2427,2435,2290,2325,2323,2415,2341,2386,2460,3335,3115,2332,2289,2306,2405,2438,2389,2266,2280,2309,2311,2334,2200,2358,3122,3863,3646,2572,2307,2399,2297,2310,2415,2596,2531,2441,2432,2403,2441,2621,3646,4160,3940,2934,2333,2481,2643,2743,3039,3069,2791,2619,2554,2410,2633,2991,3948,4201,3979,3033,2440,2711,2943,2928,3182,3171,2925,2631,2520,2539,2812,3037,3993,4111,3892,2853,2342,2605,2855,2813,3041,2884,2849,2446,2372,2488,2839,2950,3887,4110,3889,2732,2549,2552,2615,2591,2641,2764,2743,2490,2570,2464,2600,2770,3892,3790,3572,2513,2554,2523,2560,2320,2486,2662,2616,2524,2681,2628,2472,2544,3575,3285,3059,2419,2536,2348,2459,2262,2296,2506,2456,2415,2511,2495,2430,2379,3027,3138,2919,2531,2513,2243,2233,2367,2387,2436,2474,2453,2338,2349,2419,2294,2908,2780,2598,2389,2369,2334,2269,2368,2328,2394,2457,2332,2304,2398,2422,2321,2648,2798,2602,2456,2280,2379,2376,2326,2357,2504,2552,2430,2385,2400,2234,2328,2618,2816,2632,2347,2354,2328,2414,2323,2349,2465,2541,2401,2436,2407,2104,2254,2612,2716,2591,2338,2338,2380,2383,2389,2257,2280,2423,2358,2380,2421,2216,2323,2581,2811,2702,2391,2370,2342,2392,2345,2392,2276,2329,2365,2290,2406,2262,2241,2577,2970,2763,2458,2419,2410,2293,2346,2262,2349,2288,2303,2320,2279,2439,2333,2727,3041,2831,2440,2505,2571,2534,2393,2341,2639,2623,2344,2489,2420,2441,2497,2810,2951,2747,2656,2582,2649,2504,2653,2731,2747,2777,2451,2401,2467,2439,2614,2673,2980,2766,2663,2440,2506,2523,2581,2756,2724,2452,2522,2401,2384,2234,2535,2771,3416,3184,2479,2371,2244,2369,2403,2537,2570,2436,2430,2303,2314,2300,2292,3193,3365,3128,2268,2253,2247,2335,2329,2453,2466,2443,2361,2322,2339,2202,2339,3159,3183,2900,2329,2307,2430,2373,2427,2557,2601,2585,2489,2463,2433,2384,2427,2975,2886,2828,2624,2512,2533,2411,2457,2724,2832,2664,2563,2577,2356,2343,2350,2702,2820,2719,2705,2600,2503,2308,2487,2783,2801,2572,2620,2482,2251,2301,2402,2676,2944,2865,2651,2510,2352,2370,2433,2629,2575,2532,2549,2422,2430,2365,2336,2725,2986,2824,2537,2397,2299,2287,2356,2369,2530,2512,2375,2418,2464,2412,2338,2748,2866,2752,2509,2443,2304,2353,2309,2464,2455,2531,2427,2441,2410,2340,2302,2514,2800,2626,2438,2360,2465,2412,2394,2607,2635,2448,2375,2489,2337,2383,2354,2540,2791,2593,2470,2477,2480,2416,2469,2764,2853,2679,2533,2461,2410,2427,2430,2574,2816,2706,2350,2343,2310,2316,2436,2771,2893,2727,2421,2510,2481,2380,2454,2719,2916,2648,2381,2367,2327,2201,2305,2475,2707,2635,2350,2434,2390,2396,2435,2742,2771,2562,2245,2359,2385,2237,2353,2336,2438,2432,2362,2337,2370,2372,2455,2676,2685,2492,2147,2264,2382,2349,2353,2378,2315,2383,2327,2277,2238,2265,2359,2563,2690,2540,2310,2340,2320,2330,2287,2216,2286,2290,2311,2376,2275,2082,2257,2536,2676,2553,2367,2364,2372,2397,2359,2317,2373,2294,2225,2294,2258,2045,2189,2516,2731,2377,2293,2209,2311,2339,2417,2354,2381,2378,2409,2223,2392,2313,2305,2600,2920,2700,2148,2194,2063,2169,2334,2364,2284,2377,2364,2405,2347,2300,2183,2672,3129,2924,2402,2284,2234,2141,2205,2318,2372,2312,2266,2258,2282,2277,2400,2919,3006,2786,2357,2444,2346,2347,2347,2189,2178,2238,2397,2397,2315,2411,2350,2776,3020,2791,2225,2347,2445,2356,2272,2199,2290,2311,2403,2268,2342,2371,2386,2811,3054,2841,2285,2417,2383,2442,2345,2325,2380,2207,2294,2254,2415,2456,2313,2796,2903,2743,2447,2479,2472,2429,2386,2371,2318,2374,2428,2395,2480,2511,2347,2564,2772,2587,2414,2409,2466,2355,2356,2380,2276,2418,2487,2385,2385,2350,2417,2637,2867,2707,2271,2338,2318,2320,2324,2335,2313,2411,2371,2360,2321,2330,2390,2664,2775,2685,2427,2258,2296,2267,2194,2214,2390,2384,2265,2332,2418,2344,2361,2505,3121,2890,2378,2342,2453,2302,2209,2314,2413,2302,2426,2324,2401,2300,2355,2902,3561,3327,2248,2238,2414,2379,2338,2308,2352,2240,2339,2420,2360,2467,2355,3342,3602,3368,2214,2349,2395,2442,2362,2260,2326,2117,2304,2354,2337,2432,2241,3380,3356,3103,2257,2310,2208,2287,2192,2471,2476,2347,2344,2355,2384,2383,2222,3150,3108,2847,2201,2249,2282,2352,2384,2382,2482,2311,2340,2303,2392,2398,2470,2874,3120,2935,2334,2318,2311,2395,2404,2332,2453,2279,2328,2329,2358,2365,2493,2881,3473,3259,2484,2324,2255,2357,2396,2464,2529,2419,2270,2339,2292,2390,2431,3258,3862,3646,2606,2413,2179,2299,2417,2632,2961,2904,2456,2331,2336,2458,2543,3633,4042,3826,2815,2408,2330,2410,2538,2904,3129,3114,2637,2374,2364,2538,2580,3821,3950,3731,2734,2353,2194,2326,2453,2826,2968,2927,2492,2384,2346,2390,2548,3725,3619,3400,2482,2257,2252,2150,2269,2542,2592,2472,2318,2282,2263,2336,2320,3397,3119,2906,2260,2193,2260,2262,2181,2306,2269,2251,2301,2282,2253,2315,2213,2915,3340,3117,2241,2229,2352,2051,2150,2262,2351,2242,2322,2245,2310,2185,2147,3111,3486,3255,2143,2295,2264,2219,2230,2230,2330,2170,2218,2214,2243,2214,2220,3265,3314,3087,2233,2300,2256,2188,2319,2223,2381,2112,2172,2159,2144,2163,2215,3089,3062,2859,2195,2217,2092,2049,2190,2283,2329,2162,2117,2134,1871,2205,2247,2824,2857,2624,2013,2000,2058,2075,2078,2100,2142,2156,2050,1887,2022,2180,2175,2598,2619,2377,2028,1916,1985,2107,2115,2022,1878,2028,1940,2065,2076,2092,2121,2365,2271,2068,1953,2070,2104,2159,2141,2024,2081,2052,2029,2029,2110,2129,1884,2166,2232,2169,2092,2106,2108,2159,2083,1937,2005,2016,1971,1974,1933,2040,2051,2069,2288,2104,2027,2123,2119,2066,1927,1964,1980,1780,2003,2131,2011,1782,1949,2130
,,,,,,,,,,,,,,,,,,,,,,,,,,,,,,,,,,,,,,,,,,,,,,,,,,,,,,,,,,,,,,,,,,,,,,,,,,,,,,,,,,,,,,,,,,,,,,,,,,,,,,,,,,,,,,,,,,,,,,,,,,,,,,,,,,,,,,,,,,,,,,,,,,,,,,,,,,,,,,,,,,,,,,,,,,,,,,,,,,,,,,,,,,,,,,,,,,,,,,,,,,,,,,,,,,,,,,,,,,,,,,,,,,,,,,,,,,,,,,,,,,,,,,,,,,,,,,,,,,,,,,,,,,,,,,,,,,,,,,,,,,,,,,,,,,,,,,,,,,,,,,,,,,,,,,,,,,,,,,,,,,,,,,,,,,,,,,,,,,,,,,,,,,,,,,,,,,,,,,,,,,,,,,,,,,,,,,,,,,,,,,,,,,,,,,,,,,,,,,,,,,,,,,,,,,,,,,,,,,,,,,,,,,,,,,,,,,,,,,,,,,,,,,,,,,,,,,,,,,,,,,,,,,,,,,,,,,,,,,,,,,,,,,,,,,,,,,,,,,,,,,,,,,,,,,,,,,,,,,,,,,,,,,,,,,,,,,,,,,,,,,,,,,,,,,,,,,,,,,,,,,,,,,,,,,,,,,,,,,,,,,,,,,,,,,,,,,,,,,,,,,,,,,,,,,,,,,,,,,,,,,,,,,,,,,,,,,,,,,,,,,,,,,,,,,,,,,,,,,,,,,,,,,,,,,,,,,,,,,,,,,,,,,,,,,,,,,,,,,,,,,,,,,,,,,,,,,,,,,,,,,,,,,,,,,,,,,,,,,,,,,,,,,,,,,,,,,,,,,,,,,,,,,,,,,,,,,,,,,,,,,,,,,,,,,,,,,,,,,,,,,,,,,,,,,,,,,,,,,,,,,,,,,,,,,,,,,,,,,,,,,,,,,,,,,,,,,,,,,,,,,,,,,,,,,,,,,,,,,,,,,,,,,,,,,,,,,,,,,,,,,,,,,,,,,,,,,,,,,,,,,,,,,,,,,,,,,,,,,,,,,,,,,,,,,,,,,,,,,,,,,,,,,,,,,,,,,,,,,,,,,,,,,,,,,,,,,,,,,,,,,,,,,,,,,,,,,,,,,,,,,,,,,,,,,,,,,,,,,,,,,,,,,,,,,,,,,,,,,,,,,,,,,,,,,,,,,,,,,,,,,,,,,,,,,,,,,,,,,,,,,,,,,,,,,,,,,,,,,,,,,,,,,,,,,,,,,,,,,,,,,,,,,,,,,,,,,,,,,,,,,,,,,,,,,,,,,,,,,,,,,,,,,,,,,,,,,,,,,,,,,,,,,,,,,,,,,,,,,,,,,,,,,,,,,,,,,,,,,,,,,,,,,,,,,,,,,,,,,,,,,,,,,,,,,,,,,,,,,,,,,,,,,,,,,,,,,,,,,,,,,,,,,,,,,,,,,,,,,,,,,,,,,,,,,,,,,,,,,,,,,,,,,,,,,,,,,,,,,,,,,,,,,,,,,,,,,,,,,,,,,,,,,,,,,,,,,,,,,,,,,,,,,,,,,,,,,,,,,,,,,,,,,,,,,,,,,,,,,,,,,,,,,,,,,,,,,,,,,,,,,,,,,,,,,,,,,,,,,,,,,,,,,,,,,,,,,,,,,,,,,,,,,,,,,,,,,,,,,,,,,,,,,,,,,,,,,,,,,,,,,,,,,,,,,,,,,,,,,,,,,,,,,,,,,,,,,,,,,,,,,,,,,,,,,,,,,,,,,,,,,,,,,,,,,,,,,,,,,,,,,,,,,,,,,,,,,,,,,,,,,,,,,,,,,,,,,,,,,,,,,,,,,,,,,,,,,,,,,,,,,,,,,,,,,,,,,,,,,,,,,,,,,,,,,,,,,,,,,,,,,,,,,,,,,,,,,,,,,,,,,,,,,,,,,,,,,,,,,,,,,,,,,,,,,,,,,,,,,,,,,,,,,,,,,,,,,,,,,,,,,,,,,,,,,,,,,,,,,,,,,,,,,,,,,,,,,,,,,,,,,,,,,,,,,,,,,,,,,,,,,,,,,,,,,,,,,,,,,,,,,,,,,,,,,,,,,,,,,,,,,,,,,,,,,,,,,,,,,,,,,,,,,,,,,,,,,,,,,,,,,,,,,,,,,,,,,,,,,,,,,,,,,,,,,,,,,,,,,,,,,,,,,,,,,,,,,,,,,,,,,,,,,,,,,,,,,,,,,,,,,,,,,,,,,,,,,,,,,,,,,,,,,,
,,,,,,,,,,,,,,,,,,,,,,,,,,,,,,,,,,,,,,,,,,,,,,,,,,,,,,,,,,,,,,,,,,,,,,,,,,,,,,,,,,,,,,,,,,,,,,,,,,,,,,,,,,,,,,,,,,,,,,,,,,,,,,,,,,,,,,,,,,,,,,,,,,,,,,,,,,,,,,,,,,,,,,,,,,,,,,,,,,,,,,,,,,,,,,,,,,,,,,,,,,,,,,,,,,,,,,,,,,,,,,,,,,,,,,,,,,,,,,,,,,,,,,,,,,,,,,,,,,,,,,,,,,,,,,,,,,,,,,,,,,,,,,,,,,,,,,,,,,,,,,,,,,,,,,,,,,,,,,,,,,,,,,,,,,,,,,,,,,,,,,,,,,,,,,,,,,,,,,,,,,,,,,,,,,,,,,,,,,,,,,,,,,,,,,,,,,,,,,,,,,,,,,,,,,,,,,,,,,,,,,,,,,,,,,,,,,,,,,,,,,,,,,,,,,,,,,,,,,,,,,,,,,,,,,,,,,,,,,,,,,,,,,,,,,,,,,,,,,,,,,,,,,,,,,,,,,,,,,,,,,,,,,,,,,,,,,,,,,,,,,,,,,,,,,,,,,,,,,,,,,,,,,,,,,,,,,,,,,,,,,,,,,,,,,,,,,,,,,,,,,,,,,,,,,,,,,,,,,,,,,,,,,,,,,,,,,,,,,,,,,,,,,,,,,,,,,,,,,,,,,,,,,,,,,,,,,,,,,,,,,,,,,,,,,,,,,,,,,,,,,,,,,,,,,,,,,,,,,,,,,,,,,,,,,,,,,,,,,,,,,,,,,,,,,,,,,,,,,,,,,,,,,,,,,,,,,,,,,,,,,,,,,,,,,,,,,,,,,,,,,,,,,,,,,,,,,,,,,,,,,,,,,,,,,,,,,,,,,,,,,,,,,,,,,,,,,,,,,,,,,,,,,,,,,,,,,,,,,,,,,,,,,,,,,,,,,,,,,,,,,,,,,,,,,,,,,,,,,,,,,,,,,,,,,,,,,,,,,,,,,,,,,,,,,,,,,,,,,,,,,,,,,,,,,,,,,,,,,,,,,,,,,,,,,,,,,,,,,,,,,,,,,,,,,,,,,,,,,,,,,,,,,,,,,,,,,,,,,,,,,,,,,,,,,,,,,,,,,,,,,,,,,,,,,,,,,,,,,,,,,,,,,,,,,,,,,,,,,,,,,,,,,,,,,,,,,,,,,,,,,,,,,,,,,,,,,,,,,,,,,,,,,,,,,,,,,,,,,,,,,,,,,,,,,,,,,,,,,,,,,,,,,,,,,,,,,,,,,,,,,,,,,,,,,,,,,,,,,,,,,,,,,,,,,,,,,,,,,,,,,,,,,,,,,,,,,,,,,,,,,,,,,,,,,,,,,,,,,,,,,,,,,,,,,,,,,,,,,,,,,,,,,,,,,,,,,,,,,,,,,,,,,,,,,,,,,,,,,,,,,,,,,,,,,,,,,,,,,,,,,,,,,,,,,,,,,,,,,,,,,,,,,,,,,,,,,,,,,,,,,,,,,,,,,,,,,,,,,,,,,,,,,,,,,,,,,,,,,,,,,,,,,,,,,,,,,,,,,,,,,,,,,,,,,,,,,,,,,,,,,,,,,,,,,,,,,,,,,,,,,,,,,,,,,,,,,,,,,,,,,,,,,,,,,,,,,,,,,,,,,,,,,,,,,,,,,,,,,,,,,,,,,,,,,,,,,,,,,,,,,,,,,,,,,,,,,,,,,,,,,,,,,,,,,,,,,,,,,,,,,,,,,,,,,,,,,,,,,,,,,,,,,,,,,,,,,,,,,,,,,,,,,,,,,,,,,,,,,,,,,,,,,,,,,,,,,,,,,,,,,,,,,,,,,,,,,,,,,,,,,,,,,,,,,,,,,,,,,,,,,,,,,,,,,,,,,,,,,,,,,,,,,,,,,,,,,,,,,,,,,,,,,,,,,,,,,,,,,,,,,,,,,,,,,,,,,,,,,,,,,,,,,,,,,,,,,,,,,,,,,,,,,,,,,,,,,,,,,,,,,,,,,,,,,,,,,,,,,,,,,,,,,,,,,,,,,,,,,,,,,,,,,,,,,,,,,,,,,,,,,,,,,,,,,,,,,,,,,,,,,,,,,,,,,,,,,,,,,,,,,,,,,,,,,,,,,,,,,,,,,,,,,,,,,,,,,,,,,,,,,,,,,,,,,,,,,,,,,,,,,,,,,,,,,,,,,,,,,,,,,,,,,,
,,,,,,,,,,,,,,,,,,,,,,,,,,,,,,,,,,,,,,,,,,,,,,,,,,,,,,,,,,,,,,,,,,,,,,,,,,,,,,,,,,,,,,,,,,,,,,,,,,,,,,,,,,,,,,,,,,,,,,,,,,,,,,,,,,,,,,,,,,,,,,,,,,,,,,,,,,,,,,,,,,,,,,,,,,,,,,,,,,,,,,,,,,,,,,,,,,,,,,,,,,,,,,,,,,,,,,,,,,,,,,,,,,,,,,,,,,,,,,,,,,,,,,,,,,,,,,,,,,,,,,,,,,,,,,,,,,,,,,,,,,,,,,,,,,,,,,,,,,,,,,,,,,,,,,,,,,,,,,,,,,,,,,,,,,,,,,,,,,,,,,,,,,,,,,,,,,,,,,,,,,,,,,,,,,,,,,,,,,,,,,,,,,,,,,,,,,,,,,,,,,,,,,,,,,,,,,,,,,,,,,,,,,,,,,,,,,,,,,,,,,,,,,,,,,,,,,,,,,,,,,,,,,,,,,,,,,,,,,,,,,,,,,,,,,,,,,,,,,,,,,,,,,,,,,,,,,,,,,,,,,,,,,,,,,,,,,,,,,,,,,,,,,,,,,,,,,,,,,,,,,,,,,,,,,,,,,,,,,,,,,,,,,,,,,,,,,,,,,,,,,,,,,,,,,,,,,,,,,,,,,,,,,,,,,,,,,,,,,,,,,,,,,,,,,,,,,,,,,,,,,,,,,,,,,,,,,,,,,,,,,,,,,,,,,,,,,,,,,,,,,,,,,,,,,,,,,,,,,,,,,,,,,,,,,,,,,,,,,,,,,,,,,,,,,,,,,,,,,,,,,,,,,,,,,,,,,,,,,,,,,,,,,,,,,,,,,,,,,,,,,,,,,,,,,,,,,,,,,,,,,,,,,,,,,,,,,,,,,,,,,,,,,,,,,,,,,,,,,,,,,,,,,,,,,,,,,,,,,,,,,,,,,,,,,,,,,,,,,,,,,,,,,,,,,,,,,,,,,,,,,,,,,,,,,,,,,,,,,,,,,,,,,,,,,,,,,,,,,,,,,,,,,,,,,,,,,,,,,,,,,,,,,,,,,,,,,,,,,,,,,,,,,,,,,,,,,,,,,,,,,,,,,,,,,,,,,,,,,,,,,,,,,,,,,,,,,,,,,,,,,,,,,,,,,,,,,,,,,,,,,,,,,,,,,,,,,,,,,,,,,,,,,,,,,,,,,,,,,,,,,,,,,,,,,,,,,,,,,,,,,,,,,,,,,,,,,,,,,,,,,,,,,,,,,,,,,,,,,,,,,,,,,,,,,,,,,,,,,,,,,,,,,,,,,,,,,,,,,,,,,,,,,,,,,,,,,,,,,,,,,,,,,,,,,,,,,,,,,,,,,,,,,,,,,,,,,,,,,,,,,,,,,,,,,,,,,,,,,,,,,,,,,,,,,,,,,,,,,,,,,,,,,,,,,,,,,,,,,,,,,,,,,,,,,,,,,,,,,,,,,,,,,,,,,,,,,,,,,,,,,,,,,,,,,,,,,,,,,,,,,,,,,,,,,,,,,,,,,,,,,,,,,,,,,,,,,,,,,,,,,,,,,,,,,,,,,,,,,,,,,,,,,,,,,,,,,,,,,,,,,,,,,,,,,,,,,,,,,,,,,,,,,,,,,,,,,,,,,,,,,,,,,,,,,,,,,,,,,,,,,,,,,,,,,,,,,,,,,,,,,,,,,,,,,,,,,,,,,,,,,,,,,,,,,,,,,,,,,,,,,,,,,,,,,,,,,,,,,,,,,,,,,,,,,,,,,,,,,,,,,,,,,,,,,,,,,,,,,,,,,,,,,,,,,,,,,,,,,,,,,,,,,,,,,,,,,,,,,,,,,,,,,,,,,,,,,,,,,,,,,,,,,,,,,,,,,,,,,,,,,,,,,,,,,,,,,,,,,,,,,,,,,,,,,,,,,,,,,,,,,,,,,,,,,,,,,,,,,,,,,,,,,,,,,,,,,,,,,,,,,,,,,,,,,,,,,,,,,,,,,,,,,,,,,,,,,,,,,,,,,,,,,,,,,,,,,,,,,,,,,,,,,,,,,,,,,,,,,,,,,,,,,,,,,,,,,,,,,,,,,,,,,,,,,,,,,,,,,,,,,,,,,,,,,,,,,,,,,,,,,,,,,,,,,,,,,,,,,,,,,,,,,,,,,,,,,,,,,,,,,,,,,,,,,,,,,,,,,,,,,,,,,,,,,,,,,,,,,,,,,,,,,,
,,,,,,,,,,,,,,,,,,,,,,,,,,,,,,,,,,,,,,,,,,,,,,,,,,,,,,,,,,,,,,,,,,,,,,,,,,,,,,,,,,,,,,,,,,,,,,,,,,,,,,,,,,,,,,,,,,,,,,,,,,,,,,,,,,,,,,,,,,,,,,,,,,,,,,,,,,,,,,,,,,,,,,,,,,,,,,,,,,,,,,,,,,,,,,,,,,,,,,,,,,,,,,,,,,,,,,,,,,,,,,,,,,,,,,,,,,,,,,,,,,,,,,,,,,,,,,,,,,,,,,,,,,,,,,,,,,,,,,,,,,,,,,,,,,,,,,,,,,,,,,,,,,,,,,,,,,,,,,,,,,,,,,,,,,,,,,,,,,,,,,,,,,,,,,,,,,,,,,,,,,,,,,,,,,,,,,,,,,,,,,,,,,,,,,,,,,,,,,,,,,,,,,,,,,,,,,,,,,,,,,,,,,,,,,,,,,,,,,,,,,,,,,,,,,,,,,,,,,,,,,,,,,,,,,,,,,,,,,,,,,,,,,,,,,,,,,,,,,,,,,,,,,,,,,,,,,,,,,,,,,,,,,,,,,,,,,,,,,,,,,,,,,,,,,,,,,,,,,,,,,,,,,,,,,,,,,,,,,,,,,,,,,,,,,,,,,,,,,,,,,,,,,,,,,,,,,,,,,,,,,,,,,,,,,,,,,,,,,,,,,,,,,,,,,,,,,,,,,,,,,,,,,,,,,,,,,,,,,,,,,,,,,,,,,,,,,,,,,,,,,,,,,,,,,,,,,,,,,,,,,,,,,,,,,,,,,,,,,,,,,,,,,,,,,,,,,,,,,,,,,,,,,,,,,,,,,,,,,,,,,,,,,,,,,,,,,,,,,,,,,,,,,,,,,,,,,,,,,,,,,,,,,,,,,,,,,,,,,,,,,,,,,,,,,,,,,,,,,,,,,,,,,,,,,,,,,,,,,,,,,,,,,,,,,,,,,,,,,,,,,,,,,,,,,,,,,,,,,,,,,,,,,,,,,,,,,,,,,,,,,,,,,,,,,,,,,,,,,,,,,,,,,,,,,,,,,,,,,,,,,,,,,,,,,,,,,,,,,,,,,,,,,,,,,,,,,,,,,,,,,,,,,,,,,,,,,,,,,,,,,,,,,,,,,,,,,,,,,,,,,,,,,,,,,,,,,,,,,,,,,,,,,,,,,,,,,,,,,,,,,,,,,,,,,,,,,,,,,,,,,,,,,,,,,,,,,,,,,,,,,,,,,,,,,,,,,,,,,,,,,,,,,,,,,,,,,,,,,,,,,,,,,,,,,,,,,,,,,,,,,,,,,,,,,,,,,,,,,,,,,,,,,,,,,,,,,,,,,,,,,,,,,,,,,,,,,,,,,,,,,,,,,,,,,,,,,,,,,,,,,,,,,,,,,,,,,,,,,,,,,,,,,,,,,,,,,,,,,,,,,,,,,,,,,,,,,,,,,,,,,,,,,,,,,,,,,,,,,,,,,,,,,,,,,,,,,,,,,,,,,,,,,,,,,,,,,,,,,,,,,,,,,,,,,,,,,,,,,,,,,,,,,,,,,,,,,,,,,,,,,,,,,,,,,,,,,,,,,,,,,,,,,,,,,,,,,,,,,,,,,,,,,,,,,,,,,,,,,,,,,,,,,,,,,,,,,,,,,,,,,,,,,,,,,,,,,,,,,,,,,,,,,,,,,,,,,,,,,,,,,,,,,,,,,,,,,,,,,,,,,,,,,,,,,,,,,,,,,,,,,,,,,,,,,,,,,,,,,,,,,,,,,,,,,,,,,,,,,,,,,,,,,,,,,,,,,,,,,,,,,,,,,,,,,,,,,,,,,,,,,,,,,,,,,,,,,,,,,,,,,,,,,,,,,,,,,,,,,,,,,,,,,,,,,,,,,,,,,,,,,,,,,,,,,,,,,,,,,,,,,,,,,,,,,,,,,,,,,,,,,,,,,,,,,,,,,,,,,,,,,,,,,,,,,,,,,,,,,,,,,,,,,,,,,,,,,,,,,,,,,,,,,,,,,,,,,,,,,,,,,,,,,,,,,,,,,,,,,,,,,,,,,,,,,,,,,,,,,,,,,,,,,,,,,,,,,,,,,,,,,,,,,,,,,,,,,,,,,,,,,,,,,,,,,,,,,,,,,,,,,,,,,,,,,,,,,,,,,,,,,,,,,,,,,,,,,,,,,,,,,,,,,,,,,,,,,,,,,,,,,,,,,,,,,,,,,,,,,,,,,,,,,,
,,,,,,,,,,,,,,,,,,,,,,,,,,,,,,,,,,,,,,,,,,,,,,,,,,,,,,,,,,,,,,,,,,,,,,,,,,,,,,,,,,,,,,,,,,,,,,,,,,,,,,,,,,,,,,,,,,,,,,,,,,,,,,,,,,,,,,,,,,,,,,,,,,,,,,,,,,,,,,,,,,,,,,,,,,,,,,,,,,,,,,,,,,,,,,,,,,,,,,,,,,,,,,,,,,,,,,,,,,,,,,,,,,,,,,,,,,,,,,,,,,,,,,,,,,,,,,,,,,,,,,,,,,,,,,,,,,,,,,,,,,,,,,,,,,,,,,,,,,,,,,,,,,,,,,,,,,,,,,,,,,,,,,,,,,,,,,,,,,,,,,,,,,,,,,,,,,,,,,,,,,,,,,,,,,,,,,,,,,,,,,,,,,,,,,,,,,,,,,,,,,,,,,,,,,,,,,,,,,,,,,,,,,,,,,,,,,,,,,,,,,,,,,,,,,,,,,,,,,,,,,,,,,,,,,,,,,,,,,,,,,,,,,,,,,,,,,,,,,,,,,,,,,,,,,,,,,,,,,,,,,,,,,,,,,,,,,,,,,,,,,,,,,,,,,,,,,,,,,,,,,,,,,,,,,,,,,,,,,,,,,,,,,,,,,,,,,,,,,,,,,,,,,,,,,,,,,,,,,,,,,,,,,,,,,,,,,,,,,,,,,,,,,,,,,,,,,,,,,,,,,,,,,,,,,,,,,,,,,,,,,,,,,,,,,,,,,,,,,,,,,,,,,,,,,,,,,,,,,,,,,,,,,,,,,,,,,,,,,,,,,,,,,,,,,,,,,,,,,,,,,,,,,,,,,,,,,,,,,,,,,,,,,,,,,,,,,,,,,,,,,,,,,,,,,,,,,,,,,,,,,,,,,,,,,,,,,,,,,,,,,,,,,,,,,,,,,,,,,,,,,,,,,,,,,,,,,,,,,,,,,,,,,,,,,,,,,,,,,,,,,,,,,,,,,,,,,,,,,,,,,,,,,,,,,,,,,,,,,,,,,,,,,,,,,,,,,,,,,,,,,,,,,,,,,,,,,,,,,,,,,,,,,,,,,,,,,,,,,,,,,,,,,,,,,,,,,,,,,,,,,,,,,,,,,,,,,,,,,,,,,,,,,,,,,,,,,,,,,,,,,,,,,,,,,,,,,,,,,,,,,,,,,,,,,,,,,,,,,,,,,,,,,,,,,,,,,,,,,,,,,,,,,,,,,,,,,,,,,,,,,,,,,,,,,,,,,,,,,,,,,,,,,,,,,,,,,,,,,,,,,,,,,,,,,,,,,,,,,,,,,,,,,,,,,,,,,,,,,,,,,,,,,,,,,,,,,,,,,,,,,,,,,,,,,,,,,,,,,,,,,,,,,,,,,,,,,,,,,,,,,,,,,,,,,,,,,,,,,,,,,,,,,,,,,,,,,,,,,,,,,,,,,,,,,,,,,,,,,,,,,,,,,,,,,,,,,,,,,,,,,,,,,,,,,,,,,,,,,,,,,,,,,,,,,,,,,,,,,,,,,,,,,,,,,,,,,,,,,,,,,,,,,,,,,,,,,,,,,,,,,,,,,,,,,,,,,,,,,,,,,,,,,,,,,,,,,,,,,,,,,,,,,,,,,,,,,,,,,,,,,,,,,,,,,,,,,,,,,,,,,,,,,,,,,,,,,,,,,,,,,,,,,,,,,,,,,,,,,,,,,,,,,,,,,,,,,,,,,,,,,,,,,,,,,,,,,,,,,,,,,,,,,,,,,,,,,,,,,,,,,,,,,,,,,,,,,,,,,,,,,,,,,,,,,,,,,,,,,,,,,,,,,,,,,,,,,,,,,,,,,,,,,,,,,,,,,,,,,,,,,,,,,,,,,,,,,,,,,,,,,,,,,,,,,,,,,,,,,,,,,,,,,,,,,,,,,,,,,,,,,,,,,,,,,,,,,,,,,,,,,,,,,,,,,,,,,,,,,,,,,,,,,,,,,,,,,,,,,,,,,,,,,,,,,,,,,,,,,,,,,,,,,,,,,,,,,,,,,,,,,,,,,,,,,,,,,,,,,,,,,,,,,,,,,,,,,,,,,,,,,,,,,,,,,,,,,,,,,,,,,,,,,,,,,,,,,,,,,,,,,,,,,,,,,,,,,,,,,,,,,,,,,,,,,,,,,,,,,,,,,,,,,,,,,,,,,,,,,,,,,,,,,,,,,,,,,,,,,,,,,,,,,,,,,,,,,,,,,,,,,,,,,,
3372,3273,2403,2431,2314,2325,2325,2405,2197,2405,2325,2325,2314,2431,2403,3273,3713,3470,2470,2502,2421,2327,2383,2256,2326,2452,2440,2358,2224,2326,2469,3497,4069,3847,2695,2486,2451,2308,2274,2295,2339,2448,2418,2218,2248,2478,2728,3848,4203,3982,2857,2452,2520,2246,2150,2202,2272,2320,2250,2368,2377,2492,2841,3980,4008,3787,2621,2394,2424,2297,2304,2263,2250,2216,2304,2299,2391,2427,2641,3786,3730,3520,2531,2303,2375,2174,2268,2214,2194,2296,2225,2323,2419,2439,2331,3495,3499,3261,2428,2358,2323,2308,2326,2233,2007,2193,2329,2248,2297,2399,2370,3278,3817,3590,2468,2335,2398,2381,2444,2376,2195,2279,2308,2224,2143,2342,2351,3591,4003,3778,2635,2272,2236,2350,2358,2165,2232,2353,2395,2316,2251,2482,2492,3777,3876,3657,2510,2375,2251,2368,2198,2342,2320,2298,2319,2131,2310,2353,2499,3653,3476,3236,2131,2357,2318,2317,2213,2365,2355,2374,2437,2191,2307,2324,2333,3271,3129,2913,2296,2366,2471,2454,2275,2249,2255,2285,2346,2401,2133,2166,2226,2896,3069,2848,2821,2664,2532,2594,2606,2416,2054,2360,2553,2656,2396,2404,2619,2839,4031,3947,3814,3427,3442,3561,3508,3351,3349,3753,3783,3593,3305,3226,3236,3838,4519,4409,4130,3856,3980,4115,4103,3936,3785,4191,4191,3902,3580,3803,4012,4266,4593,4449,3991,4016,4091,4256,4284,4091,3788,4195,4169,3728,3537,4027,4170,4286,4280,4047,3824,3896,3879,4098,4166,4021,3701,3797,3685,3490,3489,3819,3921,3845,4517,4275,3472,3594,3456,3744,3828,3766,3493,3605,3526,3434,3295,3250,3495,4297,4607,4383,3325,3372,3014,3308,3414,3378,3220,3232,3148,3059,3003,3120,3381,4384,4799,4581,3492,3073,2857,2965,3013,3009,3106,3118,3013,2857,2973,3090,3377,4574,4696,4477,3406,3035,2706,2753,2718,2771,2750,2662,2762,2626,2880,3048,3219,4467,4255,4033,2951,2789,2539,2726,2765,2740,2805,2796,2773,2620,2803,2880,2938,4031,3756,3517,2776,2577,2600,2801,2768,2919,2844,2786,2803,2755,2570,2627,2743,3545,3542,3309,2481,2571,2634,2629,2785,2770,2677,2597,2503,2666,2410,2375,2614,3323,3449,3212,2533,2594,2659,2692,2680,2631,2560,2557,2552,2463,2510,2505,2443,3233,3639,3412,2511,2554,2557,2610,2557,2563,2484,2585,2583,2499,2575,2484,2530,3421,3645,3419,2709,2610,2507,2442,2558,2585,2470,2484,2545,2512,2658,2561,2568,3425,3218,2997,3029,2778,2820,2641,2681,2706,2634,2623,2837,2848,2906,2873,2837,3050,3015,2843,3059,2861,2860,2836,2767,2789,2679,2713,2980,2883,2837,2851,2792,2788,2803,2698,2864,2643,2758,2757,2637,2814,2746,2493,2838,2634,2426,2537,2541,2556,2713,2611,2642,2574,2552,2635,2660,2723,2685,2536,2699,2631,2448,2421,2465,2612,2809,2717,2758,2528,2319,2352,2516,2636,2646,2376,2585,2537,2408,2467,2508,2673,2890,2917,2934,2697,2556,2486,2523,2587,2430,2761,2657,2513,2439,2629,2643,2686,2912,2904,2862,2629,2512,2588,2598,2598,2257,2677,2664,2528,2495,2695,2690,2673,2919,2814,2616,2524,2393,2432,2401,2519,2542,2542,2418,2415,2509,2457,2459,2709,3163,2923,2480,2542,2430,2318,2354,2513,2705,2607,2284,2375,2444,2328,2348,2951,3407,3174,2511,2465,2384,2416,2425,2491,2718,2526,2456,2402,2418,2267,2321,3178,3452,3226,2468,2441,2423,2362,2377,2432,2558,2539,2415,2321,2345,2308,2447,3218,3187,2965,2434,2438,2427,2447,2343,2551,2508,2525,2440,2431,2316,2456,2506,2944,3149,2924,2472,2510,2524,2434,2437,2394,2470,2393,2464,2408,2295,2424,2450,2937,2930,2587,2401,2494,2524,2424,2397,2446,2442,2345,2391,2416,2277,2330,2447,2808,2901,2686,2471,2289,2230,2149,2429,2558,2498,2233,2310,2427,2418,2405,2263,2650,3021,2861,2460,2443,2287,2312,2211,2334,2421,2452,2422,2276,2424,2507,2320,2782,2984,2788,2369,2432,2392,2303,2193,2311,2474,2442,2449,2384,2243,2407,2364,2764,2914,2714,2276,2330,2285,2226,2272,2492,2439,2273,2272,2501,2448,2334,2126,2691,2946,2752,2158,2231,2177,2227,2438,2437,2433,2331,2349,2472,2489,2156,2290,2741,2801,2665,2365,2228,2203,2231,2278,2422,2476,2430,2407,2406,2409,2258,2239,2526,2715,2510,2305,2306,2221,2388,2236,2295,2418,2398,2378,2349,2369,2387,2200,2515,2650,2608,2282,2285,2297,2378,2306,2320,2445,2523,2369,2180,2347,2363,2311,2435,2794,2656,2329,2307,2450,2345,2370,2516,2563,2460,2535,2449,2369,2213,2406,2557,2767,2577,1940,2335,2489,2466,2396,2530,2551,2479,2432,2457,2412,2121,2389,2634,2719,2530,2329,2441,2310,2360,2391,2502,2370,2329,2137,2299,2366,2230,2417,2610,2949,2734,2429,2474,2444,2397,2495,2468,2432,2437,2374,2348,2373,2390,2515,2734,2875,2719,2467,2422,2341,2415,2470,2477,2097,2380,2414,2315,2222,2344,2508,2715,2815,2621,2306,2389,2298,2400,2497,2465,2246,2256,2347,2329,2318,2199,2356,2653,2790,2531,2266,2434,2248,2352,2437,2378,2327,2440,2410,2201,2281,2319,2381,2556,2721,2594,2291,2346,2369,2204,2234,2136,2266,2414,2435,2051,2332,2433,2382,2490,2694,2505,2343,2292,2427,2289,2174,2142,2358,2461,2340,2184,2143,2246,2413,2558,2760,2635,2417,2336,2274,2206,2257,2368,2389,2338,2306,2301,2303,2350,2361,2463,2732,2517,2383,2356,2351,2284,2382,2438,2403,2265,2397,2400,2210,2467,2377,2564,2667,2533,2330,2359,2308,2307,2293,2354,2317,2386,2414,2290,2406,2408,2369,2550,2637,2479,2251,2203,2336,2427,2396,2407,2397,2407,2481,2390,2385,2478,2467,2432,2665,2500,2301,2241,2341,2355,2427,2317,2396,2428,2485,2369,2430,2555,2474,2517,3342,3143,2461,2354,2442,2396,2458,2355,2284,2363,2399,2269,2329,2452,2368,3099,3858,3647,2651,2514,2366,2368,2407,2439,2548,2573,2514,2435,2447,2373,2558,3624,4146,3922,2847,2725,2590,2697,2713,2670,2935,2886,2683,2484,2437,2536,2724,3907,4188,3967,2902,2628,2625,2814,2856,2926,3155,3063,2736,2717,2438,2750,2773,3951,4095,3860,2743,2336,2458,2498,2680,2866,3046,2988,2702,2645,2618,2737,2740,3878,4097,3870,2712,2638,2365,2391,2535,2682,2819,2699,2461,2603,2576,2473,2786,3878,3778,3564,2447,2520,2512,2391,2374,2466,2530,2282,2156,2514,2556,2476,2588,3551,3294,3085,2399,2418,2371,2321,2355,2484,2598,2515,2388,2402,2522,2400,2412,3063,3131,2846,2306,2285,2226,2319,2375,2437,2371,2314,2441,2345,2464,2374,2342,2909,2816,2696,2360,2308,2250,2131,2396,2406,2285,2324,2453,2457,2472,2389,2271,2547,2800,2735,2430,2437,2460,2363,2355,2352,2455,2467,2381,2435,2484,2422,2234,2646,2866,2651,2431,2461,2447,2390,2354,2282,2423,2362,2371,2343,2327,2219,2165,2605,2721,2531,2298,2409,2437,2326,2254,2298,2484,2308,2314,2164,2316,2282,2373,2617,2743,2534,2335,2374,2325,2315,2205,2341,2434,2428,2254,2235,2171,2376,2415,2572,2932,2739,2312,2415,2217,2233,2140,2155,2224,2338,2225,2232,2283,2408,2342,2716,2921,2764,2600,2559,2275,2425,2423,2575,2593,2488,2412,2354,2469,2622,2442,2649,2909,2785,2586,2540,2357,2484,2488,2747,2775,2679,2538,2414,2599,2692,2588,2608,3103,2978,2512,2339,2532,2515,2420,2727,2701,2351,2448,2361,2572,2589,2544,2767,3438,3236,2533,2268,2510,2403,2369,2554,2509,2357,2460,2422,2419,2494,2433,3210,3396,3174,2495,2249,2319,2301,2324,2457,2423,2355,2407,2412,2366,2164,2204,3179,3207,2980,2465,2464,2365,2273,2422,2631,2595,2433,2355,2535,2382,2169,2414,3011,2893,2768,2542,2555,2338,2406,2563,2789,2831,2610,2559,2567,2456,2361,2510,2859,3017,2789,2510,2542,2386,2453,2471,2769,2849,2695,2538,2584,2452,2462,2622,2876,2974,2745,2408,2517,2295,2257,2376,2714,2835,2603,2405,2454,2461,2474,2387,2880,2904,2647,2315,2297,2309,2333,2385,2494,2550,2445,2459,2383,2329,2371,2317,2747,2877,2697,2307,2192,2339,2355,2433,2492,2476,2447,2382,2298,2355,2392,2408,2654,2864,2632,2287,2213,2229,2240,2404,2467,2433,2307,2297,2176,2366,2412,2475,2715,2869,2697,2388,2412,2407,2417,2351,2531,2610,2570,2337,2353,2273,2239,2503,2797,2945,2810,2437,2366,2413,2338,2461,2666,2785,2744,2452,2389,2309,2334,2401,2840,2927,2812,2393,2372,2391,2368,2389,2583,2648,2658,2378,2349,2315,2331,2280,2738,2855,2767,2466,2446,2402,2388,2228,2430,2471,2401,2294,2319,2303,2340,2239,2681,2792,2704,2500,2406,2395,2372,2178,2299,2363,2471,2320,2449,2250,2312,2250,2504,2667,2543,2345,2448,2310,2329,2166,2231,2183,2336,2415,2435,2247,2251,2249,2523,2837,2552,2218,2435,2397,2333,2376,2294,2148,2305,2431,2501,2400,2340,2296,2669,2908,2685,2366,2467,2353,2396,2442,2325,2261,2290,2287,2326,2449,2382,2252,2728,2824,2688,2512,2455,2309,2378,2304,2237,2381,2386,2380,2279,2334,2234,2283,2645,2844,2698,2338,2392,2322,2249,2360,2300,2338,2370,2178,2030,2361,2288,2350,2624,2993,2786,2335,2365,2262,2304,2384,2395,2306,2403,2256,2071,2220,2326,2412,2743,3120,2948,2425,2288,2273,2358,2355,2479,2274,2296,2248,2184,2190,2284,2463,2898,3134,2927,2326,2277,2301,2283,2263,2418,2217,2328,2401,2380,2226,2172,2312,2876,2860,2633,2246,2223,2273,2120,2172,2300,2311,2402,2484,2391,2397,2253,2253,2598,2796,2535,2195,2356,2366,2274,2275,2415,2345,2423,2414,2312,2319,2235,2265,2626,2827,2632,2268,2410,2418,2362,2329,2424,2422,2339,2286,2174,2256,2270,2252,2629,2646,2561,2180,2412,2324,2396,2349,2247,2370,2282,2306,2301,2258,2237,2227,2434,3075,2816,2221,2390,2274,2391,2384,2287,2312,2336,2277,2361,2345,2292,2221,2876,3553,3320,2231,2245,2404,2381,2250,2300,2296,2330,2269,2326,2317,2427,2392,3333,3608,3382,2370,2374,2362,2338,2304,2346,2303,2262,2288,2325,2133,2377,2519,3390,3319,3058,2416,2420,2399,2283,2340,2291,2395,2410,2246,2325,2303,2308,2410,3120,3110,2907,2382,2435,2439,2412,2447,2357,2222,2314,2407,2404,2234,2342,2403,2913,3091,2894,2226,2161,2322,2371,2323,2439,2431,2378,2415,2409,2346,2412,2471,2841,3461,3236,2308,2296,2375,2407,2421,2389,2565,2517,2453,2444,2440,2477,2441,3239,3858,3634,2629,2240,2337,2232,2387,2540,2964,2886,2346,2525,2405,2521,2531,3641,4044,3824,2734,2396,2347,2309,2440,2631,3114,3059,2376,2583,2458,2526,2725,3828,3951,3726,2563,2487,2231,2280,2160,2711,3007,2929,2437,2400,2287,2419,2680,3732,3608,3375,2323,2341,2343,2309,2164,2550,2705,2624,2414,2297,2229,2340,2436,3388,3050,2773,2266,2363,2456,2386,2236,2240,2268,2300,2270,2295,2253,2278,2362,2867,3347,3127,2089,2252,2387,2428,2310,2247,2230,2268,2267,2146,2110,2223,2195,3108,3494,3280,2295,2082,2314,2268,2287,2190,2246,2224,2215,2074,2029,2265,2335,3262,3328,3112,2172,2169,2257,2144,2231,2232,2184,2061,2123,2107,1997,2085,2050,3095,3066,2843,2237,2093,2167,2124,2139,2167,2144,2067,1939,2039,1909,2018,2123,2843,2881,2642,2021,2085,2187,2079,2173,2137,2131,2055,2033,1980,1928,2043,2109,2673,2642,2379,2145,2145,2100,2031,1997,2067,2006,2139,2050,1987,1971,2050,1996,2437,2354,2295,2179,2072,2060,2099,2059,1952,2028,2000,1989,1939,2090,2165,2124,2152,2210,2000,1965,2078,2064,2043,1926,2002,2032,2111,2077,1935,1876,2082,1995,2113,2162,1949,1977,1911,2039,1987,1890,1941,1956,2025,1991,1905,1879,2069,2147,2102
,,,,,,,,,,,,,,,,,,,,,,,,,,,,,,,,,,,,,,,,,,,,,,,,,,,,,,,,,,,,,,,,,,,,,,,,,,,,,,,,,,,,,,,,,,,,,,,,,,,,,,,,,,,,,,,,,,,,,,,,,,,,,,,,,,,,,,,,,,,,,,,,,,,,,,,,,,,,,,,,,,,,,,,,,,,,,,,,,,,,,,,,,,,,,,,,,,,,,,,,,,,,,,,,,,,,,,,,,,,,,,,,,,,,,,,,,,,,,,,,,,,,,,,,,,,,,,,,,,,,,,,,,,,,,,,,,,,,,,,,,,,,,,,,,,,,,,,,,,,,,,,,,,,,,,,,,,,,,,,,,,,,,,,,,,,,,,,,,,,,,,,,,,,,,,,,,,,,,,,,,,,,,,,,,,,,,,,,,,,,,,,,,,,,,,,,,,,,,,,,,,,,,,,,,,,,,,,,,,,,,,,,,,,,,,,,,,,,,,,,,,,,,,,,,,,,,,,,,,,,,,,,,,,,,,,,,,,,,,,,,,,,,,,,,,,,,,,,,,,,,,,,,,,,,,,,,,,,,,,,,,,,,,,,,,,,,,,,,,,,,,,,,,,,,,,,,,,,,,,,,,,,,,,,,,,,,,,,,,,,,,,,,,,,,,,,,,,,,,,,,,,,,,,,,,,,,,,,,,,,,,,,,,,,,,,,,,,,,,,,,,,,,,,,,,,,,,,,,,,,,,,,,,,,,,,,,,,,,,,,,,,,,,,,,,,,,,,,,,,,,,,,,,,,,,,,,,,,,,,,,,,,,,,,,,,,,,,,,,,,,,,,,,,,,,,,,,,,,,,,,,,,,,,,,,,,,,,,,,,,,,,,,,,,,,,,,,,,,,,,,,,,,,,,,,,,,,,,,,,,,,,,,,,,,,,,,,,,,,,,,,,,,,,,,,,,,,,,,,,,,,,,,,,,,,,,,,,,,,,,,,,,,,,,,,,,,,,,,,,,,,,,,,,,,,,,,,,,,,,,,,,,,,,,,,,,,,,,,,,,,,,,,,,,,,,,,,,,,,,,,,,,,,,,,,,,,,,,,,,,,,,,,,,,,,,,,,,,,,,,,,,,,,,,,,,,,,,,,,,,,,,,,,,,,,,,,,,,,,,,,,,,,,,,,,,,,,,,,,,,,,,,,,,,,,,,,,,,,,,,,,,,,,,,,,,,,,,,,,,,,,,,,,,,,,,,,,,,,,,,,,,,,,,,,,,,,,,,,,,,,,,,,,,,,,,,,,,,,,,,,,,,,,,,,,,,,,,,,,,,,,,,,,,,,,,,,,,,,,,,,,,,,,,,,,,,,,,,,,,,,,,,,,,,,,,,,,,,,,,,,,,,,,,,,,,,,,,,,,,,,,,,,,,,,,,,,,,,,,,,,,,,,,,,,,,,,,,,,,,,,,,,,,,,,,,,,,,,,,,,,,,,,,,,,,,,,,,,,,,,,,,,,,,,,,,,,,,,,,,,,,,,,,,,,,,,,,,,,,,,,,,,,,,,,,,,,,,,,,,,,,,,,,,,,,,,,,,,,,,,,,,,,,,,,,,,,,,,,,,,,,,,,,,,,,,,,,,,,,,,,,,,,,,,,,,,,,,,,,,,,,,,,,,,,,,,,,,,,,,,,,,,,,,,,,,,,,,,,,,,,,,,,,,,,,,,,,,,,,,,,,,,,,,,,,,,,,,,,,,,,,,,,,,,,,,,,,,,,,,,,,,,,,,,,,,,,,,,,,,,,,,,,,,,,,,,,,,,,,,,,,,,,,,,,,,,,,,,,,,,,,,,,,,,,,,,,,,,,,,,,,,,,,,,,,,,,,,,,,,,,,,,,,,,,,,,,,,,,,,,,,,,,,,,,,,,,,,,,,,,,,,,,,,,,,,,,,,,,,,,,,,,,,,,,,,,,,,,,,,,,,,,,,,,,,,,,,,,,,,,,,,,,,,,,,,,,,,,,,,,,,,,,,,,,,,,,,,,,,,,,,,,,,,,,,,,,,,,,,,,,,,,,,,,,,,,,,,,,,,,,,,,,,,,,,,,,,,,,,,,,,,,,,,,,,,,,,,,,,,,,,,,,,,,,,,,,,,,,,,,,,,,,,,,,,,,,,,,,,,,,,,,,,,,,,,,,,,,,,,,,,,,,,,,,,,,,,,,,,,,,,,,,,,,,,,,,,,,,,,,,,,,,,,,,,,,,,,,,,,,,,,,,,,,,,,,,,,,,,,,,,,,,,,
,,,,,,,,,,,,,,,,,,,,,,,,,,,,,,,,,,,,,,,,,,,,,,,,,,,,,,,,,,,,,,,,,,,,,,,,,,,,,,,,,,,,,,,,,,,,,,,,,,,,,,,,,,,,,,,,,,,,,,,,,,,,,,,,,,,,,,,,,,,,,,,,,,,,,,,,,,,,,,,,,,,,,,,,,,,,,,,,,,,,,,,,,,,,,,,,,,,,,,,,,,,,,,,,,,,,,,,,,,,,,,,,,,,,,,,,,,,,,,,,,,,,,,,,,,,,,,,,,,,,,,,,,,,,,,,,,,,,,,,,,,,,,,,,,,,,,,,,,,,,,,,,,,,,,,,,,,,,,,,,,,,,,,,,,,,,,,,,,,,,,,,,,,,,,,,,,,,,,,,,,,,,,,,,,,,,,,,,,,,,,,,,,,,,,,,,,,,,,,,,,,,,,,,,,,,,,,,,,,,,,,,,,,,,,,,,,,,,,,,,,,,,,,,,,,,,,,,,,,,,,,,,,,,,,,,,,,,,,,,,,,,,,,,,,,,,,,,,,,,,,,,,,,,,,,,,,,,,,,,,,,,,,,,,,,,,,,,,,,,,,,,,,,,,,,,,,,,,,,,,,,,,,,,,,,,,,,,,,,,,,,,,,,,,,,,,,,,,,,,,,,,,,,,,,,,,,,,,,,,,,,,,,,,,,,,,,,,,,,,,,,,,,,,,,,,,,,,,,,,,,,,,,,,,,,,,,,,,,,,,,,,,,,,,,,,,,,,,,,,,,,,,,,,,,,,,,,,,,,,,,,,,,,,,,,,,,,,,,,,,,,,,,,,,,,,,,,,,,,,,,,,,,,,,,,,,,,,,,,,,,,,,,,,,,,,,,,,,,,,,,,,,,,,,,,,,,,,,,,,,,,,,,,,,,,,,,,,,,,,,,,,,,,,,,,,,,,,,,,,,,,,,,,,,,,,,,,,,,,,,,,,,,,,,,,,,,,,,,,,,,,,,,,,,,,,,,,,,,,,,,,,,,,,,,,,,,,,,,,,,,,,,,,,,,,,,,,,,,,,,,,,,,,,,,,,,,,,,,,,,,,,,,,,,,,,,,,,,,,,,,,,,,,,,,,,,,,,,,,,,,,,,,,,,,,,,,,,,,,,,,,,,,,,,,,,,,,,,,,,,,,,,,,,,,,,,,,,,,,,,,,,,,,,,,,,,,,,,,,,,,,,,,,,,,,,,,,,,,,,,,,,,,,,,,,,,,,,,,,,,,,,,,,,,,,,,,,,,,,,,,,,,,,,,,,,,,,,,,,,,,,,,,,,,,,,,,,,,,,,,,,,,,,,,,,,,,,,,,,,,,,,,,,,,,,,,,,,,,,,,,,,,,,,,,,,,,,,,,,,,,,,,,,,,,,,,,,,,,,,,,,,,,,,,,,,,,,,,,,,,,,,,,,,,,,,,,,,,,,,,,,,,,,,,,,,,,,,,,,,,,,,,,,,,,,,,,,,,,,,,,,,,,,,,,,,,,,,,,,,,,,,,,,,,,,,,,,,,,,,,,,,,,,,,,,,,,,,,,,,,,,,,,,,,,,,,,,,,,,,,,,,,,,,,,,,,,,,,,,,,,,,,,,,,,,,,,,,,,,,,,,,,,,,,,,,,,,,,,,,,,,,,,,,,,,,,,,,,,,,,,,,,,,,,,,,,,,,,,,,,,,,,,,,,,,,,,,,,,,,,,,,,,,,,,,,,,,,,,,,,,,,,,,,,,,,,,,,,,,,,,,,,,,,,,,,,,,,,,,,,,,,,,,,,,,,,,,,,,,,,,,,,,,,,,,,,,,,,,,,,,,,,,,,,,,,,,,,,,,,,,,,,,,,,,,,,,,,,,,,,,,,,,,,,,,,,,,,,,,,,,,,,,,,,,,,,,,,,,,,,,,,,,,,,,,,,,,,,,,,,,,,,,,,,,,,,,,,,,,,,,,,,,,,,,,,,,,,,,,,,,,,,,,,,,,,,,,,,,,,,,,,,,,,,,,,,,,,,,,,,,,,,,,,,,,,,,,,,,,,,,,,,,,,,,,,,,,,,,,,,,,,,,,,,,,,,,,,,,,,,,,,,,,,,,,,,,,,,,,,,,,,,,,,,,,,,,,,,,,,,,,,,,,,,,,,,,,,,,,,,,,,,,,,,,,,,,,,,,,,,,,,,,,,,,,,,,,,,,,,,,,,,,,,,,,,,,,,,,,,,,,,,,,,,,,,,,,,,,,,,,,,,,,,
,,,,,,,,,,,,,,,,,,,,,,,,,,,,,,,,,,,,,,,,,,,,,,,,,,,,,,,,,,,,,,,,,,,,,,,,,,,,,,,,,,,,,,,,,,,,,,,,,,,,,,,,,,,,,,,,,,,,,,,,,,,,,,,,,,,,,,,,,,,,,,,,,,,,,,,,,,,,,,,,,,,,,,,,,,,,,,,,,,,,,,,,,,,,,,,,,,,,,,,,,,,,,,,,,,,,,,,,,,,,,,,,,,,,,,,,,,,,,,,,,,,,,,,,,,,,,,,,,,,,,,,,,,,,,,,,,,,,,,,,,,,,,,,,,,,,,,,,,,,,,,,,,,,,,,,,,,,,,,,,,,,,,,,,,,,,,,,,,,,,,,,,,,,,,,,,,,,,,,,,,,,,,,,,,,,,,,,,,,,,,,,,,,,,,,,,,,,,,,,,,,,,,,,,,,,,,,,,,,,,,,,,,,,,,,,,,,,,,,,,,,,,,,,,,,,,,,,,,,,,,,,,,,,,,,,,,,,,,,,,,,,,,,,,,,,,,,,,,,,,,,,,,,,,,,,,,,,,,,,,,,,,,,,,,,,,,,,,,,,,,,,,,,,,,,,,,,,,,,,,,,,,,,,,,,,,,,,,,,,,,,,,,,,,,,,,,,,,,,,,,,,,,,,,,,,,,,,,,,,,,,,,,,,,,,,,,,,,,,,,,,,,,,,,,,,,,,,,,,,,,,,,,,,,,,,,,,,,,,,,,,,,,,,,,,,,,,,,,,,,,,,,,,,,,,,,,,,,,,,,,,,,,,,,,,,,,,,,,,,,,,,,,,,,,,,,,,,,,,,,,,,,,,,,,,,,,,,,,,,,,,,,,,,,,,,,,,,,,,,,,,,,,,,,,,,,,,,,,,,,,,,,,,,,,,,,,,,,,,,,,,,,,,,,,,,,,,,,,,,,,,,,,,,,,,,,,,,,,,,,,,,,,,,,,,,,,,,,,,,,,,,,,,,,,,,,,,,,,,,,,,,,,,,,,,,,,,,,,,,,,,,,,,,,,,,,,,,,,,,,,,,,,,,,,,,,,,,,,,,,,,,,,,,,,,,,,,,,,,,,,,,,,,,,,,,,,,,,,,,,,,,,,,,,,,,,,,,,,,,,,,,,,,,,,,,,,,,,,,,,,,,,,,,,,,,,,,,,,,,,,,,,,,,,,,,,,,,,,,,,,,,,,,,,,,,,,,,,,,,,,,,,,,,,,,,,,,,,,,,,,,,,,,,,,,,,,,,,,,,,,,,,,,,,,,,,,,,,,,,,,,,,,,,,,,,,,,,,,,,,,,,,,,,,,,,,,,,,,,,,,,,,,,,,,,,,,,,,,,,,,,,,,,,,,,,,,,,,,,,,,,,,,,,,,,,,,,,,,,,,,,,,,,,,,,,,,,,,,,,,,,,,,,,,,,,,,,,,,,,,,,,,,,,,,,,,,,,,,,,,,,,,,,,,,,,,,,,,,,,,,,,,,,,,,,,,,,,,,,,,,,,,,,,,,,,,,,,,,,,,,,,,,,,,,,,,,,,,,,,,,,,,,,,,,,,,,,,,,,,,,,,,,,,,,,,,,,,,,,,,,,,,,,,,,,,,,,,,,,,,,,,,,,,,,,,,,,,,,,,,,,,,,,,,,,,,,,,,,,,,,,,,,,,,,,,,,,,,,,,,,,,,,,,,,,,,,,,,,,,,,,,,,,,,,,,,,,,,,,,,,,,,,,,,,,,,,,,,,,,,,,,,,,,,,,,,,,,,,,,,,,,,,,,,,,,,,,,,,,,,,,,,,,,,,,,,,,,,,,,,,,,,,,,,,,,,,,,,,,,,,,,,,,,,,,,,,,,,,,,,,,,,,,,,,,,,,,,,,,,,,,,,,,,,,,,,,,,,,,,,,,,,,,,,,,,,,,,,,,,,,,,,,,,,,,,,,,,,,,,,,,,,,,,,,,,,,,,,,,,,,,,,,,,,,,,,,,,,,,,,,,,,,,,,,,,,,,,,,,,,,,,,,,,,,,,,,,,,,,,,,,,,,,,,,,,,,,,,,,,,,,,,,,,,,,,,,,,,,,,,,,,,,,,,,,,,,,,,,,,,,,,,,,,,,,,,,,,,,,,,,,,,,,,,,,,,,,,,,,,,,,,,,,,,,,,,,,,,,,,,,,,,,,,,,,,,,,,,,,,,,,,,,,,,,,,,,,,,,,,,,,,,,,,,,,,,,,,,,,,,,,,,,,,
,,,,,,,,,,,,,,,,,,,,,,,,,,,,,,,,,,,,,,,,,,,,,,,,,,,,,,,,,,,,,,,,,,,,,,,,,,,,,,,,,,,,,,,,,,,,,,,,,,,,,,,,,,,,,,,,,,,,,,,,,,,,,,,,,,,,,,,,,,,,,,,,,,,,,,,,,,,,,,,,,,,,,,,,,,,,,,,,,,,,,,,,,,,,,,,,,,,,,,,,,,,,,,,,,,,,,,,,,,,,,,,,,,,,,,,,,,,,,,,,,,,,,,,,,,,,,,,,,,,,,,,,,,,,,,,,,,,,,,,,,,,,,,,,,,,,,,,,,,,,,,,,,,,,,,,,,,,,,,,,,,,,,,,,,,,,,,,,,,,,,,,,,,,,,,,,,,,,,,,,,,,,,,,,,,,,,,,,,,,,,,,,,,,,,,,,,,,,,,,,,,,,,,,,,,,,,,,,,,,,,,,,,,,,,,,,,,,,,,,,,,,,,,,,,,,,,,,,,,,,,,,,,,,,,,,,,,,,,,,,,,,,,,,,,,,,,,,,,,,,,,,,,,,,,,,,,,,,,,,,,,,,,,,,,,,,,,,,,,,,,,,,,,,,,,,,,,,,,,,,,,,,,,,,,,,,,,,,,,,,,,,,,,,,,,,,,,,,,,,,,,,,,,,,,,,,,,,,,,,,,,,,,,,,,,,,,,,,,,,,,,,,,,,,,,,,,,,,,,,,,,,,,,,,,,,,,,,,,,,,,,,,,,,,,,,,,,,,,,,,,,,,,,,,,,,,,,,,,,,,,,,,,,,,,,,,,,,,,,,,,,,,,,,,,,,,,,,,,,,,,,,,,,,,,,,,,,,,,,,,,,,,,,,,,,,,,,,,,,,,,,,,,,,,,,,,,,,,,,,,,,,,,,,,,,,,,,,,,,,,,,,,,,,,,,,,,,,,,,,,,,,,,,,,,,,,,,,,,,,,,,,,,,,,,,,,,,,,,,,,,,,,,,,,,,,,,,,,,,,,,,,,,,,,,,,,,,,,,,,,,,,,,,,,,,,,,,,,,,,,,,,,,,,,,,,,,,,,,,,,,,,,,,,,,,,,,,,,,,,,,,,,,,,,,,,,,,,,,,,,,,,,,,,,,,,,,,,,,,,,,,,,,,,,,,,,,,,,,,,,,,,,,,,,,,,,,,,,,,,,,,,,,,,,,,,,,,,,,,,,,,,,,,,,,,,,,,,,,,,,,,,,,,,,,,,,,,,,,,,,,,,,,,,,,,,,,,,,,,,,,,,,,,,,,,,,,,,,,,,,,,,,,,,,,,,,,,,,,,,,,,,,,,,,,,,,,,,,,,,,,,,,,,,,,,,,,,,,,,,,,,,,,,,,,,,,,,,,,,,,,,,,,,,,,,,,,,,,,,,,,,,,,,,,,,,,,,,,,,,,,,,,,,,,,,,,,,,,,,,,,,,,,,,,,,,,,,,,,,,,,,,,,,,,,,,,,,,,,,,,,,,,,,,,,,,,,,,,,,,,,,,,,,,,,,,,,,,,,,,,,,,,,,,,,,,,,,,,,,,,,,,,,,,,,,,,,,,,,,,,,,,,,,,,,,,,,,,,,,,,,,,,,,,,,,,,,,,,,,,,,,,,,,,,,,,,,,,,,,,,,,,,,,,,,,,,,,,,,,,,,,,,,,,,,,,,,,,,,,,,,,,,,,,,,,,,,,,,,,,,,,,,,,,,,,,,,,,,,,,,,,,,,,,,,,,,,,,,,,,,,,,,,,,,,,,,,,,,,,,,,,,,,,,,,,,,,,,,,,,,,,,,,,,,,,,,,,,,,,,,,,,,,,,,,,,,,,,,,,,,,,,,,,,,,,,,,,,,,,,,,,,,,,,,,,,,,,,,,,,,,,,,,,,,,,,,,,,,,,,,,,,,,,,,,,,,,,,,,,,,,,,,,,,,,,,,,,,,,,,,,,,,,,,,,,,,,,,,,,,,,,,,,,,,,,,,,,,,,,,,,,,,,,,,,,,,,,,,,,,,,,,,,,,,,,,,,,,,,,,,,,,,,,,,,,,,,,,,,,,,,,,,,,,,,,,,,,,,,,,,,,,,,,,,,,,,,,,,,,,,,,,,,,,,,,,,,,,,,,,,,,,,,,,,,,,,,,,,,,,,,,,,,,,,,,,,,,,,,,,,,,,,,,,,,,,,,,,,,,,,,,,,,,,,,,,,,,,,,,,,,,,,,,,,,,,,,,,,,,,,,,,,,,,
,,,,,,,,,,,,,,,,,,,,,,,,,,,,,,,,,,,,,,,,,,,,,,,,,,,,,,,,,,,,,,,,,,,,,,,,,,,,,,,,,,,,,,,,,,,,,,,,,,,,,,,,,,,,,,,,,,,,,,,,,,,,,,,,,,,,,,,,,,,,,,,,,,,,,,,,,,,,,,,,,,,,,,,,,,,,,,,,,,,,,,,,,,,,,,,,,,,,,,,,,,,,,,,,,,,,,,,,,,,,,,,,,,,,,,,,,,,,,,,,,,,,,,,,,,,,,,,,,,,,,,,,,,,,,,,,,,,,,,,,,,,,,,,,,,,,,,,,,,,,,,,,,,,,,,,,,,,,,,,,,,,,,,,,,,,,,,,,,,,,,,,,,,,,,,,,,,,,,,,,,,,,,,,,,,,,,,,,,,,,,,,,,,,,,,,,,,,,,,,,,,,,,,,,,,,,,,,,,,,,,,,,,,,,,,,,,,,,,,,,,,,,,,,,,,,,,,,,,,,,,,,,,,,,,,,,,,,,,,,,,,,,,,,,,,,,,,,,,,,,,,,,,,,,,,,,,,,,,,,,,,,,,,,,,,,,,,,,,,,,,,,,,,,,,,,,,,,,,,,,,,,,,,,,,,,,,,,,,,,,,,,,,,,,,,,,,,,,,,,,,,,,,,,,,,,,,,,,,,,,,,,,,,,,,,,,,,,,,,,,,,,,,,,,,,,,,,,,,,,,,,,,,,,,,,,,,,,,,,,,,,,,,,,,,,,,,,,,,,,,,,,,,,,,,,,,,,,,,,,,,,,,,,,,,,,,,,,,,,,,,,,,,,,,,,,,,,,,,,,,,,,,,,,,,,,,,,,,,,,,,,,,,,,,,,,,,,,,,,,,,,,,,,,,,,,,,,,,,,,,,,,,,,,,,,,,,,,,,,,,,,,,,,,,,,,,,,,,,,,,,,,,,,,,,,,,,,,,,,,,,,,,,,,,,,,,,,,,,,,,,,,,,,,,,,,,,,,,,,,,,,,,,,,,,,,,,,,,,,,,,,,,,,,,,,,,,,,,,,,,,,,,,,,,,,,,,,,,,,,,,,,,,,,,,,,,,,,,,,,,,,,,,,,,,,,,,,,,,,,,,,,,,,,,,,,,,,,,,,,,,,,,,,,,,,,,,,,,,,,,,,,,,,,,,,,,,,,,,,,,,,,,,,,,,,,,,,,,,,,,,,,,,,,,,,,,,,,,,,,,,,,,,,,,,,,,,,,,,,,,,,,,,,,,,,,,,,,,,,,,,,,,,,,,,,,,,,,,,,,,,,,,,,,,,,,,,,,,,,,,,,,,,,,,,,,,,,,,,,,,,,,,,,,,,,,,,,,,,,,,,,,,,,,,,,,,,,,,,,,,,,,,,,,,,,,,,,,,,,,,,,,,,,,,,,,,,,,,,,,,,,,,,,,,,,,,,,,,,,,,,,,,,,,,,,,,,,,,,,,,,,,,,,,,,,,,,,,,,,,,,,,,,,,,,,,,,,,,,,,,,,,,,,,,,,,,,,,,,,,,,,,,,,,,,,,,,,,,,,,,,,,,,,,,,,,,,,,,,,,,,,,,,,,,,,,,,,,,,,,,,,,,,,,,,,,,,,,,,,,,,,,,,,,,,,,,,,,,,,,,,,,,,,,,,,,,,,,,,,,,,,,,,,,,,,,,,,,,,,,,,,,,,,,,,,,,,,,,,,,,,,,,,,,,,,,,,,,,,,,,,,,,,,,,,,,,,,,,,,,,,,,,,,,,,,,,,,,,,,,,,,,,,,,,,,,,,,,,,,,,,,,,,,,,,,,,,,,,,,,,,,,,,,,,,,,,,,,,,,,,,,,,,,,,,,,,,,,,,,,,,,,,,,,,,,,,,,,,,,,,,,,,,,,,,,,,,,,,,,,,,,,,,,,,,,,,,,,,,,,,,,,,,,,,,,,,,,,,,,,,,,,,,,,,,,,,,,,,,,,,,,,,,,,,,,,,,,,,,,,,,,,,,,,,,,,,,,,,,,,,,,,,,,,,,,,,,,,,,,,,,,,,,,,,,,,,,,,,,,,,,,,,,,,,,,,,,,,,,,,,,,,,,,,,,,,,,,,,,,,,,,,,,,,,,,,,,,,,,,,,,,,,,,,,,,,,,,,,,,,,,,,,,,,,,,,,,,,,,,,,,,,,,,,,,,,,,,,,,,,,,,,,,,,,,,,,,,,,,,,,,,,,,,,,,,,,,,,,,,,,,,,,,,,
3484,3277,2498,2296,2397,2343,2458,2397,2115,2397,2458,2343,2397,2296,2498,3277,3706,3471,2517,2352,2364,2308,2312,2322,2358,2394,2377,2282,2400,2325,2544,3495,4068,3844,2709,2418,2304,2396,2228,2271,2176,2214,2206,2210,2389,2436,2762,3849,4202,3978,2858,2467,2327,2385,2158,2241,2246,2230,2307,2314,2343,2518,2864,3981,4006,3779,2697,2140,2378,2322,2229,2248,2275,2254,2350,2335,2320,2399,2695,3791,3734,3516,2585,2331,2347,2240,2299,2263,2276,2268,2129,2163,2230,2326,2469,3508,3508,3284,2518,2325,2326,2287,2342,2244,2136,2274,2342,2141,2152,2326,2200,3282,3818,3601,2619,2385,2200,2306,2408,2273,2259,2160,2233,2278,2306,2392,2321,3586,4003,3781,2714,2393,2286,2291,2358,2327,2205,2154,2180,2311,2352,2501,2518,3775,3876,3659,2606,2282,2334,2320,2274,2250,2137,2069,2135,2284,2391,2490,2364,3649,3484,3267,2437,2315,2231,2178,2237,2201,1994,2184,2249,2254,2361,2405,2176,3253,3132,2938,2405,2330,2241,2263,2172,2146,2185,2344,2247,2244,2363,2273,2141,2906,3175,3097,2796,2594,2629,2554,2549,2573,2643,2653,2268,2283,2381,2606,2709,2657,3884,3720,3533,3334,3427,3346,3403,3572,3344,3619,3331,3164,3404,3319,3210,3609,4466,4163,3647,4005,4060,3990,3973,3970,3887,4075,3859,3671,3922,3988,4002,4199,4596,4391,4129,4216,4179,4138,4081,3928,3953,4141,4044,3901,4012,4157,4210,4323,4403,4333,4116,4086,3906,3881,3888,3973,3846,3915,3964,3852,3748,3956,3999,4000,4534,4329,3685,3543,3362,3379,3550,3774,3674,3614,3651,3501,3302,3430,3297,4298,4608,4378,3324,3075,3085,3210,3102,3429,3209,3249,3274,3016,2920,3066,3212,4380,4798,4576,3402,2938,2866,2936,2787,3097,3096,2944,2938,2670,2966,3141,3348,4575,4695,4472,3347,2874,2938,2768,2672,2766,2889,2827,2851,2721,2961,3044,3236,4469,4257,4037,3090,2926,2924,2897,2709,2768,2847,2807,2863,2798,2839,2827,2842,4030,3736,3529,2856,2787,2745,2868,2825,2891,2987,3008,2917,2729,2668,2649,2540,3503,3524,3282,2522,2475,2450,2599,2748,2836,2885,2900,2776,2668,2543,2383,2699,3334,3470,3233,2561,2444,2487,2506,2554,2597,2627,2621,2544,2428,2478,2549,2764,3268,3633,3402,2423,2404,2486,2492,2462,2459,2550,2384,2333,2435,2478,2547,2634,3411,3643,3418,2826,2532,2575,2586,2579,2525,2534,2409,2292,2516,2474,2403,2539,3421,3172,3236,2984,2595,2685,2747,2769,2592,2691,2681,2702,2771,2702,2493,2485,2900,3215,3134,2911,2599,2790,2818,2885,2741,2780,2733,2815,2849,2802,2527,2358,2957,2830,2832,2748,2522,2690,2673,2731,2720,2806,2842,2849,2882,2843,2666,2624,2767,2861,2790,2639,2431,2461,2608,2543,2726,2796,2718,2754,2819,2727,2690,2686,2869,2828,2723,2596,2257,2466,2604,2485,2672,2715,2595,2723,2601,2484,2603,2709,2768,2900,2948,2722,2514,2635,2594,2389,2292,2571,2699,2639,2537,2393,2446,2515,2662,2926,2873,2615,2549,2638,2576,2470,2487,2540,2617,2384,2551,2491,2478,2525,2671,2837,2681,2346,2393,2429,2370,2409,2428,2558,2465,2336,2393,2336,2319,2342,2629,3112,2922,2569,2411,2307,2334,2432,2582,2767,2704,2498,2458,2340,2306,2262,2866,3404,3202,2599,2500,2433,2458,2409,2589,2702,2631,2456,2398,2340,2460,2350,3152,3441,3227,2397,2422,2268,2251,2333,2561,2416,2419,2370,2361,2362,2354,2288,3198,3191,2978,2317,2459,2406,2219,2220,2548,2678,2552,2371,2455,2403,2342,2345,2971,2917,2582,2381,2460,2388,2360,2277,2512,2763,2651,2300,2437,2428,2434,2440,2780,2846,2674,2376,2389,2220,2302,2328,2482,2626,2470,2180,2233,2287,2361,2375,2670,2955,2748,2390,2450,2278,2250,2408,2433,2643,2490,2359,2274,2225,2361,2269,2771,2971,2758,2398,2523,2319,2367,2360,2476,2730,2603,2440,2470,2382,2348,2349,2785,2845,2624,2282,2357,2356,2452,2372,2433,2536,2427,2328,2472,2367,2250,2348,2698,2878,2743,2303,2293,2296,2400,2309,2445,2302,2237,2353,2320,2362,2339,2340,2684,2939,2697,2211,2297,2191,2268,2273,2425,2423,2424,2302,2267,2399,2425,2372,2771,2843,2573,2340,2293,2284,2352,2338,2521,2509,2348,2306,2274,2221,2287,2321,2643,2752,2603,2410,2343,2293,2159,2379,2431,2446,2381,2309,2322,2249,2320,2224,2585,2742,2537,2337,2361,2406,2211,2324,2288,2340,2318,2455,2156,2272,2317,2292,2501,2722,2599,2245,2292,2413,2441,2313,2311,2516,2238,2395,2352,2250,2369,2360,2461,2656,2527,2456,2330,2321,2464,2466,2515,2629,2409,2313,2194,2147,2314,2364,2521,2853,2648,2333,2442,2425,2350,2491,2525,2570,2256,2266,2298,2289,2287,2350,2660,2944,2712,2391,2422,2508,2312,2433,2475,2413,2309,2447,2307,2347,2294,2466,2729,2934,2707,2354,2276,2396,2322,2503,2480,2308,2260,2379,2373,2358,2381,2467,2761,2891,2714,2265,2151,2433,2543,2486,2471,2401,2375,2135,2383,2417,2311,2377,2708,2695,2518,2256,2351,2507,2570,2400,2444,2318,2328,2166,2218,2381,2302,2313,2493,2612,2496,2204,2304,2461,2523,2346,2302,2231,2190,2194,2313,2321,2343,2289,2377,2679,2491,2377,2151,2406,2412,2427,2399,2388,2344,2299,2343,2349,2291,2428,2560,2722,2544,2217,2220,2257,2430,2421,2364,2383,2390,2383,2383,2393,2364,2432,2572,2702,2466,2193,2202,2228,2374,2286,2334,2172,2328,2391,2259,2284,2276,2363,2553,2767,2554,2331,2249,2304,2289,2278,2158,2253,2289,2360,2337,2198,2071,2296,2642,2738,2598,2302,2353,2313,2366,2270,2346,2350,2260,2360,2295,2054,2163,2247,2475,2651,2501,2191,2392,2432,2360,2264,2348,2332,2315,2387,2364,2292,2240,2201,2488,3352,3141,2230,2303,2444,2279,2244,2362,2355,2307,2343,2384,2345,2238,2061,3126,3859,3649,2719,2353,2390,2376,2433,2417,2507,2495,2389,2414,2245,2420,2549,3629,4143,3911,3039,2712,2593,2616,2622,2956,3060,2963,2663,2625,2474,2583,2845,3922,4182,3962,3044,2807,2713,2774,2763,3129,3206,3083,2889,2789,2429,2515,2880,3958,4090,3859,2657,2658,2665,2736,2633,2990,3044,2970,2815,2693,2468,2474,2904,3866,4088,3863,2692,2566,2444,2391,2485,2667,2699,2700,2525,2603,2437,2426,2877,3869,3767,3545,2306,2414,2347,2310,2297,2437,2543,2465,2465,2492,2504,2429,2455,3531,3298,3089,2382,2298,2385,2339,2268,2364,2483,2394,2225,2355,2363,2373,2427,3102,3129,2948,2462,2379,2285,2217,2302,2259,2184,2182,2379,2312,2309,2340,2440,2854,2839,2691,2420,2355,2262,2133,2260,2333,2331,2256,2295,2250,2344,2085,2439,2686,2843,2654,2383,2342,2390,2412,2259,2459,2471,2277,2294,2292,2351,2212,2426,2717,2811,2572,2219,2296,2239,2299,2264,2290,2465,2322,2195,2343,2262,2262,2391,2680,2739,2606,2206,2094,2102,2126,2276,2265,2338,2310,2217,2343,2260,2170,2258,2554,2729,2564,2341,2325,2134,2202,2209,2337,2351,2290,2294,2351,2310,2209,2190,2515,2935,2790,2289,2336,2358,2431,2411,2409,2424,2399,2441,2317,2366,2260,2014,2679,2980,2800,2407,2319,2368,2345,2455,2660,2844,2755,2498,2496,2472,2434,2341,2764,2916,2832,2285,2390,2509,2464,2717,2630,2908,2784,2443,2473,2515,2547,2586,2863,3112,2840,2425,2505,2375,2332,2516,2415,2714,2608,2365,2380,2382,2644,2619,2967,3402,3166,2275,2256,2202,2301,2227,2407,2587,2530,2386,2270,2295,2583,2564,3183,3336,3114,2324,2350,2216,2344,2318,2422,2577,2523,2384,2257,2356,2492,2543,3125,3165,2968,2413,2258,2238,2283,2425,2528,2737,2569,2375,2277,2398,2519,2321,2916,3085,2901,2468,2388,2479,2427,2567,2790,2919,2646,2422,2462,2523,2607,2442,2898,3122,2950,2502,2392,2476,2389,2506,2734,2863,2672,2386,2365,2554,2524,2383,2973,2985,2781,2377,2313,2334,2405,2471,2559,2542,2491,2308,2273,2385,2439,2446,2798,2993,2803,2190,2247,2273,2279,2342,2416,2359,2290,2464,2404,2291,2434,2499,2859,3068,2806,2199,2365,2316,2332,2478,2502,2501,2457,2437,2305,2227,2426,2514,2941,3100,2847,2277,2203,2239,2371,2309,2393,2575,2400,2347,2224,2253,2417,2392,2880,3015,2754,2403,2177,2163,2400,2310,2717,2817,2504,2496,2387,2257,2376,2443,2866,2981,2661,2424,2400,2289,2396,2207,2813,2954,2601,2422,2418,2305,2510,2537,2803,2922,2701,2448,2421,2294,2212,2247,2708,2839,2588,2282,2413,2301,2523,2429,2714,2786,2603,2264,2267,2184,2314,2288,2464,2432,2372,2272,2158,2092,2178,2330,2556,2744,2501,2248,2182,2315,2340,2331,2339,2494,2380,2330,2310,2311,2269,2354,2655,2746,2505,2292,2317,2395,2385,2388,2363,2404,2354,2369,2373,2169,2262,2309,2560,2792,2635,2368,2263,2185,2343,2415,2353,2316,2240,2289,2293,2100,2265,2306,2546,2756,2662,2330,2218,2164,2253,2260,2274,2335,2291,2223,2182,2183,2276,2292,2475,2667,2452,2298,2265,2210,2200,2119,2176,2276,2331,2255,2271,2352,2163,2052,2410,2978,2793,2262,2212,2103,2308,2257,2257,2342,2314,2333,2307,2338,2292,2198,2718,3026,2778,2401,2358,2232,2254,2310,2340,2360,2288,2300,2239,2155,2211,2304,2779,3092,2909,2318,2280,2191,2172,2349,2355,2288,2155,2203,2272,2284,2233,2391,2822,3126,2943,2307,2175,2286,2264,2412,2348,2231,2317,2029,2249,2183,2312,2368,2907,2890,2724,2223,2221,2265,2314,2308,2296,2421,2450,2215,2183,2311,2397,2314,2686,2835,2554,2263,2174,2213,2262,2201,2391,2297,2301,2326,2249,2251,2396,2327,2650,2849,2641,2247,2191,2041,2316,2331,2397,2394,2194,2187,2254,2314,2424,2276,2595,2720,2512,2260,2263,2055,2291,2352,2295,2304,2268,2140,2178,2203,2317,2181,2491,3111,2874,2333,2303,2244,2305,2363,2358,2405,2207,2343,2188,2069,2121,2295,2880,3563,3331,2359,2421,2355,2273,2437,2470,2468,2390,2292,2233,2202,2261,2496,3347,3606,3380,2392,2393,2298,2262,2477,2392,2465,2402,2273,2199,2374,2298,2452,3384,3349,3127,2401,2364,2181,2295,2418,2478,2354,2349,2367,2315,2381,2321,2330,3130,3067,2858,2340,2270,2184,2321,2460,2542,2470,2360,2312,2365,2351,2298,2345,2843,3083,2895,2269,2272,2350,2228,2383,2384,2321,2212,2203,2406,2261,2343,2312,2864,3466,3263,2340,2423,2421,2368,2374,2382,2253,2350,2250,2170,2218,2196,2512,3243,3856,3633,2582,2332,2404,2192,2312,2580,2931,2848,2321,2365,2344,2417,2517,3635,4041,3820,2683,2396,2299,2280,2409,2753,3109,3053,2527,2469,2383,2494,2688,3821,3945,3722,2514,2293,2169,2287,2351,2664,2940,2926,2368,2337,2218,2435,2381,3716,3606,3382,2350,2214,2252,2291,2236,2518,2580,2380,2191,2232,2080,2342,2236,3374,3029,2801,2214,2250,2221,2076,2100,2263,2198,2063,2253,2183,2184,2326,2343,2741,3362,3148,2275,2216,2129,2180,2146,2273,2280,2158,2232,2299,2317,2362,2396,3144,3497,3273,2215,2153,2249,2159,2167,2341,2381,2149,2274,2230,2186,2172,2274,3275,3328,3108,2145,2125,2252,2162,2104,2270,2350,2071,2266,2115,2203,2087,2149,3097,3068,2848,2150,2202,2086,2153,2176,2157,2195,2038,2090,2059,2182,2105,1996,2836,2885,2651,1972,2184,2009,1966,2140,1986,2038,2101,2099,2098,2152,2106,2100,2636,2673,2458,1990,1911,2065,2083,2116,2076,1957,2104,2164,2004,2084,1884,2065,2420,2477,2191,2009,1991,2045,2069,2104,2127,2116,2058,2212,2012,1990,2045,1920,2354,2212,2141,2052,2042,1874,1880,1978,1970,1959,2006,2076,1985,1907,1933,1973,2078,2087,1910,1840,1814,2003,2040,1962,1897,1920,2050,1961,1955,1985,1965,1872,1934
,,,,,,,,,,,,,,,,,,,,,,,,,,,,,,,,,,,,,,,,,,,,,,,,,,,,,,,,,,,,,,,,,,,,,,,,,,,,,,,,,,,,,,,,,,,,,,,,,,,,,,,,,,,,,,,,,,,,,,,,,,,,,,,,,,,,,,,,,,,,,,,,,,,,,,,,,,,,,,,,,,,,,,,,,,,,,,,,,,,,,,,,,,,,,,,,,,,,,,,,,,,,,,,,,,,,,,,,,,,,,,,,,,,,,,,,,,,,,,,,,,,,,,,,,,,,,,,,,,,,,,,,,,,,,,,,,,,,,,,,,,,,,,,,,,,,,,,,,,,,,,,,,,,,,,,,,,,,,,,,,,,,,,,,,,,,,,,,,,,,,,,,,,,,,,,,,,,,,,,,,,,,,,,,,,,,,,,,,,,,,,,,,,,,,,,,,,,,,,,,,,,,,,,,,,,,,,,,,,,,,,,,,,,,,,,,,,,,,,,,,,,,,,,,,,,,,,,,,,,,,,,,,,,,,,,,,,,,,,,,,,,,,,,,,,,,,,,,,,,,,,,,,,,,,,,,,,,,,,,,,,,,,,,,,,,,,,,,,,,,,,,,,,,,,,,,,,,,,,,,,,,,,,,,,,,,,,,,,,,,,,,,,,,,,,,,,,,,,,,,,,,,,,,,,,,,,,,,,,,,,,,,,,,,,,,,,,,,,,,,,,,,,,,,,,,,,,,,,,,,,,,,,,,,,,,,,,,,,,,,,,,,,,,,,,,,,,,,,,,,,,,,,,,,,,,,,,,,,,,,,,,,,,,,,,,,,,,,,,,,,,,,,,,,,,,,,,,,,,,,,,,,,,,,,,,,,,,,,,,,,,,,,,,,,,,,,,,,,,,,,,,,,,,,,,,,,,,,,,,,,,,,,,,,,,,,,,,,,,,,,,,,,,,,,,,,,,,,,,,,,,,,,,,,,,,,,,,,,,,,,,,,,,,,,,,,,,,,,,,,,,,,,,,,,,,,,,,,,,,,,,,,,,,,,,,,,,,,,,,,,,,,,,,,,,,,,,,,,,,,,,,,,,,,,,,,,,,,,,,,,,,,,,,,,,,,,,,,,,,,,,,,,,,,,,,,,,,,,,,,,,,,,,,,,,,,,,,,,,,,,,,,,,,,,,,,,,,,,,,,,,,,,,,,,,,,,,,,,,,,,,,,,,,,,,,,,,,,,,,,,,,,,,,,,,,,,,,,,,,,,,,,,,,,,,,,,,,,,,,,,,,,,,,,,,,,,,,,,,,,,,,,,,,,,,,,,,,,,,,,,,,,,,,,,,,,,,,,,,,,,,,,,,,,,,,,,,,,,,,,,,,,,,,,,,,,,,,,,,,,,,,,,,,,,,,,,,,,,,,,,,,,,,,,,,,,,,,,,,,,,,,,,,,,,,,,,,,,,,,,,,,,,,,,,,,,,,,,,,,,,,,,,,,,,,,,,,,,,,,,,,,,,,,,,,,,,,,,,,,,,,,,,,,,,,,,,,,,,,,,,,,,,,,,,,,,,,,,,,,,,,,,,,,,,,,,,,,,,,,,,,,,,,,,,,,,,,,,,,,,,,,,,,,,,,,,,,,,,,,,,,,,,,,,,,,,,,,,,,,,,,,,,,,,,,,,,,,,,,,,,,,,,,,,,,,,,,,,,,,,,,,,,,,,,,,,,,,,,,,,,,,,,,,,,,,,,,,,,,,,,,,,,,,,,,,,,,,,,,,,,,,,,,,,,,,,,,,,,,,,,,,,,,,,,,,,,,,,,,,,,,,,,,,,,,,,,,,,,,,,,,,,,,,,,,,,,,,,,,,,,,,,,,,,,,,,,,,,,,,,,,,,,,,,,,,,,,,,,,,,,,,,,,,,,,,,,,,,,,,,,,,,,,,,,,,,,,,,,,,,,,,,,,,,,,,,,,,,,,,,,,,,,,,,,,,,,,,,,,,,,,,,,,,,,,,,,,,,,,,,,,,,,,,,,,,,,,,,,,,,,,,,,,,,,,,,,,,,,,,,,,,,,,,,,,,,,,,,,,,,,,,,,,,,,,,,,,,,,,,,,,,,,,,,,,,,,,,,,,,,,,,,,,,,,,,,,,,,,,,,,,,,,,,,,,,,,,,,,,,,,,,,,,,,,,,,,,,,,,,,,,,,,,,,,,,,,,,,,,,,,,,,,,,,,,,,,,,,,,,,,,,,,,,,,,,,,,,,,,,,,,,,,,,,,,,,,,,,,,,,,,,,,,,
,,,,,,,,,,,,,,,,,,,,,,,,,,,,,,,,,,,,,,,,,,,,,,,,,,,,,,,,,,,,,,,,,,,,,,,,,,,,,,,,,,,,,,,,,,,,,,,,,,,,,,,,,,,,,,,,,,,,,,,,,,,,,,,,,,,,,,,,,,,,,,,,,,,,,,,,,,,,,,,,,,,,,,,,,,,,,,,,,,,,,,,,,,,,,,,,,,,,,,,,,,,,,,,,,,,,,,,,,,,,,,,,,,,,,,,,,,,,,,,,,,,,,,,,,,,,,,,,,,,,,,,,,,,,,,,,,,,,,,,,,,,,,,,,,,,,,,,,,,,,,,,,,,,,,,,,,,,,,,,,,,,,,,,,,,,,,,,,,,,,,,,,,,,,,,,,,,,,,,,,,,,,,,,,,,,,,,,,,,,,,,,,,,,,,,,,,,,,,,,,,,,,,,,,,,,,,,,,,,,,,,,,,,,,,,,,,,,,,,,,,,,,,,,,,,,,,,,,,,,,,,,,,,,,,,,,,,,,,,,,,,,,,,,,,,,,,,,,,,,,,,,,,,,,,,,,,,,,,,,,,,,,,,,,,,,,,,,,,,,,,,,,,,,,,,,,,,,,,,,,,,,,,,,,,,,,,,,,,,,,,,,,,,,,,,,,,,,,,,,,,,,,,,,,,,,,,,,,,,,,,,,,,,,,,,,,,,,,,,,,,,,,,,,,,,,,,,,,,,,,,,,,,,,,,,,,,,,,,,,,,,,,,,,,,,,,,,,,,,,,,,,,,,,,,,,,,,,,,,,,,,,,,,,,,,,,,,,,,,,,,,,,,,,,,,,,,,,,,,,,,,,,,,,,,,,,,,,,,,,,,,,,,,,,,,,,,,,,,,,,,,,,,,,,,,,,,,,,,,,,,,,,,,,,,,,,,,,,,,,,,,,,,,,,,,,,,,,,,,,,,,,,,,,,,,,,,,,,,,,,,,,,,,,,,,,,,,,,,,,,,,,,,,,,,,,,,,,,,,,,,,,,,,,,,,,,,,,,,,,,,,,,,,,,,,,,,,,,,,,,,,,,,,,,,,,,,,,,,,,,,,,,,,,,,,,,,,,,,,,,,,,,,,,,,,,,,,,,,,,,,,,,,,,,,,,,,,,,,,,,,,,,,,,,,,,,,,,,,,,,,,,,,,,,,,,,,,,,,,,,,,,,,,,,,,,,,,,,,,,,,,,,,,,,,,,,,,,,,,,,,,,,,,,,,,,,,,,,,,,,,,,,,,,,,,,,,,,,,,,,,,,,,,,,,,,,,,,,,,,,,,,,,,,,,,,,,,,,,,,,,,,,,,,,,,,,,,,,,,,,,,,,,,,,,,,,,,,,,,,,,,,,,,,,,,,,,,,,,,,,,,,,,,,,,,,,,,,,,,,,,,,,,,,,,,,,,,,,,,,,,,,,,,,,,,,,,,,,,,,,,,,,,,,,,,,,,,,,,,,,,,,,,,,,,,,,,,,,,,,,,,,,,,,,,,,,,,,,,,,,,,,,,,,,,,,,,,,,,,,,,,,,,,,,,,,,,,,,,,,,,,,,,,,,,,,,,,,,,,,,,,,,,,,,,,,,,,,,,,,,,,,,,,,,,,,,,,,,,,,,,,,,,,,,,,,,,,,,,,,,,,,,,,,,,,,,,,,,,,,,,,,,,,,,,,,,,,,,,,,,,,,,,,,,,,,,,,,,,,,,,,,,,,,,,,,,,,,,,,,,,,,,,,,,,,,,,,,,,,,,,,,,,,,,,,,,,,,,,,,,,,,,,,,,,,,,,,,,,,,,,,,,,,,,,,,,,,,,,,,,,,,,,,,,,,,,,,,,,,,,,,,,,,,,,,,,,,,,,,,,,,,,,,,,,,,,,,,,,,,,,,,,,,,,,,,,,,,,,,,,,,,,,,,,,,,,,,,,,,,,,,,,,,,,,,,,,,,,,,,,,,,,,,,,,,,,,,,,,,,,,,,,,,,,,,,,,,,,,,,,,,,,,,,,,,,,,,,,,,,,,,,,,,,,,,,,,,,,,,,,,,,,,,,,,,,,,,,,,,,,,,,,,,,,,,,,,,,,,,,,,,,,,,,,,,,,,,,,,,,,,,,,,,,,,,,,,,,,,,,,,,,,,,,,,,,,,,,,,,,,,,,,,,,,,,,,,,,,,,,,,,,,,,,,,,,,,,,,,,,,,,,,,,,,,,,,,,,,,,,,,,,,,,,,,,,,,,,,,,,,,,,,,,,
,,,,,,,,,,,,,,,,,,,,,,,,,,,,,,,,,,,,,,,,,,,,,,,,,,,,,,,,,,,,,,,,,,,,,,,,,,,,,,,,,,,,,,,,,,,,,,,,,,,,,,,,,,,,,,,,,,,,,,,,,,,,,,,,,,,,,,,,,,,,,,,,,,,,,,,,,,,,,,,,,,,,,,,,,,,,,,,,,,,,,,,,,,,,,,,,,,,,,,,,,,,,,,,,,,,,,,,,,,,,,,,,,,,,,,,,,,,,,,,,,,,,,,,,,,,,,,,,,,,,,,,,,,,,,,,,,,,,,,,,,,,,,,,,,,,,,,,,,,,,,,,,,,,,,,,,,,,,,,,,,,,,,,,,,,,,,,,,,,,,,,,,,,,,,,,,,,,,,,,,,,,,,,,,,,,,,,,,,,,,,,,,,,,,,,,,,,,,,,,,,,,,,,,,,,,,,,,,,,,,,,,,,,,,,,,,,,,,,,,,,,,,,,,,,,,,,,,,,,,,,,,,,,,,,,,,,,,,,,,,,,,,,,,,,,,,,,,,,,,,,,,,,,,,,,,,,,,,,,,,,,,,,,,,,,,,,,,,,,,,,,,,,,,,,,,,,,,,,,,,,,,,,,,,,,,,,,,,,,,,,,,,,,,,,,,,,,,,,,,,,,,,,,,,,,,,,,,,,,,,,,,,,,,,,,,,,,,,,,,,,,,,,,,,,,,,,,,,,,,,,,,,,,,,,,,,,,,,,,,,,,,,,,,,,,,,,,,,,,,,,,,,,,,,,,,,,,,,,,,,,,,,,,,,,,,,,,,,,,,,,,,,,,,,,,,,,,,,,,,,,,,,,,,,,,,,,,,,,,,,,,,,,,,,,,,,,,,,,,,,,,,,,,,,,,,,,,,,,,,,,,,,,,,,,,,,,,,,,,,,,,,,,,,,,,,,,,,,,,,,,,,,,,,,,,,,,,,,,,,,,,,,,,,,,,,,,,,,,,,,,,,,,,,,,,,,,,,,,,,,,,,,,,,,,,,,,,,,,,,,,,,,,,,,,,,,,,,,,,,,,,,,,,,,,,,,,,,,,,,,,,,,,,,,,,,,,,,,,,,,,,,,,,,,,,,,,,,,,,,,,,,,,,,,,,,,,,,,,,,,,,,,,,,,,,,,,,,,,,,,,,,,,,,,,,,,,,,,,,,,,,,,,,,,,,,,,,,,,,,,,,,,,,,,,,,,,,,,,,,,,,,,,,,,,,,,,,,,,,,,,,,,,,,,,,,,,,,,,,,,,,,,,,,,,,,,,,,,,,,,,,,,,,,,,,,,,,,,,,,,,,,,,,,,,,,,,,,,,,,,,,,,,,,,,,,,,,,,,,,,,,,,,,,,,,,,,,,,,,,,,,,,,,,,,,,,,,,,,,,,,,,,,,,,,,,,,,,,,,,,,,,,,,,,,,,,,,,,,,,,,,,,,,,,,,,,,,,,,,,,,,,,,,,,,,,,,,,,,,,,,,,,,,,,,,,,,,,,,,,,,,,,,,,,,,,,,,,,,,,,,,,,,,,,,,,,,,,,,,,,,,,,,,,,,,,,,,,,,,,,,,,,,,,,,,,,,,,,,,,,,,,,,,,,,,,,,,,,,,,,,,,,,,,,,,,,,,,,,,,,,,,,,,,,,,,,,,,,,,,,,,,,,,,,,,,,,,,,,,,,,,,,,,,,,,,,,,,,,,,,,,,,,,,,,,,,,,,,,,,,,,,,,,,,,,,,,,,,,,,,,,,,,,,,,,,,,,,,,,,,,,,,,,,,,,,,,,,,,,,,,,,,,,,,,,,,,,,,,,,,,,,,,,,,,,,,,,,,,,,,,,,,,,,,,,,,,,,,,,,,,,,,,,,,,,,,,,,,,,,,,,,,,,,,,,,,,,,,,,,,,,,,,,,,,,,,,,,,,,,,,,,,,,,,,,,,,,,,,,,,,,,,,,,,,,,,,,,,,,,,,,,,,,,,,,,,,,,,,,,,,,,,,,,,,,,,,,,,,,,,,,,,,,,,,,,,,,,,,,,,,,,,,,,,,,,,,,,,,,,,,,,,,,,,,,,,,,,,,,,,,,,,,,,,,,,,,,,,,,,,,,,,,,,,,,,,,,,,,,,,,,,,,,,,,,,,,,,,,,,,,,,,,,,,,,,,,,,,,,,,,,,,,,,,,,,,,,,,,,,,,,,,,,,,,,,,,,,,,,,,,,,,,,,,,,,,,,,,,,,,,,,,,,,
,,,,,,,,,,,,,,,,,,,,,,,,,,,,,,,,,,,,,,,,,,,,,,,,,,,,,,,,,,,,,,,,,,,,,,,,,,,,,,,,,,,,,,,,,,,,,,,,,,,,,,,,,,,,,,,,,,,,,,,,,,,,,,,,,,,,,,,,,,,,,,,,,,,,,,,,,,,,,,,,,,,,,,,,,,,,,,,,,,,,,,,,,,,,,,,,,,,,,,,,,,,,,,,,,,,,,,,,,,,,,,,,,,,,,,,,,,,,,,,,,,,,,,,,,,,,,,,,,,,,,,,,,,,,,,,,,,,,,,,,,,,,,,,,,,,,,,,,,,,,,,,,,,,,,,,,,,,,,,,,,,,,,,,,,,,,,,,,,,,,,,,,,,,,,,,,,,,,,,,,,,,,,,,,,,,,,,,,,,,,,,,,,,,,,,,,,,,,,,,,,,,,,,,,,,,,,,,,,,,,,,,,,,,,,,,,,,,,,,,,,,,,,,,,,,,,,,,,,,,,,,,,,,,,,,,,,,,,,,,,,,,,,,,,,,,,,,,,,,,,,,,,,,,,,,,,,,,,,,,,,,,,,,,,,,,,,,,,,,,,,,,,,,,,,,,,,,,,,,,,,,,,,,,,,,,,,,,,,,,,,,,,,,,,,,,,,,,,,,,,,,,,,,,,,,,,,,,,,,,,,,,,,,,,,,,,,,,,,,,,,,,,,,,,,,,,,,,,,,,,,,,,,,,,,,,,,,,,,,,,,,,,,,,,,,,,,,,,,,,,,,,,,,,,,,,,,,,,,,,,,,,,,,,,,,,,,,,,,,,,,,,,,,,,,,,,,,,,,,,,,,,,,,,,,,,,,,,,,,,,,,,,,,,,,,,,,,,,,,,,,,,,,,,,,,,,,,,,,,,,,,,,,,,,,,,,,,,,,,,,,,,,,,,,,,,,,,,,,,,,,,,,,,,,,,,,,,,,,,,,,,,,,,,,,,,,,,,,,,,,,,,,,,,,,,,,,,,,,,,,,,,,,,,,,,,,,,,,,,,,,,,,,,,,,,,,,,,,,,,,,,,,,,,,,,,,,,,,,,,,,,,,,,,,,,,,,,,,,,,,,,,,,,,,,,,,,,,,,,,,,,,,,,,,,,,,,,,,,,,,,,,,,,,,,,,,,,,,,,,,,,,,,,,,,,,,,,,,,,,,,,,,,,,,,,,,,,,,,,,,,,,,,,,,,,,,,,,,,,,,,,,,,,,,,,,,,,,,,,,,,,,,,,,,,,,,,,,,,,,,,,,,,,,,,,,,,,,,,,,,,,,,,,,,,,,,,,,,,,,,,,,,,,,,,,,,,,,,,,,,,,,,,,,,,,,,,,,,,,,,,,,,,,,,,,,,,,,,,,,,,,,,,,,,,,,,,,,,,,,,,,,,,,,,,,,,,,,,,,,,,,,,,,,,,,,,,,,,,,,,,,,,,,,,,,,,,,,,,,,,,,,,,,,,,,,,,,,,,,,,,,,,,,,,,,,,,,,,,,,,,,,,,,,,,,,,,,,,,,,,,,,,,,,,,,,,,,,,,,,,,,,,,,,,,,,,,,,,,,,,,,,,,,,,,,,,,,,,,,,,,,,,,,,,,,,,,,,,,,,,,,,,,,,,,,,,,,,,,,,,,,,,,,,,,,,,,,,,,,,,,,,,,,,,,,,,,,,,,,,,,,,,,,,,,,,,,,,,,,,,,,,,,,,,,,,,,,,,,,,,,,,,,,,,,,,,,,,,,,,,,,,,,,,,,,,,,,,,,,,,,,,,,,,,,,,,,,,,,,,,,,,,,,,,,,,,,,,,,,,,,,,,,,,,,,,,,,,,,,,,,,,,,,,,,,,,,,,,,,,,,,,,,,,,,,,,,,,,,,,,,,,,,,,,,,,,,,,,,,,,,,,,,,,,,,,,,,,,,,,,,,,,,,,,,,,,,,,,,,,,,,,,,,,,,,,,,,,,,,,,,,,,,,,,,,,,,,,,,,,,,,,,,,,,,,,,,,,,,,,,,,,,,,,,,,,,,,,,,,,,,,,,,,,,,,,,,,,,,,,,,,,,,,,,,,,,,,,,,,,,,,,,,,,,,,,,,,,,,,,,,,,,,,,,,,,,,,,,,,,,,,,,,,,,,,,,,,,,,,,,,,,,,,,,,,,,,,,,,,,,,,,,,,,,,,,,,,,,,,,,,,,,,,,,,,,,,,,,,,,,,,,,,,,,,,,,,,,,,,,,,,,,,,,
,,,,,,,,,,,,,,,,,,,,,,,,,,,,,,,,,,,,,,,,,,,,,,,,,,,,,,,,,,,,,,,,,,,,,,,,,,,,,,,,,,,,,,,,,,,,,,,,,,,,,,,,,,,,,,,,,,,,,,,,,,,,,,,,,,,,,,,,,,,,,,,,,,,,,,,,,,,,,,,,,,,,,,,,,,,,,,,,,,,,,,,,,,,,,,,,,,,,,,,,,,,,,,,,,,,,,,,,,,,,,,,,,,,,,,,,,,,,,,,,,,,,,,,,,,,,,,,,,,,,,,,,,,,,,,,,,,,,,,,,,,,,,,,,,,,,,,,,,,,,,,,,,,,,,,,,,,,,,,,,,,,,,,,,,,,,,,,,,,,,,,,,,,,,,,,,,,,,,,,,,,,,,,,,,,,,,,,,,,,,,,,,,,,,,,,,,,,,,,,,,,,,,,,,,,,,,,,,,,,,,,,,,,,,,,,,,,,,,,,,,,,,,,,,,,,,,,,,,,,,,,,,,,,,,,,,,,,,,,,,,,,,,,,,,,,,,,,,,,,,,,,,,,,,,,,,,,,,,,,,,,,,,,,,,,,,,,,,,,,,,,,,,,,,,,,,,,,,,,,,,,,,,,,,,,,,,,,,,,,,,,,,,,,,,,,,,,,,,,,,,,,,,,,,,,,,,,,,,,,,,,,,,,,,,,,,,,,,,,,,,,,,,,,,,,,,,,,,,,,,,,,,,,,,,,,,,,,,,,,,,,,,,,,,,,,,,,,,,,,,,,,,,,,,,,,,,,,,,,,,,,,,,,,,,,,,,,,,,,,,,,,,,,,,,,,,,,,,,,,,,,,,,,,,,,,,,,,,,,,,,,,,,,,,,,,,,,,,,,,,,,,,,,,,,,,,,,,,,,,,,,,,,,,,,,,,,,,,,,,,,,,,,,,,,,,,,,,,,,,,,,,,,,,,,,,,,,,,,,,,,,,,,,,,,,,,,,,,,,,,,,,,,,,,,,,,,,,,,,,,,,,,,,,,,,,,,,,,,,,,,,,,,,,,,,,,,,,,,,,,,,,,,,,,,,,,,,,,,,,,,,,,,,,,,,,,,,,,,,,,,,,,,,,,,,,,,,,,,,,,,,,,,,,,,,,,,,,,,,,,,,,,,,,,,,,,,,,,,,,,,,,,,,,,,,,,,,,,,,,,,,,,,,,,,,,,,,,,,,,,,,,,,,,,,,,,,,,,,,,,,,,,,,,,,,,,,,,,,,,,,,,,,,,,,,,,,,,,,,,,,,,,,,,,,,,,,,,,,,,,,,,,,,,,,,,,,,,,,,,,,,,,,,,,,,,,,,,,,,,,,,,,,,,,,,,,,,,,,,,,,,,,,,,,,,,,,,,,,,,,,,,,,,,,,,,,,,,,,,,,,,,,,,,,,,,,,,,,,,,,,,,,,,,,,,,,,,,,,,,,,,,,,,,,,,,,,,,,,,,,,,,,,,,,,,,,,,,,,,,,,,,,,,,,,,,,,,,,,,,,,,,,,,,,,,,,,,,,,,,,,,,,,,,,,,,,,,,,,,,,,,,,,,,,,,,,,,,,,,,,,,,,,,,,,,,,,,,,,,,,,,,,,,,,,,,,,,,,,,,,,,,,,,,,,,,,,,,,,,,,,,,,,,,,,,,,,,,,,,,,,,,,,,,,,,,,,,,,,,,,,,,,,,,,,,,,,,,,,,,,,,,,,,,,,,,,,,,,,,,,,,,,,,,,,,,,,,,,,,,,,,,,,,,,,,,,,,,,,,,,,,,,,,,,,,,,,,,,,,,,,,,,,,,,,,,,,,,,,,,,,,,,,,,,,,,,,,,,,,,,,,,,,,,,,,,,,,,,,,,,,,,,,,,,,,,,,,,,,,,,,,,,,,,,,,,,,,,,,,,,,,,,,,,,,,,,,,,,,,,,,,,,,,,,,,,,,,,,,,,,,,,,,,,,,,,,,,,,,,,,,,,,,,,,,,,,,,,,,,,,,,,,,,,,,,,,,,,,,,,,,,,,,,,,,,,,,,,,,,,,,,,,,,,,,,,,,,,,,,,,,,,,,,,,,,,,,,,,,,,,,,,,,,,,,,,,,,,,,,,,,,,,,,,,,,,,,,,,,,,,,,,,,,,,,,,,,,,,,,,,,,,,,,,,,,,,,,,,,,,,,,,,,,,,,,,,,,,,,,,,,,,,,,,,,,,,,,,,,,,,,,,,,,,,,,,,,,,,,,,,,,,,,,,
3497,3303,2543,2437,2383,2254,2215,2318,2068,2318,2215,2254,2383,2437,2543,3303,3701,3463,2411,2256,2258,2116,2175,2315,2296,2270,2303,2357,2373,2421,2471,3471,4068,3846,2658,2416,2288,2247,2146,2258,2262,2256,2173,2306,2377,2525,2595,3842,4201,3979,2837,2511,2295,2361,2249,2338,2340,2159,2108,2233,2288,2525,2780,3978,4008,3787,2710,2409,2299,2379,2371,2255,2262,2157,2263,2349,2297,2481,2619,3787,3730,3508,2546,2318,2331,2306,2217,2168,2263,2283,2112,2257,2281,2337,2577,3516,3503,3274,2361,2249,2282,2076,2142,2178,2220,2294,2228,2204,2270,2247,2403,3280,3821,3602,2627,2097,2363,2090,1969,2201,2296,2306,2372,2269,2326,2287,2525,3594,4003,3780,2739,2364,2387,2222,2233,2237,2313,2402,2279,2230,2311,2271,2687,3780,3871,3651,2586,2336,2247,2236,2218,2282,2212,2356,2365,2250,2298,2342,2585,3651,3472,3264,2431,2298,2179,2242,2400,2405,2183,2221,2332,2211,2260,2340,2366,3241,3143,2923,2354,2378,2270,2307,2340,2340,2147,2359,2404,2140,2243,2146,2291,2911,3134,3007,2744,2308,2386,2423,2593,2676,2606,2404,2305,2360,2491,2296,2550,2990,4004,3457,3784,3511,2979,3136,3409,3502,3506,3684,3523,3073,3293,3361,3273,3867,4554,4083,4112,3939,3553,3795,3779,3835,4024,4205,4072,3690,3777,3830,3937,4456,4659,4241,4031,3949,3648,3906,4236,4229,4131,4303,4190,3799,3853,3919,4007,4588,4352,4011,3530,3528,3651,4045,4249,4150,3968,4058,3989,3649,3508,3849,3754,4319,4502,4265,3075,3426,3528,3839,3974,3858,3640,3629,3522,3364,3347,3487,3635,4297,4607,4379,3177,3176,3206,3498,3587,3473,3246,3127,3001,2924,3028,3234,3395,4382,4798,4575,3421,3034,2906,3033,3125,3132,3028,2719,2923,2763,2908,3140,3321,4576,4695,4471,3320,2978,2827,2828,2849,2864,2941,2644,2709,2578,2751,3156,3168,4470,4256,4029,2855,2687,2596,2839,2744,2758,2775,2745,2486,2535,2850,3106,2891,4026,3750,3534,2792,2644,2441,2800,2741,2681,2855,2875,2527,2552,2839,2921,2676,3529,3529,3305,2646,2584,2527,2690,2757,2613,2712,2595,2519,2382,2573,2505,2444,3308,3467,3273,2618,2516,2534,2626,2735,2610,2655,2475,2479,2493,2393,2609,2516,3224,3641,3414,2475,2345,2500,2469,2599,2543,2624,2438,2336,2395,2441,2515,2495,3414,3648,3428,2685,2500,2319,2479,2625,2719,2671,2512,2291,2413,2253,2355,2480,3423,3256,3135,2865,2748,2461,2719,2761,2757,2901,2964,2785,2567,2628,2749,2946,3132,3219,3067,2696,2668,2726,2603,2866,2742,2865,3032,2834,2626,2532,2777,2983,3124,2873,2735,2725,2268,2736,2823,2896,2736,2702,2774,2614,2620,2645,2565,2668,2812,2671,2632,2700,2289,2603,2621,2546,2551,2874,2786,2536,2462,2678,2589,2404,2573,2942,2691,2445,2274,2429,2495,2479,2426,2741,2680,2588,2346,2393,2361,2358,2762,3075,2912,2715,2525,2346,2483,2608,2595,2629,2757,2716,2463,2389,2599,2489,2927,2953,2730,2723,2597,2399,2565,2631,2671,2653,2732,2564,2452,2590,2614,2335,2843,2887,2600,2256,2412,2482,2556,2470,2402,2378,2529,2331,2371,2507,2567,2485,2779,3093,2804,2564,2505,2434,2538,2468,2413,2575,2651,2205,2390,2331,2444,2480,2912,3398,3168,2636,2659,2652,2617,2496,2634,2571,2512,2293,2467,2344,2275,2335,3189,3440,3218,2532,2488,2485,2445,2506,2515,2473,2361,2267,2446,2335,2356,2372,3218,3152,2939,2494,2418,2353,2420,2417,2371,2612,2570,2304,2361,2290,2268,2440,2944,3072,2866,2502,2354,2165,2394,2404,2458,2531,2506,2192,2386,2382,2326,2404,2848,2916,2787,2343,2321,2352,2395,2319,2411,2458,2492,2230,2123,2375,2488,2244,2676,2889,2681,2318,2392,2478,2493,2347,2412,2657,2636,2275,2280,2460,2455,2334,2637,2930,2772,2395,2422,2518,2503,2227,2441,2727,2696,2314,2332,2292,2201,2360,2607,2870,2715,2393,2375,2453,2462,2273,2323,2528,2436,2066,2321,2315,2202,2321,2661,2966,2741,2235,2347,2297,2391,2359,2326,2434,2365,2153,2204,2165,2151,2233,2783,3005,2776,2245,2183,2217,2279,2403,2404,2468,2343,2267,2397,2315,2147,2257,2816,2739,2509,2195,2221,2297,2228,2347,2396,2557,2454,2286,2368,2249,2181,2311,2668,2665,2459,2266,2235,2200,2244,2370,2251,2479,2367,2389,2359,2332,2303,2361,2585,2667,2516,2299,2238,2168,2252,2323,2316,2402,2265,2358,2280,2269,2334,2358,2467,2812,2626,2242,2249,2311,2410,2403,2410,2514,2284,2369,2426,2225,2372,2449,2578,2789,2593,2131,2286,2386,2453,2467,2476,2632,2544,2409,2374,2245,2238,2465,2543,2825,2656,2358,2357,2352,2320,2347,2415,2545,2472,2371,2261,2219,2325,2388,2601,2966,2742,2402,2298,2362,2223,2220,2332,2469,2198,2303,2299,2350,2328,2476,2731,2942,2547,2311,2288,2356,2171,2235,2431,2518,2381,2315,2365,2398,2354,2468,2782,2800,2553,2268,2312,2295,2187,2187,2395,2397,2308,2209,2154,2230,2342,2320,2692,2789,2589,2387,2336,2380,2259,2289,2348,2321,2220,2269,2154,2323,2370,2324,2575,2623,2510,2316,2317,2440,2344,2376,2352,2237,2192,2247,2308,2297,2351,2399,2490,2674,2511,2273,2387,2432,2383,2331,2262,2194,2238,2208,2276,2167,2178,2407,2544,2668,2445,2250,2392,2324,2254,2256,2287,2240,2330,2222,2201,2265,2186,2314,2569,2648,2494,2290,2376,2348,2307,2283,2197,2214,2304,2233,2151,2265,2224,2252,2557,2728,2502,2223,2230,2232,2096,2237,2359,2287,2364,2248,2255,2342,2312,2324,2554,2594,2517,2288,2260,2283,2334,2269,2285,2351,2351,2180,2182,2278,2285,2345,2491,2628,2463,2323,2294,2292,2249,2337,2362,2274,2307,2212,2228,2307,2272,2217,2518,3353,3158,2438,2216,2243,2235,2381,2424,2395,2366,2149,2273,2276,2386,2368,3119,3858,3645,2625,2376,2302,2187,2392,2372,2414,2367,2353,2351,2320,2498,2597,3636,4140,3913,2833,2559,2548,2628,2767,3015,3035,2690,2514,2482,2449,2821,2935,3924,4181,3956,2925,2572,2668,2915,2995,3187,3138,2864,2636,2463,2548,2901,3032,3969,4088,3863,2786,2312,2618,2801,2863,3035,3000,2831,2603,2324,2480,2684,2960,3862,4088,3870,2807,2426,2552,2619,2612,2596,2722,2659,2445,2400,2583,2494,2745,3862,3776,3556,2495,2484,2574,2556,2520,2481,2438,2459,2290,2507,2673,2513,2582,3544,3292,3118,2388,2365,2450,2426,2240,2265,2335,2413,2287,2355,2518,2431,2361,3060,3146,2919,2282,2309,2108,2292,2349,2249,2143,2246,2206,2094,2064,2165,2321,2948,2786,2628,2391,2298,2275,2299,2311,2328,2491,2472,2328,2284,2196,2134,2257,2587,2815,2675,2530,2355,2249,2330,2180,2341,2536,2496,2303,2216,2279,2258,2274,2642,2876,2688,2469,2398,2309,2240,2212,2327,2397,2346,2285,2306,2175,2250,2167,2642,2752,2583,2325,2389,2298,2214,2160,2286,2301,2328,2247,2150,2332,2361,2305,2548,2668,2497,2349,2360,2321,2335,2369,2273,2293,2229,2411,2320,2343,2331,2187,2517,2955,2755,2351,2352,2390,2287,2274,2402,2416,2386,2410,2456,2334,2370,2221,2779,3026,2736,2458,2290,2394,2336,2290,2562,2695,2637,2486,2418,2441,2426,2308,2841,2797,2756,2658,2469,2370,2412,2307,2819,2909,2765,2450,2522,2558,2540,2562,2612,2964,2791,2573,2411,2388,2171,2437,2773,2885,2707,2391,2419,2512,2602,2600,2866,3402,3168,2337,2443,2323,2309,2375,2516,2646,2573,2391,2312,2407,2442,2582,3186,3360,3139,2352,2350,2353,2271,2350,2307,2412,2386,2315,2286,2324,2267,2359,3154,3192,2987,2432,2407,2393,2432,2371,2333,2314,2494,2447,2203,2297,2251,2367,2966,2986,2760,2465,2468,2516,2488,2442,2585,2553,2614,2594,2434,2214,2504,2589,2844,3035,2821,2523,2491,2522,2544,2598,2721,2658,2603,2514,2352,2270,2488,2479,2842,2887,2809,2594,2470,2363,2524,2485,2628,2674,2629,2537,2328,2309,2386,2471,2706,2842,2557,2385,2397,2481,2456,2353,2445,2540,2435,2447,2317,2276,2341,2379,2580,2969,2739,2368,2469,2447,2412,2216,2334,2452,2473,2431,2378,2361,2249,2267,2805,2865,2665,2459,2439,2262,2362,2248,2537,2715,2687,2393,2275,2313,2202,2266,2766,2897,2711,2466,2302,2355,2250,2434,2767,2860,2806,2454,2365,2243,2396,2292,2624,2897,2633,2379,2391,2360,2285,2467,2745,2799,2786,2478,2283,2380,2453,2448,2693,2806,2620,2205,2334,2409,2399,2330,2527,2592,2529,2357,2281,2232,2309,2343,2545,2694,2620,2178,2105,2251,2340,2363,2411,2388,2333,2343,2310,2325,2405,2277,2286,2700,2655,2314,2288,2101,2270,2346,2131,2306,2270,2238,2319,2279,2387,2344,2548,2775,2582,2367,2273,2107,2226,2321,2318,2245,2266,2271,2317,2240,2294,2182,2606,2800,2606,2313,2298,2226,2158,2342,2309,2342,2315,2345,2246,2172,2267,2290,2645,2882,2689,2229,2247,2181,1986,2414,2369,2297,2380,2439,2285,2182,2278,2258,2670,2721,2525,2254,2076,2087,2224,2399,2215,2349,2403,2414,2335,2191,2249,2048,2487,2933,2704,2317,2209,2220,2282,2338,2291,2405,2368,2440,2349,2336,2227,2236,2774,2977,2782,2233,2151,2367,2368,2165,2152,2317,2485,2451,2269,2401,2366,2312,2836,3108,2918,2263,2150,2291,2259,2188,2314,2446,2463,2360,2355,2420,2324,2237,2809,3123,2926,2403,2200,2201,2269,2303,2215,2268,2343,2329,2360,2371,2174,2201,2913,2828,2707,2373,2285,2168,2327,2448,2419,2420,2348,2319,2195,2289,2068,2210,2614,2812,2661,2297,2293,2243,2321,2335,2399,2426,2306,2270,2179,2072,2218,2225,2519,2857,2702,2389,2256,2256,2271,2303,2297,2345,2354,2147,2120,2078,2288,2384,2599,2659,2519,2347,2219,2235,2338,2292,2300,2315,2331,2245,2354,2251,2253,2260,2559,3089,2884,2335,2327,2381,2341,2336,2392,2408,2314,2237,2400,2302,2205,2312,2852,3555,3331,2437,2285,2286,2320,2171,2347,2455,2446,2348,2407,2371,2236,2448,3337,3605,3384,2484,2354,2230,2244,2276,2148,2321,2428,2313,2372,2439,2451,2461,3385,3350,3136,2331,2283,2239,2481,2471,2356,2391,2309,2132,2324,2301,2382,2316,3112,3126,2900,2232,2219,2328,2449,2411,2406,2328,2291,2098,2364,2313,2273,2253,2913,3119,2937,2351,2381,2273,2269,2302,2421,2276,2330,2372,2386,2344,2237,2217,2869,3485,3285,2543,2363,2326,2302,2216,2351,2404,2405,2424,2400,2406,2398,2371,3248,3852,3631,2671,2335,2311,2299,2430,2675,3001,2889,2334,2375,2389,2405,2522,3630,4038,3819,2680,2403,2433,2430,2491,2923,3203,3135,2554,2374,2170,2356,2669,3820,3947,3722,2531,2461,2335,2274,2495,2819,3040,2925,2566,2274,2244,2313,2580,3720,3609,3385,2334,2202,2209,2301,2301,2392,2467,2565,2341,2309,2313,2054,2344,3382,3065,2856,2194,2241,2301,2343,2260,2314,2279,2302,2239,2335,2279,2189,2220,2809,3352,3129,2291,2257,2287,2278,2218,2291,2150,2236,2251,2222,2106,2244,2170,3134,3494,3271,2315,2381,2304,2179,2266,2333,2336,2301,2259,2287,2259,2236,2324,3271,3328,3123,2252,2278,2198,2160,2206,2351,2219,2109,2242,2228,2201,2317,2311,3104,3058,2853,2271,2075,2055,2111,1989,2196,2148,1998,2052,2121,2020,2153,2308,2839,2877,2679,2013,2067,2141,2144,2023,2080,2083,1974,2071,2118,2051,2115,2187,2668,2652,2450,1907,1992,2078,2005,2084,1996,1835,1944,2062,2101,2080,2004,2023,2440,2405,2201,2029,2118,2142,2098,1968,1889,1929,2086,2009,1961,2151,2074,1905,2287,2313,2179,1739,1985,2048,1987,1950,1946,1906,1968,1891,1892,2047,2067,2095,2162,2366,2207,2000,1975,2101,2052,1888,1956,1921,1945,1902,1899,1943,2076,1934,2156
,,,,,,,,,,,,,,,,,,,,,,,,,,,,,,,,,,,,,,,,,,,,,,,,,,,,,,,,,,,,,,,,,,,,,,,,,,,,,,,,,,,,,,,,,,,,,,,,,,,,,,,,,,,,,,,,,,,,,,,,,,,,,,,,,,,,,,,,,,,,,,,,,,,,,,,,,,,,,,,,,,,,,,,,,,,,,,,,,,,,,,,,,,,,,,,,,,,,,,,,,,,,,,,,,,,,,,,,,,,,,,,,,,,,,,,,,,,,,,,,,,,,,,,,,,,,,,,,,,,,,,,,,,,,,,,,,,,,,,,,,,,,,,,,,,,,,,,,,,,,,,,,,,,,,,,,,,,,,,,,,,,,,,,,,,,,,,,,,,,,,,,,,,,,,,,,,,,,,,,,,,,,,,,,,,,,,,,,,,,,,,,,,,,,,,,,,,,,,,,,,,,,,,,,,,,,,,,,,,,,,,,,,,,,,,,,,,,,,,,,,,,,,,,,,,,,,,,,,,,,,,,,,,,,,,,,,,,,,,,,,,,,,,,,,,,,,,,,,,,,,,,,,,,,,,,,,,,,,,,,,,,,,,,,,,,,,,,,,,,,,,,,,,,,,,,,,,,,,,,,,,,,,,,,,,,,,,,,,,,,,,,,,,,,,,,,,,,,,,,,,,,,,,,,,,,,,,,,,,,,,,,,,,,,,,,,,,,,,,,,,,,,,,,,,,,,,,,,,,,,,,,,,,,,,,,,,,,,,,,,,,,,,,,,,,,,,,,,,,,,,,,,,,,,,,,,,,,,,,,,,,,,,,,,,,,,,,,,,,,,,,,,,,,,,,,,,,,,,,,,,,,,,,,,,,,,,,,,,,,,,,,,,,,,,,,,,,,,,,,,,,,,,,,,,,,,,,,,,,,,,,,,,,,,,,,,,,,,,,,,,,,,,,,,,,,,,,,,,,,,,,,,,,,,,,,,,,,,,,,,,,,,,,,,,,,,,,,,,,,,,,,,,,,,,,,,,,,,,,,,,,,,,,,,,,,,,,,,,,,,,,,,,,,,,,,,,,,,,,,,,,,,,,,,,,,,,,,,,,,,,,,,,,,,,,,,,,,,,,,,,,,,,,,,,,,,,,,,,,,,,,,,,,,,,,,,,,,,,,,,,,,,,,,,,,,,,,,,,,,,,,,,,,,,,,,,,,,,,,,,,,,,,,,,,,,,,,,,,,,,,,,,,,,,,,,,,,,,,,,,,,,,,,,,,,,,,,,,,,,,,,,,,,,,,,,,,,,,,,,,,,,,,,,,,,,,,,,,,,,,,,,,,,,,,,,,,,,,,,,,,,,,,,,,,,,,,,,,,,,,,,,,,,,,,,,,,,,,,,,,,,,,,,,,,,,,,,,,,,,,,,,,,,,,,,,,,,,,,,,,,,,,,,,,,,,,,,,,,,,,,,,,,,,,,,,,,,,,,,,,,,,,,,,,,,,,,,,,,,,,,,,,,,,,,,,,,,,,,,,,,,,,,,,,,,,,,,,,,,,,,,,,,,,,,,,,,,,,,,,,,,,,,,,,,,,,,,,,,,,,,,,,,,,,,,,,,,,,,,,,,,,,,,,,,,,,,,,,,,,,,,,,,,,,,,,,,,,,,,,,,,,,,,,,,,,,,,,,,,,,,,,,,,,,,,,,,,,,,,,,,,,,,,,,,,,,,,,,,,,,,,,,,,,,,,,,,,,,,,,,,,,,,,,,,,,,,,,,,,,,,,,,,,,,,,,,,,,,,,,,,,,,,,,,,,,,,,,,,,,,,,,,,,,,,,,,,,,,,,,,,,,,,,,,,,,,,,,,,,,,,,,,,,,,,,,,,,,,,,,,,,,,,,,,,,,,,,,,,,,,,,,,,,,,,,,,,,,,,,,,,,,,,,,,,,,,,,,,,,,,,,,,,,,,,,,,,,,,,,,,,,,,,,,,,,,,,,,,,,,,,,,,,,,,,,,,,,,,,,,,,,,,,,,,,,,,,,,,,,,,,,,,,,,,,,,,,,,,,,,,,,,,,,,,,,,,,,,,,,,,,,,,,,,,,,,,,,,,,,,,,,,,,,,,,,,,,,,,,,,,,,,,,,,,,,,,,,,,,,,,,,,,,,,,,,,,,,,,,,,,,,,,,,,,,,,,,,,,,,,,,,,,,,,,,,,,,,,,,,,,,,,,,,,,,,,,,,,,,,,,,,,,,,,,,,,,,,,,,,,,,,,,,,,,,,,,,,,,,,,,,,,,,,,
,,,,,,,,,,,,,,,,,,,,,,,,,,,,,,,,,,,,,,,,,,,,,,,,,,,,,,,,,,,,,,,,,,,,,,,,,,,,,,,,,,,,,,,,,,,,,,,,,,,,,,,,,,,,,,,,,,,,,,,,,,,,,,,,,,,,,,,,,,,,,,,,,,,,,,,,,,,,,,,,,,,,,,,,,,,,,,,,,,,,,,,,,,,,,,,,,,,,,,,,,,,,,,,,,,,,,,,,,,,,,,,,,,,,,,,,,,,,,,,,,,,,,,,,,,,,,,,,,,,,,,,,,,,,,,,,,,,,,,,,,,,,,,,,,,,,,,,,,,,,,,,,,,,,,,,,,,,,,,,,,,,,,,,,,,,,,,,,,,,,,,,,,,,,,,,,,,,,,,,,,,,,,,,,,,,,,,,,,,,,,,,,,,,,,,,,,,,,,,,,,,,,,,,,,,,,,,,,,,,,,,,,,,,,,,,,,,,,,,,,,,,,,,,,,,,,,,,,,,,,,,,,,,,,,,,,,,,,,,,,,,,,,,,,,,,,,,,,,,,,,,,,,,,,,,,,,,,,,,,,,,,,,,,,,,,,,,,,,,,,,,,,,,,,,,,,,,,,,,,,,,,,,,,,,,,,,,,,,,,,,,,,,,,,,,,,,,,,,,,,,,,,,,,,,,,,,,,,,,,,,,,,,,,,,,,,,,,,,,,,,,,,,,,,,,,,,,,,,,,,,,,,,,,,,,,,,,,,,,,,,,,,,,,,,,,,,,,,,,,,,,,,,,,,,,,,,,,,,,,,,,,,,,,,,,,,,,,,,,,,,,,,,,,,,,,,,,,,,,,,,,,,,,,,,,,,,,,,,,,,,,,,,,,,,,,,,,,,,,,,,,,,,,,,,,,,,,,,,,,,,,,,,,,,,,,,,,,,,,,,,,,,,,,,,,,,,,,,,,,,,,,,,,,,,,,,,,,,,,,,,,,,,,,,,,,,,,,,,,,,,,,,,,,,,,,,,,,,,,,,,,,,,,,,,,,,,,,,,,,,,,,,,,,,,,,,,,,,,,,,,,,,,,,,,,,,,,,,,,,,,,,,,,,,,,,,,,,,,,,,,,,,,,,,,,,,,,,,,,,,,,,,,,,,,,,,,,,,,,,,,,,,,,,,,,,,,,,,,,,,,,,,,,,,,,,,,,,,,,,,,,,,,,,,,,,,,,,,,,,,,,,,,,,,,,,,,,,,,,,,,,,,,,,,,,,,,,,,,,,,,,,,,,,,,,,,,,,,,,,,,,,,,,,,,,,,,,,,,,,,,,,,,,,,,,,,,,,,,,,,,,,,,,,,,,,,,,,,,,,,,,,,,,,,,,,,,,,,,,,,,,,,,,,,,,,,,,,,,,,,,,,,,,,,,,,,,,,,,,,,,,,,,,,,,,,,,,,,,,,,,,,,,,,,,,,,,,,,,,,,,,,,,,,,,,,,,,,,,,,,,,,,,,,,,,,,,,,,,,,,,,,,,,,,,,,,,,,,,,,,,,,,,,,,,,,,,,,,,,,,,,,,,,,,,,,,,,,,,,,,,,,,,,,,,,,,,,,,,,,,,,,,,,,,,,,,,,,,,,,,,,,,,,,,,,,,,,,,,,,,,,,,,,,,,,,,,,,,,,,,,,,,,,,,,,,,,,,,,,,,,,,,,,,,,,,,,,,,,,,,,,,,,,,,,,,,,,,,,,,,,,,,,,,,,,,,,,,,,,,,,,,,,,,,,,,,,,,,,,,,,,,,,,,,,,,,,,,,,,,,,,,,,,,,,,,,,,,,,,,,,,,,,,,,,,,,,,,,,,,,,,,,,,,,,,,,,,,,,,,,,,,,,,,,,,,,,,,,,,,,,,,,,,,,,,,,,,,,,,,,,,,,,,,,,,,,,,,,,,,,,,,,,,,,,,,,,,,,,,,,,,,,,,,,,,,,,,,,,,,,,,,,,,,,,,,,,,,,,,,,,,,,,,,,,,,,,,,,,,,,,,,,,,,,,,,,,,,,,,,,,,,,,,,,,,,,,,,,,,,,,,,,,,,,,,,,,,,,,,,,,,,,,,,,,,,,,,,,,,,,,,,,,,,,,,,,,,,,,,,,,,,,,,,,,,,,,,,,,,,,,,,,,,,,,,,,,,,,,,,,,,,,,,,,,,,,,,,,,,,,,,,,,,,,,,,,,,,,,,,,,,,,,,,,,,,,,,,,,,,,,,,,,,,,,,,,,,,,,,,,,,,,,,,
,,,,,,,,,,,,,,,,,,,,,,,,,,,,,,,,,,,,,,,,,,,,,,,,,,,,,,,,,,,,,,,,,,,,,,,,,,,,,,,,,,,,,,,,,,,,,,,,,,,,,,,,,,,,,,,,,,,,,,,,,,,,,,,,,,,,,,,,,,,,,,,,,,,,,,,,,,,,,,,,,,,,,,,,,,,,,,,,,,,,,,,,,,,,,,,,,,,,,,,,,,,,,,,,,,,,,,,,,,,,,,,,,,,,,,,,,,,,,,,,,,,,,,,,,,,,,,,,,,,,,,,,,,,,,,,,,,,,,,,,,,,,,,,,,,,,,,,,,,,,,,,,,,,,,,,,,,,,,,,,,,,,,,,,,,,,,,,,,,,,,,,,,,,,,,,,,,,,,,,,,,,,,,,,,,,,,,,,,,,,,,,,,,,,,,,,,,,,,,,,,,,,,,,,,,,,,,,,,,,,,,,,,,,,,,,,,,,,,,,,,,,,,,,,,,,,,,,,,,,,,,,,,,,,,,,,,,,,,,,,,,,,,,,,,,,,,,,,,,,,,,,,,,,,,,,,,,,,,,,,,,,,,,,,,,,,,,,,,,,,,,,,,,,,,,,,,,,,,,,,,,,,,,,,,,,,,,,,,,,,,,,,,,,,,,,,,,,,,,,,,,,,,,,,,,,,,,,,,,,,,,,,,,,,,,,,,,,,,,,,,,,,,,,,,,,,,,,,,,,,,,,,,,,,,,,,,,,,,,,,,,,,,,,,,,,,,,,,,,,,,,,,,,,,,,,,,,,,,,,,,,,,,,,,,,,,,,,,,,,,,,,,,,,,,,,,,,,,,,,,,,,,,,,,,,,,,,,,,,,,,,,,,,,,,,,,,,,,,,,,,,,,,,,,,,,,,,,,,,,,,,,,,,,,,,,,,,,,,,,,,,,,,,,,,,,,,,,,,,,,,,,,,,,,,,,,,,,,,,,,,,,,,,,,,,,,,,,,,,,,,,,,,,,,,,,,,,,,,,,,,,,,,,,,,,,,,,,,,,,,,,,,,,,,,,,,,,,,,,,,,,,,,,,,,,,,,,,,,,,,,,,,,,,,,,,,,,,,,,,,,,,,,,,,,,,,,,,,,,,,,,,,,,,,,,,,,,,,,,,,,,,,,,,,,,,,,,,,,,,,,,,,,,,,,,,,,,,,,,,,,,,,,,,,,,,,,,,,,,,,,,,,,,,,,,,,,,,,,,,,,,,,,,,,,,,,,,,,,,,,,,,,,,,,,,,,,,,,,,,,,,,,,,,,,,,,,,,,,,,,,,,,,,,,,,,,,,,,,,,,,,,,,,,,,,,,,,,,,,,,,,,,,,,,,,,,,,,,,,,,,,,,,,,,,,,,,,,,,,,,,,,,,,,,,,,,,,,,,,,,,,,,,,,,,,,,,,,,,,,,,,,,,,,,,,,,,,,,,,,,,,,,,,,,,,,,,,,,,,,,,,,,,,,,,,,,,,,,,,,,,,,,,,,,,,,,,,,,,,,,,,,,,,,,,,,,,,,,,,,,,,,,,,,,,,,,,,,,,,,,,,,,,,,,,,,,,,,,,,,,,,,,,,,,,,,,,,,,,,,,,,,,,,,,,,,,,,,,,,,,,,,,,,,,,,,,,,,,,,,,,,,,,,,,,,,,,,,,,,,,,,,,,,,,,,,,,,,,,,,,,,,,,,,,,,,,,,,,,,,,,,,,,,,,,,,,,,,,,,,,,,,,,,,,,,,,,,,,,,,,,,,,,,,,,,,,,,,,,,,,,,,,,,,,,,,,,,,,,,,,,,,,,,,,,,,,,,,,,,,,,,,,,,,,,,,,,,,,,,,,,,,,,,,,,,,,,,,,,,,,,,,,,,,,,,,,,,,,,,,,,,,,,,,,,,,,,,,,,,,,,,,,,,,,,,,,,,,,,,,,,,,,,,,,,,,,,,,,,,,,,,,,,,,,,,,,,,,,,,,,,,,,,,,,,,,,,,,,,,,,,,,,,,,,,,,,,,,,,,,,,,,,,,,,,,,,,,,,,,,,,,,,,,,,,,,,,,,,,,,,,,,,,,,,,,,,,,,,,,,,,,,,,,,,,,,,,,,,,,,,,,,,,,,,,,,,,,,,,,,,,,,,,,,,,,,,,,,,,,,,,,,,,,,,,,,,,,,,,,,,,,,,,,,,,,,,,,,,,,,,,,,,,,,,,,,,,,,,,,,,,,,,,,,,,,,,,,,,,,,,,,,,,,,
,,,,,,,,,,,,,,,,,,,,,,,,,,,,,,,,,,,,,,,,,,,,,,,,,,,,,,,,,,,,,,,,,,,,,,,,,,,,,,,,,,,,,,,,,,,,,,,,,,,,,,,,,,,,,,,,,,,,,,,,,,,,,,,,,,,,,,,,,,,,,,,,,,,,,,,,,,,,,,,,,,,,,,,,,,,,,,,,,,,,,,,,,,,,,,,,,,,,,,,,,,,,,,,,,,,,,,,,,,,,,,,,,,,,,,,,,,,,,,,,,,,,,,,,,,,,,,,,,,,,,,,,,,,,,,,,,,,,,,,,,,,,,,,,,,,,,,,,,,,,,,,,,,,,,,,,,,,,,,,,,,,,,,,,,,,,,,,,,,,,,,,,,,,,,,,,,,,,,,,,,,,,,,,,,,,,,,,,,,,,,,,,,,,,,,,,,,,,,,,,,,,,,,,,,,,,,,,,,,,,,,,,,,,,,,,,,,,,,,,,,,,,,,,,,,,,,,,,,,,,,,,,,,,,,,,,,,,,,,,,,,,,,,,,,,,,,,,,,,,,,,,,,,,,,,,,,,,,,,,,,,,,,,,,,,,,,,,,,,,,,,,,,,,,,,,,,,,,,,,,,,,,,,,,,,,,,,,,,,,,,,,,,,,,,,,,,,,,,,,,,,,,,,,,,,,,,,,,,,,,,,,,,,,,,,,,,,,,,,,,,,,,,,,,,,,,,,,,,,,,,,,,,,,,,,,,,,,,,,,,,,,,,,,,,,,,,,,,,,,,,,,,,,,,,,,,,,,,,,,,,,,,,,,,,,,,,,,,,,,,,,,,,,,,,,,,,,,,,,,,,,,,,,,,,,,,,,,,,,,,,,,,,,,,,,,,,,,,,,,,,,,,,,,,,,,,,,,,,,,,,,,,,,,,,,,,,,,,,,,,,,,,,,,,,,,,,,,,,,,,,,,,,,,,,,,,,,,,,,,,,,,,,,,,,,,,,,,,,,,,,,,,,,,,,,,,,,,,,,,,,,,,,,,,,,,,,,,,,,,,,,,,,,,,,,,,,,,,,,,,,,,,,,,,,,,,,,,,,,,,,,,,,,,,,,,,,,,,,,,,,,,,,,,,,,,,,,,,,,,,,,,,,,,,,,,,,,,,,,,,,,,,,,,,,,,,,,,,,,,,,,,,,,,,,,,,,,,,,,,,,,,,,,,,,,,,,,,,,,,,,,,,,,,,,,,,,,,,,,,,,,,,,,,,,,,,,,,,,,,,,,,,,,,,,,,,,,,,,,,,,,,,,,,,,,,,,,,,,,,,,,,,,,,,,,,,,,,,,,,,,,,,,,,,,,,,,,,,,,,,,,,,,,,,,,,,,,,,,,,,,,,,,,,,,,,,,,,,,,,,,,,,,,,,,,,,,,,,,,,,,,,,,,,,,,,,,,,,,,,,,,,,,,,,,,,,,,,,,,,,,,,,,,,,,,,,,,,,,,,,,,,,,,,,,,,,,,,,,,,,,,,,,,,,,,,,,,,,,,,,,,,,,,,,,,,,,,,,,,,,,,,,,,,,,,,,,,,,,,,,,,,,,,,,,,,,,,,,,,,,,,,,,,,,,,,,,,,,,,,,,,,,,,,,,,,,,,,,,,,,,,,,,,,,,,,,,,,,,,,,,,,,,,,,,,,,,,,,,,,,,,,,,,,,,,,,,,,,,,,,,,,,,,,,,,,,,,,,,,,,,,,,,,,,,,,,,,,,,,,,,,,,,,,,,,,,,,,,,,,,,,,,,,,,,,,,,,,,,,,,,,,,,,,,,,,,,,,,,,,,,,,,,,,,,,,,,,,,,,,,,,,,,,,,,,,,,,,,,,,,,,,,,,,,,,,,,,,,,,,,,,,,,,,,,,,,,,,,,,,,,,,,,,,,,,,,,,,,,,,,,,,,,,,,,,,,,,,,,,,,,,,,,,,,,,,,,,,,,,,,,,,,,,,,,,,,,,,,,,,,,,,,,,,,,,,,,,,,,,,,,,,,,,,,,,,,,,,,,,,,,,,,,,,,,,,,,,,,,,,,,,,,,,,,,,,,,,,,,,,,,,,,,,,,,,,,,,,,,,,,,,,,,,,,,,,,,,,,,,,,,,,,,,,,,,,,,,,,,,,,,,,,,,,,,,,,,,,,,,,,,,,,,,,,,,,,,,,,,,,,,,,,,,,,,,,,,,,,,,,,,,,,,,,,,,,,,,,,,,,,,,,,,,,,,,,,,,,,,,,,,,,,,,,
,,,,,,,,,,,,,,,,,,,,,,,,,,,,,,,,,,,,,,,,,,,,,,,,,,,,,,,,,,,,,,,,,,,,,,,,,,,,,,,,,,,,,,,,,,,,,,,,,,,,,,,,,,,,,,,,,,,,,,,,,,,,,,,,,,,,,,,,,,,,,,,,,,,,,,,,,,,,,,,,,,,,,,,,,,,,,,,,,,,,,,,,,,,,,,,,,,,,,,,,,,,,,,,,,,,,,,,,,,,,,,,,,,,,,,,,,,,,,,,,,,,,,,,,,,,,,,,,,,,,,,,,,,,,,,,,,,,,,,,,,,,,,,,,,,,,,,,,,,,,,,,,,,,,,,,,,,,,,,,,,,,,,,,,,,,,,,,,,,,,,,,,,,,,,,,,,,,,,,,,,,,,,,,,,,,,,,,,,,,,,,,,,,,,,,,,,,,,,,,,,,,,,,,,,,,,,,,,,,,,,,,,,,,,,,,,,,,,,,,,,,,,,,,,,,,,,,,,,,,,,,,,,,,,,,,,,,,,,,,,,,,,,,,,,,,,,,,,,,,,,,,,,,,,,,,,,,,,,,,,,,,,,,,,,,,,,,,,,,,,,,,,,,,,,,,,,,,,,,,,,,,,,,,,,,,,,,,,,,,,,,,,,,,,,,,,,,,,,,,,,,,,,,,,,,,,,,,,,,,,,,,,,,,,,,,,,,,,,,,,,,,,,,,,,,,,,,,,,,,,,,,,,,,,,,,,,,,,,,,,,,,,,,,,,,,,,,,,,,,,,,,,,,,,,,,,,,,,,,,,,,,,,,,,,,,,,,,,,,,,,,,,,,,,,,,,,,,,,,,,,,,,,,,,,,,,,,,,,,,,,,,,,,,,,,,,,,,,,,,,,,,,,,,,,,,,,,,,,,,,,,,,,,,,,,,,,,,,,,,,,,,,,,,,,,,,,,,,,,,,,,,,,,,,,,,,,,,,,,,,,,,,,,,,,,,,,,,,,,,,,,,,,,,,,,,,,,,,,,,,,,,,,,,,,,,,,,,,,,,,,,,,,,,,,,,,,,,,,,,,,,,,,,,,,,,,,,,,,,,,,,,,,,,,,,,,,,,,,,,,,,,,,,,,,,,,,,,,,,,,,,,,,,,,,,,,,,,,,,,,,,,,,,,,,,,,,,,,,,,,,,,,,,,,,,,,,,,,,,,,,,,,,,,,,,,,,,,,,,,,,,,,,,,,,,,,,,,,,,,,,,,,,,,,,,,,,,,,,,,,,,,,,,,,,,,,,,,,,,,,,,,,,,,,,,,,,,,,,,,,,,,,,,,,,,,,,,,,,,,,,,,,,,,,,,,,,,,,,,,,,,,,,,,,,,,,,,,,,,,,,,,,,,,,,,,,,,,,,,,,,,,,,,,,,,,,,,,,,,,,,,,,,,,,,,,,,,,,,,,,,,,,,,,,,,,,,,,,,,,,,,,,,,,,,,,,,,,,,,,,,,,,,,,,,,,,,,,,,,,,,,,,,,,,,,,,,,,,,,,,,,,,,,,,,,,,,,,,,,,,,,,,,,,,,,,,,,,,,,,,,,,,,,,,,,,,,,,,,,,,,,,,,,,,,,,,,,,,,,,,,,,,,,,,,,,,,,,,,,,,,,,,,,,,,,,,,,,,,,,,,,,,,,,,,,,,,,,,,,,,,,,,,,,,,,,,,,,,,,,,,,,,,,,,,,,,,,,,,,,,,,,,,,,,,,,,,,,,,,,,,,,,,,,,,,,,,,,,,,,,,,,,,,,,,,,,,,,,,,,,,,,,,,,,,,,,,,,,,,,,,,,,,,,,,,,,,,,,,,,,,,,,,,,,,,,,,,,,,,,,,,,,,,,,,,,,,,,,,,,,,,,,,,,,,,,,,,,,,,,,,,,,,,,,,,,,,,,,,,,,,,,,,,,,,,,,,,,,,,,,,,,,,,,,,,,,,,,,,,,,,,,,,,,,,,,,,,,,,,,,,,,,,,,,,,,,,,,,,,,,,,,,,,,,,,,,,,,,,,,,,,,,,,,,,,,,,,,,,,,,,,,,,,,,,,,,,,,,,,,,,,,,,,,,,,,,,,,,,,,,,,,,,,,,,,,,,,,,,,,,,,,,,,,,,,,,,,,,,,,,,,,,,,,,,,,,,,,,,,,,,,,,,,,,,,,,,,,,,,,,,,,,,,,,,,,,,,,,,,,,,,,,,,,,,,,,,,,,,,,,,,,,,,,,,,,,,,,,,,,,,,,,,,,
3493,3287,2597,2416,2354,2255,2269,2269,2097,2269,2269,2255,2354,2416,2597,3287,3707,3467,2459,2259,2294,2276,2243,2164,2323,2330,2398,2215,2369,2450,2549,3486,4072,3849,2727,2422,2136,2198,2302,2174,2300,2324,2365,2267,2337,2451,2655,3850,4204,3982,2861,2555,2384,2255,2292,2364,2264,2213,2293,2080,2310,2491,2868,3983,4010,3789,2697,2397,2327,2353,2318,2370,2330,2210,2228,2168,2434,2279,2687,3788,3728,3512,2502,2311,2326,2247,2306,2322,2365,2329,2244,2335,2414,2233,2496,3505,3508,3281,2266,2248,2373,2309,2188,2248,2241,2125,2167,2240,2291,2147,2402,3276,3818,3591,2432,2169,2360,2289,2252,2221,2212,2221,2054,2293,2236,2285,2400,3593,4003,3777,2631,2341,2379,2347,2200,2350,2336,2330,2184,2166,2265,2442,2585,3778,3874,3651,2464,2217,2299,2085,2330,2397,2281,2273,2193,2197,2330,2415,2518,3653,3474,3259,2351,2286,2208,2178,2259,2332,2264,2307,2196,2286,2411,2275,2417,3235,3145,2923,2298,2300,2129,2241,2450,2502,2392,2344,2192,2303,2396,2350,2367,2925,3145,3099,2928,2534,2593,2657,2668,2643,2622,2486,2238,2511,2505,2628,2689,2950,3982,3487,3805,3635,3364,3258,3573,3507,3413,3657,3430,3508,3399,3327,3407,3808,4527,4120,3984,3796,3648,3970,4097,4024,4093,4180,3931,3982,3570,4022,4058,4384,4633,4344,3829,3753,3851,4215,4244,4258,4338,4290,3954,3954,3766,4208,4224,4510,4394,4225,3911,3704,3891,4123,4038,4216,4265,4085,3537,3829,3694,3998,4025,4271,4518,4294,3627,3325,3544,3773,3481,3900,3922,3644,3441,3664,3658,3538,3583,4284,4611,4386,3325,3302,3291,3300,3191,3452,3492,3219,3125,3266,3312,3189,3213,4387,4798,4580,3477,3061,3044,2983,2971,3090,3006,2773,2808,3064,3073,3221,3239,4571,4696,4475,3356,2968,2808,2726,2676,2859,2886,2677,2708,2876,2885,3213,3046,4464,4251,4026,2820,2641,2771,2696,2706,2648,2697,2773,2663,2678,2737,3073,2896,4015,3754,3517,2529,2712,2750,2754,2881,2677,2841,2704,2684,2622,2633,2874,2698,3534,3524,3296,2612,2635,2600,2643,2760,2639,2684,2391,2394,2489,2551,2472,2564,3296,3439,3222,2488,2415,2375,2626,2639,2581,2637,2363,2484,2438,2517,2491,2484,3220,3637,3413,2573,2433,2345,2461,2579,2581,2593,2460,2565,2402,2306,2302,2499,3413,3643,3433,2720,2387,2462,2481,2625,2634,2530,2467,2367,2520,2297,2579,2722,3419,3237,3021,3046,2980,2866,2692,2731,2817,2636,2679,2854,2706,2539,2698,2898,3027,3029,3049,3079,3038,2952,2631,2768,2905,2704,2818,2836,2754,2627,2532,2705,2952,2858,2833,2949,2891,2788,2545,2729,2773,2318,2605,2508,2744,2562,2523,2416,2698,2809,2699,2790,2603,2538,2513,2584,2300,2522,2556,2490,2625,2444,2645,2561,2716,2861,2735,2358,2442,2442,2578,2489,2515,2560,2589,2747,2614,2385,2502,2611,2719,2911,2838,2830,2719,2545,2452,2417,2591,2646,2738,2807,2647,2434,2555,2650,2725,2814,2785,2808,2665,2503,2406,2345,2617,2679,2703,2639,2393,2491,2622,2643,2514,2810,2582,2553,2590,2507,2386,2376,2411,2482,2499,2489,2374,2488,2526,2460,2662,3130,2895,2540,2654,2534,2371,2476,2590,2595,2579,2531,2381,2481,2495,2520,2894,3415,3197,2468,2516,2439,2411,2596,2813,2878,2516,2566,2463,2502,2448,2404,3175,3461,3245,2382,2296,2277,2430,2579,2707,2769,2510,2551,2430,2293,2309,2282,3214,3229,3025,2413,2340,2407,2295,2509,2601,2641,2502,2434,2193,2211,2318,2417,2968,2988,2828,2382,2343,2291,2378,2394,2415,2475,2455,2353,2299,2321,2339,2346,2737,2894,2726,2334,2461,2402,2168,2253,2423,2375,2267,2317,2299,2359,2301,2327,2625,2945,2774,2388,2478,2452,2448,2372,2543,2646,2500,2258,2345,2466,2322,2508,2689,2891,2708,2328,2394,2416,2472,2402,2545,2835,2727,2060,2352,2421,2333,2409,2789,2861,2559,2383,2441,2429,2422,2317,2407,2685,2606,2196,2351,2421,2074,2171,2693,2754,2536,2312,2302,2153,2217,2139,2290,2445,2355,2301,2269,2377,2344,2338,2615,2938,2696,2236,2147,2169,2271,2363,2352,2455,2410,2297,2201,2349,2355,2383,2766,2849,2572,2191,2199,2183,2235,2418,2414,2416,2278,2200,2349,2393,2371,2312,2606,2833,2618,2275,2196,2200,2310,2363,2383,2415,2366,2221,2312,2371,2326,2247,2528,2687,2376,2321,2295,2310,2386,2360,2300,2403,2433,2313,2329,2299,2343,2264,2475,2693,2570,2264,2240,2426,2367,2436,2517,2647,2528,2403,2361,2336,2333,2309,2446,2658,2515,2256,2354,2430,2242,2493,2517,2659,2478,2320,2358,2294,2333,2403,2458,2888,2674,2320,2339,2412,2267,2407,2516,2573,2424,2357,2333,2293,2412,2403,2657,2975,2770,2394,2314,2383,2331,2347,2534,2593,2435,2273,2307,2228,2428,2459,2730,2906,2728,2449,2482,2310,2327,2507,2560,2489,2413,2429,2415,2178,2277,2500,2746,2855,2621,2353,2390,2333,2193,2389,2487,2333,2294,2386,2249,2076,2331,2441,2698,2648,2569,2342,2274,2199,2302,2411,2468,2294,2349,2314,2217,2330,2343,2391,2459,2586,2475,2386,2263,2181,2223,2273,2461,2360,2281,2256,2052,2414,2373,2481,2493,2615,2441,2319,2338,2118,2131,2260,2355,2391,2306,2281,2257,2196,2267,2396,2444,2659,2502,2373,2332,2367,2058,2245,2382,2393,2246,2163,2277,2292,2248,2218,2414,2615,2511,2285,2241,2319,2202,2219,2247,2367,2242,2280,2281,2174,2165,2280,2358,2525,2510,2280,2334,2335,2256,2118,2190,2381,2276,2298,2231,2249,2246,2087,2505,2638,2432,2281,2256,2251,2292,2206,2211,2406,2321,2198,2354,2287,2409,2258,2512,2729,2588,2375,2231,2279,2324,2233,2341,2261,2341,2197,2281,2429,2458,2430,2614,3364,3147,2336,2312,2408,2411,2328,2184,2250,2308,2150,2398,2407,2429,2420,3137,3864,3646,2724,2477,2363,2329,2428,2482,2552,2418,2273,2414,2481,2494,2600,3645,4141,3911,2904,2528,2523,2591,2778,2992,3044,2824,2618,2620,2516,2695,2841,3919,4180,3953,2850,2600,2762,2879,2953,3159,3173,2960,2713,2599,2599,2699,2890,3962,4090,3874,2953,2633,2755,2841,2854,3058,3056,2959,2618,2569,2586,2523,2908,3862,4085,3864,2819,2397,2629,2673,2669,2795,2805,2684,2395,2511,2703,2523,2803,3860,3765,3534,2458,2494,2495,2485,2348,2559,2542,2396,2402,2594,2732,2584,2485,3535,3252,3077,2389,2308,2319,2403,2348,2359,2459,2407,2403,2547,2647,2511,2307,3016,3079,2871,2408,2251,2315,2382,2242,2226,2475,2321,2319,2295,2454,2362,2406,2818,2714,2556,2346,2292,2260,2234,2096,2180,2470,2546,2151,2225,2264,2310,2433,2628,2747,2633,2284,2384,2384,2340,2340,2241,2399,2532,2203,2260,2092,2292,2372,2630,2772,2592,2312,2354,2259,2197,2317,2191,2264,2317,2175,2322,2308,2282,2303,2617,2754,2518,2240,2067,2244,2218,2196,2216,2259,2213,2300,2322,2333,2346,2202,2544,2726,2595,2214,2274,2315,2236,2222,2280,2289,2301,2261,2273,2296,2331,2243,2491,2914,2742,2327,2157,2360,2213,2230,2331,2343,2321,2348,2258,2348,2317,2210,2705,2946,2787,2443,2421,2492,2430,2569,2423,2539,2643,2421,2417,2482,2469,2380,2760,2808,2778,2613,2480,2602,2675,2719,2575,2718,2745,2429,2534,2410,2414,2441,2679,2985,2745,2626,2398,2558,2617,2622,2599,2672,2652,2508,2469,2377,2529,2487,2787,3424,3185,2470,2391,2460,2411,2412,2281,2698,2590,2347,2494,2358,2522,2525,3197,3394,3194,2319,2157,2278,2255,2315,2440,2623,2530,2301,2499,2318,2402,2364,3154,3204,3051,2394,2393,2454,2326,2290,2581,2464,2509,2370,2427,2445,2434,2475,2940,2982,2715,2500,2476,2517,2457,2348,2752,2790,2673,2340,2340,2413,2449,2643,2787,3093,2765,2610,2543,2323,2483,2422,2722,2765,2697,2421,2388,2489,2303,2594,2964,2993,2702,2583,2512,2275,2283,2381,2658,2659,2598,2458,2378,2467,2322,2366,2858,2975,2796,2472,2439,2295,2270,2333,2479,2642,2574,2284,2396,2253,2309,2385,2715,2923,2711,2402,2434,2304,2339,2431,2583,2548,2521,2281,2377,2382,2235,2214,2684,2988,2768,2299,2332,2305,2298,2421,2413,2507,2436,2339,2422,2442,2185,2247,2744,2941,2679,2301,2511,2435,2490,2458,2538,2652,2548,2367,2447,2402,2424,2396,2757,2934,2651,2408,2575,2415,2456,2496,2754,2835,2589,2329,2383,2359,2451,2424,2811,2921,2704,2268,2468,2367,2308,2319,2630,2702,2547,2220,2296,2274,2396,2445,2754,2754,2540,2309,2292,2301,2144,2221,2270,2479,2411,2224,2312,2282,2354,2331,2637,2717,2547,2346,2326,2226,2208,2320,2384,2457,2496,2313,2334,2141,2274,2287,2542,2672,2470,2243,2398,2369,2309,2394,2374,2485,2531,2346,2313,2281,2245,2327,2458,2597,2484,2317,2437,2349,2343,2324,2336,2400,2473,2460,2347,2345,2238,2304,2384,2662,2537,2253,2447,2208,2374,2323,2245,2481,2413,2391,2335,2276,2319,2339,2443,2895,2650,2489,2332,2348,2316,2283,2322,2392,2337,2267,2382,2356,2324,2312,2724,3090,2851,2361,2312,2346,2385,2443,2372,2363,2274,2192,2361,2367,2283,2427,2925,2949,2734,2386,2340,2359,2469,2436,2391,2374,2336,2342,2329,2350,2351,2410,2807,2989,2768,2220,2209,2274,2314,2420,2355,2271,2201,2247,2318,2266,2023,2349,2766,3101,2915,2223,2225,2258,2265,2389,2377,2180,2138,2198,2309,2195,2224,2410,2857,2924,2734,2281,2314,2330,2355,2245,2315,2367,2278,2145,2243,2149,2210,2361,2712,2785,2538,2265,2016,2214,2284,2337,2424,2406,2358,2257,2246,2209,2067,2306,2613,2853,2686,2417,2264,2311,2213,2226,2354,2349,2258,2081,2269,2211,2298,2137,2651,2722,2618,2408,2223,2267,2301,2319,2362,2191,2164,2209,2396,2320,2339,2394,2463,3112,2873,2266,2287,2333,2299,2374,2419,2440,2230,2305,2399,2352,2379,2418,2869,3558,3330,2354,2243,2302,2276,2335,2441,2464,2360,2346,2415,2351,2287,2384,3337,3603,3376,2353,2265,2201,2179,2252,2343,2331,2286,2300,2353,2357,2110,2455,3382,3347,3105,2273,2271,2306,2249,2207,2418,2355,2322,2365,2381,2308,2251,2367,3122,3105,2891,2319,2383,2386,2376,2206,2284,2334,2296,2320,2464,2345,2125,2230,2838,3097,2839,2440,2456,2397,2271,2211,2390,2390,2184,2210,2323,2408,2290,2302,2925,3478,3236,2432,2557,2482,2330,2330,2334,2482,2349,2205,2322,2290,2436,2486,3287,3855,3635,2610,2549,2492,2486,2257,2793,3009,2858,2328,2367,2506,2474,2533,3632,4040,3823,2727,2430,2434,2510,2243,3010,3226,3069,2438,2368,2501,2460,2613,3819,3947,3725,2559,2268,2412,2404,2335,2861,3045,2845,2380,2367,2387,2382,2454,3718,3611,3384,2280,2343,2369,2347,2280,2398,2486,2309,2260,2302,2287,2318,2479,3383,3089,2847,2180,2316,2288,2120,2246,2318,2214,2082,2119,2172,2238,2294,2379,2877,3353,3129,2361,2331,2305,2237,2162,2110,2284,2176,2148,2112,2038,2229,2098,3133,3491,3271,2349,2315,2173,2133,1988,2266,2361,2308,2003,2154,2218,2227,2306,3259,3326,3112,2225,2187,2162,2262,2166,2296,2374,2337,2066,2125,2171,2232,2117,3087,3068,2849,2144,1997,2005,2155,2138,2148,2257,2117,2143,2145,2026,2176,2149,2841,2858,2631,1976,2046,2050,2113,2146,2085,2048,1954,2100,2110,1849,2085,2173,2633,2653,2441,2115,2135,2033,2168,2206,1988,2009,1975,2106,2019,1754,2068,2089,2411,2345,2091,1918,1988,1902,2033,2048,1964,1987,1933,2024,1988,1889,1922,1935,2152,2281,2149,1973,1968,1844,1960,1998,2050,2001,1952,2070,1978,2036,2020,1903,2069,2297,2072,1973,1961,1957,2020,1981,1962,1896,2000,2095,2077,1968,1924,2015,2223
,,,,,,,,,,,,,,,,,,,,,,,,,,,,,,,,,,,,,,,,,,,,,,,,,,,,,,,,,,,,,,,,,,,,,,,,,,,,,,,,,,,,,,,,,,,,,,,,,,,,,,,,,,,,,,,,,,,,,,,,,,,,,,,,,,,,,,,,,,,,,,,,,,,,,,,,,,,,,,,,,,,,,,,,,,,,,,,,,,,,,,,,,,,,,,,,,,,,,,,,,,,,,,,,,,,,,,,,,,,,,,,,,,,,,,,,,,,,,,,,,,,,,,,,,,,,,,,,,,,,,,,,,,,,,,,,,,,,,,,,,,,,,,,,,,,,,,,,,,,,,,,,,,,,,,,,,,,,,,,,,,,,,,,,,,,,,,,,,,,,,,,,,,,,,,,,,,,,,,,,,,,,,,,,,,,,,,,,,,,,,,,,,,,,,,,,,,,,,,,,,,,,,,,,,,,,,,,,,,,,,,,,,,,,,,,,,,,,,,,,,,,,,,,,,,,,,,,,,,,,,,,,,,,,,,,,,,,,,,,,,,,,,,,,,,,,,,,,,,,,,,,,,,,,,,,,,,,,,,,,,,,,,,,,,,,,,,,,,,,,,,,,,,,,,,,,,,,,,,,,,,,,,,,,,,,,,,,,,,,,,,,,,,,,,,,,,,,,,,,,,,,,,,,,,,,,,,,,,,,,,,,,,,,,,,,,,,,,,,,,,,,,,,,,,,,,,,,,,,,,,,,,,,,,,,,,,,,,,,,,,,,,,,,,,,,,,,,,,,,,,,,,,,,,,,,,,,,,,,,,,,,,,,,,,,,,,,,,,,,,,,,,,,,,,,,,,,,,,,,,,,,,,,,,,,,,,,,,,,,,,,,,,,,,,,,,,,,,,,,,,,,,,,,,,,,,,,,,,,,,,,,,,,,,,,,,,,,,,,,,,,,,,,,,,,,,,,,,,,,,,,,,,,,,,,,,,,,,,,,,,,,,,,,,,,,,,,,,,,,,,,,,,,,,,,,,,,,,,,,,,,,,,,,,,,,,,,,,,,,,,,,,,,,,,,,,,,,,,,,,,,,,,,,,,,,,,,,,,,,,,,,,,,,,,,,,,,,,,,,,,,,,,,,,,,,,,,,,,,,,,,,,,,,,,,,,,,,,,,,,,,,,,,,,,,,,,,,,,,,,,,,,,,,,,,,,,,,,,,,,,,,,,,,,,,,,,,,,,,,,,,,,,,,,,,,,,,,,,,,,,,,,,,,,,,,,,,,,,,,,,,,,,,,,,,,,,,,,,,,,,,,,,,,,,,,,,,,,,,,,,,,,,,,,,,,,,,,,,,,,,,,,,,,,,,,,,,,,,,,,,,,,,,,,,,,,,,,,,,,,,,,,,,,,,,,,,,,,,,,,,,,,,,,,,,,,,,,,,,,,,,,,,,,,,,,,,,,,,,,,,,,,,,,,,,,,,,,,,,,,,,,,,,,,,,,,,,,,,,,,,,,,,,,,,,,,,,,,,,,,,,,,,,,,,,,,,,,,,,,,,,,,,,,,,,,,,,,,,,,,,,,,,,,,,,,,,,,,,,,,,,,,,,,,,,,,,,,,,,,,,,,,,,,,,,,,,,,,,,,,,,,,,,,,,,,,,,,,,,,,,,,,,,,,,,,,,,,,,,,,,,,,,,,,,,,,,,,,,,,,,,,,,,,,,,,,,,,,,,,,,,,,,,,,,,,,,,,,,,,,,,,,,,,,,,,,,,,,,,,,,,,,,,,,,,,,,,,,,,,,,,,,,,,,,,,,,,,,,,,,,,,,,,,,,,,,,,,,,,,,,,,,,,,,,,,,,,,,,,,,,,,,,,,,,,,,,,,,,,,,,,,,,,,,,,,,,,,,,,,,,,,,,,,,,,,,,,,,,,,,,,,,,,,,,,,,,,,,,,,,,,,,,,,,,,,,,,,,,,,,,,,,,,,,,,,,,,,,,,,,,,,,,,,,,,,,,,,,,,,,,,,,,,,,,,,,,,,,,,,,,,,,,,,,,,,,,,,,,,,,,,,,,,,,,,,,,,,,,,,,,,,,,,,,,,,,,,,,,,,,,,,,,,,,,,,,,,,,,,,,,,,,,,,,,,,,,,,,,,,,,,,,,,,,,,,,,,,,,,,,,,,,,,,,,,,,,,,,,,,,,,,,,,,,,,,,,,,,,,,,,,,,,,,,,,,,,,,,,,,,,,,,,,,,,,,,,,,,,,,,,,,,,,,,,,,,,,,,,,,,,,,,,,,
,,,,,,,,,,,,,,,,,,,,,,,,,,,,,,,,,,,,,,,,,,,,,,,,,,,,,,,,,,,,,,,,,,,,,,,,,,,,,,,,,,,,,,,,,,,,,,,,,,,,,,,,,,,,,,,,,,,,,,,,,,,,,,,,,,,,,,,,,,,,,,,,,,,,,,,,,,,,,,,,,,,,,,,,,,,,,,,,,,,,,,,,,,,,,,,,,,,,,,,,,,,,,,,,,,,,,,,,,,,,,,,,,,,,,,,,,,,,,,,,,,,,,,,,,,,,,,,,,,,,,,,,,,,,,,,,,,,,,,,,,,,,,,,,,,,,,,,,,,,,,,,,,,,,,,,,,,,,,,,,,,,,,,,,,,,,,,,,,,,,,,,,,,,,,,,,,,,,,,,,,,,,,,,,,,,,,,,,,,,,,,,,,,,,,,,,,,,,,,,,,,,,,,,,,,,,,,,,,,,,,,,,,,,,,,,,,,,,,,,,,,,,,,,,,,,,,,,,,,,,,,,,,,,,,,,,,,,,,,,,,,,,,,,,,,,,,,,,,,,,,,,,,,,,,,,,,,,,,,,,,,,,,,,,,,,,,,,,,,,,,,,,,,,,,,,,,,,,,,,,,,,,,,,,,,,,,,,,,,,,,,,,,,,,,,,,,,,,,,,,,,,,,,,,,,,,,,,,,,,,,,,,,,,,,,,,,,,,,,,,,,,,,,,,,,,,,,,,,,,,,,,,,,,,,,,,,,,,,,,,,,,,,,,,,,,,,,,,,,,,,,,,,,,,,,,,,,,,,,,,,,,,,,,,,,,,,,,,,,,,,,,,,,,,,,,,,,,,,,,,,,,,,,,,,,,,,,,,,,,,,,,,,,,,,,,,,,,,,,,,,,,,,,,,,,,,,,,,,,,,,,,,,,,,,,,,,,,,,,,,,,,,,,,,,,,,,,,,,,,,,,,,,,,,,,,,,,,,,,,,,,,,,,,,,,,,,,,,,,,,,,,,,,,,,,,,,,,,,,,,,,,,,,,,,,,,,,,,,,,,,,,,,,,,,,,,,,,,,,,,,,,,,,,,,,,,,,,,,,,,,,,,,,,,,,,,,,,,,,,,,,,,,,,,,,,,,,,,,,,,,,,,,,,,,,,,,,,,,,,,,,,,,,,,,,,,,,,,,,,,,,,,,,,,,,,,,,,,,,,,,,,,,,,,,,,,,,,,,,,,,,,,,,,,,,,,,,,,,,,,,,,,,,,,,,,,,,,,,,,,,,,,,,,,,,,,,,,,,,,,,,,,,,,,,,,,,,,,,,,,,,,,,,,,,,,,,,,,,,,,,,,,,,,,,,,,,,,,,,,,,,,,,,,,,,,,,,,,,,,,,,,,,,,,,,,,,,,,,,,,,,,,,,,,,,,,,,,,,,,,,,,,,,,,,,,,,,,,,,,,,,,,,,,,,,,,,,,,,,,,,,,,,,,,,,,,,,,,,,,,,,,,,,,,,,,,,,,,,,,,,,,,,,,,,,,,,,,,,,,,,,,,,,,,,,,,,,,,,,,,,,,,,,,,,,,,,,,,,,,,,,,,,,,,,,,,,,,,,,,,,,,,,,,,,,,,,,,,,,,,,,,,,,,,,,,,,,,,,,,,,,,,,,,,,,,,,,,,,,,,,,,,,,,,,,,,,,,,,,,,,,,,,,,,,,,,,,,,,,,,,,,,,,,,,,,,,,,,,,,,,,,,,,,,,,,,,,,,,,,,,,,,,,,,,,,,,,,,,,,,,,,,,,,,,,,,,,,,,,,,,,,,,,,,,,,,,,,,,,,,,,,,,,,,,,,,,,,,,,,,,,,,,,,,,,,,,,,,,,,,,,,,,,,,,,,,,,,,,,,,,,,,,,,,,,,,,,,,,,,,,,,,,,,,,,,,,,,,,,,,,,,,,,,,,,,,,,,,,,,,,,,,,,,,,,,,,,,,,,,,,,,,,,,,,,,,,,,,,,,,,,,,,,,,,,,,,,,,,,,,,,,,,,,,,,,,,,,,,,,,,,,,,,,,,,,,,,,,,,,,,,,,,,,,,,,,,,,,,,,,,,,,,,,,,,,,,,,,,,,,,,,,,,,,,,,,,,,,,,,,,,,,,,,,,,,,,,,,,,,,,,,,,,,,,,,,,,,,,,,,,,,,,,,,,,,,,,,,,,,,,,,,,,,,,,,,,,,,,,,,,,,,,,,,,,,,,,,,,,,,,,,,,,,,,,,,,,,,,,,,,,,,,,,
,,,,,,,,,,,,,,,,,,,,,,,,,,,,,,,,,,,,,,,,,,,,,,,,,,,,,,,,,,,,,,,,,,,,,,,,,,,,,,,,,,,,,,,,,,,,,,,,,,,,,,,,,,,,,,,,,,,,,,,,,,,,,,,,,,,,,,,,,,,,,,,,,,,,,,,,,,,,,,,,,,,,,,,,,,,,,,,,,,,,,,,,,,,,,,,,,,,,,,,,,,,,,,,,,,,,,,,,,,,,,,,,,,,,,,,,,,,,,,,,,,,,,,,,,,,,,,,,,,,,,,,,,,,,,,,,,,,,,,,,,,,,,,,,,,,,,,,,,,,,,,,,,,,,,,,,,,,,,,,,,,,,,,,,,,,,,,,,,,,,,,,,,,,,,,,,,,,,,,,,,,,,,,,,,,,,,,,,,,,,,,,,,,,,,,,,,,,,,,,,,,,,,,,,,,,,,,,,,,,,,,,,,,,,,,,,,,,,,,,,,,,,,,,,,,,,,,,,,,,,,,,,,,,,,,,,,,,,,,,,,,,,,,,,,,,,,,,,,,,,,,,,,,,,,,,,,,,,,,,,,,,,,,,,,,,,,,,,,,,,,,,,,,,,,,,,,,,,,,,,,,,,,,,,,,,,,,,,,,,,,,,,,,,,,,,,,,,,,,,,,,,,,,,,,,,,,,,,,,,,,,,,,,,,,,,,,,,,,,,,,,,,,,,,,,,,,,,,,,,,,,,,,,,,,,,,,,,,,,,,,,,,,,,,,,,,,,,,,,,,,,,,,,,,,,,,,,,,,,,,,,,,,,,,,,,,,,,,,,,,,,,,,,,,,,,,,,,,,,,,,,,,,,,,,,,,,,,,,,,,,,,,,,,,,,,,,,,,,,,,,,,,,,,,,,,,,,,,,,,,,,,,,,,,,,,,,,,,,,,,,,,,,,,,,,,,,,,,,,,,,,,,,,,,,,,,,,,,,,,,,,,,,,,,,,,,,,,,,,,,,,,,,,,,,,,,,,,,,,,,,,,,,,,,,,,,,,,,,,,,,,,,,,,,,,,,,,,,,,,,,,,,,,,,,,,,,,,,,,,,,,,,,,,,,,,,,,,,,,,,,,,,,,,,,,,,,,,,,,,,,,,,,,,,,,,,,,,,,,,,,,,,,,,,,,,,,,,,,,,,,,,,,,,,,,,,,,,,,,,,,,,,,,,,,,,,,,,,,,,,,,,,,,,,,,,,,,,,,,,,,,,,,,,,,,,,,,,,,,,,,,,,,,,,,,,,,,,,,,,,,,,,,,,,,,,,,,,,,,,,,,,,,,,,,,,,,,,,,,,,,,,,,,,,,,,,,,,,,,,,,,,,,,,,,,,,,,,,,,,,,,,,,,,,,,,,,,,,,,,,,,,,,,,,,,,,,,,,,,,,,,,,,,,,,,,,,,,,,,,,,,,,,,,,,,,,,,,,,,,,,,,,,,,,,,,,,,,,,,,,,,,,,,,,,,,,,,,,,,,,,,,,,,,,,,,,,,,,,,,,,,,,,,,,,,,,,,,,,,,,,,,,,,,,,,,,,,,,,,,,,,,,,,,,,,,,,,,,,,,,,,,,,,,,,,,,,,,,,,,,,,,,,,,,,,,,,,,,,,,,,,,,,,,,,,,,,,,,,,,,,,,,,,,,,,,,,,,,,,,,,,,,,,,,,,,,,,,,,,,,,,,,,,,,,,,,,,,,,,,,,,,,,,,,,,,,,,,,,,,,,,,,,,,,,,,,,,,,,,,,,,,,,,,,,,,,,,,,,,,,,,,,,,,,,,,,,,,,,,,,,,,,,,,,,,,,,,,,,,,,,,,,,,,,,,,,,,,,,,,,,,,,,,,,,,,,,,,,,,,,,,,,,,,,,,,,,,,,,,,,,,,,,,,,,,,,,,,,,,,,,,,,,,,,,,,,,,,,,,,,,,,,,,,,,,,,,,,,,,,,,,,,,,,,,,,,,,,,,,,,,,,,,,,,,,,,,,,,,,,,,,,,,,,,,,,,,,,,,,,,,,,,,,,,,,,,,,,,,,,,,,,,,,,,,,,,,,,,,,,,,,,,,,,,,,,,,,,,,,,,,,,,,,,,,,,,,,,,,,,,,,,,,,,,,,,,,,,,,,,,,,,,,,,,,,,,,,,,,,,,,,,,,,,,,,,,,,,,,,,,,,,,,,,,,,,,,,,,,,,,,,,,,,,,,,,,,,,,,,,,,,,,,,,,,,,,,,,,,,,,,,,,,,,
,,,,,,,,,,,,,,,,,,,,,,,,,,,,,,,,,,,,,,,,,,,,,,,,,,,,,,,,,,,,,,,,,,,,,,,,,,,,,,,,,,,,,,,,,,,,,,,,,,,,,,,,,,,,,,,,,,,,,,,,,,,,,,,,,,,,,,,,,,,,,,,,,,,,,,,,,,,,,,,,,,,,,,,,,,,,,,,,,,,,,,,,,,,,,,,,,,,,,,,,,,,,,,,,,,,,,,,,,,,,,,,,,,,,,,,,,,,,,,,,,,,,,,,,,,,,,,,,,,,,,,,,,,,,,,,,,,,,,,,,,,,,,,,,,,,,,,,,,,,,,,,,,,,,,,,,,,,,,,,,,,,,,,,,,,,,,,,,,,,,,,,,,,,,,,,,,,,,,,,,,,,,,,,,,,,,,,,,,,,,,,,,,,,,,,,,,,,,,,,,,,,,,,,,,,,,,,,,,,,,,,,,,,,,,,,,,,,,,,,,,,,,,,,,,,,,,,,,,,,,,,,,,,,,,,,,,,,,,,,,,,,,,,,,,,,,,,,,,,,,,,,,,,,,,,,,,,,,,,,,,,,,,,,,,,,,,,,,,,,,,,,,,,,,,,,,,,,,,,,,,,,,,,,,,,,,,,,,,,,,,,,,,,,,,,,,,,,,,,,,,,,,,,,,,,,,,,,,,,,,,,,,,,,,,,,,,,,,,,,,,,,,,,,,,,,,,,,,,,,,,,,,,,,,,,,,,,,,,,,,,,,,,,,,,,,,,,,,,,,,,,,,,,,,,,,,,,,,,,,,,,,,,,,,,,,,,,,,,,,,,,,,,,,,,,,,,,,,,,,,,,,,,,,,,,,,,,,,,,,,,,,,,,,,,,,,,,,,,,,,,,,,,,,,,,,,,,,,,,,,,,,,,,,,,,,,,,,,,,,,,,,,,,,,,,,,,,,,,,,,,,,,,,,,,,,,,,,,,,,,,,,,,,,,,,,,,,,,,,,,,,,,,,,,,,,,,,,,,,,,,,,,,,,,,,,,,,,,,,,,,,,,,,,,,,,,,,,,,,,,,,,,,,,,,,,,,,,,,,,,,,,,,,,,,,,,,,,,,,,,,,,,,,,,,,,,,,,,,,,,,,,,,,,,,,,,,,,,,,,,,,,,,,,,,,,,,,,,,,,,,,,,,,,,,,,,,,,,,,,,,,,,,,,,,,,,,,,,,,,,,,,,,,,,,,,,,,,,,,,,,,,,,,,,,,,,,,,,,,,,,,,,,,,,,,,,,,,,,,,,,,,,,,,,,,,,,,,,,,,,,,,,,,,,,,,,,,,,,,,,,,,,,,,,,,,,,,,,,,,,,,,,,,,,,,,,,,,,,,,,,,,,,,,,,,,,,,,,,,,,,,,,,,,,,,,,,,,,,,,,,,,,,,,,,,,,,,,,,,,,,,,,,,,,,,,,,,,,,,,,,,,,,,,,,,,,,,,,,,,,,,,,,,,,,,,,,,,,,,,,,,,,,,,,,,,,,,,,,,,,,,,,,,,,,,,,,,,,,,,,,,,,,,,,,,,,,,,,,,,,,,,,,,,,,,,,,,,,,,,,,,,,,,,,,,,,,,,,,,,,,,,,,,,,,,,,,,,,,,,,,,,,,,,,,,,,,,,,,,,,,,,,,,,,,,,,,,,,,,,,,,,,,,,,,,,,,,,,,,,,,,,,,,,,,,,,,,,,,,,,,,,,,,,,,,,,,,,,,,,,,,,,,,,,,,,,,,,,,,,,,,,,,,,,,,,,,,,,,,,,,,,,,,,,,,,,,,,,,,,,,,,,,,,,,,,,,,,,,,,,,,,,,,,,,,,,,,,,,,,,,,,,,,,,,,,,,,,,,,,,,,,,,,,,,,,,,,,,,,,,,,,,,,,,,,,,,,,,,,,,,,,,,,,,,,,,,,,,,,,,,,,,,,,,,,,,,,,,,,,,,,,,,,,,,,,,,,,,,,,,,,,,,,,,,,,,,,,,,,,,,,,,,,,,,,,,,,,,,,,,,,,,,,,,,,,,,,,,,,,,,,,,,,,,,,,,,,,,,,,,,,,,,,,,,,,,,,,,,,,,,,,,,,,,,,,,,,,,,,,,,,,,,,,,,,,,,,,,,,,,,,,,,,,,,,,,,,,,,,,,,,,,,,,,,,,,,,,,,,,,,,,,,,,,,,,,,,,,,,,,,,,,,,,,,,,,,,,,,,,,,,,,,,,,,,,,,,,,,,,,,,,,,,,
,,,,,,,,,,,,,,,,,,,,,,,,,,,,,,,,,,,,,,,,,,,,,,,,,,,,,,,,,,,,,,,,,,,,,,,,,,,,,,,,,,,,,,,,,,,,,,,,,,,,,,,,,,,,,,,,,,,,,,,,,,,,,,,,,,,,,,,,,,,,,,,,,,,,,,,,,,,,,,,,,,,,,,,,,,,,,,,,,,,,,,,,,,,,,,,,,,,,,,,,,,,,,,,,,,,,,,,,,,,,,,,,,,,,,,,,,,,,,,,,,,,,,,,,,,,,,,,,,,,,,,,,,,,,,,,,,,,,,,,,,,,,,,,,,,,,,,,,,,,,,,,,,,,,,,,,,,,,,,,,,,,,,,,,,,,,,,,,,,,,,,,,,,,,,,,,,,,,,,,,,,,,,,,,,,,,,,,,,,,,,,,,,,,,,,,,,,,,,,,,,,,,,,,,,,,,,,,,,,,,,,,,,,,,,,,,,,,,,,,,,,,,,,,,,,,,,,,,,,,,,,,,,,,,,,,,,,,,,,,,,,,,,,,,,,,,,,,,,,,,,,,,,,,,,,,,,,,,,,,,,,,,,,,,,,,,,,,,,,,,,,,,,,,,,,,,,,,,,,,,,,,,,,,,,,,,,,,,,,,,,,,,,,,,,,,,,,,,,,,,,,,,,,,,,,,,,,,,,,,,,,,,,,,,,,,,,,,,,,,,,,,,,,,,,,,,,,,,,,,,,,,,,,,,,,,,,,,,,,,,,,,,,,,,,,,,,,,,,,,,,,,,,,,,,,,,,,,,,,,,,,,,,,,,,,,,,,,,,,,,,,,,,,,,,,,,,,,,,,,,,,,,,,,,,,,,,,,,,,,,,,,,,,,,,,,,,,,,,,,,,,,,,,,,,,,,,,,,,,,,,,,,,,,,,,,,,,,,,,,,,,,,,,,,,,,,,,,,,,,,,,,,,,,,,,,,,,,,,,,,,,,,,,,,,,,,,,,,,,,,,,,,,,,,,,,,,,,,,,,,,,,,,,,,,,,,,,,,,,,,,,,,,,,,,,,,,,,,,,,,,,,,,,,,,,,,,,,,,,,,,,,,,,,,,,,,,,,,,,,,,,,,,,,,,,,,,,,,,,,,,,,,,,,,,,,,,,,,,,,,,,,,,,,,,,,,,,,,,,,,,,,,,,,,,,,,,,,,,,,,,,,,,,,,,,,,,,,,,,,,,,,,,,,,,,,,,,,,,,,,,,,,,,,,,,,,,,,,,,,,,,,,,,,,,,,,,,,,,,,,,,,,,,,,,,,,,,,,,,,,,,,,,,,,,,,,,,,,,,,,,,,,,,,,,,,,,,,,,,,,,,,,,,,,,,,,,,,,,,,,,,,,,,,,,,,,,,,,,,,,,,,,,,,,,,,,,,,,,,,,,,,,,,,,,,,,,,,,,,,,,,,,,,,,,,,,,,,,,,,,,,,,,,,,,,,,,,,,,,,,,,,,,,,,,,,,,,,,,,,,,,,,,,,,,,,,,,,,,,,,,,,,,,,,,,,,,,,,,,,,,,,,,,,,,,,,,,,,,,,,,,,,,,,,,,,,,,,,,,,,,,,,,,,,,,,,,,,,,,,,,,,,,,,,,,,,,,,,,,,,,,,,,,,,,,,,,,,,,,,,,,,,,,,,,,,,,,,,,,,,,,,,,,,,,,,,,,,,,,,,,,,,,,,,,,,,,,,,,,,,,,,,,,,,,,,,,,,,,,,,,,,,,,,,,,,,,,,,,,,,,,,,,,,,,,,,,,,,,,,,,,,,,,,,,,,,,,,,,,,,,,,,,,,,,,,,,,,,,,,,,,,,,,,,,,,,,,,,,,,,,,,,,,,,,,,,,,,,,,,,,,,,,,,,,,,,,,,,,,,,,,,,,,,,,,,,,,,,,,,,,,,,,,,,,,,,,,,,,,,,,,,,,,,,,,,,,,,,,,,,,,,,,,,,,,,,,,,,,,,,,,,,,,,,,,,,,,,,,,,,,,,,,,,,,,,,,,,,,,,,,,,,,,,,,,,,,,,,,,,,,,,,,,,,,,,,,,,,,,,,,,,,,,,,,,,,,,,,,,,,,,,,,,,,,,,,,,,,,,,,,,,,,,,,,,,,,,,,,,,,,,,,,,,,,,,,,,,,,,,,,,,,,,,,,,,,,,,,,,,,,,,,,,,,,,,,,,,,,,,,,,,,,,,,,,,,,,,,,,,,,,,,,,,,,,,,,,,,,,,,,,,,,,,
3404,3245,2330,2393,2399,2468,2398,2351,2046,2351,2398,2468,2399,2393,2330,3245,3723,3495,2523,2264,2385,2376,2276,2185,2242,2426,2272,2373,2328,2429,2515,3508,4070,3853,2811,2388,2354,2376,2350,2332,2271,2293,2253,2300,2459,2425,2738,3849,4204,3983,2902,2495,2327,2364,2288,2224,2275,2202,2268,2282,2303,2542,2847,3980,4007,3790,2693,2316,2241,2253,2249,2241,2311,2154,2218,2388,2339,2526,2678,3784,3732,3505,2356,2264,2379,2410,2244,2306,2364,2331,2273,2339,2403,2318,2519,3512,3509,3286,2312,2258,2320,2324,2324,2275,2317,2379,2334,2251,2394,2405,2373,3293,3817,3594,2434,2415,2206,2320,2343,2263,2313,2391,2387,2140,2229,2478,2398,3588,4001,3779,2686,2265,2283,2198,2267,2283,2432,2425,2426,2180,2235,2528,2550,3775,3874,3658,2644,2235,2398,2223,2118,2232,2421,2336,2332,2317,2321,2356,2508,3648,3481,3269,2455,2353,2268,2261,2219,2333,2249,2348,2258,2322,2348,2306,2330,3247,3143,2913,2449,2520,2419,2344,2275,2446,2388,2304,2327,2287,2263,2388,2448,2948,3152,3040,2801,2726,2689,2494,2445,2495,2464,2384,2412,2373,2316,2644,2736,2793,3962,3919,3549,3292,3323,3171,3331,3602,3612,3609,3339,3302,3349,3292,3214,3640,4481,4303,3699,4017,4017,3906,3872,4045,3923,4088,3833,3762,3893,4012,4025,4113,4579,4358,4024,4232,4174,4089,3953,4060,3714,4172,4014,3877,4025,4209,4256,4170,4370,4249,4038,4097,3955,3873,3819,3897,3646,3925,3909,3715,3807,4031,4073,3749,4535,4333,3634,3602,3395,3287,3591,3769,3516,3517,3576,3347,3318,3505,3390,4294,4608,4379,3228,3105,3003,3099,3127,3383,3056,3256,3241,2984,2742,3051,3250,4384,4799,4576,3395,3123,2859,2847,2937,2900,3104,3015,2955,2833,2903,3156,3410,4578,4697,4473,3361,2859,2861,2664,2777,2646,2917,2889,2787,2830,2840,2947,3258,4469,4257,4039,3137,2924,2924,2897,2823,2784,2868,2801,2867,2743,2729,2787,2828,4026,3767,3551,2943,2865,2749,2832,2903,2923,2949,2987,2788,2682,2597,2700,2717,3538,3551,3319,2634,2562,2608,2656,2803,2833,2840,2827,2623,2582,2402,2489,2621,3339,3474,3236,2505,2596,2571,2452,2575,2622,2592,2628,2672,2537,2438,2499,2707,3283,3638,3425,2566,2514,2549,2548,2490,2487,2428,2483,2642,2516,2294,2295,2568,3408,3644,3426,2767,2519,2577,2600,2544,2450,2491,2550,2549,2453,2365,2422,2338,3415,3232,3163,2963,2591,2742,2716,2797,2660,2718,2629,2477,2700,2508,2663,2697,3038,3163,3066,2917,2660,2791,2721,2900,2857,2827,2734,2729,2680,2636,2441,2740,3024,2824,2749,2720,2517,2683,2700,2811,2819,2756,2828,2837,2793,2795,2573,2720,2887,2927,2667,2505,2373,2582,2636,2673,2752,2823,2753,2729,2694,2739,2647,2636,2887,2820,2712,2525,2488,2580,2551,2504,2717,2744,2684,2676,2632,2654,2634,2729,2840,2957,2990,2730,2564,2538,2482,2478,2541,2649,2672,2637,2467,2487,2537,2490,2749,2931,2926,2678,2659,2553,2311,2588,2574,2582,2609,2533,2436,2549,2550,2648,2707,2848,2716,2482,2592,2500,2395,2514,2629,2632,2605,2484,2238,2401,2471,2541,2657,3106,2892,2603,2457,2498,2579,2477,2633,2687,2556,2583,2319,2347,2465,2550,2873,3405,3185,2539,2447,2451,2476,2412,2690,2657,2520,2505,2429,2394,2404,2417,3189,3450,3222,2446,2402,2464,2372,2402,2585,2519,2521,2106,2440,2488,2343,2427,3233,3187,2959,2251,2223,2389,2195,2292,2510,2697,2603,2177,2360,2402,2375,2448,2996,2892,2742,2399,2293,2353,2222,2286,2620,2722,2519,2098,2173,2257,2423,2486,2778,2864,2710,2412,2322,2447,2355,2241,2520,2633,2518,2192,2199,2184,2311,2360,2718,2927,2781,2417,2356,2359,2272,2298,2579,2687,2639,2481,2435,2312,2253,2176,2701,2941,2736,2315,2368,2310,2423,2429,2541,2735,2736,2409,2347,2327,2140,2275,2716,2795,2614,2305,2382,2426,2425,2254,2457,2624,2664,2431,2390,2242,2404,2371,2578,2833,2544,2387,2244,2331,2332,2393,2363,2441,2389,2354,2250,2389,2504,2383,2672,2950,2723,2420,2248,2223,2200,2400,2382,2413,2369,2228,2297,2392,2397,2425,2711,2886,2614,2266,2129,2104,2257,2425,2382,2372,2347,2097,2215,2318,2381,2475,2719,2821,2598,2271,2222,2290,2260,2293,2423,2328,2215,2152,2301,2294,2335,2352,2605,2695,2553,2261,2053,2224,2313,2231,2318,2267,2198,2416,2373,2255,2358,2247,2539,2823,2630,2296,2085,2206,2270,2423,2321,2250,2343,2359,2357,2333,2267,2280,2598,2810,2655,2279,2173,2322,2425,2470,2357,2469,2318,2280,2274,2409,2321,2306,2681,2830,2689,2381,2356,2364,2446,2380,2313,2375,2442,2313,2340,2394,2275,2285,2656,3008,2814,2355,2404,2333,2447,2434,2258,2318,2379,2307,2378,2420,2374,2406,2765,2947,2755,2383,2420,2392,2414,2410,2392,2357,2221,2349,2334,2436,2349,2411,2733,2778,2486,2453,2471,2495,2489,2445,2376,2422,2416,2181,2424,2423,2256,2079,2602,2803,2622,2413,2336,2362,2463,2444,2358,2371,2391,2334,2206,2267,2202,2193,2543,2634,2531,2328,2297,2346,2384,2340,2215,2393,2349,2255,2217,2321,2387,2345,2362,2502,2423,2272,2347,2294,2295,2282,2376,2409,2265,2221,2366,2394,2458,2343,2348,2662,2522,2344,2290,2270,2302,2318,2444,2399,2332,2353,2307,2384,2445,2432,2537,2645,2612,2367,2375,2403,2206,2355,2395,2429,2402,2384,2222,2114,2320,2309,2556,2770,2626,2345,2345,2371,2322,2389,2351,2323,2334,2298,2221,2178,2343,2373,2578,2681,2522,2260,2200,2286,2241,2345,2353,2337,2263,2356,2259,2212,2408,2436,2521,2488,2256,2321,2211,2312,2177,2296,2325,2301,2350,2369,2371,2373,2353,2347,2516,3349,3150,2387,2376,2395,2387,2350,2310,2254,2393,2270,2344,2471,2377,2373,3111,3859,3657,2720,2368,2431,2329,2391,2320,2591,2640,2461,2336,2374,2430,2602,3614,4144,3918,3000,2670,2370,2460,2650,2906,3039,2999,2724,2593,2433,2631,2828,3911,4181,3964,3085,2732,2525,2797,2825,3144,3239,3128,2784,2676,2489,2653,2811,3943,4093,3858,2685,2616,2490,2710,2784,3077,3151,3032,2673,2546,2471,2649,2775,3870,4090,3866,2769,2466,2344,2378,2493,2793,2874,2791,2508,2532,2566,2409,2761,3872,3764,3538,2650,2524,2326,2307,2429,2488,2578,2467,2473,2452,2570,2362,2525,3534,3295,3073,2562,2465,2345,2498,2448,2387,2587,2433,2378,2316,2496,2443,2448,3100,3117,2898,2500,2408,2234,2418,2355,2386,2471,2416,2375,2354,2434,2468,2450,2900,2836,2588,2429,2400,2379,2432,2215,2298,2460,2513,2440,2454,2421,2405,2495,2645,2895,2716,2304,2320,2381,2417,2305,2335,2569,2549,2406,2251,2337,2376,2456,2720,2899,2714,2241,2324,2322,2345,2338,2207,2443,2504,2408,2257,2318,2314,2446,2752,2732,2571,2177,2222,2249,2293,2288,2215,2369,2416,2293,2318,2412,2305,2322,2444,2727,2582,2123,2187,2243,2230,2371,2409,2396,2392,2268,2401,2482,2363,2369,2532,2858,2664,2398,2321,2301,2331,2297,2301,2493,2481,2335,2405,2366,2409,2407,2683,2870,2751,2547,2362,2312,2417,2418,2513,2773,2681,2382,2420,2455,2505,2401,2615,3023,2862,2592,2386,2467,2510,2553,2418,2817,2754,2476,2514,2598,2625,2436,2859,3143,2902,2441,2358,2420,2386,2476,2469,2741,2622,2387,2392,2538,2460,2440,2968,3433,3183,2300,2308,2405,2384,2373,2459,2556,2426,2218,2381,2307,2391,2449,3218,3388,3154,2461,2303,2411,2359,2404,2488,2461,2550,2387,2354,2307,2275,2350,3186,3183,2978,2253,2211,2279,2320,2506,2522,2672,2600,2451,2284,2326,2408,2421,2966,3018,2893,2491,2460,2477,2448,2534,2723,2857,2692,2315,2384,2403,2521,2640,2852,3116,2919,2527,2394,2456,2522,2524,2606,2770,2549,2501,2473,2423,2615,2682,2973,3010,2767,2372,2423,2533,2467,2374,2748,2797,2489,2459,2441,2487,2607,2654,2872,2989,2799,2332,2403,2460,2388,2462,2526,2443,2386,2175,2329,2388,2533,2598,2785,2977,2809,2320,2263,2396,2469,2495,2393,2452,2410,2170,2277,2284,2393,2475,2804,3058,2849,2359,2338,2358,2428,2442,2444,2591,2532,2118,2224,2192,2271,2386,2861,2951,2795,2420,2319,2321,2306,2349,2565,2854,2683,2062,2348,2229,2296,2218,2630,2908,2718,2314,2342,2390,2489,2300,2783,2955,2611,2222,2370,2309,2211,2411,2711,2759,2487,2281,2431,2399,2480,2327,2737,2832,2499,2255,2262,2232,2254,2327,2662,2681,2519,2319,2393,2338,2353,2294,2534,2649,2482,2356,2320,2151,2328,2193,2505,2561,2462,2365,2250,2318,2277,2326,2362,2469,2464,2286,2293,2241,2254,2127,2417,2628,2522,2363,2155,2321,2313,2422,2291,2307,2461,2346,2249,2245,2250,2343,2581,2715,2441,2211,2146,2264,2366,2387,2321,2152,2403,2333,2308,2278,2325,2334,2598,2753,2558,2270,2199,2223,2329,2315,2296,2391,2360,2264,2284,2370,2216,2355,2608,2647,2453,2337,2233,2179,2328,2331,2327,2352,2402,2186,2283,2417,2334,2295,2511,3059,2822,2298,2321,2379,2369,2377,2466,2452,2435,2383,2465,2326,2423,2356,2846,3159,2955,2367,2312,2392,2290,2359,2443,2476,2275,2362,2410,2385,2380,2282,2951,3172,2935,2418,2331,2222,2356,2459,2481,2390,2290,2331,2241,2312,2367,2286,2965,3032,2831,2300,2165,2194,2397,2443,2464,2372,2329,2236,2183,2187,2327,2287,2746,2886,2642,2337,2209,2191,2223,2375,2413,2288,2200,2016,2283,2378,2392,2428,2775,2821,2584,2394,2402,2275,2337,2394,2361,2357,2402,2177,2330,2327,2392,2492,2682,2800,2573,2289,2367,2262,2330,2398,2244,2318,2434,2354,2176,2224,2255,2401,2554,2705,2491,2242,2369,2320,2327,2247,2211,2372,2421,2371,2190,2361,2277,2340,2538,3127,2880,2359,2495,2377,2325,2269,2293,2340,2402,2334,2275,2358,2360,2377,2939,3574,3340,2401,2474,2355,2305,2309,2479,2390,2351,2304,2335,2412,2377,2522,3358,3608,3379,2300,2400,2186,2211,2187,2367,2379,2530,2376,2396,2452,2399,2532,3395,3363,3134,2288,2274,2163,2316,2223,2337,2421,2462,2385,2324,2362,2346,2367,3134,3113,2907,2229,2335,2332,2209,2121,2302,2514,2410,2400,2354,2250,2359,2437,2899,3079,2851,2410,2364,2316,2262,2286,2407,2375,2355,2297,2236,2230,2313,2478,2894,3476,3254,2388,2391,2368,2362,2410,2444,2437,2355,2197,2156,2258,2344,2537,3258,3851,3626,2423,2409,2226,2359,2319,2665,2937,2879,2343,2227,2328,2385,2615,3631,4038,3814,2628,2205,2382,2318,2462,2751,3122,3076,2392,2395,2347,2479,2701,3821,3943,3717,2604,2309,2431,2449,2471,2822,3014,2917,2369,2386,2400,2443,2620,3722,3602,3376,2319,2326,2369,2410,2321,2688,2729,2590,2231,2410,2294,2293,2469,3385,3094,2878,2360,2301,2311,2369,2194,2399,2410,2306,2298,2407,2260,2166,2270,2902,3338,3117,2222,2249,2325,2357,2079,2091,2412,2332,2317,2390,2258,2192,2076,3116,3496,3277,2367,2123,2249,2316,2140,2409,2423,2330,2144,2305,2270,2323,2238,3276,3326,3112,2209,2218,2217,2124,2197,2375,2304,2237,2029,2062,2054,2184,2249,3092,3048,2846,2279,2174,2230,2178,2212,2223,2294,2244,2158,2038,1986,2116,2114,2790,2861,2666,2190,2086,2185,2142,2128,2104,2197,2210,2136,1933,1834,1964,1975,2630,2627,2456,2106,2096,2106,1874,2050,2100,2085,2112,2064,2063,2139,2116,2000,2383,2304,2298,2100,2007,2078,2063,2116,2063,2097,2010,2081,2035,1983,2051,2103,2116,2302,2174,1876,1945,1843,2043,2081,2035,2056,2047,2008,1814,1940,2078,2029,1999,2277,2084,1932,1944,1891,1999,2039,1972,1968,1999,1967,1942,1971,2033,1995,2110
,,,,,,,,,,,,,,,,,,,,,,,,,,,,,,,,,,,,,,,,,,,,,,,,,,,,,,,,,,,,,,,,,,,,,,,,,,,,,,,,,,,,,,,,,,,,,,,,,,,,,,,,,,,,,,,,,,,,,,,,,,,,,,,,,,,,,,,,,,,,,,,,,,,,,,,,,,,,,,,,,,,,,,,,,,,,,,,,,,,,,,,,,,,,,,,,,,,,,,,,,,,,,,,,,,,,,,,,,,,,,,,,,,,,,,,,,,,,,,,,,,,,,,,,,,,,,,,,,,,,,,,,,,,,,,,,,,,,,,,,,,,,,,,,,,,,,,,,,,,,,,,,,,,,,,,,,,,,,,,,,,,,,,,,,,,,,,,,,,,,,,,,,,,,,,,,,,,,,,,,,,,,,,,,,,,,,,,,,,,,,,,,,,,,,,,,,,,,,,,,,,,,,,,,,,,,,,,,,,,,,,,,,,,,,,,,,,,,,,,,,,,,,,,,,,,,,,,,,,,,,,,,,,,,,,,,,,,,,,,,,,,,,,,,,,,,,,,,,,,,,,,,,,,,,,,,,,,,,,,,,,,,,,,,,,,,,,,,,,,,,,,,,,,,,,,,,,,,,,,,,,,,,,,,,,,,,,,,,,,,,,,,,,,,,,,,,,,,,,,,,,,,,,,,,,,,,,,,,,,,,,,,,,,,,,,,,,,,,,,,,,,,,,,,,,,,,,,,,,,,,,,,,,,,,,,,,,,,,,,,,,,,,,,,,,,,,,,,,,,,,,,,,,,,,,,,,,,,,,,,,,,,,,,,,,,,,,,,,,,,,,,,,,,,,,,,,,,,,,,,,,,,,,,,,,,,,,,,,,,,,,,,,,,,,,,,,,,,,,,,,,,,,,,,,,,,,,,,,,,,,,,,,,,,,,,,,,,,,,,,,,,,,,,,,,,,,,,,,,,,,,,,,,,,,,,,,,,,,,,,,,,,,,,,,,,,,,,,,,,,,,,,,,,,,,,,,,,,,,,,,,,,,,,,,,,,,,,,,,,,,,,,,,,,,,,,,,,,,,,,,,,,,,,,,,,,,,,,,,,,,,,,,,,,,,,,,,,,,,,,,,,,,,,,,,,,,,,,,,,,,,,,,,,,,,,,,,,,,,,,,,,,,,,,,,,,,,,,,,,,,,,,,,,,,,,,,,,,,,,,,,,,,,,,,,,,,,,,,,,,,,,,,,,,,,,,,,,,,,,,,,,,,,,,,,,,,,,,,,,,,,,,,,,,,,,,,,,,,,,,,,,,,,,,,,,,,,,,,,,,,,,,,,,,,,,,,,,,,,,,,,,,,,,,,,,,,,,,,,,,,,,,,,,,,,,,,,,,,,,,,,,,,,,,,,,,,,,,,,,,,,,,,,,,,,,,,,,,,,,,,,,,,,,,,,,,,,,,,,,,,,,,,,,,,,,,,,,,,,,,,,,,,,,,,,,,,,,,,,,,,,,,,,,,,,,,,,,,,,,,,,,,,,,,,,,,,,,,,,,,,,,,,,,,,,,,,,,,,,,,,,,,,,,,,,,,,,,,,,,,,,,,,,,,,,,,,,,,,,,,,,,,,,,,,,,,,,,,,,,,,,,,,,,,,,,,,,,,,,,,,,,,,,,,,,,,,,,,,,,,,,,,,,,,,,,,,,,,,,,,,,,,,,,,,,,,,,,,,,,,,,,,,,,,,,,,,,,,,,,,,,,,,,,,,,,,,,,,,,,,,,,,,,,,,,,,,,,,,,,,,,,,,,,,,,,,,,,,,,,,,,,,,,,,,,,,,,,,,,,,,,,,,,,,,,,,,,,,,,,,,,,,,,,,,,,,,,,,,,,,,,,,,,,,,,,,,,,,,,,,,,,,,,,,,,,,,,,,,,,,,,,,,,,,,,,,,,,,,,,,,,,,,,,,,,,,,,,,,,,,,,,,,,,,,,,,,,,,,,,,,,,,,,,,,,,,,,,,,,,,,,,,,,,,,,,,,,,,,,,,,,,,,,,,,,,,,,,,,,,,,,,,,,,,,,,,,,,,,,,,,,,,,,,,,,,,,,,,,,,,,,,,,,,,,,,,,,,,,,,,,,,,,,,,,,,,,,,,,,,,,,,,,,,,,,,,,,,,,,,,,,,,,,,,,,,,,,,,,,,,,,,,,,,,,,,,,,,,,,,,,,,,,,,,,,,,,,,,,,,,,,,,,,,,,,,,,,,,,,,,,,,,,,,,,,,,,,,,,,,,,,,,,,,
,,,,,,,,,,,,,,,,,,,,,,,,,,,,,,,,,,,,,,,,,,,,,,,,,,,,,,,,,,,,,,,,,,,,,,,,,,,,,,,,,,,,,,,,,,,,,,,,,,,,,,,,,,,,,,,,,,,,,,,,,,,,,,,,,,,,,,,,,,,,,,,,,,,,,,,,,,,,,,,,,,,,,,,,,,,,,,,,,,,,,,,,,,,,,,,,,,,,,,,,,,,,,,,,,,,,,,,,,,,,,,,,,,,,,,,,,,,,,,,,,,,,,,,,,,,,,,,,,,,,,,,,,,,,,,,,,,,,,,,,,,,,,,,,,,,,,,,,,,,,,,,,,,,,,,,,,,,,,,,,,,,,,,,,,,,,,,,,,,,,,,,,,,,,,,,,,,,,,,,,,,,,,,,,,,,,,,,,,,,,,,,,,,,,,,,,,,,,,,,,,,,,,,,,,,,,,,,,,,,,,,,,,,,,,,,,,,,,,,,,,,,,,,,,,,,,,,,,,,,,,,,,,,,,,,,,,,,,,,,,,,,,,,,,,,,,,,,,,,,,,,,,,,,,,,,,,,,,,,,,,,,,,,,,,,,,,,,,,,,,,,,,,,,,,,,,,,,,,,,,,,,,,,,,,,,,,,,,,,,,,,,,,,,,,,,,,,,,,,,,,,,,,,,,,,,,,,,,,,,,,,,,,,,,,,,,,,,,,,,,,,,,,,,,,,,,,,,,,,,,,,,,,,,,,,,,,,,,,,,,,,,,,,,,,,,,,,,,,,,,,,,,,,,,,,,,,,,,,,,,,,,,,,,,,,,,,,,,,,,,,,,,,,,,,,,,,,,,,,,,,,,,,,,,,,,,,,,,,,,,,,,,,,,,,,,,,,,,,,,,,,,,,,,,,,,,,,,,,,,,,,,,,,,,,,,,,,,,,,,,,,,,,,,,,,,,,,,,,,,,,,,,,,,,,,,,,,,,,,,,,,,,,,,,,,,,,,,,,,,,,,,,,,,,,,,,,,,,,,,,,,,,,,,,,,,,,,,,,,,,,,,,,,,,,,,,,,,,,,,,,,,,,,,,,,,,,,,,,,,,,,,,,,,,,,,,,,,,,,,,,,,,,,,,,,,,,,,,,,,,,,,,,,,,,,,,,,,,,,,,,,,,,,,,,,,,,,,,,,,,,,,,,,,,,,,,,,,,,,,,,,,,,,,,,,,,,,,,,,,,,,,,,,,,,,,,,,,,,,,,,,,,,,,,,,,,,,,,,,,,,,,,,,,,,,,,,,,,,,,,,,,,,,,,,,,,,,,,,,,,,,,,,,,,,,,,,,,,,,,,,,,,,,,,,,,,,,,,,,,,,,,,,,,,,,,,,,,,,,,,,,,,,,,,,,,,,,,,,,,,,,,,,,,,,,,,,,,,,,,,,,,,,,,,,,,,,,,,,,,,,,,,,,,,,,,,,,,,,,,,,,,,,,,,,,,,,,,,,,,,,,,,,,,,,,,,,,,,,,,,,,,,,,,,,,,,,,,,,,,,,,,,,,,,,,,,,,,,,,,,,,,,,,,,,,,,,,,,,,,,,,,,,,,,,,,,,,,,,,,,,,,,,,,,,,,,,,,,,,,,,,,,,,,,,,,,,,,,,,,,,,,,,,,,,,,,,,,,,,,,,,,,,,,,,,,,,,,,,,,,,,,,,,,,,,,,,,,,,,,,,,,,,,,,,,,,,,,,,,,,,,,,,,,,,,,,,,,,,,,,,,,,,,,,,,,,,,,,,,,,,,,,,,,,,,,,,,,,,,,,,,,,,,,,,,,,,,,,,,,,,,,,,,,,,,,,,,,,,,,,,,,,,,,,,,,,,,,,,,,,,,,,,,,,,,,,,,,,,,,,,,,,,,,,,,,,,,,,,,,,,,,,,,,,,,,,,,,,,,,,,,,,,,,,,,,,,,,,,,,,,,,,,,,,,,,,,,,,,,,,,,,,,,,,,,,,,,,,,,,,,,,,,,,,,,,,,,,,,,,,,,,,,,,,,,,,,,,,,,,,,,,,,,,,,,,,,,,,,,,,,,,,,,,,,,,,,,,,,,,,,,,,,,,,,,,,,,,,,,,,,,,,,,,,,,,,,,,,,,,,,,,,,,,,,,,,,,,,,,,,,,,,,,,,,,,,,,,,,,,,,,,,,,,,,,,,,,,,,,,,,,,,,,,,,,,,,,,,,,,,,,,,,,,,,,,,,,,,,,,,,,,,,,,,,,,,,,,,,,,,,,,,,,,
,,,,,,,,,,,,,,,,,,,,,,,,,,,,,,,,,,,,,,,,,,,,,,,,,,,,,,,,,,,,,,,,,,,,,,,,,,,,,,,,,,,,,,,,,,,,,,,,,,,,,,,,,,,,,,,,,,,,,,,,,,,,,,,,,,,,,,,,,,,,,,,,,,,,,,,,,,,,,,,,,,,,,,,,,,,,,,,,,,,,,,,,,,,,,,,,,,,,,,,,,,,,,,,,,,,,,,,,,,,,,,,,,,,,,,,,,,,,,,,,,,,,,,,,,,,,,,,,,,,,,,,,,,,,,,,,,,,,,,,,,,,,,,,,,,,,,,,,,,,,,,,,,,,,,,,,,,,,,,,,,,,,,,,,,,,,,,,,,,,,,,,,,,,,,,,,,,,,,,,,,,,,,,,,,,,,,,,,,,,,,,,,,,,,,,,,,,,,,,,,,,,,,,,,,,,,,,,,,,,,,,,,,,,,,,,,,,,,,,,,,,,,,,,,,,,,,,,,,,,,,,,,,,,,,,,,,,,,,,,,,,,,,,,,,,,,,,,,,,,,,,,,,,,,,,,,,,,,,,,,,,,,,,,,,,,,,,,,,,,,,,,,,,,,,,,,,,,,,,,,,,,,,,,,,,,,,,,,,,,,,,,,,,,,,,,,,,,,,,,,,,,,,,,,,,,,,,,,,,,,,,,,,,,,,,,,,,,,,,,,,,,,,,,,,,,,,,,,,,,,,,,,,,,,,,,,,,,,,,,,,,,,,,,,,,,,,,,,,,,,,,,,,,,,,,,,,,,,,,,,,,,,,,,,,,,,,,,,,,,,,,,,,,,,,,,,,,,,,,,,,,,,,,,,,,,,,,,,,,,,,,,,,,,,,,,,,,,,,,,,,,,,,,,,,,,,,,,,,,,,,,,,,,,,,,,,,,,,,,,,,,,,,,,,,,,,,,,,,,,,,,,,,,,,,,,,,,,,,,,,,,,,,,,,,,,,,,,,,,,,,,,,,,,,,,,,,,,,,,,,,,,,,,,,,,,,,,,,,,,,,,,,,,,,,,,,,,,,,,,,,,,,,,,,,,,,,,,,,,,,,,,,,,,,,,,,,,,,,,,,,,,,,,,,,,,,,,,,,,,,,,,,,,,,,,,,,,,,,,,,,,,,,,,,,,,,,,,,,,,,,,,,,,,,,,,,,,,,,,,,,,,,,,,,,,,,,,,,,,,,,,,,,,,,,,,,,,,,,,,,,,,,,,,,,,,,,,,,,,,,,,,,,,,,,,,,,,,,,,,,,,,,,,,,,,,,,,,,,,,,,,,,,,,,,,,,,,,,,,,,,,,,,,,,,,,,,,,,,,,,,,,,,,,,,,,,,,,,,,,,,,,,,,,,,,,,,,,,,,,,,,,,,,,,,,,,,,,,,,,,,,,,,,,,,,,,,,,,,,,,,,,,,,,,,,,,,,,,,,,,,,,,,,,,,,,,,,,,,,,,,,,,,,,,,,,,,,,,,,,,,,,,,,,,,,,,,,,,,,,,,,,,,,,,,,,,,,,,,,,,,,,,,,,,,,,,,,,,,,,,,,,,,,,,,,,,,,,,,,,,,,,,,,,,,,,,,,,,,,,,,,,,,,,,,,,,,,,,,,,,,,,,,,,,,,,,,,,,,,,,,,,,,,,,,,,,,,,,,,,,,,,,,,,,,,,,,,,,,,,,,,,,,,,,,,,,,,,,,,,,,,,,,,,,,,,,,,,,,,,,,,,,,,,,,,,,,,,,,,,,,,,,,,,,,,,,,,,,,,,,,,,,,,,,,,,,,,,,,,,,,,,,,,,,,,,,,,,,,,,,,,,,,,,,,,,,,,,,,,,,,,,,,,,,,,,,,,,,,,,,,,,,,,,,,,,,,,,,,,,,,,,,,,,,,,,,,,,,,,,,,,,,,,,,,,,,,,,,,,,,,,,,,,,,,,,,,,,,,,,,,,,,,,,,,,,,,,,,,,,,,,,,,,,,,,,,,,,,,,,,,,,,,,,,,,,,,,,,,,,,,,,,,,,,,,,,,,,,,,,,,,,,,,,,,,,,,,,,,,,,,,,,,,,,,,,,,,,,,,,,,,,,,,,,,,,,,,,,,,,,,,,,,,,,,,,,,,,,,,,,,,,,,,,,,,,,,,,,,,,,,,,,,,,,,,,,,,,,,,,,,,,,,,,,,,,,,,,,,,,,,,,,,,,,,,,,,,,,,,,,,,,,,,,,,,,,,,,,,,,,,,,,,,,
,,,,,,,,,,,,,,,,,,,,,,,,,,,,,,,,,,,,,,,,,,,,,,,,,,,,,,,,,,,,,,,,,,,,,,,,,,,,,,,,,,,,,,,,,,,,,,,,,,,,,,,,,,,,,,,,,,,,,,,,,,,,,,,,,,,,,,,,,,,,,,,,,,,,,,,,,,,,,,,,,,,,,,,,,,,,,,,,,,,,,,,,,,,,,,,,,,,,,,,,,,,,,,,,,,,,,,,,,,,,,,,,,,,,,,,,,,,,,,,,,,,,,,,,,,,,,,,,,,,,,,,,,,,,,,,,,,,,,,,,,,,,,,,,,,,,,,,,,,,,,,,,,,,,,,,,,,,,,,,,,,,,,,,,,,,,,,,,,,,,,,,,,,,,,,,,,,,,,,,,,,,,,,,,,,,,,,,,,,,,,,,,,,,,,,,,,,,,,,,,,,,,,,,,,,,,,,,,,,,,,,,,,,,,,,,,,,,,,,,,,,,,,,,,,,,,,,,,,,,,,,,,,,,,,,,,,,,,,,,,,,,,,,,,,,,,,,,,,,,,,,,,,,,,,,,,,,,,,,,,,,,,,,,,,,,,,,,,,,,,,,,,,,,,,,,,,,,,,,,,,,,,,,,,,,,,,,,,,,,,,,,,,,,,,,,,,,,,,,,,,,,,,,,,,,,,,,,,,,,,,,,,,,,,,,,,,,,,,,,,,,,,,,,,,,,,,,,,,,,,,,,,,,,,,,,,,,,,,,,,,,,,,,,,,,,,,,,,,,,,,,,,,,,,,,,,,,,,,,,,,,,,,,,,,,,,,,,,,,,,,,,,,,,,,,,,,,,,,,,,,,,,,,,,,,,,,,,,,,,,,,,,,,,,,,,,,,,,,,,,,,,,,,,,,,,,,,,,,,,,,,,,,,,,,,,,,,,,,,,,,,,,,,,,,,,,,,,,,,,,,,,,,,,,,,,,,,,,,,,,,,,,,,,,,,,,,,,,,,,,,,,,,,,,,,,,,,,,,,,,,,,,,,,,,,,,,,,,,,,,,,,,,,,,,,,,,,,,,,,,,,,,,,,,,,,,,,,,,,,,,,,,,,,,,,,,,,,,,,,,,,,,,,,,,,,,,,,,,,,,,,,,,,,,,,,,,,,,,,,,,,,,,,,,,,,,,,,,,,,,,,,,,,,,,,,,,,,,,,,,,,,,,,,,,,,,,,,,,,,,,,,,,,,,,,,,,,,,,,,,,,,,,,,,,,,,,,,,,,,,,,,,,,,,,,,,,,,,,,,,,,,,,,,,,,,,,,,,,,,,,,,,,,,,,,,,,,,,,,,,,,,,,,,,,,,,,,,,,,,,,,,,,,,,,,,,,,,,,,,,,,,,,,,,,,,,,,,,,,,,,,,,,,,,,,,,,,,,,,,,,,,,,,,,,,,,,,,,,,,,,,,,,,,,,,,,,,,,,,,,,,,,,,,,,,,,,,,,,,,,,,,,,,,,,,,,,,,,,,,,,,,,,,,,,,,,,,,,,,,,,,,,,,,,,,,,,,,,,,,,,,,,,,,,,,,,,,,,,,,,,,,,,,,,,,,,,,,,,,,,,,,,,,,,,,,,,,,,,,,,,,,,,,,,,,,,,,,,,,,,,,,,,,,,,,,,,,,,,,,,,,,,,,,,,,,,,,,,,,,,,,,,,,,,,,,,,,,,,,,,,,,,,,,,,,,,,,,,,,,,,,,,,,,,,,,,,,,,,,,,,,,,,,,,,,,,,,,,,,,,,,,,,,,,,,,,,,,,,,,,,,,,,,,,,,,,,,,,,,,,,,,,,,,,,,,,,,,,,,,,,,,,,,,,,,,,,,,,,,,,,,,,,,,,,,,,,,,,,,,,,,,,,,,,,,,,,,,,,,,,,,,,,,,,,,,,,,,,,,,,,,,,,,,,,,,,,,,,,,,,,,,,,,,,,,,,,,,,,,,,,,,,,,,,,,,,,,,,,,,,,,,,,,,,,,,,,,,,,,,,,,,,,,,,,,,,,,,,,,,,,,,,,,,,,,,,,,,,,,,,,,,,,,,,,,,,,,,,,,,,,,,,,,,,,,,,,,,,,,,,,,,,,,,,,,,,,,,,,,,,,,,,,,,,,,,,,,,,,,,,,,,,,,,,,,,,,,,,,,,,,,,,,,,,,,,,,,,,,,,,,,,,,,,,,,,,,,,,,,,,,,,,,,,,,,,,,,,,,,,,,,,,,,,,,,,,,,,,,,,,,,,,,,,
,,,,,,,,,,,,,,,,,,,,,,,,,,,,,,,,,,,,,,,,,,,,,,,,,,,,,,,,,,,,,,,,,,,,,,,,,,,,,,,,,,,,,,,,,,,,,,,,,,,,,,,,,,,,,,,,,,,,,,,,,,,,,,,,,,,,,,,,,,,,,,,,,,,,,,,,,,,,,,,,,,,,,,,,,,,,,,,,,,,,,,,,,,,,,,,,,,,,,,,,,,,,,,,,,,,,,,,,,,,,,,,,,,,,,,,,,,,,,,,,,,,,,,,,,,,,,,,,,,,,,,,,,,,,,,,,,,,,,,,,,,,,,,,,,,,,,,,,,,,,,,,,,,,,,,,,,,,,,,,,,,,,,,,,,,,,,,,,,,,,,,,,,,,,,,,,,,,,,,,,,,,,,,,,,,,,,,,,,,,,,,,,,,,,,,,,,,,,,,,,,,,,,,,,,,,,,,,,,,,,,,,,,,,,,,,,,,,,,,,,,,,,,,,,,,,,,,,,,,,,,,,,,,,,,,,,,,,,,,,,,,,,,,,,,,,,,,,,,,,,,,,,,,,,,,,,,,,,,,,,,,,,,,,,,,,,,,,,,,,,,,,,,,,,,,,,,,,,,,,,,,,,,,,,,,,,,,,,,,,,,,,,,,,,,,,,,,,,,,,,,,,,,,,,,,,,,,,,,,,,,,,,,,,,,,,,,,,,,,,,,,,,,,,,,,,,,,,,,,,,,,,,,,,,,,,,,,,,,,,,,,,,,,,,,,,,,,,,,,,,,,,,,,,,,,,,,,,,,,,,,,,,,,,,,,,,,,,,,,,,,,,,,,,,,,,,,,,,,,,,,,,,,,,,,,,,,,,,,,,,,,,,,,,,,,,,,,,,,,,,,,,,,,,,,,,,,,,,,,,,,,,,,,,,,,,,,,,,,,,,,,,,,,,,,,,,,,,,,,,,,,,,,,,,,,,,,,,,,,,,,,,,,,,,,,,,,,,,,,,,,,,,,,,,,,,,,,,,,,,,,,,,,,,,,,,,,,,,,,,,,,,,,,,,,,,,,,,,,,,,,,,,,,,,,,,,,,,,,,,,,,,,,,,,,,,,,,,,,,,,,,,,,,,,,,,,,,,,,,,,,,,,,,,,,,,,,,,,,,,,,,,,,,,,,,,,,,,,,,,,,,,,,,,,,,,,,,,,,,,,,,,,,,,,,,,,,,,,,,,,,,,,,,,,,,,,,,,,,,,,,,,,,,,,,,,,,,,,,,,,,,,,,,,,,,,,,,,,,,,,,,,,,,,,,,,,,,,,,,,,,,,,,,,,,,,,,,,,,,,,,,,,,,,,,,,,,,,,,,,,,,,,,,,,,,,,,,,,,,,,,,,,,,,,,,,,,,,,,,,,,,,,,,,,,,,,,,,,,,,,,,,,,,,,,,,,,,,,,,,,,,,,,,,,,,,,,,,,,,,,,,,,,,,,,,,,,,,,,,,,,,,,,,,,,,,,,,,,,,,,,,,,,,,,,,,,,,,,,,,,,,,,,,,,,,,,,,,,,,,,,,,,,,,,,,,,,,,,,,,,,,,,,,,,,,,,,,,,,,,,,,,,,,,,,,,,,,,,,,,,,,,,,,,,,,,,,,,,,,,,,,,,,,,,,,,,,,,,,,,,,,,,,,,,,,,,,,,,,,,,,,,,,,,,,,,,,,,,,,,,,,,,,,,,,,,,,,,,,,,,,,,,,,,,,,,,,,,,,,,,,,,,,,,,,,,,,,,,,,,,,,,,,,,,,,,,,,,,,,,,,,,,,,,,,,,,,,,,,,,,,,,,,,,,,,,,,,,,,,,,,,,,,,,,,,,,,,,,,,,,,,,,,,,,,,,,,,,,,,,,,,,,,,,,,,,,,,,,,,,,,,,,,,,,,,,,,,,,,,,,,,,,,,,,,,,,,,,,,,,,,,,,,,,,,,,,,,,,,,,,,,,,,,,,,,,,,,,,,,,,,,,,,,,,,,,,,,,,,,,,,,,,,,,,,,,,,,,,,,,,,,,,,,,,,,,,,,,,,,,,,,,,,,,,,,,,,,,,,,,,,,,,,,,,,,,,,,,,,,,,,,,,,,,,,,,,,,,,,,,,,,,,,,,,,,,,,,,,,,,,,,,,,,,,,,,,,,,,,,,,,,,,,,,,,,,,,,,,,,,,,,,,,,,,,,,,,,,,,,,,,,,,,,,,,,,,,,,,,,,,,,,,,,,,,,,,,,,,,,,,,,,,,,,
3461,3267,2428,2274,2520,2402,2309,2381,2270,2381,2309,2402,2520,2274,2428,3267,3711,3485,2488,2385,2480,2342,2218,2228,2320,2372,2436,2389,2451,2383,2380,3491,4068,3848,2755,2339,2402,2118,2231,2277,2280,2248,2388,2450,2389,2385,2721,3848,4202,3979,2848,2508,2364,2231,2291,2191,2038,2263,2420,2416,2206,2553,2820,3978,4008,3786,2647,2408,2277,2204,2293,2189,2287,2209,2362,2433,2304,2479,2634,3784,3724,3504,2408,2257,2221,2110,2223,2278,2373,2241,2303,2255,2391,2396,2497,3502,3498,3262,2349,2209,2278,2140,2210,2266,2247,2333,2246,2159,2337,2239,2283,3274,3818,3599,2550,2373,2289,2199,2281,2293,2101,2196,2336,2349,2277,2197,2404,3591,4001,3778,2678,2443,2392,2416,2362,2345,2335,2260,2374,2409,2348,2247,2587,3777,3871,3652,2592,2442,2412,2424,2378,2325,2348,2283,2309,2306,2340,2178,2505,3651,3474,3248,2291,2352,2417,2365,2258,2375,2386,2383,2409,2194,2194,2303,2344,3263,3156,2934,2426,2332,2353,2240,2360,2432,2491,2419,2443,2361,2257,2354,2428,2969,3122,2901,2621,2399,2221,2434,2480,2366,2014,2570,2511,2374,2479,2570,2385,2915,4014,3879,3740,3371,3306,3136,3212,3641,3740,3769,3660,3488,3332,3271,3284,3846,4542,4410,4090,3817,3727,3641,3185,4043,4194,4247,4132,4000,3931,3906,3827,4345,4610,4489,4057,3840,3860,4037,3987,4092,4230,4327,4218,4104,4112,4023,3788,4395,4368,4209,3800,3688,3865,4074,4119,4028,3895,4060,3974,3878,3969,3787,3788,4226,4543,4302,3368,3442,3660,3817,3908,3821,3492,3506,3402,3509,3606,3507,3346,4345,4607,4379,3237,3206,3246,3369,3493,3475,3189,3040,3017,3065,3193,3248,3271,4377,4800,4576,3371,3080,2981,3084,3138,3199,3204,2959,2758,2825,2788,3215,3355,4578,4697,4472,3292,2979,2784,2894,2882,2735,2850,2505,2723,2716,2650,3132,3282,4474,4258,4026,2746,2662,2711,2892,2890,2760,2831,2544,2752,2853,2626,3029,2845,4036,3762,3541,2748,2586,2692,2777,2765,2638,2579,2631,2652,2794,2622,2895,2868,3535,3551,3340,2523,2623,2580,2631,2746,2441,2540,2415,2492,2478,2262,2653,2761,3334,3464,3230,2451,2533,2615,2705,2762,2639,2570,2512,2445,2432,2558,2735,2553,3229,3645,3427,2477,2308,2481,2501,2552,2554,2432,2560,2358,2433,2525,2552,2464,3412,3645,3429,2593,2199,2286,2287,2532,2437,2586,2556,2701,2600,2498,2388,2288,3412,3228,2977,2925,2670,2588,2577,2863,2845,2721,2885,2987,2912,2714,2482,2852,3023,3143,3115,3051,2856,2700,2629,2969,2915,2832,2754,2895,2919,2816,2546,2984,3154,3064,3001,2928,2804,2589,2597,2804,2761,2870,2767,2520,2699,2751,2609,2794,3047,2777,2676,2691,2570,2404,2651,2696,2696,2887,2804,2579,2354,2405,2526,2625,2726,2762,2584,2520,2484,2460,2513,2692,2808,2812,2687,2607,2378,2379,2484,2557,2629,2928,2807,2763,2469,2371,2476,2636,2779,2754,2742,2683,2493,2362,2487,2557,2736,2880,2820,2781,2511,2432,2454,2575,2664,2637,2642,2545,2470,2350,2344,2602,2727,2958,2819,2533,2439,2513,2462,2429,2434,2556,2492,2565,2500,2368,2374,2391,2739,3197,2980,2390,2504,2528,2620,2435,2404,2640,2642,2598,2530,2508,2511,2523,2926,3428,3196,2508,2626,2618,2679,2613,2483,2466,2556,2467,2403,2408,2519,2483,3189,3441,3209,2457,2495,2512,2464,2526,2468,2517,2516,2348,2271,2287,2374,2383,3207,3131,2893,2434,2385,2452,2397,2377,2498,2527,2416,2291,2238,2210,2274,2356,2846,3002,2774,2453,2369,2461,2365,2369,2447,2315,2357,2290,2260,2160,2308,2322,2768,2794,2595,2400,2315,2348,2273,2362,2468,2380,2438,2385,2213,2337,2330,2236,2523,2942,2715,2426,2358,2355,2410,2338,2603,2634,2470,2475,2385,2365,2359,2375,2698,3057,2822,2386,2388,2397,2362,2403,2621,2818,2733,2442,2419,2324,2385,2350,2831,2890,2705,2395,2389,2264,2230,2313,2474,2719,2641,2429,2404,2250,2329,2404,2615,2890,2648,2168,2265,2148,2364,2395,2460,2530,2510,2383,2395,2367,2339,2458,2657,2837,2644,2262,2246,2167,2346,2294,2490,2548,2510,2257,2398,2337,2386,2253,2647,2744,2609,2281,2223,2284,2351,2236,2484,2449,2416,2257,2225,2226,2360,2281,2547,2636,2557,2166,2340,2341,2272,2228,2331,2363,2403,2360,2269,2281,2316,2340,2466,2790,2563,2198,2441,2437,2310,2235,2339,2447,2375,2260,2191,2171,2201,2272,2621,2841,2654,2363,2464,2403,2318,2262,2356,2472,2394,2088,2174,2361,2161,2166,2586,2769,2638,2369,2325,2350,2283,2461,2502,2418,2284,2246,2215,2355,2290,2123,2611,2878,2677,2289,2227,2326,2274,2464,2444,2142,2400,2381,2267,2384,2386,2341,2645,3026,2828,2424,2324,2282,2130,2451,2534,2376,2424,2464,2436,2410,2362,2373,2820,2942,2692,2513,2358,2149,2176,2267,2426,2408,2421,2505,2397,2380,2433,2338,2770,2788,2470,2508,2346,2323,2305,2124,2274,2249,2195,2357,2404,2407,2324,2269,2697,2690,2593,2400,2250,2281,2271,2246,2273,2322,2414,2445,2408,2467,2430,2391,2619,2684,2603,2255,2298,2260,2234,2349,2322,2332,2392,2342,2311,2376,2304,2402,2505,2589,2509,2288,2256,2303,2290,2237,2330,2371,2284,2296,2213,2246,2164,2154,2373,2740,2551,2383,2346,2351,2318,2291,2391,2448,2394,2387,2249,2324,2121,1993,2479,2718,2607,2405,2370,2372,2337,2395,2391,2399,2280,2238,2312,2335,2246,2221,2482,2677,2512,2267,2212,2278,2336,2222,2302,2359,2364,2266,2221,2212,2272,2322,2409,2698,2480,2386,2367,2353,2345,2290,2237,2349,2306,2316,2395,2223,2123,2293,2495,2641,2488,2497,2445,2332,2344,2342,2375,2419,2334,2371,2420,2287,2363,2366,2503,3343,3136,2396,2318,2301,2252,2300,2308,2415,2384,2368,2352,2304,2335,2413,3111,3866,3665,2687,2359,2414,2334,2360,2381,2435,2549,2418,2317,2298,2438,2604,3626,4148,3925,2762,2533,2576,2761,2842,2820,2884,2840,2711,2390,2461,2657,2868,3916,4188,3964,2773,2625,2669,2960,3073,2984,3119,2937,2762,2497,2447,2767,3045,3959,4101,3864,2713,2617,2650,2769,2949,2815,3064,2909,2528,2346,2453,2660,3010,3889,4103,3877,2751,2535,2390,2409,2595,2712,2842,2754,2489,2460,2576,2397,2816,3886,3778,3555,2492,2473,2452,2252,2284,2271,2585,2569,2238,2580,2653,2286,2588,3558,3304,3056,2293,2330,2278,2335,2304,2289,2461,2401,2162,2440,2436,2340,2408,3118,3167,2961,2387,2268,2275,2375,2317,2213,2444,2445,2297,2263,2308,2298,2311,2970,2643,2604,2381,2155,2216,2270,2253,2343,2506,2328,2177,2284,2391,2207,2361,2572,2818,2684,2397,2245,2365,2176,2296,2461,2539,2463,2234,2399,2388,2296,2292,2521,2826,2694,2282,2312,2255,2310,2285,2438,2556,2520,2217,2270,2346,2355,2376,2632,2816,2652,2164,2298,2145,2370,2440,2371,2384,2424,2378,2288,2299,2295,2344,2598,2663,2554,2260,2198,2206,2299,2249,2371,2429,2263,2359,2268,2232,2277,2305,2520,2856,2681,2244,2261,2305,2332,2281,2396,2442,2406,2253,2226,2349,2267,2309,2585,2827,2641,2454,2406,2202,2223,2263,2372,2510,2470,2284,2111,2153,2243,2426,2559,2854,2701,2482,2562,2286,2469,2571,2679,2744,2573,2537,2511,2548,2327,2518,2709,3052,2869,2465,2539,2453,2510,2543,2826,2849,2675,2479,2533,2658,2464,2449,2882,3424,3211,2520,2425,2364,2395,2315,2646,2674,2547,2463,2264,2434,2248,2309,3204,3369,3111,2364,2367,2223,2321,2368,2287,2369,2412,2475,2332,2313,2421,2316,3154,3231,2987,2381,2307,2343,2435,2475,2468,2451,2512,2333,2297,2399,2454,2368,3027,2803,2756,2470,2421,2463,2443,2639,2725,2712,2625,2566,2436,2375,2313,2401,2707,3017,2885,2560,2528,2446,2446,2650,2697,2631,2462,2505,2420,2331,2431,2412,2801,3082,2854,2601,2497,2421,2425,2526,2526,2683,2529,2455,2371,2375,2263,2452,2872,3035,2833,2505,2420,2402,2407,2325,2298,2399,2474,2358,2444,2308,2332,2420,2849,3112,2906,2406,2247,2427,2446,2452,2480,2607,2490,2254,2379,2376,2368,2440,2960,3019,2865,2452,2341,2298,2341,2400,2495,2757,2611,2295,2307,2372,2275,2244,2907,2811,2622,2332,2319,2293,2147,2414,2664,2813,2704,2543,2199,2338,2090,2355,2713,2933,2733,2225,2370,2366,2383,2432,2650,2834,2759,2430,2438,2352,2238,2440,2821,2917,2707,2192,2190,2362,2478,2532,2586,2705,2589,2291,2451,2343,2191,2282,2780,2778,2557,2226,2246,2334,2379,2503,2472,2443,2378,2263,2274,2253,2269,2190,2631,2601,2417,2269,2280,2251,2208,2196,2307,2395,2395,2318,2195,2282,2298,2358,2533,2760,2587,2386,2387,2355,2334,2331,2263,2406,2292,2259,2286,2225,2359,2388,2563,2907,2726,2473,2294,2259,2300,2258,2193,2260,2151,2185,2163,2210,2401,2393,2599,2930,2744,2443,2329,2263,2273,2358,2352,2350,2357,2353,2293,2084,2218,2419,2694,3043,2883,2423,2351,2285,2242,2400,2432,2422,2396,2408,2348,2237,2201,2232,2778,3131,2922,2253,2339,2356,2279,2177,2362,2392,2272,2383,2333,2243,2050,2287,2876,2942,2701,2230,2324,2382,2405,2244,2337,2308,2037,2205,2249,2269,2257,2187,2749,3010,2792,2252,2146,2383,2374,2288,2371,2284,2276,2072,2269,2293,2190,2231,2816,3142,2885,2178,1991,2301,2325,2274,2323,2230,2281,2260,2273,2373,2297,2341,2949,2892,2606,2237,2056,2359,2369,2186,2194,2294,2186,2221,2313,2328,2441,2422,2742,2789,2570,2187,2248,2214,2367,2343,2321,2316,2153,2289,2239,2296,2468,2390,2563,2831,2572,2269,2329,2119,2314,2477,2361,2243,2347,2300,2183,2245,2374,2359,2556,2672,2478,2372,2293,2174,2178,2365,2282,2191,2145,2239,2267,2322,2281,2275,2354,3126,2892,2296,2338,2259,2127,2177,2341,2339,2380,2224,2106,2373,2252,2057,2886,3573,3349,2398,2395,2372,2144,2269,2346,2325,2460,2330,2356,2305,2310,2350,3345,3611,3388,2412,2387,2274,2223,2300,2341,2338,2406,2220,2251,2264,2279,2360,3393,3358,3125,2288,2217,2402,2348,2389,2227,2349,2370,2327,2331,2236,2351,2309,3159,3134,2920,2296,2323,2313,2398,2351,2436,2334,2236,2282,2299,2429,2448,2376,2885,3068,2907,2264,2091,2251,2344,2287,2446,2412,2308,2350,2340,2384,2447,2337,2746,3462,3273,2463,2066,2246,2292,2427,2428,2361,2424,2391,2348,2286,2378,2300,3204,3857,3636,2526,2182,2367,2346,2427,2595,2907,2876,2390,2333,2258,2365,2548,3636,4042,3822,2595,2440,2328,2361,2388,2707,3093,3068,2589,2330,2361,2496,2797,3828,3952,3724,2570,2428,2294,2357,2336,2766,3038,2947,2496,2318,2304,2508,2708,3733,3613,3386,2500,2328,2269,2323,2284,2639,2724,2620,2312,2309,2362,2403,2442,3400,3094,2871,2264,2251,2274,2231,2303,2172,2283,2064,2236,2218,2267,2223,2194,2878,3355,3146,2275,2052,2140,2127,2248,2340,2359,2223,2325,2295,2328,2263,2231,3126,3496,3286,2344,2246,2215,2146,2235,2252,2202,2229,2280,2304,2308,2221,2273,3262,3317,3100,2237,2316,2047,2082,2177,2231,2166,2164,2171,2100,2132,2044,2054,3081,3045,2807,2141,2248,2095,2077,2273,2242,2153,2136,2128,2014,2092,2134,2019,2819,2884,2632,2124,2070,2070,2048,2190,2194,2046,2071,2192,2069,2022,2115,2103,2686,2656,2433,2102,2017,1930,1944,2065,2093,2058,2149,2159,2033,1811,1930,1816,2473,2306,2114,2098,2112,1950,1914,2027,2015,2100,2116,2080,2014,1924,1827,1934,2116,2294,2044,1995,2090,1999,2050,1980,1911,2131,2134,2107,1925,1902,1820,1919,2163,2331,2128,1855,1970,1950,2001,1955,1788,2037,2033,1885,1936,1960,1895,2025,2177
,,,,,,,,,,,,,,,,,,,,,,,,,,,,,,,,,,,,,,,,,,,,,,,,,,,,,,,,,,,,,,,,,,,,,,,,,,,,,,,,,,,,,,,,,,,,,,,,,,,,,,,,,,,,,,,,,,,,,,,,,,,,,,,,,,,,,,,,,,,,,,,,,,,,,,,,,,,,,,,,,,,,,,,,,,,,,,,,,,,,,,,,,,,,,,,,,,,,,,,,,,,,,,,,,,,,,,,,,,,,,,,,,,,,,,,,,,,,,,,,,,,,,,,,,,,,,,,,,,,,,,,,,,,,,,,,,,,,,,,,,,,,,,,,,,,,,,,,,,,,,,,,,,,,,,,,,,,,,,,,,,,,,,,,,,,,,,,,,,,,,,,,,,,,,,,,,,,,,,,,,,,,,,,,,,,,,,,,,,,,,,,,,,,,,,,,,,,,,,,,,,,,,,,,,,,,,,,,,,,,,,,,,,,,,,,,,,,,,,,,,,,,,,,,,,,,,,,,,,,,,,,,,,,,,,,,,,,,,,,,,,,,,,,,,,,,,,,,,,,,,,,,,,,,,,,,,,,,,,,,,,,,,,,,,,,,,,,,,,,,,,,,,,,,,,,,,,,,,,,,,,,,,,,,,,,,,,,,,,,,,,,,,,,,,,,,,,,,,,,,,,,,,,,,,,,,,,,,,,,,,,,,,,,,,,,,,,,,,,,,,,,,,,,,,,,,,,,,,,,,,,,,,,,,,,,,,,,,,,,,,,,,,,,,,,,,,,,,,,,,,,,,,,,,,,,,,,,,,,,,,,,,,,,,,,,,,,,,,,,,,,,,,,,,,,,,,,,,,,,,,,,,,,,,,,,,,,,,,,,,,,,,,,,,,,,,,,,,,,,,,,,,,,,,,,,,,,,,,,,,,,,,,,,,,,,,,,,,,,,,,,,,,,,,,,,,,,,,,,,,,,,,,,,,,,,,,,,,,,,,,,,,,,,,,,,,,,,,,,,,,,,,,,,,,,,,,,,,,,,,,,,,,,,,,,,,,,,,,,,,,,,,,,,,,,,,,,,,,,,,,,,,,,,,,,,,,,,,,,,,,,,,,,,,,,,,,,,,,,,,,,,,,,,,,,,,,,,,,,,,,,,,,,,,,,,,,,,,,,,,,,,,,,,,,,,,,,,,,,,,,,,,,,,,,,,,,,,,,,,,,,,,,,,,,,,,,,,,,,,,,,,,,,,,,,,,,,,,,,,,,,,,,,,,,,,,,,,,,,,,,,,,,,,,,,,,,,,,,,,,,,,,,,,,,,,,,,,,,,,,,,,,,,,,,,,,,,,,,,,,,,,,,,,,,,,,,,,,,,,,,,,,,,,,,,,,,,,,,,,,,,,,,,,,,,,,,,,,,,,,,,,,,,,,,,,,,,,,,,,,,,,,,,,,,,,,,,,,,,,,,,,,,,,,,,,,,,,,,,,,,,,,,,,,,,,,,,,,,,,,,,,,,,,,,,,,,,,,,,,,,,,,,,,,,,,,,,,,,,,,,,,,,,,,,,,,,,,,,,,,,,,,,,,,,,,,,,,,,,,,,,,,,,,,,,,,,,,,,,,,,,,,,,,,,,,,,,,,,,,,,,,,,,,,,,,,,,,,,,,,,,,,,,,,,,,,,,,,,,,,,,,,,,,,,,,,,,,,,,,,,,,,,,,,,,,,,,,,,,,,,,,,,,,,,,,,,,,,,,,,,,,,,,,,,,,,,,,,,,,,,,,,,,,,,,,,,,,,,,,,,,,,,,,,,,,,,,,,,,,,,,,,,,,,,,,,,,,,,,,,,,,,,,,,,,,,,,,,,,,,,,,,,,,,,,,,,,,,,,,,,,,,,,,,,,,,,,,,,,,,,,,,,,,,,,,,,,,,,,,,,,,,,,,,,,,,,,,,,,,,,,,,,,,,,,,,,,,,,,,,,,,,,,,,,,,,,,,,,,,,,,,,,,,,,,,,,,,,,,,,,,,,,,,,,,,,,,,,,,,,,,,,,,,,,,,,,,,,,,,,,,,,,,,,,,,,,,,,,,,,,,,,,,,,,,,,,,,,,,,,,,,,,,,,,,,,,,,,,,,,,,,,,,,,,,,,,,,,,,,,,,,,,,,,,,,,,,,,,,,,,,,,,,,,,,,,,,,,,,,,,,,,,,,,,,,,,,,,,,,,,,,,,,,,,,,,,,,,,,,,,,,,,,,,,,,,,,,,,,,,,,,,,,,,,,,,,,,,,,,,,,,,,,,
,,,,,,,,,,,,,,,,,,,,,,,,,,,,,,,,,,,,,,,,,,,,,,,,,,,,,,,,,,,,,,,,,,,,,,,,,,,,,,,,,,,,,,,,,,,,,,,,,,,,,,,,,,,,,,,,,,,,,,,,,,,,,,,,,,,,,,,,,,,,,,,,,,,,,,,,,,,,,,,,,,,,,,,,,,,,,,,,,,,,,,,,,,,,,,,,,,,,,,,,,,,,,,,,,,,,,,,,,,,,,,,,,,,,,,,,,,,,,,,,,,,,,,,,,,,,,,,,,,,,,,,,,,,,,,,,,,,,,,,,,,,,,,,,,,,,,,,,,,,,,,,,,,,,,,,,,,,,,,,,,,,,,,,,,,,,,,,,,,,,,,,,,,,,,,,,,,,,,,,,,,,,,,,,,,,,,,,,,,,,,,,,,,,,,,,,,,,,,,,,,,,,,,,,,,,,,,,,,,,,,,,,,,,,,,,,,,,,,,,,,,,,,,,,,,,,,,,,,,,,,,,,,,,,,,,,,,,,,,,,,,,,,,,,,,,,,,,,,,,,,,,,,,,,,,,,,,,,,,,,,,,,,,,,,,,,,,,,,,,,,,,,,,,,,,,,,,,,,,,,,,,,,,,,,,,,,,,,,,,,,,,,,,,,,,,,,,,,,,,,,,,,,,,,,,,,,,,,,,,,,,,,,,,,,,,,,,,,,,,,,,,,,,,,,,,,,,,,,,,,,,,,,,,,,,,,,,,,,,,,,,,,,,,,,,,,,,,,,,,,,,,,,,,,,,,,,,,,,,,,,,,,,,,,,,,,,,,,,,,,,,,,,,,,,,,,,,,,,,,,,,,,,,,,,,,,,,,,,,,,,,,,,,,,,,,,,,,,,,,,,,,,,,,,,,,,,,,,,,,,,,,,,,,,,,,,,,,,,,,,,,,,,,,,,,,,,,,,,,,,,,,,,,,,,,,,,,,,,,,,,,,,,,,,,,,,,,,,,,,,,,,,,,,,,,,,,,,,,,,,,,,,,,,,,,,,,,,,,,,,,,,,,,,,,,,,,,,,,,,,,,,,,,,,,,,,,,,,,,,,,,,,,,,,,,,,,,,,,,,,,,,,,,,,,,,,,,,,,,,,,,,,,,,,,,,,,,,,,,,,,,,,,,,,,,,,,,,,,,,,,,,,,,,,,,,,,,,,,,,,,,,,,,,,,,,,,,,,,,,,,,,,,,,,,,,,,,,,,,,,,,,,,,,,,,,,,,,,,,,,,,,,,,,,,,,,,,,,,,,,,,,,,,,,,,,,,,,,,,,,,,,,,,,,,,,,,,,,,,,,,,,,,,,,,,,,,,,,,,,,,,,,,,,,,,,,,,,,,,,,,,,,,,,,,,,,,,,,,,,,,,,,,,,,,,,,,,,,,,,,,,,,,,,,,,,,,,,,,,,,,,,,,,,,,,,,,,,,,,,,,,,,,,,,,,,,,,,,,,,,,,,,,,,,,,,,,,,,,,,,,,,,,,,,,,,,,,,,,,,,,,,,,,,,,,,,,,,,,,,,,,,,,,,,,,,,,,,,,,,,,,,,,,,,,,,,,,,,,,,,,,,,,,,,,,,,,,,,,,,,,,,,,,,,,,,,,,,,,,,,,,,,,,,,,,,,,,,,,,,,,,,,,,,,,,,,,,,,,,,,,,,,,,,,,,,,,,,,,,,,,,,,,,,,,,,,,,,,,,,,,,,,,,,,,,,,,,,,,,,,,,,,,,,,,,,,,,,,,,,,,,,,,,,,,,,,,,,,,,,,,,,,,,,,,,,,,,,,,,,,,,,,,,,,,,,,,,,,,,,,,,,,,,,,,,,,,,,,,,,,,,,,,,,,,,,,,,,,,,,,,,,,,,,,,,,,,,,,,,,,,,,,,,,,,,,,,,,,,,,,,,,,,,,,,,,,,,,,,,,,,,,,,,,,,,,,,,,,,,,,,,,,,,,,,,,,,,,,,,,,,,,,,,,,,,,,,,,,,,,,,,,,,,,,,,,,,,,,,,,,,,,,,,,,,,,,,,,,,,,,,,,,,,,,,,,,,,,,,,,,,,,,,,,,,,,,,,,,,,,,,,,,,,,,,,,,,,,,,,,,,,,,,,,,,,,,,,,,,,,,,,,,,,,,,,,,,,,,,,,,,,,,,,,,,,,,,,,,,,,,,,,,,,,,,,,,,,,,,,,,,,,,,,,,,,,,,,,,,,,,,,,,,,,,,,,,,,,,,,,,,,,,,,,
,,,,,,,,,,,,,,,,,,,,,,,,,,,,,,,,,,,,,,,,,,,,,,,,,,,,,,,,,,,,,,,,,,,,,,,,,,,,,,,,,,,,,,,,,,,,,,,,,,,,,,,,,,,,,,,,,,,,,,,,,,,,,,,,,,,,,,,,,,,,,,,,,,,,,,,,,,,,,,,,,,,,,,,,,,,,,,,,,,,,,,,,,,,,,,,,,,,,,,,,,,,,,,,,,,,,,,,,,,,,,,,,,,,,,,,,,,,,,,,,,,,,,,,,,,,,,,,,,,,,,,,,,,,,,,,,,,,,,,,,,,,,,,,,,,,,,,,,,,,,,,,,,,,,,,,,,,,,,,,,,,,,,,,,,,,,,,,,,,,,,,,,,,,,,,,,,,,,,,,,,,,,,,,,,,,,,,,,,,,,,,,,,,,,,,,,,,,,,,,,,,,,,,,,,,,,,,,,,,,,,,,,,,,,,,,,,,,,,,,,,,,,,,,,,,,,,,,,,,,,,,,,,,,,,,,,,,,,,,,,,,,,,,,,,,,,,,,,,,,,,,,,,,,,,,,,,,,,,,,,,,,,,,,,,,,,,,,,,,,,,,,,,,,,,,,,,,,,,,,,,,,,,,,,,,,,,,,,,,,,,,,,,,,,,,,,,,,,,,,,,,,,,,,,,,,,,,,,,,,,,,,,,,,,,,,,,,,,,,,,,,,,,,,,,,,,,,,,,,,,,,,,,,,,,,,,,,,,,,,,,,,,,,,,,,,,,,,,,,,,,,,,,,,,,,,,,,,,,,,,,,,,,,,,,,,,,,,,,,,,,,,,,,,,,,,,,,,,,,,,,,,,,,,,,,,,,,,,,,,,,,,,,,,,,,,,,,,,,,,,,,,,,,,,,,,,,,,,,,,,,,,,,,,,,,,,,,,,,,,,,,,,,,,,,,,,,,,,,,,,,,,,,,,,,,,,,,,,,,,,,,,,,,,,,,,,,,,,,,,,,,,,,,,,,,,,,,,,,,,,,,,,,,,,,,,,,,,,,,,,,,,,,,,,,,,,,,,,,,,,,,,,,,,,,,,,,,,,,,,,,,,,,,,,,,,,,,,,,,,,,,,,,,,,,,,,,,,,,,,,,,,,,,,,,,,,,,,,,,,,,,,,,,,,,,,,,,,,,,,,,,,,,,,,,,,,,,,,,,,,,,,,,,,,,,,,,,,,,,,,,,,,,,,,,,,,,,,,,,,,,,,,,,,,,,,,,,,,,,,,,,,,,,,,,,,,,,,,,,,,,,,,,,,,,,,,,,,,,,,,,,,,,,,,,,,,,,,,,,,,,,,,,,,,,,,,,,,,,,,,,,,,,,,,,,,,,,,,,,,,,,,,,,,,,,,,,,,,,,,,,,,,,,,,,,,,,,,,,,,,,,,,,,,,,,,,,,,,,,,,,,,,,,,,,,,,,,,,,,,,,,,,,,,,,,,,,,,,,,,,,,,,,,,,,,,,,,,,,,,,,,,,,,,,,,,,,,,,,,,,,,,,,,,,,,,,,,,,,,,,,,,,,,,,,,,,,,,,,,,,,,,,,,,,,,,,,,,,,,,,,,,,,,,,,,,,,,,,,,,,,,,,,,,,,,,,,,,,,,,,,,,,,,,,,,,,,,,,,,,,,,,,,,,,,,,,,,,,,,,,,,,,,,,,,,,,,,,,,,,,,,,,,,,,,,,,,,,,,,,,,,,,,,,,,,,,,,,,,,,,,,,,,,,,,,,,,,,,,,,,,,,,,,,,,,,,,,,,,,,,,,,,,,,,,,,,,,,,,,,,,,,,,,,,,,,,,,,,,,,,,,,,,,,,,,,,,,,,,,,,,,,,,,,,,,,,,,,,,,,,,,,,,,,,,,,,,,,,,,,,,,,,,,,,,,,,,,,,,,,,,,,,,,,,,,,,,,,,,,,,,,,,,,,,,,,,,,,,,,,,,,,,,,,,,,,,,,,,,,,,,,,,,,,,,,,,,,,,,,,,,,,,,,,,,,,,,,,,,,,,,,,,,,,,,,,,,,,,,,,,,,,,,,,,,,,,,,,,,,,,,,,,,,,,,,,,,,,,,,,,,,,,,,,,,,,,,,,,,,,,,,,,,,,,,,,,,,,,,,,,,,,,,,,,,,,,,,,,,,,,,,,,,,,,,,,,,,,,,,,,,,,,,,,,,,,,,,,,,,,,,,,,,,,,,,,,,,,,,,,,,,,,,,,,,,,,,,,,,,,,,,,,,,,
,,,,,,,,,,,,,,,,,,,,,,,,,,,,,,,,,,,,,,,,,,,,,,,,,,,,,,,,,,,,,,,,,,,,,,,,,,,,,,,,,,,,,,,,,,,,,,,,,,,,,,,,,,,,,,,,,,,,,,,,,,,,,,,,,,,,,,,,,,,,,,,,,,,,,,,,,,,,,,,,,,,,,,,,,,,,,,,,,,,,,,,,,,,,,,,,,,,,,,,,,,,,,,,,,,,,,,,,,,,,,,,,,,,,,,,,,,,,,,,,,,,,,,,,,,,,,,,,,,,,,,,,,,,,,,,,,,,,,,,,,,,,,,,,,,,,,,,,,,,,,,,,,,,,,,,,,,,,,,,,,,,,,,,,,,,,,,,,,,,,,,,,,,,,,,,,,,,,,,,,,,,,,,,,,,,,,,,,,,,,,,,,,,,,,,,,,,,,,,,,,,,,,,,,,,,,,,,,,,,,,,,,,,,,,,,,,,,,,,,,,,,,,,,,,,,,,,,,,,,,,,,,,,,,,,,,,,,,,,,,,,,,,,,,,,,,,,,,,,,,,,,,,,,,,,,,,,,,,,,,,,,,,,,,,,,,,,,,,,,,,,,,,,,,,,,,,,,,,,,,,,,,,,,,,,,,,,,,,,,,,,,,,,,,,,,,,,,,,,,,,,,,,,,,,,,,,,,,,,,,,,,,,,,,,,,,,,,,,,,,,,,,,,,,,,,,,,,,,,,,,,,,,,,,,,,,,,,,,,,,,,,,,,,,,,,,,,,,,,,,,,,,,,,,,,,,,,,,,,,,,,,,,,,,,,,,,,,,,,,,,,,,,,,,,,,,,,,,,,,,,,,,,,,,,,,,,,,,,,,,,,,,,,,,,,,,,,,,,,,,,,,,,,,,,,,,,,,,,,,,,,,,,,,,,,,,,,,,,,,,,,,,,,,,,,,,,,,,,,,,,,,,,,,,,,,,,,,,,,,,,,,,,,,,,,,,,,,,,,,,,,,,,,,,,,,,,,,,,,,,,,,,,,,,,,,,,,,,,,,,,,,,,,,,,,,,,,,,,,,,,,,,,,,,,,,,,,,,,,,,,,,,,,,,,,,,,,,,,,,,,,,,,,,,,,,,,,,,,,,,,,,,,,,,,,,,,,,,,,,,,,,,,,,,,,,,,,,,,,,,,,,,,,,,,,,,,,,,,,,,,,,,,,,,,,,,,,,,,,,,,,,,,,,,,,,,,,,,,,,,,,,,,,,,,,,,,,,,,,,,,,,,,,,,,,,,,,,,,,,,,,,,,,,,,,,,,,,,,,,,,,,,,,,,,,,,,,,,,,,,,,,,,,,,,,,,,,,,,,,,,,,,,,,,,,,,,,,,,,,,,,,,,,,,,,,,,,,,,,,,,,,,,,,,,,,,,,,,,,,,,,,,,,,,,,,,,,,,,,,,,,,,,,,,,,,,,,,,,,,,,,,,,,,,,,,,,,,,,,,,,,,,,,,,,,,,,,,,,,,,,,,,,,,,,,,,,,,,,,,,,,,,,,,,,,,,,,,,,,,,,,,,,,,,,,,,,,,,,,,,,,,,,,,,,,,,,,,,,,,,,,,,,,,,,,,,,,,,,,,,,,,,,,,,,,,,,,,,,,,,,,,,,,,,,,,,,,,,,,,,,,,,,,,,,,,,,,,,,,,,,,,,,,,,,,,,,,,,,,,,,,,,,,,,,,,,,,,,,,,,,,,,,,,,,,,,,,,,,,,,,,,,,,,,,,,,,,,,,,,,,,,,,,,,,,,,,,,,,,,,,,,,,,,,,,,,,,,,,,,,,,,,,,,,,,,,,,,,,,,,,,,,,,,,,,,,,,,,,,,,,,,,,,,,,,,,,,,,,,,,,,,,,,,,,,,,,,,,,,,,,,,,,,,,,,,,,,,,,,,,,,,,,,,,,,,,,,,,,,,,,,,,,,,,,,,,,,,,,,,,,,,,,,,,,,,,,,,,,,,,,,,,,,,,,,,,,,,,,,,,,,,,,,,,,,,,,,,,,,,,,,,,,,,,,,,,,,,,,,,,,,,,,,,,,,,,,,,,,,,,,,,,,,,,,,,,,,,,,,,,,,,,,,,,,,,,,,,,,,,,,,,,,,,,,,,,,,,,,,,,,,,,,,,,,,,,,,,,,,,,,,,,,,,,,,,,,,,,,,,,,,,,,,,,,,,,,,,,,,,,,,,,,,,,,,,,,,,,,,,,,,,,,,,,,,,,,,,,,,,,,,,,,,,
,,,,,,,,,,,,,,,,,,,,,,,,,,,,,,,,,,,,,,,,,,,,,,,,,,,,,,,,,,,,,,,,,,,,,,,,,,,,,,,,,,,,,,,,,,,,,,,,,,,,,,,,,,,,,,,,,,,,,,,,,,,,,,,,,,,,,,,,,,,,,,,,,,,,,,,,,,,,,,,,,,,,,,,,,,,,,,,,,,,,,,,,,,,,,,,,,,,,,,,,,,,,,,,,,,,,,,,,,,,,,,,,,,,,,,,,,,,,,,,,,,,,,,,,,,,,,,,,,,,,,,,,,,,,,,,,,,,,,,,,,,,,,,,,,,,,,,,,,,,,,,,,,,,,,,,,,,,,,,,,,,,,,,,,,,,,,,,,,,,,,,,,,,,,,,,,,,,,,,,,,,,,,,,,,,,,,,,,,,,,,,,,,,,,,,,,,,,,,,,,,,,,,,,,,,,,,,,,,,,,,,,,,,,,,,,,,,,,,,,,,,,,,,,,,,,,,,,,,,,,,,,,,,,,,,,,,,,,,,,,,,,,,,,,,,,,,,,,,,,,,,,,,,,,,,,,,,,,,,,,,,,,,,,,,,,,,,,,,,,,,,,,,,,,,,,,,,,,,,,,,,,,,,,,,,,,,,,,,,,,,,,,,,,,,,,,,,,,,,,,,,,,,,,,,,,,,,,,,,,,,,,,,,,,,,,,,,,,,,,,,,,,,,,,,,,,,,,,,,,,,,,,,,,,,,,,,,,,,,,,,,,,,,,,,,,,,,,,,,,,,,,,,,,,,,,,,,,,,,,,,,,,,,,,,,,,,,,,,,,,,,,,,,,,,,,,,,,,,,,,,,,,,,,,,,,,,,,,,,,,,,,,,,,,,,,,,,,,,,,,,,,,,,,,,,,,,,,,,,,,,,,,,,,,,,,,,,,,,,,,,,,,,,,,,,,,,,,,,,,,,,,,,,,,,,,,,,,,,,,,,,,,,,,,,,,,,,,,,,,,,,,,,,,,,,,,,,,,,,,,,,,,,,,,,,,,,,,,,,,,,,,,,,,,,,,,,,,,,,,,,,,,,,,,,,,,,,,,,,,,,,,,,,,,,,,,,,,,,,,,,,,,,,,,,,,,,,,,,,,,,,,,,,,,,,,,,,,,,,,,,,,,,,,,,,,,,,,,,,,,,,,,,,,,,,,,,,,,,,,,,,,,,,,,,,,,,,,,,,,,,,,,,,,,,,,,,,,,,,,,,,,,,,,,,,,,,,,,,,,,,,,,,,,,,,,,,,,,,,,,,,,,,,,,,,,,,,,,,,,,,,,,,,,,,,,,,,,,,,,,,,,,,,,,,,,,,,,,,,,,,,,,,,,,,,,,,,,,,,,,,,,,,,,,,,,,,,,,,,,,,,,,,,,,,,,,,,,,,,,,,,,,,,,,,,,,,,,,,,,,,,,,,,,,,,,,,,,,,,,,,,,,,,,,,,,,,,,,,,,,,,,,,,,,,,,,,,,,,,,,,,,,,,,,,,,,,,,,,,,,,,,,,,,,,,,,,,,,,,,,,,,,,,,,,,,,,,,,,,,,,,,,,,,,,,,,,,,,,,,,,,,,,,,,,,,,,,,,,,,,,,,,,,,,,,,,,,,,,,,,,,,,,,,,,,,,,,,,,,,,,,,,,,,,,,,,,,,,,,,,,,,,,,,,,,,,,,,,,,,,,,,,,,,,,,,,,,,,,,,,,,,,,,,,,,,,,,,,,,,,,,,,,,,,,,,,,,,,,,,,,,,,,,,,,,,,,,,,,,,,,,,,,,,,,,,,,,,,,,,,,,,,,,,,,,,,,,,,,,,,,,,,,,,,,,,,,,,,,,,,,,,,,,,,,,,,,,,,,,,,,,,,,,,,,,,,,,,,,,,,,,,,,,,,,,,,,,,,,,,,,,,,,,,,,,,,,,,,,,,,,,,,,,,,,,,,,,,,,,,,,,,,,,,,,,,,,,,,,,,,,,,,,,,,,,,,,,,,,,,,,,,,,,,,,,,,,,,,,,,,,,,,,,,,,,,,,,,,,,,,,,,,,,,,,,,,,,,,,,,,,,,,,,,,,,,,,,,,,,,,,,,,,,,,,,,,,,,,,,,,,,,,,,,,,,,,,,,,,,,,,,,,,,,,,,,,,,,,,,,,,,,,,,,,,,,,,,,,,,,,,,,,,,,,,,,,,,,,,,,,,,,,,,,,,,,,,,,,,,,,,,,,,,,,,,,,,,,,,,,,,,,,,,,
3435,3231,2347,2439,2443,2238,2393,2430,2070,2430,2393,2238,2443,2439,2347,3231,3711,3482,2424,2323,2301,2191,2334,2377,2380,2400,2389,2292,2473,2438,2499,3491,4070,3848,2704,2410,2250,2127,2171,2288,2308,2231,2289,2213,2314,2407,2709,3851,4204,3981,2871,2461,2268,2244,2267,2078,2331,2424,2294,2129,2314,2534,2819,3981,4012,3794,2730,2283,2267,2302,2246,2324,2291,2384,2279,1959,2228,2446,2682,3790,3726,3503,2476,2196,2311,2340,2312,2395,2407,2228,2231,2174,2271,2356,2471,3508,3510,3291,2165,2087,2078,2325,2331,2347,2229,2198,2115,2242,2210,2427,2346,3283,3817,3594,2506,2188,2237,2225,2216,2139,2060,2173,2236,2289,2279,2291,2375,3589,4003,3778,2665,2178,2294,2105,2001,2116,2214,2265,2294,2296,2313,2401,2541,3775,3873,3652,2493,2313,2279,2263,2239,2006,2301,2430,2263,2406,2288,2388,2609,3650,3480,3251,2402,2254,2238,2247,2335,2258,2108,2318,2253,2303,2304,2446,2508,3279,3147,2965,2437,2368,2232,2326,2328,2456,2421,2201,2213,2357,2382,2273,2334,2876,3098,3009,2825,2468,2378,2480,2452,2577,2502,2458,2562,2543,2170,2506,2339,2869,3964,3887,3892,3753,3600,3392,3585,3653,3416,3454,3395,3304,3480,3341,3187,3632,4536,4298,4170,4091,4000,3483,4138,4205,4117,4020,3797,3881,3820,3449,3825,4303,4644,4383,3941,3957,3927,4080,4296,4402,4340,4158,3999,3997,3693,3923,3995,4475,4354,4131,3885,3590,3328,4056,4148,4301,4254,3996,3807,3807,3544,3897,3760,4233,4514,4285,3689,3482,3459,3733,3740,3941,3940,3681,3367,3588,3362,3462,3306,4289,4607,4387,3323,3059,3198,3301,3247,3501,3506,3232,3018,3134,3013,3098,3309,4382,4799,4579,3473,3061,3078,2949,2892,3140,3119,2868,2788,2752,2883,3149,3292,4573,4695,4474,3343,3028,2814,2667,2750,2816,2725,2657,2666,2580,2793,3042,3236,4466,4253,4028,2910,2847,2700,2777,2809,2653,2648,2703,2726,2627,2802,2952,2989,4023,3766,3537,2738,2756,2728,2815,2825,2590,2692,2735,2646,2700,2733,2849,2843,3542,3535,3310,2593,2718,2609,2631,2697,2588,2430,2417,2462,2489,2542,2541,2440,3302,3456,3234,2490,2444,2557,2501,2672,2644,2426,2533,2495,2426,2597,2590,2417,3229,3645,3424,2501,2412,2543,2558,2521,2642,2521,2418,2463,2568,2591,2603,2413,3418,3655,3425,2702,2637,2657,2520,2622,2621,2616,2537,2285,2583,2457,2544,2571,3434,3187,3116,2988,2808,2699,2679,2763,2694,2889,2791,2681,2742,2710,2706,2767,3003,3002,3071,2894,2676,2659,2569,2666,2582,2892,2838,2796,2818,2794,2721,2903,2974,2797,2658,2679,2490,2554,2559,2458,2435,2677,2717,2730,2676,2683,2657,2642,2720,2810,2706,2603,2372,2426,2571,2425,2453,2508,2723,2664,2480,2525,2634,2654,2785,2961,2869,2662,2426,2370,2443,2438,2344,2640,2826,2761,2573,2374,2565,2664,2768,3011,3003,2813,2621,2602,2582,2367,2503,2686,2817,2823,2742,2592,2234,2566,2726,2901,2925,2819,2618,2519,2423,2438,2616,2693,2482,2670,2520,2503,2477,2511,2657,3012,2837,2613,2280,2302,2358,2366,2384,2479,2313,2413,2397,2333,2416,2506,2826,3257,3065,2476,2366,2397,2401,2326,2330,2456,2368,2455,2419,2451,2309,2473,3046,3412,3196,2321,2372,2320,2284,2283,2444,2556,2544,2568,2546,2511,2429,2465,3175,3456,3228,2233,2219,2264,2226,2185,2384,2532,2601,2543,2421,2419,2443,2440,3234,3248,3019,2212,2391,2237,2212,2280,2366,2564,2636,2431,2256,2327,2059,2405,3035,3055,2879,2228,2494,2474,2303,2352,2584,2777,2708,2439,2314,2366,2209,2296,2829,2900,2670,2371,2373,2408,2411,2282,2584,2755,2636,2366,2390,2365,2452,2383,2666,2989,2742,2380,2355,2387,2284,2334,2552,2634,2432,2457,2404,2143,2414,2456,2757,3022,2806,2338,2444,2432,2318,2386,2424,2514,2397,2447,2309,2329,2495,2454,2826,2848,2684,2321,2401,2371,2360,2356,2227,2269,2347,2428,2311,2282,2229,2203,2651,2663,2603,2406,2397,2428,2400,2466,2371,2356,2248,2352,2343,2424,2165,2358,2535,2800,2653,2400,2345,2266,2415,2378,2434,2484,2371,2372,2450,2323,2223,2226,2557,2841,2642,2256,2312,2327,2370,2212,2303,2477,2424,2412,2344,2166,2265,2311,2609,2786,2598,2350,2228,2274,2283,2307,2351,2584,2519,2430,2301,2195,2287,2270,2607,2696,2583,2367,2215,2234,2189,2327,2491,2557,2506,2237,2251,2308,2140,2382,2524,2791,2592,2301,2230,2289,2223,2277,2449,2479,2346,2366,2237,2120,2213,2317,2599,2723,2587,2333,2233,2387,2126,2335,2272,2414,2270,2404,2380,2251,2189,2217,2482,2803,2635,2249,2357,2434,2149,2340,2349,2503,2359,2411,2456,2365,2242,2286,2612,2922,2730,2259,2238,2141,2279,2317,2375,2417,2444,2405,2366,2358,2300,2310,2717,2859,2704,2416,2280,2377,2335,2405,2479,2425,2406,2369,2382,2328,2435,2502,2749,2806,2598,2305,2419,2472,2248,2335,2504,2399,2405,2270,2144,2239,2317,2408,2661,2800,2588,2319,2411,2510,2354,2331,2400,2323,2386,2129,2246,2193,2285,2347,2636,2669,2526,2334,2355,2195,2271,2349,2352,2451,2361,2318,2398,2359,2348,2275,2532,2631,2493,2323,2290,2285,2209,2363,2354,2385,2355,2355,2275,2355,2333,2114,2454,2685,2444,2318,2125,2366,2333,2411,2466,2471,2345,2089,2260,2210,2164,2278,2495,2631,2450,2308,2293,2352,2363,2284,2306,2300,2385,2381,2366,2285,2275,2343,2543,2679,2351,2343,2340,2292,2248,2206,2276,2330,2330,2346,2364,2376,2370,2253,2516,2680,2479,2262,2330,2345,2383,2322,2289,2363,2338,2256,2278,2292,2344,2403,2497,2558,2430,2226,2286,2298,2323,2484,2430,2377,2227,2232,2219,2265,2392,2398,2451,3357,3146,2336,2410,2280,2285,2425,2404,2342,2063,2301,2365,2361,2409,2413,3135,3860,3642,2612,2439,2333,2222,2269,2378,2526,2500,2368,2418,2372,2374,2636,3646,4153,3934,2787,2680,2503,2681,2827,2927,3023,2843,2522,2552,2490,2529,2879,3930,4193,3974,2978,2712,2655,2857,2932,3090,3135,2970,2644,2676,2526,2641,2821,3969,4109,3898,2903,2706,2567,2786,2726,2974,2977,2943,2615,2623,2518,2668,2782,3879,4105,3887,2752,2684,2568,2670,2500,2685,2816,2750,2398,2550,2600,2632,2764,3882,3783,3550,2338,2501,2496,2487,2441,2424,2566,2322,2473,2522,2699,2451,2510,3574,3303,3088,2360,2340,2281,2302,2376,2445,2460,2346,2288,2412,2567,2404,2446,3059,3139,2936,2267,2334,2310,2271,2316,2433,2479,2274,2327,2429,2484,2443,2358,2806,2796,2556,2241,2276,2245,2171,2213,2404,2545,2522,2288,2283,2218,2207,2187,2689,2750,2599,2351,2285,2296,2310,2280,2331,2576,2475,2354,2303,2235,2161,2241,2630,2846,2665,2386,2314,2367,2267,2284,2434,2487,2350,2219,2043,2100,2275,2263,2701,2676,2503,2339,2402,2389,2228,2367,2417,2484,2357,2212,2213,2131,2401,2387,2553,2670,2571,2396,2317,2380,2404,2423,2308,2359,2371,2220,2332,2270,2297,2350,2470,2824,2610,2422,2259,2361,2281,2316,2341,2367,2353,2299,2365,2174,2303,2338,2638,2885,2731,2501,2303,2514,2495,2594,2503,2666,2573,2289,2476,2340,2503,2531,2669,2855,2767,2591,2390,2500,2605,2775,2602,2799,2721,2398,2493,2524,2608,2621,2695,3018,2805,2687,2551,2477,2467,2585,2693,2623,2490,2483,2440,2495,2428,2216,2813,3396,3160,2573,2422,2482,2389,2524,2631,2485,2398,2488,2374,2378,2376,2256,3181,3355,3153,2369,2134,2176,2394,2476,2404,2445,2364,2321,2269,2258,2304,2275,3128,3191,2911,2287,2346,2349,2420,2349,2349,2422,2543,2336,2299,2237,2327,2378,2989,3029,2881,2552,2441,2445,2576,2549,2687,2725,2578,2487,2417,2245,2423,2569,2869,3137,2902,2600,2552,2362,2438,2503,2716,2690,2416,2496,2521,2333,2378,2504,2962,3008,2700,2594,2589,2353,2376,2391,2459,2493,2417,2404,2451,2502,2404,2365,2887,3045,2756,2397,2403,2338,2347,2416,2438,2561,2509,2352,2289,2374,2231,2337,2855,2842,2604,2404,2430,2470,2343,2344,2405,2550,2523,2437,2285,2323,2241,2320,2644,2851,2671,2415,2366,2398,2303,2430,2551,2593,2594,2422,2190,2294,2384,2433,2671,2871,2599,2335,2380,2392,2164,2352,2388,2588,2619,2388,2316,2443,2364,2410,2746,3006,2706,2445,2470,2395,2244,2399,2383,2752,2687,2260,2388,2440,2291,2338,2888,2921,2678,2450,2326,2287,2335,2348,2553,2700,2589,2400,2136,2217,2337,2257,2739,2803,2626,2446,2400,2333,2329,2379,2423,2483,2444,2327,2225,2336,2272,2263,2578,2709,2615,2479,2421,2389,2140,2297,2326,2168,2305,2253,2339,2319,2451,2304,2485,2818,2747,2435,2407,2233,2265,2198,2307,2442,2138,2273,2260,2322,2458,2419,2638,2840,2745,2378,2350,2126,2250,2336,2225,2403,2331,2317,2265,2227,2363,2353,2592,2999,2800,2415,2438,2209,2223,2354,2256,2370,2326,2261,2256,2340,2258,2393,2773,3111,2919,2300,2246,2298,2162,2322,2281,2189,2185,2286,2256,2240,2354,2294,2868,3098,2902,2375,2349,2254,2282,2293,2315,2413,2377,2298,2328,2269,2381,2334,2861,2828,2684,2438,2286,2242,2388,2405,2415,2454,2385,2122,2319,2353,2443,2297,2609,3113,2920,2348,2196,2322,2378,2259,2328,2335,2318,2294,2266,2312,2366,2287,2872,3112,2903,2207,2053,2261,2319,2257,2316,2383,2411,2411,2224,2323,2244,2318,2853,2891,2682,2233,2247,2274,2332,2407,2495,2428,2478,2424,2257,2404,2275,2159,2740,2782,2526,2279,2287,2227,2270,2430,2433,2426,2498,2417,2342,2339,2339,2110,2565,2831,2617,2201,2226,2202,2204,2328,2315,2329,2387,2260,2353,2207,2291,2212,2650,2677,2492,2249,2118,2196,2220,2199,2147,2383,2341,2313,2328,2330,2276,2286,2519,3142,2914,2308,2346,2277,2286,2201,2371,2502,2288,2240,2245,2272,2141,2165,2934,3555,3328,2316,2402,2091,2237,2265,2307,2343,2267,2335,2390,2248,2073,2391,3332,3596,3374,2406,2412,2151,2240,2230,2268,2287,2345,2223,2324,2231,2187,2426,3371,3349,3121,2402,2410,2315,2194,2178,2224,2269,2306,2260,2105,2048,2205,2335,3139,3111,2831,2379,2382,2320,2320,2348,2322,2220,2243,2299,2222,2215,2133,2319,2925,3094,2857,2348,2380,2408,2370,2355,2409,2445,2176,2326,2251,2113,2114,2334,2910,3478,3239,2392,2465,2292,2346,2336,2354,2463,2263,2309,2247,2281,2316,2365,3276,3861,3641,2550,2575,2412,2257,2315,2632,2891,2870,2399,2299,2390,2454,2595,3641,4045,3830,2735,2547,2507,2242,2320,2894,3022,3063,2495,2389,2426,2423,2739,3824,3950,3730,2684,2442,2376,2288,2227,2779,2964,2894,2428,2335,2283,2456,2584,3723,3615,3388,2363,2229,2197,2271,2266,2417,2433,2480,2218,2119,2195,2317,2367,3390,3094,2873,2250,2257,2240,2243,2204,2248,2293,2168,2200,2181,2230,2319,2273,2884,3355,3129,2348,2270,2188,2229,2234,2372,2357,2207,2122,2186,2256,2296,2367,3135,3489,3263,2179,2301,2197,2241,2136,2352,2274,2274,2169,2192,2329,2201,2234,3264,3320,3095,2130,2149,2282,2148,2280,2189,2198,2209,2233,2261,2238,2266,1985,3085,3063,2856,2209,2264,2264,2192,2211,2152,2171,2148,2140,2165,2144,2058,2130,2816,2862,2650,2100,2132,2175,2083,2120,2070,2204,2184,2092,2021,2027,2087,2107,2618,2620,2456,2160,2163,2110,1945,2064,2121,2131,2144,2178,2076,1994,2161,2135,2360,2307,2250,2122,2023,1818,2025,2008,1996,2049,2082,2037,1988,2099,2208,2040,2187,2244,2098,2016,1998,1926,1883,1978,1911,2092,2135,1921,1853,2026,2041,1962,2147,2192,2049,1968,1884,1934,1948,1931,1930,1951,2055,1933,1963,2038,2001,1995,2143
,,,,,,,,,,,,,,,,,,,,,,,,,,,,,,,,,,,,,,,,,,,,,,,,,,,,,,,,,,,,,,,,,,,,,,,,,,,,,,,,,,,,,,,,,,,,,,,,,,,,,,,,,,,,,,,,,,,,,,,,,,,,,,,,,,,,,,,,,,,,,,,,,,,,,,,,,,,,,,,,,,,,,,,,,,,,,,,,,,,,,,,,,,,,,,,,,,,,,,,,,,,,,,,,,,,,,,,,,,,,,,,,,,,,,,,,,,,,,,,,,,,,,,,,,,,,,,,,,,,,,,,,,,,,,,,,,,,,,,,,,,,,,,,,,,,,,,,,,,,,,,,,,,,,,,,,,,,,,,,,,,,,,,,,,,,,,,,,,,,,,,,,,,,,,,,,,,,,,,,,,,,,,,,,,,,,,,,,,,,,,,,,,,,,,,,,,,,,,,,,,,,,,,,,,,,,,,,,,,,,,,,,,,,,,,,,,,,,,,,,,,,,,,,,,,,,,,,,,,,,,,,,,,,,,,,,,,,,,,,,,,,,,,,,,,,,,,,,,,,,,,,,,,,,,,,,,,,,,,,,,,,,,,,,,,,,,,,,,,,,,,,,,,,,,,,,,,,,,,,,,,,,,,,,,,,,,,,,,,,,,,,,,,,,,,,,,,,,,,,,,,,,,,,,,,,,,,,,,,,,,,,,,,,,,,,,,,,,,,,,,,,,,,,,,,,,,,,,,,,,,,,,,,,,,,,,,,,,,,,,,,,,,,,,,,,,,,,,,,,,,,,,,,,,,,,,,,,,,,,,,,,,,,,,,,,,,,,,,,,,,,,,,,,,,,,,,,,,,,,,,,,,,,,,,,,,,,,,,,,,,,,,,,,,,,,,,,,,,,,,,,,,,,,,,,,,,,,,,,,,,,,,,,,,,,,,,,,,,,,,,,,,,,,,,,,,,,,,,,,,,,,,,,,,,,,,,,,,,,,,,,,,,,,,,,,,,,,,,,,,,,,,,,,,,,,,,,,,,,,,,,,,,,,,,,,,,,,,,,,,,,,,,,,,,,,,,,,,,,,,,,,,,,,,,,,,,,,,,,,,,,,,,,,,,,,,,,,,,,,,,,,,,,,,,,,,,,,,,,,,,,,,,,,,,,,,,,,,,,,,,,,,,,,,,,,,,,,,,,,,,,,,,,,,,,,,,,,,,,,,,,,,,,,,,,,,,,,,,,,,,,,,,,,,,,,,,,,,,,,,,,,,,,,,,,,,,,,,,,,,,,,,,,,,,,,,,,,,,,,,,,,,,,,,,,,,,,,,,,,,,,,,,,,,,,,,,,,,,,,,,,,,,,,,,,,,,,,,,,,,,,,,,,,,,,,,,,,,,,,,,,,,,,,,,,,,,,,,,,,,,,,,,,,,,,,,,,,,,,,,,,,,,,,,,,,,,,,,,,,,,,,,,,,,,,,,,,,,,,,,,,,,,,,,,,,,,,,,,,,,,,,,,,,,,,,,,,,,,,,,,,,,,,,,,,,,,,,,,,,,,,,,,,,,,,,,,,,,,,,,,,,,,,,,,,,,,,,,,,,,,,,,,,,,,,,,,,,,,,,,,,,,,,,,,,,,,,,,,,,,,,,,,,,,,,,,,,,,,,,,,,,,,,,,,,,,,,,,,,,,,,,,,,,,,,,,,,,,,,,,,,,,,,,,,,,,,,,,,,,,,,,,,,,,,,,,,,,,,,,,,,,,,,,,,,,,,,,,,,,,,,,,,,,,,,,,,,,,,,,,,,,,,,,,,,,,,,,,,,,,,,,,,,,,,,,,,,,,,,,,,,,,,,,,,,,,,,,,,,,,,,,,,,,,,,,,,,,,,,,,,,,,,,,,,,,,,,,,,,,,,,,,,,,,,,,,,,,,,,,,,,,,,,,,,,,,,,,,,,,,,,,,,,,,,,,,,,,,,,,,,,,,,,,,,,,,,,,,,,,,,,,,,,,,,,,,,,,,,,,,,,,,,,,,,,,,,,,,,,,,,,,,,,,,,,,,,,,,,,,,,,,,,,,,,,,,,,,,,,,,,,,,,,,,,,,,,,,,,,,,,,,,,,,,,,,,,,,,,,,,,,,,,,,,,,,,,,,,,,,,,,,,,,,,,,,,,,,,,,,,,,,,,,,,,,,,,,,,,,,,,,,,,,,,,,,,,,,,,,,,,,,,,,,,,,,,,,,,,,,,,,,,,,,,,,,,,,,,,,,,,,,,,,,,,,,,,,,,,,,,,,,,,,,
,,,,,,,,,,,,,,,,,,,,,,,,,,,,,,,,,,,,,,,,,,,,,,,,,,,,,,,,,,,,,,,,,,,,,,,,,,,,,,,,,,,,,,,,,,,,,,,,,,,,,,,,,,,,,,,,,,,,,,,,,,,,,,,,,,,,,,,,,,,,,,,,,,,,,,,,,,,,,,,,,,,,,,,,,,,,,,,,,,,,,,,,,,,,,,,,,,,,,,,,,,,,,,,,,,,,,,,,,,,,,,,,,,,,,,,,,,,,,,,,,,,,,,,,,,,,,,,,,,,,,,,,,,,,,,,,,,,,,,,,,,,,,,,,,,,,,,,,,,,,,,,,,,,,,,,,,,,,,,,,,,,,,,,,,,,,,,,,,,,,,,,,,,,,,,,,,,,,,,,,,,,,,,,,,,,,,,,,,,,,,,,,,,,,,,,,,,,,,,,,,,,,,,,,,,,,,,,,,,,,,,,,,,,,,,,,,,,,,,,,,,,,,,,,,,,,,,,,,,,,,,,,,,,,,,,,,,,,,,,,,,,,,,,,,,,,,,,,,,,,,,,,,,,,,,,,,,,,,,,,,,,,,,,,,,,,,,,,,,,,,,,,,,,,,,,,,,,,,,,,,,,,,,,,,,,,,,,,,,,,,,,,,,,,,,,,,,,,,,,,,,,,,,,,,,,,,,,,,,,,,,,,,,,,,,,,,,,,,,,,,,,,,,,,,,,,,,,,,,,,,,,,,,,,,,,,,,,,,,,,,,,,,,,,,,,,,,,,,,,,,,,,,,,,,,,,,,,,,,,,,,,,,,,,,,,,,,,,,,,,,,,,,,,,,,,,,,,,,,,,,,,,,,,,,,,,,,,,,,,,,,,,,,,,,,,,,,,,,,,,,,,,,,,,,,,,,,,,,,,,,,,,,,,,,,,,,,,,,,,,,,,,,,,,,,,,,,,,,,,,,,,,,,,,,,,,,,,,,,,,,,,,,,,,,,,,,,,,,,,,,,,,,,,,,,,,,,,,,,,,,,,,,,,,,,,,,,,,,,,,,,,,,,,,,,,,,,,,,,,,,,,,,,,,,,,,,,,,,,,,,,,,,,,,,,,,,,,,,,,,,,,,,,,,,,,,,,,,,,,,,,,,,,,,,,,,,,,,,,,,,,,,,,,,,,,,,,,,,,,,,,,,,,,,,,,,,,,,,,,,,,,,,,,,,,,,,,,,,,,,,,,,,,,,,,,,,,,,,,,,,,,,,,,,,,,,,,,,,,,,,,,,,,,,,,,,,,,,,,,,,,,,,,,,,,,,,,,,,,,,,,,,,,,,,,,,,,,,,,,,,,,,,,,,,,,,,,,,,,,,,,,,,,,,,,,,,,,,,,,,,,,,,,,,,,,,,,,,,,,,,,,,,,,,,,,,,,,,,,,,,,,,,,,,,,,,,,,,,,,,,,,,,,,,,,,,,,,,,,,,,,,,,,,,,,,,,,,,,,,,,,,,,,,,,,,,,,,,,,,,,,,,,,,,,,,,,,,,,,,,,,,,,,,,,,,,,,,,,,,,,,,,,,,,,,,,,,,,,,,,,,,,,,,,,,,,,,,,,,,,,,,,,,,,,,,,,,,,,,,,,,,,,,,,,,,,,,,,,,,,,,,,,,,,,,,,,,,,,,,,,,,,,,,,,,,,,,,,,,,,,,,,,,,,,,,,,,,,,,,,,,,,,,,,,,,,,,,,,,,,,,,,,,,,,,,,,,,,,,,,,,,,,,,,,,,,,,,,,,,,,,,,,,,,,,,,,,,,,,,,,,,,,,,,,,,,,,,,,,,,,,,,,,,,,,,,,,,,,,,,,,,,,,,,,,,,,,,,,,,,,,,,,,,,,,,,,,,,,,,,,,,,,,,,,,,,,,,,,,,,,,,,,,,,,,,,,,,,,,,,,,,,,,,,,,,,,,,,,,,,,,,,,,,,,,,,,,,,,,,,,,,,,,,,,,,,,,,,,,,,,,,,,,,,,,,,,,,,,,,,,,,,,,,,,,,,,,,,,,,,,,,,,,,,,,,,,,,,,,,,,,,,,,,,,,,,,,,,,,,,,,,,,,,,,,,,,,,,,,,,,,,,,,,,,,,,,,,,,,,,,,,,,,,,,,,,,,,,,,,,,,,,,,,,,,,,,,,,,,,,,,,,,,,,,,,,,,,,,,,,,,,,,,,,,,,,,,,,,,,,,,,,,,,,,,,,,,,,,,,,,,,,,,,,,,,,,,,,,,,,,,,,,,,
,,,,,,,,,,,,,,,,,,,,,,,,,,,,,,,,,,,,,,,,,,,,,,,,,,,,,,,,,,,,,,,,,,,,,,,,,,,,,,,,,,,,,,,,,,,,,,,,,,,,,,,,,,,,,,,,,,,,,,,,,,,,,,,,,,,,,,,,,,,,,,,,,,,,,,,,,,,,,,,,,,,,,,,,,,,,,,,,,,,,,,,,,,,,,,,,,,,,,,,,,,,,,,,,,,,,,,,,,,,,,,,,,,,,,,,,,,,,,,,,,,,,,,,,,,,,,,,,,,,,,,,,,,,,,,,,,,,,,,,,,,,,,,,,,,,,,,,,,,,,,,,,,,,,,,,,,,,,,,,,,,,,,,,,,,,,,,,,,,,,,,,,,,,,,,,,,,,,,,,,,,,,,,,,,,,,,,,,,,,,,,,,,,,,,,,,,,,,,,,,,,,,,,,,,,,,,,,,,,,,,,,,,,,,,,,,,,,,,,,,,,,,,,,,,,,,,,,,,,,,,,,,,,,,,,,,,,,,,,,,,,,,,,,,,,,,,,,,,,,,,,,,,,,,,,,,,,,,,,,,,,,,,,,,,,,,,,,,,,,,,,,,,,,,,,,,,,,,,,,,,,,,,,,,,,,,,,,,,,,,,,,,,,,,,,,,,,,,,,,,,,,,,,,,,,,,,,,,,,,,,,,,,,,,,,,,,,,,,,,,,,,,,,,,,,,,,,,,,,,,,,,,,,,,,,,,,,,,,,,,,,,,,,,,,,,,,,,,,,,,,,,,,,,,,,,,,,,,,,,,,,,,,,,,,,,,,,,,,,,,,,,,,,,,,,,,,,,,,,,,,,,,,,,,,,,,,,,,,,,,,,,,,,,,,,,,,,,,,,,,,,,,,,,,,,,,,,,,,,,,,,,,,,,,,,,,,,,,,,,,,,,,,,,,,,,,,,,,,,,,,,,,,,,,,,,,,,,,,,,,,,,,,,,,,,,,,,,,,,,,,,,,,,,,,,,,,,,,,,,,,,,,,,,,,,,,,,,,,,,,,,,,,,,,,,,,,,,,,,,,,,,,,,,,,,,,,,,,,,,,,,,,,,,,,,,,,,,,,,,,,,,,,,,,,,,,,,,,,,,,,,,,,,,,,,,,,,,,,,,,,,,,,,,,,,,,,,,,,,,,,,,,,,,,,,,,,,,,,,,,,,,,,,,,,,,,,,,,,,,,,,,,,,,,,,,,,,,,,,,,,,,,,,,,,,,,,,,,,,,,,,,,,,,,,,,,,,,,,,,,,,,,,,,,,,,,,,,,,,,,,,,,,,,,,,,,,,,,,,,,,,,,,,,,,,,,,,,,,,,,,,,,,,,,,,,,,,,,,,,,,,,,,,,,,,,,,,,,,,,,,,,,,,,,,,,,,,,,,,,,,,,,,,,,,,,,,,,,,,,,,,,,,,,,,,,,,,,,,,,,,,,,,,,,,,,,,,,,,,,,,,,,,,,,,,,,,,,,,,,,,,,,,,,,,,,,,,,,,,,,,,,,,,,,,,,,,,,,,,,,,,,,,,,,,,,,,,,,,,,,,,,,,,,,,,,,,,,,,,,,,,,,,,,,,,,,,,,,,,,,,,,,,,,,,,,,,,,,,,,,,,,,,,,,,,,,,,,,,,,,,,,,,,,,,,,,,,,,,,,,,,,,,,,,,,,,,,,,,,,,,,,,,,,,,,,,,,,,,,,,,,,,,,,,,,,,,,,,,,,,,,,,,,,,,,,,,,,,,,,,,,,,,,,,,,,,,,,,,,,,,,,,,,,,,,,,,,,,,,,,,,,,,,,,,,,,,,,,,,,,,,,,,,,,,,,,,,,,,,,,,,,,,,,,,,,,,,,,,,,,,,,,,,,,,,,,,,,,,,,,,,,,,,,,,,,,,,,,,,,,,,,,,,,,,,,,,,,,,,,,,,,,,,,,,,,,,,,,,,,,,,,,,,,,,,,,,,,,,,,,,,,,,,,,,,,,,,,,,,,,,,,,,,,,,,,,,,,,,,,,,,,,,,,,,,,,,,,,,,,,,,,,,,,,,,,,,,,,,,,,,,,,,,,,,,,,,,,,,,,,,,,,,,,,,,,,,,,,,,,,,,,,,,,,,,,,,,,,,,,,,,,,,,,,,,,,,,,,,,,,,,,,,,,,,,,,,,,,,,,,,,,,,,,,,,,,,,,,,,,,,,,,,,,,,,,,,,,,,,,,,,,,,,,,,,,,,,,,,,,,,,,,,,,
,,,,,,,,,,,,,,,,,,,,,,,,,,,,,,,,,,,,,,,,,,,,,,,,,,,,,,,,,,,,,,,,,,,,,,,,,,,,,,,,,,,,,,,,,,,,,,,,,,,,,,,,,,,,,,,,,,,,,,,,,,,,,,,,,,,,,,,,,,,,,,,,,,,,,,,,,,,,,,,,,,,,,,,,,,,,,,,,,,,,,,,,,,,,,,,,,,,,,,,,,,,,,,,,,,,,,,,,,,,,,,,,,,,,,,,,,,,,,,,,,,,,,,,,,,,,,,,,,,,,,,,,,,,,,,,,,,,,,,,,,,,,,,,,,,,,,,,,,,,,,,,,,,,,,,,,,,,,,,,,,,,,,,,,,,,,,,,,,,,,,,,,,,,,,,,,,,,,,,,,,,,,,,,,,,,,,,,,,,,,,,,,,,,,,,,,,,,,,,,,,,,,,,,,,,,,,,,,,,,,,,,,,,,,,,,,,,,,,,,,,,,,,,,,,,,,,,,,,,,,,,,,,,,,,,,,,,,,,,,,,,,,,,,,,,,,,,,,,,,,,,,,,,,,,,,,,,,,,,,,,,,,,,,,,,,,,,,,,,,,,,,,,,,,,,,,,,,,,,,,,,,,,,,,,,,,,,,,,,,,,,,,,,,,,,,,,,,,,,,,,,,,,,,,,,,,,,,,,,,,,,,,,,,,,,,,,,,,,,,,,,,,,,,,,,,,,,,,,,,,,,,,,,,,,,,,,,,,,,,,,,,,,,,,,,,,,,,,,,,,,,,,,,,,,,,,,,,,,,,,,,,,,,,,,,,,,,,,,,,,,,,,,,,,,,,,,,,,,,,,,,,,,,,,,,,,,,,,,,,,,,,,,,,,,,,,,,,,,,,,,,,,,,,,,,,,,,,,,,,,,,,,,,,,,,,,,,,,,,,,,,,,,,,,,,,,,,,,,,,,,,,,,,,,,,,,,,,,,,,,,,,,,,,,,,,,,,,,,,,,,,,,,,,,,,,,,,,,,,,,,,,,,,,,,,,,,,,,,,,,,,,,,,,,,,,,,,,,,,,,,,,,,,,,,,,,,,,,,,,,,,,,,,,,,,,,,,,,,,,,,,,,,,,,,,,,,,,,,,,,,,,,,,,,,,,,,,,,,,,,,,,,,,,,,,,,,,,,,,,,,,,,,,,,,,,,,,,,,,,,,,,,,,,,,,,,,,,,,,,,,,,,,,,,,,,,,,,,,,,,,,,,,,,,,,,,,,,,,,,,,,,,,,,,,,,,,,,,,,,,,,,,,,,,,,,,,,,,,,,,,,,,,,,,,,,,,,,,,,,,,,,,,,,,,,,,,,,,,,,,,,,,,,,,,,,,,,,,,,,,,,,,,,,,,,,,,,,,,,,,,,,,,,,,,,,,,,,,,,,,,,,,,,,,,,,,,,,,,,,,,,,,,,,,,,,,,,,,,,,,,,,,,,,,,,,,,,,,,,,,,,,,,,,,,,,,,,,,,,,,,,,,,,,,,,,,,,,,,,,,,,,,,,,,,,,,,,,,,,,,,,,,,,,,,,,,,,,,,,,,,,,,,,,,,,,,,,,,,,,,,,,,,,,,,,,,,,,,,,,,,,,,,,,,,,,,,,,,,,,,,,,,,,,,,,,,,,,,,,,,,,,,,,,,,,,,,,,,,,,,,,,,,,,,,,,,,,,,,,,,,,,,,,,,,,,,,,,,,,,,,,,,,,,,,,,,,,,,,,,,,,,,,,,,,,,,,,,,,,,,,,,,,,,,,,,,,,,,,,,,,,,,,,,,,,,,,,,,,,,,,,,,,,,,,,,,,,,,,,,,,,,,,,,,,,,,,,,,,,,,,,,,,,,,,,,,,,,,,,,,,,,,,,,,,,,,,,,,,,,,,,,,,,,,,,,,,,,,,,,,,,,,,,,,,,,,,,,,,,,,,,,,,,,,,,,,,,,,,,,,,,,,,,,,,,,,,,,,,,,,,,,,,,,,,,,,,,,,,,,,,,,,,,,,,,,,,,,,,,,,,,,,,,,,,,,,,,,,,,,,,,,,,,,,,,,,,,,,,,,,,,,,,,,,,,,,,,,,,,,,,,,,,,,,,,,,,,,,,,,,,,,,,,,,,,,,,,,,,,,,,,,,,,,,,,,,,,,,,,,,,,,,,,,,,,,,,,,,,,,,,,,,,,,,,,,,,,,,,,,,,,,,,,,,,,,,,,,,,,,,,,,,,,,,,,,,,,,,,,,,,,,,,,,
,,,,,,,,,,,,,,,,,,,,,,,,,,,,,,,,,,,,,,,,,,,,,,,,,,,,,,,,,,,,,,,,,,,,,,,,,,,,,,,,,,,,,,,,,,,,,,,,,,,,,,,,,,,,,,,,,,,,,,,,,,,,,,,,,,,,,,,,,,,,,,,,,,,,,,,,,,,,,,,,,,,,,,,,,,,,,,,,,,,,,,,,,,,,,,,,,,,,,,,,,,,,,,,,,,,,,,,,,,,,,,,,,,,,,,,,,,,,,,,,,,,,,,,,,,,,,,,,,,,,,,,,,,,,,,,,,,,,,,,,,,,,,,,,,,,,,,,,,,,,,,,,,,,,,,,,,,,,,,,,,,,,,,,,,,,,,,,,,,,,,,,,,,,,,,,,,,,,,,,,,,,,,,,,,,,,,,,,,,,,,,,,,,,,,,,,,,,,,,,,,,,,,,,,,,,,,,,,,,,,,,,,,,,,,,,,,,,,,,,,,,,,,,,,,,,,,,,,,,,,,,,,,,,,,,,,,,,,,,,,,,,,,,,,,,,,,,,,,,,,,,,,,,,,,,,,,,,,,,,,,,,,,,,,,,,,,,,,,,,,,,,,,,,,,,,,,,,,,,,,,,,,,,,,,,,,,,,,,,,,,,,,,,,,,,,,,,,,,,,,,,,,,,,,,,,,,,,,,,,,,,,,,,,,,,,,,,,,,,,,,,,,,,,,,,,,,,,,,,,,,,,,,,,,,,,,,,,,,,,,,,,,,,,,,,,,,,,,,,,,,,,,,,,,,,,,,,,,,,,,,,,,,,,,,,,,,,,,,,,,,,,,,,,,,,,,,,,,,,,,,,,,,,,,,,,,,,,,,,,,,,,,,,,,,,,,,,,,,,,,,,,,,,,,,,,,,,,,,,,,,,,,,,,,,,,,,,,,,,,,,,,,,,,,,,,,,,,,,,,,,,,,,,,,,,,,,,,,,,,,,,,,,,,,,,,,,,,,,,,,,,,,,,,,,,,,,,,,,,,,,,,,,,,,,,,,,,,,,,,,,,,,,,,,,,,,,,,,,,,,,,,,,,,,,,,,,,,,,,,,,,,,,,,,,,,,,,,,,,,,,,,,,,,,,,,,,,,,,,,,,,,,,,,,,,,,,,,,,,,,,,,,,,,,,,,,,,,,,,,,,,,,,,,,,,,,,,,,,,,,,,,,,,,,,,,,,,,,,,,,,,,,,,,,,,,,,,,,,,,,,,,,,,,,,,,,,,,,,,,,,,,,,,,,,,,,,,,,,,,,,,,,,,,,,,,,,,,,,,,,,,,,,,,,,,,,,,,,,,,,,,,,,,,,,,,,,,,,,,,,,,,,,,,,,,,,,,,,,,,,,,,,,,,,,,,,,,,,,,,,,,,,,,,,,,,,,,,,,,,,,,,,,,,,,,,,,,,,,,,,,,,,,,,,,,,,,,,,,,,,,,,,,,,,,,,,,,,,,,,,,,,,,,,,,,,,,,,,,,,,,,,,,,,,,,,,,,,,,,,,,,,,,,,,,,,,,,,,,,,,,,,,,,,,,,,,,,,,,,,,,,,,,,,,,,,,,,,,,,,,,,,,,,,,,,,,,,,,,,,,,,,,,,,,,,,,,,,,,,,,,,,,,,,,,,,,,,,,,,,,,,,,,,,,,,,,,,,,,,,,,,,,,,,,,,,,,,,,,,,,,,,,,,,,,,,,,,,,,,,,,,,,,,,,,,,,,,,,,,,,,,,,,,,,,,,,,,,,,,,,,,,,,,,,,,,,,,,,,,,,,,,,,,,,,,,,,,,,,,,,,,,,,,,,,,,,,,,,,,,,,,,,,,,,,,,,,,,,,,,,,,,,,,,,,,,,,,,,,,,,,,,,,,,,,,,,,,,,,,,,,,,,,,,,,,,,,,,,,,,,,,,,,,,,,,,,,,,,,,,,,,,,,,,,,,,,,,,,,,,,,,,,,,,,,,,,,,,,,,,,,,,,,,,,,,,,,,,,,,,,,,,,,,,,,,,,,,,,,,,,,,,,,,,,,,,,,,,,,,,,,,,,,,,,,,,,,,,,,,,,,,,,,,,,,,,,,,,,,,,,,,,,,,,,,,,,,,,,,,,,,,,,,,,,,,,,,,,,,,,,,,,,,,,,,,,,,,,,,,,,,,,,,,,,,,,,,,,,,,,,,,,,,,,,,,,,,,,,,,,,,,,,,,,,,,,,,,,,,,,,,,,,,,,,,,,,,,,,,,,,,,,,,,,
3490,3266,2343,2442,2365,2404,2334,2288,2233,2288,2334,2404,2365,2442,2343,3266,3708,3474,2461,2326,2412,2403,2394,2300,2265,2261,2210,2414,2460,2318,2151,3488,4068,3848,2717,2452,2354,2318,2462,2324,2285,2325,2153,2360,2442,2368,2744,3848,4205,3982,2820,2577,2240,2273,2445,2325,2334,2353,2226,2259,2315,2470,2867,3983,4010,3790,2614,2426,2196,2164,2340,2372,2279,2304,2191,2227,2240,2307,2728,3793,3733,3506,2425,2329,2137,2210,2182,2144,2126,2169,2211,2240,2228,2211,2472,3515,3502,3281,2397,2245,2246,2164,2110,2081,2123,2227,2168,2085,2312,2261,2299,3274,3819,3596,2580,2170,2280,2250,2301,2263,2244,2343,2337,2117,2345,2307,2524,3592,4003,3779,2725,2242,2420,2273,2266,2271,2252,2217,2254,2330,2315,2159,2668,3777,3874,3655,2510,2319,2390,2295,2135,2301,2360,2271,2372,2438,2311,2277,2469,3646,3470,3247,2201,2173,2274,2414,2333,2274,2178,2339,2419,2409,2359,2333,2310,3230,3161,2919,2226,2151,2344,2419,2390,2365,2354,2321,2434,2412,2369,2275,2364,2937,3049,2873,2772,2487,2288,2492,2407,2601,2563,2422,2370,2544,2355,2408,2621,2958,4016,3881,3571,3253,3375,3411,3411,3365,3491,3527,3304,3462,3422,3499,3546,3807,4511,4379,4061,3768,3857,3837,4035,4096,4066,4044,3882,3863,3916,4060,4176,4312,4584,4464,4176,3868,3942,3974,4208,4300,4234,4133,4019,3822,3988,4180,4325,4366,4142,4002,3971,3697,3796,3994,4115,4190,4121,3841,3798,3803,3651,3999,4141,4146,4486,4215,3541,3435,3537,3749,3838,3869,3818,3481,3079,3362,3591,3730,3791,4308,4608,4381,3379,3242,3084,3282,3369,3427,3407,3149,3054,2948,3185,3317,3482,4385,4799,4576,3379,3151,2953,3127,3177,3240,3171,2978,2790,2561,2946,3112,3451,4580,4698,4472,3325,2969,2807,2859,2803,2980,2991,2809,2791,2745,3014,2854,3393,4474,4260,4041,3073,2620,2679,2812,2715,2657,2875,2921,2910,2920,3087,3006,3185,4047,3761,3543,2811,2726,2464,2665,2704,2794,2849,2842,2906,2937,2997,2887,2928,3525,3518,3314,2368,2662,2575,2577,2712,2791,2807,2651,2687,2774,2749,2690,2550,3257,3445,3213,2299,2571,2618,2706,2726,2663,2748,2660,2636,2539,2622,2663,2555,3200,3644,3416,2423,2494,2498,2579,2616,2509,2636,2589,2528,2491,2541,2588,2553,3423,3643,3422,2591,2348,2298,2359,2439,2470,2436,2297,2350,2420,2442,2467,2522,3423,3207,3041,2948,2791,2447,2423,2616,2569,2645,2573,2631,2540,2559,2689,2467,2963,3074,2926,3043,2886,2350,2557,2763,2732,2587,2781,2768,2580,2662,2671,2529,2911,2835,2926,2942,2732,2657,2518,2653,2571,2643,2796,2737,2522,2511,2516,2488,2527,2788,2758,2769,2698,2522,2303,2358,2487,2614,2480,2546,2417,2292,2475,2673,2620,2772,2613,2576,2619,2562,2436,2495,2629,2648,2475,2428,2412,2282,2509,2700,2664,2877,2643,2692,2725,2630,2592,2514,2572,2489,2531,2700,2600,2531,2571,2566,2662,2745,2650,2676,2645,2587,2530,2533,2597,2601,2646,2674,2618,2567,2578,2644,2670,2912,2740,2422,2485,2424,2409,2349,2547,2554,2474,2528,2458,2457,2471,2360,2736,3070,2876,2472,2308,2556,2454,2368,2610,2666,2453,2396,2452,2476,2408,2418,2866,3389,3177,2356,2405,2533,2522,2351,2546,2758,2655,2504,2255,2388,2413,2533,3158,3429,3208,2316,2334,2339,2338,2323,2405,2623,2624,2516,2288,2224,2343,2547,3211,3179,2964,2290,2408,2321,2251,2337,2435,2498,2464,2412,2405,2238,2156,2547,2932,3136,2874,2406,2466,2411,2274,2244,2567,2716,2488,2430,2439,2229,2335,2364,2919,2886,2745,2293,2296,2367,2342,2323,2452,2586,2493,2455,2371,2427,2406,2314,2677,2983,2841,2381,2355,2395,2390,2357,2394,2575,2545,2506,2446,2536,2498,2419,2768,2995,2842,2384,2114,2278,2335,2429,2442,2618,2651,2450,2176,2472,2522,2410,2778,2813,2681,2265,2308,2292,2213,2334,2421,2493,2449,2315,2291,2392,2328,2359,2673,2779,2576,2279,2246,2212,2197,2319,2254,2541,2364,2274,2238,2390,2404,2340,2619,2940,2720,2335,2259,2310,2359,2328,2400,2437,2298,2136,2313,2395,2463,2415,2761,2819,2536,2263,2372,2389,2372,2318,2343,2244,2265,2127,2328,2325,2311,2449,2665,2721,2512,2208,2284,2292,2173,2341,2345,2310,2397,2262,2395,2352,2227,2245,2569,2646,2440,2112,2336,2292,2278,2372,2398,2347,2469,2286,2413,2435,2389,2322,2460,2813,2573,2156,2262,2346,2125,2355,2367,2326,2322,2326,2332,2329,2259,2323,2635,2837,2644,2271,2156,2294,2166,2457,2465,2483,2475,2242,2290,2240,2191,2341,2667,2809,2609,2403,2274,2312,2322,2441,2406,2400,2408,2314,2331,2302,2298,2407,2675,2965,2758,2305,2311,2258,2386,2453,2450,2381,2369,2376,2356,2429,2527,2362,2747,2878,2693,2401,2242,2335,2338,2383,2309,2333,2442,2306,2403,2355,2515,2431,2706,2863,2726,2473,2346,2173,2352,2317,2243,2344,2482,2375,2446,2471,2411,2203,2662,2851,2687,2428,2314,2267,2346,2440,2344,2316,2337,2244,2357,2370,2385,2307,2608,2645,2535,2311,2293,2243,2213,2421,2330,2318,2329,2270,2206,2269,2162,2354,2499,2637,2511,2413,2413,2422,2226,2323,2281,2348,2326,2462,2407,2347,2305,2343,2547,2678,2467,2276,2241,2381,2333,2468,2473,2380,2348,2251,2314,2186,2338,2404,2541,2656,2526,2226,2230,2374,2365,2423,2477,2260,2288,2208,2271,2187,2217,2300,2527,2662,2519,2243,2210,2208,2373,2334,2471,2353,2268,2093,2136,2292,2139,2194,2505,2588,2343,2316,2218,2250,2271,2299,2378,2420,2360,2259,2324,2341,2303,2210,2458,2665,2551,2421,2209,2360,2260,2343,2418,2299,2265,2316,2305,2328,2279,2328,2527,3350,3121,2384,2274,2350,2344,2289,2384,2387,2286,2258,2337,2425,2294,2356,3146,3859,3621,2613,2500,2403,2297,2282,2353,2550,2512,2320,2393,2464,2391,2727,3649,4144,3913,2728,2611,2281,2620,2849,2954,2955,2857,2678,2672,2662,2610,2862,3924,4181,3952,2795,2546,2470,2847,3071,3150,2975,2826,2645,2590,2670,2730,3029,3967,4084,3859,2641,2452,2473,2782,2955,3006,3006,2852,2514,2294,2612,2673,2865,3844,4086,3866,2641,2389,2465,2559,2655,2670,2790,2739,2468,2564,2648,2574,2550,3852,3769,3544,2547,2385,2388,2385,2404,2536,2603,2497,2221,2548,2565,2382,2404,3538,3276,3083,2411,2344,2239,2288,2370,2402,2354,2361,2172,2332,2448,2363,2330,3017,3116,2887,2381,2292,2366,2332,2302,2373,2364,2351,2327,2197,2385,2264,2150,2912,2790,2524,2358,2336,2338,2320,2244,2416,2481,2344,2294,2150,2381,2309,2193,2547,2764,2617,2416,2280,2299,2359,2203,2405,2467,2393,2300,2385,2400,2211,2237,2515,2632,2638,2364,2321,2399,2362,2387,2419,2476,2413,2199,2309,2303,2331,2215,2588,2653,2538,2337,2351,2330,2323,2296,2360,2464,2361,2339,2233,2202,2326,2331,2457,2688,2549,2403,2385,2376,2315,2346,2408,2362,2407,2336,2253,2344,2312,2337,2512,2916,2708,2454,2403,2287,2277,2310,2330,2296,2349,2406,2177,2336,2357,2317,2732,2936,2706,2411,2569,2541,2458,2571,2652,2805,2688,2380,2503,2481,2383,2360,2722,2996,2807,2595,2588,2619,2598,2735,2810,2901,2798,2438,2602,2556,2435,2550,2806,3049,2902,2635,2398,2590,2639,2627,2502,2667,2541,2375,2511,2592,2524,2586,2797,3415,3206,2597,2284,2383,2529,2466,2341,2641,2614,2341,2374,2314,2381,2534,3210,3397,3186,2534,2425,2441,2461,2325,2328,2461,2369,2229,2181,2205,2346,2345,3172,3192,2997,2414,2480,2364,2326,2287,2544,2602,2386,2314,2272,2230,2425,2383,2945,2990,2798,2415,2417,2256,2404,2373,2704,2752,2680,2367,2399,2335,2506,2520,2738,2979,2776,2427,2246,2277,2469,2397,2613,2805,2727,2435,2455,2448,2479,2478,2744,3018,2870,2410,2243,2424,2410,2262,2634,2676,2585,2351,2328,2309,2382,2259,2802,3049,2845,2269,2265,2462,2379,2304,2442,2579,2612,2317,2286,2255,2323,2331,2839,2866,2637,2222,2279,2310,2296,2499,2445,2488,2603,2330,2300,2283,2252,2231,2699,2781,2532,2208,2296,2180,2220,2562,2519,2440,2530,2265,2175,2329,2218,2307,2596,2845,2659,2318,2238,2254,2254,2466,2450,2462,2494,2175,2092,2231,2160,2246,2560,2898,2746,2349,2209,2195,2236,2378,2498,2545,2588,2211,2300,2282,2265,2435,2552,2814,2672,2357,2291,2207,2358,2121,2274,2687,2613,2122,2290,2346,2373,2382,2607,2835,2681,2350,2364,2382,2373,2251,2389,2426,2374,2288,2372,2228,2263,2334,2582,2803,2625,2305,2231,2281,2287,2354,2446,2383,2344,2384,2429,2299,2227,2330,2626,2749,2597,2211,2251,2384,2329,2402,2364,2398,2297,2386,2448,2245,2248,2372,2539,2827,2637,2232,2414,2459,2366,2296,2391,2318,2349,2422,2384,2354,2331,2152,2611,2989,2754,2268,2372,2350,2173,2301,2250,2396,2451,2445,2372,2385,2333,2132,2756,3064,2801,2322,2343,2237,2256,2345,2293,2360,2496,2515,2439,2283,2366,2315,2847,3143,2869,2406,2338,2315,2230,2348,2253,2331,2436,2400,2359,2359,2463,2332,2925,3050,2876,2467,2240,2326,2253,2222,2225,2234,2265,2044,2183,2207,2351,2209,2787,3021,2883,2481,2167,2378,2338,2402,2397,2292,2388,2311,2176,2266,2314,2345,2864,3115,2851,2435,2336,2333,2383,2400,2398,2396,2446,2317,2294,2307,2423,2434,2893,2859,2698,2379,2314,2275,2299,2263,2391,2387,2400,2245,2225,2426,2466,2340,2670,2861,2676,2252,2233,2077,2171,2093,2341,2426,2408,2166,2339,2424,2397,2395,2632,2897,2717,2136,2192,2217,2288,2219,2305,2407,2331,2239,2233,2289,2354,2323,2677,2722,2549,2141,2196,2344,2253,2296,2311,2312,2320,2326,2214,2259,2348,2365,2457,3080,2832,2164,2292,2301,2109,2238,2316,2397,2273,2308,2228,2346,2325,2342,2863,3557,3321,2135,2366,2324,2147,2168,2275,2314,2191,2301,2371,2243,2197,2483,3349,3606,3375,2238,2432,2374,2068,2133,2205,2494,2416,2173,2270,2245,2244,2454,3396,3332,3133,2147,2404,2449,2312,2261,2308,2401,2355,2035,2313,2410,2331,2293,3069,3097,2856,2216,2352,2396,2340,2369,2308,2289,2349,2238,2289,2405,2356,2381,2845,3087,2907,2315,2312,2261,1982,2339,2410,2413,2366,2081,2235,2379,2247,2257,2859,3477,3285,2342,2235,2142,2166,2372,2315,2338,2394,2219,2205,2235,2252,2446,3227,3857,3629,2570,2283,2305,2336,2433,2611,2984,2839,2433,2348,2186,2336,2526,3638,4039,3821,2762,2398,2279,2401,2386,2972,3213,3053,2429,2399,2212,2446,2668,3820,3947,3726,2686,2388,2367,2329,2445,2873,3040,2835,2296,2304,2133,2181,2573,3720,3605,3382,2461,2257,2295,2299,2336,2480,2555,2474,2344,2314,2194,2195,2434,3380,3052,2833,2313,2200,2213,2274,2300,2196,2402,2351,2208,2236,2194,2233,2367,2849,3353,3141,2322,2170,2148,2173,2126,2295,2367,2346,2250,2200,2167,2157,2341,3149,3494,3274,2333,2091,2109,2123,2210,2382,2437,2262,2182,2259,2187,2236,2071,3270,3325,3101,2287,2256,2129,2154,2159,2287,2366,2263,2181,2249,2157,2298,2100,3103,3053,2831,2216,2220,2176,2217,2159,2144,2182,2147,2116,2087,2173,2208,2123,2843,2877,2663,2120,2138,2016,1976,2143,2115,2096,2034,2097,2215,2116,2061,2120,2661,2657,2398,2126,2100,2061,2038,2035,2084,2108,2048,1871,2088,2054,2106,2069,2509,2494,2336,2018,2076,1926,1877,2052,1985,1915,2026,1992,2018,1979,1999,2031,2339,2131,1947,2055,1998,1907,1914,1932,1980,1954,2091,2011,1923,1864,1965,2113,2236,2301,2164,2027,1966,1869,1905,1927,1973,2035,2090,1821,1887,2005,1954,2059,2209
,,,,,,,,,,,,,,,,,,,,,,,,,,,,,,,,,,,,,,,,,,,,,,,,,,,,,,,,,,,,,,,,,,,,,,,,,,,,,,,,,,,,,,,,,,,,,,,,,,,,,,,,,,,,,,,,,,,,,,,,,,,,,,,,,,,,,,,,,,,,,,,,,,,,,,,,,,,,,,,,,,,,,,,,,,,,,,,,,,,,,,,,,,,,,,,,,,,,,,,,,,,,,,,,,,,,,,,,,,,,,,,,,,,,,,,,,,,,,,,,,,,,,,,,,,,,,,,,,,,,,,,,,,,,,,,,,,,,,,,,,,,,,,,,,,,,,,,,,,,,,,,,,,,,,,,,,,,,,,,,,,,,,,,,,,,,,,,,,,,,,,,,,,,,,,,,,,,,,,,,,,,,,,,,,,,,,,,,,,,,,,,,,,,,,,,,,,,,,,,,,,,,,,,,,,,,,,,,,,,,,,,,,,,,,,,,,,,,,,,,,,,,,,,,,,,,,,,,,,,,,,,,,,,,,,,,,,,,,,,,,,,,,,,,,,,,,,,,,,,,,,,,,,,,,,,,,,,,,,,,,,,,,,,,,,,,,,,,,,,,,,,,,,,,,,,,,,,,,,,,,,,,,,,,,,,,,,,,,,,,,,,,,,,,,,,,,,,,,,,,,,,,,,,,,,,,,,,,,,,,,,,,,,,,,,,,,,,,,,,,,,,,,,,,,,,,,,,,,,,,,,,,,,,,,,,,,,,,,,,,,,,,,,,,,,,,,,,,,,,,,,,,,,,,,,,,,,,,,,,,,,,,,,,,,,,,,,,,,,,,,,,,,,,,,,,,,,,,,,,,,,,,,,,,,,,,,,,,,,,,,,,,,,,,,,,,,,,,,,,,,,,,,,,,,,,,,,,,,,,,,,,,,,,,,,,,,,,,,,,,,,,,,,,,,,,,,,,,,,,,,,,,,,,,,,,,,,,,,,,,,,,,,,,,,,,,,,,,,,,,,,,,,,,,,,,,,,,,,,,,,,,,,,,,,,,,,,,,,,,,,,,,,,,,,,,,,,,,,,,,,,,,,,,,,,,,,,,,,,,,,,,,,,,,,,,,,,,,,,,,,,,,,,,,,,,,,,,,,,,,,,,,,,,,,,,,,,,,,,,,,,,,,,,,,,,,,,,,,,,,,,,,,,,,,,,,,,,,,,,,,,,,,,,,,,,,,,,,,,,,,,,,,,,,,,,,,,,,,,,,,,,,,,,,,,,,,,,,,,,,,,,,,,,,,,,,,,,,,,,,,,,,,,,,,,,,,,,,,,,,,,,,,,,,,,,,,,,,,,,,,,,,,,,,,,,,,,,,,,,,,,,,,,,,,,,,,,,,,,,,,,,,,,,,,,,,,,,,,,,,,,,,,,,,,,,,,,,,,,,,,,,,,,,,,,,,,,,,,,,,,,,,,,,,,,,,,,,,,,,,,,,,,,,,,,,,,,,,,,,,,,,,,,,,,,,,,,,,,,,,,,,,,,,,,,,,,,,,,,,,,,,,,,,,,,,,,,,,,,,,,,,,,,,,,,,,,,,,,,,,,,,,,,,,,,,,,,,,,,,,,,,,,,,,,,,,,,,,,,,,,,,,,,,,,,,,,,,,,,,,,,,,,,,,,,,,,,,,,,,,,,,,,,,,,,,,,,,,,,,,,,,,,,,,,,,,,,,,,,,,,,,,,,,,,,,,,,,,,,,,,,,,,,,,,,,,,,,,,,,,,,,,,,,,,,,,,,,,,,,,,,,,,,,,,,,,,,,,,,,,,,,,,,,,,,,,,,,,,,,,,,,,,,,,,,,,,,,,,,,,,,,,,,,,,,,,,,,,,,,,,,,,,,,,,,,,,,,,,,,,,,,,,,,,,,,,,,,,,,,,,,,,,,,,,,,,,,,,,,,,,,,,,,,,,,,,,,,,,,,,,,,,,,,,,,,,,,,,,,,,,,,,,,,,,,,,,,,,,,,,,,,,,,,,,,,,,,,,,,,,,,,,,,,,,,,,,,,,,,,,,,,,,,,,,,,,,,,,,,,,,,,,,,,,,,,,,,,,,,,,,,,,,,,,,,,,,,,,,,,,,,,,,,,,,,,,,,,,,,,,,,,,,,,,,,,,,,,,,,,,,,,,,,,,,,,,,,,,,,,,,,,,,,,,,,,,,,,,,,,,,,,,,,,,,,,,,,,,,,,,,,,,,,,,,,,,,,,,,,,,,,,,,,,,,,,,,,,,,,,,,,,,,,,
,,,,,,,,,,,,,,,,,,,,,,,,,,,,,,,,,,,,,,,,,,,,,,,,,,,,,,,,,,,,,,,,,,,,,,,,,,,,,,,,,,,,,,,,,,,,,,,,,,,,,,,,,,,,,,,,,,,,,,,,,,,,,,,,,,,,,,,,,,,,,,,,,,,,,,,,,,,,,,,,,,,,,,,,,,,,,,,,,,,,,,,,,,,,,,,,,,,,,,,,,,,,,,,,,,,,,,,,,,,,,,,,,,,,,,,,,,,,,,,,,,,,,,,,,,,,,,,,,,,,,,,,,,,,,,,,,,,,,,,,,,,,,,,,,,,,,,,,,,,,,,,,,,,,,,,,,,,,,,,,,,,,,,,,,,,,,,,,,,,,,,,,,,,,,,,,,,,,,,,,,,,,,,,,,,,,,,,,,,,,,,,,,,,,,,,,,,,,,,,,,,,,,,,,,,,,,,,,,,,,,,,,,,,,,,,,,,,,,,,,,,,,,,,,,,,,,,,,,,,,,,,,,,,,,,,,,,,,,,,,,,,,,,,,,,,,,,,,,,,,,,,,,,,,,,,,,,,,,,,,,,,,,,,,,,,,,,,,,,,,,,,,,,,,,,,,,,,,,,,,,,,,,,,,,,,,,,,,,,,,,,,,,,,,,,,,,,,,,,,,,,,,,,,,,,,,,,,,,,,,,,,,,,,,,,,,,,,,,,,,,,,,,,,,,,,,,,,,,,,,,,,,,,,,,,,,,,,,,,,,,,,,,,,,,,,,,,,,,,,,,,,,,,,,,,,,,,,,,,,,,,,,,,,,,,,,,,,,,,,,,,,,,,,,,,,,,,,,,,,,,,,,,,,,,,,,,,,,,,,,,,,,,,,,,,,,,,,,,,,,,,,,,,,,,,,,,,,,,,,,,,,,,,,,,,,,,,,,,,,,,,,,,,,,,,,,,,,,,,,,,,,,,,,,,,,,,,,,,,,,,,,,,,,,,,,,,,,,,,,,,,,,,,,,,,,,,,,,,,,,,,,,,,,,,,,,,,,,,,,,,,,,,,,,,,,,,,,,,,,,,,,,,,,,,,,,,,,,,,,,,,,,,,,,,,,,,,,,,,,,,,,,,,,,,,,,,,,,,,,,,,,,,,,,,,,,,,,,,,,,,,,,,,,,,,,,,,,,,,,,,,,,,,,,,,,,,,,,,,,,,,,,,,,,,,,,,,,,,,,,,,,,,,,,,,,,,,,,,,,,,,,,,,,,,,,,,,,,,,,,,,,,,,,,,,,,,,,,,,,,,,,,,,,,,,,,,,,,,,,,,,,,,,,,,,,,,,,,,,,,,,,,,,,,,,,,,,,,,,,,,,,,,,,,,,,,,,,,,,,,,,,,,,,,,,,,,,,,,,,,,,,,,,,,,,,,,,,,,,,,,,,,,,,,,,,,,,,,,,,,,,,,,,,,,,,,,,,,,,,,,,,,,,,,,,,,,,,,,,,,,,,,,,,,,,,,,,,,,,,,,,,,,,,,,,,,,,,,,,,,,,,,,,,,,,,,,,,,,,,,,,,,,,,,,,,,,,,,,,,,,,,,,,,,,,,,,,,,,,,,,,,,,,,,,,,,,,,,,,,,,,,,,,,,,,,,,,,,,,,,,,,,,,,,,,,,,,,,,,,,,,,,,,,,,,,,,,,,,,,,,,,,,,,,,,,,,,,,,,,,,,,,,,,,,,,,,,,,,,,,,,,,,,,,,,,,,,,,,,,,,,,,,,,,,,,,,,,,,,,,,,,,,,,,,,,,,,,,,,,,,,,,,,,,,,,,,,,,,,,,,,,,,,,,,,,,,,,,,,,,,,,,,,,,,,,,,,,,,,,,,,,,,,,,,,,,,,,,,,,,,,,,,,,,,,,,,,,,,,,,,,,,,,,,,,,,,,,,,,,,,,,,,,,,,,,,,,,,,,,,,,,,,,,,,,,,,,,,,,,,,,,,,,,,,,,,,,,,,,,,,,,,,,,,,,,,,,,,,,,,,,,,,,,,,,,,,,,,,,,,,,,,,,,,,,,,,,,,,,,,,,,,,,,,,,,,,,,,,,,,,,,,,,,,,,,,,,,,,,,,,,,,,,,,,,,,,,,,,,,,,,,,,,,,,,,,,,,,,,,,,,,,,,,,,,,,,,,,,,,,,,,,,,,,,,,,,,,,,,,,,,,,,,,,,,,,,,,,,,,,,,,,,,,,,,,,,,,,,,,,,,,,,,,,,,,,,,,,,,,,,,,,,,,
,,,,,,,,,,,,,,,,,,,,,,,,,,,,,,,,,,,,,,,,,,,,,,,,,,,,,,,,,,,,,,,,,,,,,,,,,,,,,,,,,,,,,,,,,,,,,,,,,,,,,,,,,,,,,,,,,,,,,,,,,,,,,,,,,,,,,,,,,,,,,,,,,,,,,,,,,,,,,,,,,,,,,,,,,,,,,,,,,,,,,,,,,,,,,,,,,,,,,,,,,,,,,,,,,,,,,,,,,,,,,,,,,,,,,,,,,,,,,,,,,,,,,,,,,,,,,,,,,,,,,,,,,,,,,,,,,,,,,,,,,,,,,,,,,,,,,,,,,,,,,,,,,,,,,,,,,,,,,,,,,,,,,,,,,,,,,,,,,,,,,,,,,,,,,,,,,,,,,,,,,,,,,,,,,,,,,,,,,,,,,,,,,,,,,,,,,,,,,,,,,,,,,,,,,,,,,,,,,,,,,,,,,,,,,,,,,,,,,,,,,,,,,,,,,,,,,,,,,,,,,,,,,,,,,,,,,,,,,,,,,,,,,,,,,,,,,,,,,,,,,,,,,,,,,,,,,,,,,,,,,,,,,,,,,,,,,,,,,,,,,,,,,,,,,,,,,,,,,,,,,,,,,,,,,,,,,,,,,,,,,,,,,,,,,,,,,,,,,,,,,,,,,,,,,,,,,,,,,,,,,,,,,,,,,,,,,,,,,,,,,,,,,,,,,,,,,,,,,,,,,,,,,,,,,,,,,,,,,,,,,,,,,,,,,,,,,,,,,,,,,,,,,,,,,,,,,,,,,,,,,,,,,,,,,,,,,,,,,,,,,,,,,,,,,,,,,,,,,,,,,,,,,,,,,,,,,,,,,,,,,,,,,,,,,,,,,,,,,,,,,,,,,,,,,,,,,,,,,,,,,,,,,,,,,,,,,,,,,,,,,,,,,,,,,,,,,,,,,,,,,,,,,,,,,,,,,,,,,,,,,,,,,,,,,,,,,,,,,,,,,,,,,,,,,,,,,,,,,,,,,,,,,,,,,,,,,,,,,,,,,,,,,,,,,,,,,,,,,,,,,,,,,,,,,,,,,,,,,,,,,,,,,,,,,,,,,,,,,,,,,,,,,,,,,,,,,,,,,,,,,,,,,,,,,,,,,,,,,,,,,,,,,,,,,,,,,,,,,,,,,,,,,,,,,,,,,,,,,,,,,,,,,,,,,,,,,,,,,,,,,,,,,,,,,,,,,,,,,,,,,,,,,,,,,,,,,,,,,,,,,,,,,,,,,,,,,,,,,,,,,,,,,,,,,,,,,,,,,,,,,,,,,,,,,,,,,,,,,,,,,,,,,,,,,,,,,,,,,,,,,,,,,,,,,,,,,,,,,,,,,,,,,,,,,,,,,,,,,,,,,,,,,,,,,,,,,,,,,,,,,,,,,,,,,,,,,,,,,,,,,,,,,,,,,,,,,,,,,,,,,,,,,,,,,,,,,,,,,,,,,,,,,,,,,,,,,,,,,,,,,,,,,,,,,,,,,,,,,,,,,,,,,,,,,,,,,,,,,,,,,,,,,,,,,,,,,,,,,,,,,,,,,,,,,,,,,,,,,,,,,,,,,,,,,,,,,,,,,,,,,,,,,,,,,,,,,,,,,,,,,,,,,,,,,,,,,,,,,,,,,,,,,,,,,,,,,,,,,,,,,,,,,,,,,,,,,,,,,,,,,,,,,,,,,,,,,,,,,,,,,,,,,,,,,,,,,,,,,,,,,,,,,,,,,,,,,,,,,,,,,,,,,,,,,,,,,,,,,,,,,,,,,,,,,,,,,,,,,,,,,,,,,,,,,,,,,,,,,,,,,,,,,,,,,,,,,,,,,,,,,,,,,,,,,,,,,,,,,,,,,,,,,,,,,,,,,,,,,,,,,,,,,,,,,,,,,,,,,,,,,,,,,,,,,,,,,,,,,,,,,,,,,,,,,,,,,,,,,,,,,,,,,,,,,,,,,,,,,,,,,,,,,,,,,,,,,,,,,,,,,,,,,,,,,,,,,,,,,,,,,,,,,,,,,,,,,,,,,,,,,,,,,,,,,,,,,,,,,,,,,,,,,,,,,,,,,,,,,,,,,,,,,,,,,,,,,,,,,,,,,,,,,,,,,,,,,,,,,,,,,,,,,,,,,,,,,,,,,,,,,,,,,,,,,,,,,,,,,,,,,,,,,,,,,,,,,,,,,,,,,,,,,,,,,,,,,,,,,,,,,,,,,,,,,,,,,,,,,,,,,,,,,,,
,,,,,,,,,,,,,,,,,,,,,,,,,,,,,,,,,,,,,,,,,,,,,,,,,,,,,,,,,,,,,,,,,,,,,,,,,,,,,,,,,,,,,,,,,,,,,,,,,,,,,,,,,,,,,,,,,,,,,,,,,,,,,,,,,,,,,,,,,,,,,,,,,,,,,,,,,,,,,,,,,,,,,,,,,,,,,,,,,,,,,,,,,,,,,,,,,,,,,,,,,,,,,,,,,,,,,,,,,,,,,,,,,,,,,,,,,,,,,,,,,,,,,,,,,,,,,,,,,,,,,,,,,,,,,,,,,,,,,,,,,,,,,,,,,,,,,,,,,,,,,,,,,,,,,,,,,,,,,,,,,,,,,,,,,,,,,,,,,,,,,,,,,,,,,,,,,,,,,,,,,,,,,,,,,,,,,,,,,,,,,,,,,,,,,,,,,,,,,,,,,,,,,,,,,,,,,,,,,,,,,,,,,,,,,,,,,,,,,,,,,,,,,,,,,,,,,,,,,,,,,,,,,,,,,,,,,,,,,,,,,,,,,,,,,,,,,,,,,,,,,,,,,,,,,,,,,,,,,,,,,,,,,,,,,,,,,,,,,,,,,,,,,,,,,,,,,,,,,,,,,,,,,,,,,,,,,,,,,,,,,,,,,,,,,,,,,,,,,,,,,,,,,,,,,,,,,,,,,,,,,,,,,,,,,,,,,,,,,,,,,,,,,,,,,,,,,,,,,,,,,,,,,,,,,,,,,,,,,,,,,,,,,,,,,,,,,,,,,,,,,,,,,,,,,,,,,,,,,,,,,,,,,,,,,,,,,,,,,,,,,,,,,,,,,,,,,,,,,,,,,,,,,,,,,,,,,,,,,,,,,,,,,,,,,,,,,,,,,,,,,,,,,,,,,,,,,,,,,,,,,,,,,,,,,,,,,,,,,,,,,,,,,,,,,,,,,,,,,,,,,,,,,,,,,,,,,,,,,,,,,,,,,,,,,,,,,,,,,,,,,,,,,,,,,,,,,,,,,,,,,,,,,,,,,,,,,,,,,,,,,,,,,,,,,,,,,,,,,,,,,,,,,,,,,,,,,,,,,,,,,,,,,,,,,,,,,,,,,,,,,,,,,,,,,,,,,,,,,,,,,,,,,,,,,,,,,,,,,,,,,,,,,,,,,,,,,,,,,,,,,,,,,,,,,,,,,,,,,,,,,,,,,,,,,,,,,,,,,,,,,,,,,,,,,,,,,,,,,,,,,,,,,,,,,,,,,,,,,,,,,,,,,,,,,,,,,,,,,,,,,,,,,,,,,,,,,,,,,,,,,,,,,,,,,,,,,,,,,,,,,,,,,,,,,,,,,,,,,,,,,,,,,,,,,,,,,,,,,,,,,,,,,,,,,,,,,,,,,,,,,,,,,,,,,,,,,,,,,,,,,,,,,,,,,,,,,,,,,,,,,,,,,,,,,,,,,,,,,,,,,,,,,,,,,,,,,,,,,,,,,,,,,,,,,,,,,,,,,,,,,,,,,,,,,,,,,,,,,,,,,,,,,,,,,,,,,,,,,,,,,,,,,,,,,,,,,,,,,,,,,,,,,,,,,,,,,,,,,,,,,,,,,,,,,,,,,,,,,,,,,,,,,,,,,,,,,,,,,,,,,,,,,,,,,,,,,,,,,,,,,,,,,,,,,,,,,,,,,,,,,,,,,,,,,,,,,,,,,,,,,,,,,,,,,,,,,,,,,,,,,,,,,,,,,,,,,,,,,,,,,,,,,,,,,,,,,,,,,,,,,,,,,,,,,,,,,,,,,,,,,,,,,,,,,,,,,,,,,,,,,,,,,,,,,,,,,,,,,,,,,,,,,,,,,,,,,,,,,,,,,,,,,,,,,,,,,,,,,,,,,,,,,,,,,,,,,,,,,,,,,,,,,,,,,,,,,,,,,,,,,,,,,,,,,,,,,,,,,,,,,,,,,,,,,,,,,,,,,,,,,,,,,,,,,,,,,,,,,,,,,,,,,,,,,,,,,,,,,,,,,,,,,,,,,,,,,,,,,,,,,,,,,,,,,,,,,,,,,,,,,,,,,,,,,,,,,,,,,,,,,,,,,,,,,,,,,,,,,,,,,,,,,,,,,,,,,,,,,,,,,,,,,,,,,,,,,,,,,,,,,,,,,,,,,,,,,,,,,,,,,,,,,,,,,,,,,,,,,,,,,,,,,,,,,,,,,,,,,,,,,,,,,,,,,,,,,,,,,,,,,,,,,,,,,,,,,,,,,,,,,,,,,,,
,,,,,,,,,,,,,,,,,,,,,,,,,,,,,,,,,,,,,,,,,,,,,,,,,,,,,,,,,,,,,,,,,,,,,,,,,,,,,,,,,,,,,,,,,,,,,,,,,,,,,,,,,,,,,,,,,,,,,,,,,,,,,,,,,,,,,,,,,,,,,,,,,,,,,,,,,,,,,,,,,,,,,,,,,,,,,,,,,,,,,,,,,,,,,,,,,,,,,,,,,,,,,,,,,,,,,,,,,,,,,,,,,,,,,,,,,,,,,,,,,,,,,,,,,,,,,,,,,,,,,,,,,,,,,,,,,,,,,,,,,,,,,,,,,,,,,,,,,,,,,,,,,,,,,,,,,,,,,,,,,,,,,,,,,,,,,,,,,,,,,,,,,,,,,,,,,,,,,,,,,,,,,,,,,,,,,,,,,,,,,,,,,,,,,,,,,,,,,,,,,,,,,,,,,,,,,,,,,,,,,,,,,,,,,,,,,,,,,,,,,,,,,,,,,,,,,,,,,,,,,,,,,,,,,,,,,,,,,,,,,,,,,,,,,,,,,,,,,,,,,,,,,,,,,,,,,,,,,,,,,,,,,,,,,,,,,,,,,,,,,,,,,,,,,,,,,,,,,,,,,,,,,,,,,,,,,,,,,,,,,,,,,,,,,,,,,,,,,,,,,,,,,,,,,,,,,,,,,,,,,,,,,,,,,,,,,,,,,,,,,,,,,,,,,,,,,,,,,,,,,,,,,,,,,,,,,,,,,,,,,,,,,,,,,,,,,,,,,,,,,,,,,,,,,,,,,,,,,,,,,,,,,,,,,,,,,,,,,,,,,,,,,,,,,,,,,,,,,,,,,,,,,,,,,,,,,,,,,,,,,,,,,,,,,,,,,,,,,,,,,,,,,,,,,,,,,,,,,,,,,,,,,,,,,,,,,,,,,,,,,,,,,,,,,,,,,,,,,,,,,,,,,,,,,,,,,,,,,,,,,,,,,,,,,,,,,,,,,,,,,,,,,,,,,,,,,,,,,,,,,,,,,,,,,,,,,,,,,,,,,,,,,,,,,,,,,,,,,,,,,,,,,,,,,,,,,,,,,,,,,,,,,,,,,,,,,,,,,,,,,,,,,,,,,,,,,,,,,,,,,,,,,,,,,,,,,,,,,,,,,,,,,,,,,,,,,,,,,,,,,,,,,,,,,,,,,,,,,,,,,,,,,,,,,,,,,,,,,,,,,,,,,,,,,,,,,,,,,,,,,,,,,,,,,,,,,,,,,,,,,,,,,,,,,,,,,,,,,,,,,,,,,,,,,,,,,,,,,,,,,,,,,,,,,,,,,,,,,,,,,,,,,,,,,,,,,,,,,,,,,,,,,,,,,,,,,,,,,,,,,,,,,,,,,,,,,,,,,,,,,,,,,,,,,,,,,,,,,,,,,,,,,,,,,,,,,,,,,,,,,,,,,,,,,,,,,,,,,,,,,,,,,,,,,,,,,,,,,,,,,,,,,,,,,,,,,,,,,,,,,,,,,,,,,,,,,,,,,,,,,,,,,,,,,,,,,,,,,,,,,,,,,,,,,,,,,,,,,,,,,,,,,,,,,,,,,,,,,,,,,,,,,,,,,,,,,,,,,,,,,,,,,,,,,,,,,,,,,,,,,,,,,,,,,,,,,,,,,,,,,,,,,,,,,,,,,,,,,,,,,,,,,,,,,,,,,,,,,,,,,,,,,,,,,,,,,,,,,,,,,,,,,,,,,,,,,,,,,,,,,,,,,,,,,,,,,,,,,,,,,,,,,,,,,,,,,,,,,,,,,,,,,,,,,,,,,,,,,,,,,,,,,,,,,,,,,,,,,,,,,,,,,,,,,,,,,,,,,,,,,,,,,,,,,,,,,,,,,,,,,,,,,,,,,,,,,,,,,,,,,,,,,,,,,,,,,,,,,,,,,,,,,,,,,,,,,,,,,,,,,,,,,,,,,,,,,,,,,,,,,,,,,,,,,,,,,,,,,,,,,,,,,,,,,,,,,,,,,,,,,,,,,,,,,,,,,,,,,,,,,,,,,,,,,,,,,,,,,,,,,,,,,,,,,,,,,,,,,,,,,,,,,,,,,,,,,,,,,,,,,,,,,,,,,,,,,,,,,,,,,,,,,,,,,,,,,,,,,,,,,,,,,,,,,,,,,,,,,,,,,,,,,,,,,,,,,,,,,,,,,,,,,,,,,,,,,,,,,,,,,,,,,,,,,,,,,,,,,,,,,,,,,,,,,,,,,,,,,,,,,,,,,,,
3475,3251,2410,2272,2414,2301,2449,2467,2350,2467,2449,2301,2414,2272,2410,3251,3707,3486,2452,2366,2321,2191,2369,2388,2306,2419,2326,2408,2368,2405,2212,3479,4071,3853,2760,2337,2355,2306,2307,2243,2224,2310,2302,2305,2333,2509,2705,3849,4204,3982,2840,2520,2353,2187,2189,2160,2219,2165,2179,2052,2411,2462,2824,3981,4012,3788,2657,2491,2295,2074,2098,2234,2257,2078,2220,2300,2247,2279,2633,3790,3722,3491,2453,2373,2257,2164,2240,2305,2220,2174,2262,2327,2344,2355,2326,3501,3502,3286,2280,2216,2225,2149,2350,2387,2221,2221,2319,2228,2024,2310,2380,3277,3818,3592,2395,2298,2273,2261,2337,2320,2226,2046,2259,2274,2240,2255,2492,3593,4003,3777,2648,2404,2206,2328,2361,2227,2215,2183,2259,2357,2278,2460,2607,3779,3875,3653,2509,2373,2254,2268,2390,2344,2311,2368,2311,2305,2323,2347,2494,3653,3474,3254,2447,2313,2161,2321,2352,2258,2226,2237,2127,2211,2177,2229,2201,3249,3126,2930,2496,2340,2237,2283,2349,2341,2287,2291,2173,2185,2132,2271,2294,2883,3052,2892,2645,2346,2436,2401,2549,2422,2531,2655,2565,2405,2436,2299,2456,2837,3977,3921,3849,3601,3008,2899,3314,3578,3385,3600,3498,3389,3260,2699,3571,3627,4494,4328,4241,4054,3448,3703,4003,4104,3863,4164,4078,3749,3804,3395,4074,4266,4579,4335,4218,4112,3877,4038,4202,4178,4073,4311,4215,3678,4019,3764,4154,4414,4178,3709,3766,3827,3887,3995,4053,3903,3908,4113,4023,3796,3903,3748,3872,4017,4493,4275,3400,3291,3483,3541,3772,3491,3452,3613,3625,3541,3500,3494,3389,4234,4607,4376,3155,3075,2972,3258,3385,3313,3045,3027,3175,3115,3132,3112,3190,4386,4799,4575,3394,3096,2817,2962,2998,3050,3017,2635,2780,2734,2962,3143,3412,4578,4697,4471,3308,3036,2880,2726,2728,2658,2795,2632,2550,2598,2821,3021,3292,4473,4258,4035,2913,2787,2773,2867,2762,2699,2716,2679,2653,2686,2859,3041,3085,4032,3756,3545,2857,2652,2555,2885,2923,2763,2740,2821,2612,2682,2787,2902,2909,3518,3505,3306,2513,2449,2385,2790,2854,2705,2696,2746,2660,2607,2526,2659,2495,3247,3450,3209,2472,2343,2289,2585,2665,2432,2618,2559,2442,2391,2488,2715,2603,3228,3653,3426,2427,2462,2338,2417,2444,2217,2551,2545,2368,2449,2467,2613,2545,3422,3650,3426,2564,2456,2406,2396,2362,2364,2565,2467,2508,2242,2379,2573,2626,3411,3185,3022,2780,2601,2758,2685,2648,2821,2809,2748,2724,2495,2532,2691,2723,3025,3097,2993,2743,2589,2773,2747,2757,2927,2912,2813,2671,2615,2641,2775,2775,3034,2741,2597,2619,2530,2673,2750,2764,2835,2610,2714,2626,2355,2657,2826,2839,2798,2844,2773,2567,2540,2642,2598,2696,2701,2705,2736,2727,2455,2595,2682,2651,2754,2938,2759,2611,2575,2643,2410,2508,2527,2517,2645,2705,2511,2441,2314,2535,2837,3062,2996,2834,2608,2411,2362,2592,2522,2560,2772,2791,2582,2334,2365,2667,2927,2949,2905,2821,2605,2351,2446,2644,2626,2563,2758,2696,2533,2574,2482,2662,2862,3027,2881,2597,2439,2365,2443,2503,2553,2273,2603,2530,2449,2462,2392,2469,2822,3172,2946,2251,2216,2392,2436,2494,2573,2473,2485,2553,2283,2327,2430,2452,2920,3420,3206,2505,2512,2453,2454,2421,2480,2560,2452,2455,2353,2457,2445,2406,3186,3446,3232,2406,2416,2378,2243,2132,2394,2457,2384,2153,2374,2292,2317,2482,3223,3249,3000,2350,2330,2336,2168,2334,2564,2655,2442,2316,2310,2331,2357,2491,3054,3112,2789,2253,2376,2225,2182,2328,2465,2702,2563,2383,2365,2316,2445,2286,2963,2876,2639,2303,2324,2193,2350,2340,2444,2439,2402,2380,2264,2261,2320,2317,2666,2945,2776,2408,2334,2277,2283,2274,2398,2588,2594,2507,2396,2320,2215,2296,2667,2969,2823,2549,2328,2295,2348,2395,2243,2503,2538,2486,2388,2271,2326,2341,2739,2913,2691,2392,2381,2351,2312,2436,2237,2376,2341,2410,2357,2131,2247,2283,2710,2864,2619,2411,2351,2307,2187,2314,2250,2395,2361,2324,2269,2154,2306,2432,2632,2869,2517,2265,2340,2315,2304,2280,2232,2403,2341,2274,2297,2397,2450,2449,2685,2795,2482,2184,2359,2425,2457,2284,2364,2412,2235,2333,2380,2439,2480,2374,2566,2722,2546,2237,2302,2210,2263,2151,2390,2465,2284,2349,2349,2459,2445,2503,2603,2666,2461,2405,2367,2343,2042,2316,2391,2417,2256,2333,2295,2342,2445,2409,2564,2591,2497,2385,2272,2313,2156,2266,2411,2592,2497,2300,2204,2366,2364,2292,2585,2768,2545,2286,2404,2457,2304,2497,2573,2627,2470,2383,2164,2206,2333,2398,2671,2866,2526,2302,2366,2425,2348,2514,2601,2517,2330,2311,2333,2278,2009,2359,2761,2987,2752,2423,2240,2336,2334,2386,2491,2503,2365,2344,2305,2308,2300,2367,2802,2867,2690,2320,2260,2286,2414,2362,2205,2317,2252,2360,2218,2253,2293,2209,2672,2869,2658,2372,2373,2330,2294,2226,2369,2274,2143,2292,2323,2393,2335,2284,2633,2640,2515,2336,2238,2281,2237,2153,2420,2407,2345,2346,2181,2307,2373,2258,2366,2541,2431,2205,2337,2356,2281,2227,2348,2326,2297,2383,2267,2287,2340,2184,2417,2560,2411,2225,2250,2262,2352,2286,2125,2334,2266,2388,2374,2188,2279,2251,2347,2682,2553,2143,2198,2302,2297,2371,2361,2341,2339,2419,2309,2237,2293,2335,2485,2707,2558,2220,2270,2301,2313,2237,2444,2386,2262,2272,2329,2158,2281,2392,2416,2643,2524,2280,2259,2261,2295,2324,2434,2392,2230,2341,2342,1988,2354,2459,2345,2696,2444,2231,2188,2196,2284,2296,2242,2155,2219,2259,2177,2224,2322,2446,2518,2643,2472,2332,2311,2307,2251,2375,2143,2242,2374,2152,2225,2328,2321,2221,2539,3349,3128,2350,2320,2247,2303,2383,2258,2233,2384,2196,2263,2339,2367,2227,3116,3864,3651,2584,2426,2302,2332,2312,2171,2428,2408,2400,2324,2323,2526,2604,3639,4142,3916,2915,2535,2459,2688,2572,2886,3047,2912,2641,2487,2543,2572,2825,3917,4181,3959,2931,2656,2479,2914,2726,3105,3244,3080,2704,2553,2738,2726,2919,3956,4088,3854,2602,2631,2356,2820,2714,2981,3114,2963,2408,2419,2708,2767,2874,3875,4088,3861,2657,2458,2573,2607,2583,2613,2808,2679,2293,2431,2543,2732,2764,3872,3768,3551,2553,2503,2521,2467,2165,2385,2537,2405,2338,2397,2616,2600,2456,3535,3287,3017,2318,2450,2512,2399,2248,2336,2482,2445,2308,2383,2524,2442,2343,3095,3094,2832,2379,2333,2379,2345,2316,2372,2421,2387,2271,2362,2362,2230,2340,2894,2803,2649,2344,2316,2356,2423,2435,2240,2508,2514,2385,2425,2420,2196,2429,2507,2801,2661,2386,2306,2374,2358,2428,2276,2418,2512,2381,2264,2352,2371,2378,2579,2808,2653,2271,2342,2373,2418,2283,2167,2247,2254,2255,2259,2302,2330,2313,2599,2640,2448,2236,2262,2268,2292,2355,2282,2287,2218,2273,2381,2387,2336,2353,2540,2761,2582,2228,2341,2232,2376,2394,2364,2452,2312,2259,2316,2284,2339,2337,2599,2929,2644,2303,2294,2217,2359,2445,2433,2432,2296,2272,2364,2320,2461,2239,2798,2853,2719,2261,2178,2289,2523,2537,2368,2468,2473,2459,2396,2436,2466,2365,2723,2758,2781,2568,2643,2544,2546,2480,2747,2836,2528,2407,2541,2539,2407,2441,2496,3041,2860,2613,2644,2439,2287,2555,2843,2901,2545,2347,2461,2445,2120,2308,2751,3402,3180,2372,2487,2266,2347,2448,2648,2660,2397,2443,2415,2522,2333,2309,3154,3394,3176,2462,2381,2335,2245,2316,2460,2395,2292,2264,2226,2375,2343,2369,3177,3220,3003,2386,2241,2332,2296,2234,2414,2519,2442,2279,2225,2252,2450,2495,3007,3059,2900,2572,2515,2511,2378,2435,2561,2651,2561,2486,2274,2350,2490,2416,2926,3181,2950,2381,2381,2571,2471,2611,2577,2615,2444,2261,2359,2286,2547,2534,3031,3086,2806,2366,2430,2588,2566,2654,2378,2567,2520,2188,2250,2374,2366,2533,2951,3068,2863,2409,2406,2420,2444,2413,2528,2470,2429,2272,2096,2329,2329,2328,2844,3047,2872,2459,2396,2388,2424,2413,2528,2593,2425,2385,2203,2238,2390,2498,2835,2912,2737,2374,2395,2449,2418,2493,2521,2582,2487,2337,2254,2390,2441,2501,2692,2858,2644,2299,2320,2454,2446,2522,2631,2738,2700,2435,2377,2373,2420,2436,2653,2956,2683,2470,2407,2445,2316,2500,2674,2750,2697,2476,2410,2372,2384,2414,2786,2864,2556,2416,2375,2390,2211,2378,2489,2572,2449,2380,2376,2357,2095,2297,2651,2824,2628,2220,2301,2360,2350,2446,2402,2376,2280,2182,2319,2267,2128,2176,2568,2626,2489,2201,2120,2300,2295,2459,2317,2195,2375,2332,2365,2413,2241,2203,2375,2706,2480,2224,2090,2289,2342,2379,2273,2196,2255,2325,2303,2358,2343,2346,2521,2826,2591,2313,2228,2308,2333,2356,2239,2201,2342,2283,2298,2275,2364,2428,2682,2852,2600,2341,2287,2359,2360,2373,2229,2200,2300,2384,2341,2232,2464,2472,2729,2956,2686,2304,2298,2370,2336,2282,2052,2217,2399,2421,2352,2251,2430,2420,2670,3140,2870,2224,2311,2357,2295,2138,2283,2308,2355,2314,2165,2207,2439,2244,2925,3096,2821,2256,2275,2319,2343,2241,2226,2387,2363,2353,2258,2178,2270,2229,2898,2975,2833,2332,2279,2160,2333,2353,2365,2331,2264,2435,2379,2378,2181,2178,2790,3057,2860,2299,2303,2279,2332,2415,2363,2137,2262,2337,2308,2392,2241,2243,2871,2860,2654,2279,2173,2240,2302,2320,2234,2120,2207,2287,2164,2305,2223,2237,2690,2735,2660,2313,2281,2174,2164,2212,2309,2097,2083,2254,2213,2349,2314,2126,2519,2882,2709,2253,2230,2199,2292,2303,2272,2122,2213,2316,2270,2319,2207,1971,2640,2742,2611,2252,2274,2213,2257,2284,2320,2317,2170,2228,2244,2156,2258,2221,2500,3113,2892,2288,2203,2133,2116,2293,2315,2324,2299,2245,2239,2179,2197,2099,2901,3561,3337,2289,2200,2258,2191,2342,2383,2391,2170,2100,2298,2245,2271,2455,3344,3606,3385,2436,2400,2283,2130,2450,2505,2447,2303,2313,2384,2259,2325,2535,3391,3352,3127,2453,2363,2261,2248,2434,2327,2388,2380,2404,2404,2321,2231,2445,3121,3129,2896,2345,2297,2165,2247,2394,2325,2437,2394,2296,2339,2362,2349,2378,2926,3115,2943,2368,2464,2389,2304,2275,2298,2323,2274,2371,2451,2427,2465,2428,2787,3471,3271,2436,2420,2386,2453,2342,2388,2557,2476,2399,2472,2416,2566,2482,3211,3856,3626,2392,2441,2285,2330,2382,2652,2995,2948,2507,2368,2331,2473,2628,3641,4041,3818,2595,2563,2328,2344,2495,2772,3142,3106,2625,2377,2329,2355,2760,3826,3946,3717,2376,2494,2200,2375,2441,2744,2978,2862,2402,2378,2342,2431,2479,3721,3603,3364,2198,2364,2342,2278,2247,2517,2650,2513,2231,2297,2303,2301,2395,3377,3060,2840,2192,2370,2369,2255,2251,2272,2267,2211,2023,2282,2348,2425,2326,2826,3358,3140,2222,2174,2268,2307,2362,2180,2215,2184,2154,2258,2328,2272,2236,3131,3496,3275,2242,2250,2200,2255,2255,2262,2308,2221,2226,2354,2303,2110,2166,3269,3330,3112,2219,2240,2243,2029,2078,2246,2286,2213,2056,2187,2177,2002,2148,3109,3073,2873,2086,2126,2139,2140,2116,2138,2242,2252,2039,1817,2039,1979,2182,2862,2896,2662,2079,1918,2111,1999,2111,2099,2001,2127,2140,2075,2113,2124,2020,2704,2656,2362,2087,2011,2046,2000,2095,2095,1970,1875,1892,2002,2114,2184,2056,2491,2327,2119,2045,1996,1947,1901,1859,1963,1961,1917,1936,1903,1962,2108,2112,2183,2161,2065,1886,2031,1731,1808,1878,2040,2037,2088,2071,2033,2045,2012,1915,2005,2317,2192,2002,2031,1982,1895,1958,2059,2012,1889,2049,2015,2067,2038,1801,2031
,,,,,,,,,,,,,,,,,,,,,,,,,,,,,,,,,,,,,,,,,,,,,,,,,,,,,,,,,,,,,,,,,,,,,,,,,,,,,,,,,,,,,,,,,,,,,,,,,,,,,,,,,,,,,,,,,,,,,,,,,,,,,,,,,,,,,,,,,,,,,,,,,,,,,,,,,,,,,,,,,,,,,,,,,,,,,,,,,,,,,,,,,,,,,,,,,,,,,,,,,,,,,,,,,,,,,,,,,,,,,,,,,,,,,,,,,,,,,,,,,,,,,,,,,,,,,,,,,,,,,,,,,,,,,,,,,,,,,,,,,,,,,,,,,,,,,,,,,,,,,,,,,,,,,,,,,,,,,,,,,,,,,,,,,,,,,,,,,,,,,,,,,,,,,,,,,,,,,,,,,,,,,,,,,,,,,,,,,,,,,,,,,,,,,,,,,,,,,,,,,,,,,,,,,,,,,,,,,,,,,,,,,,,,,,,,,,,,,,,,,,,,,,,,,,,,,,,,,,,,,,,,,,,,,,,,,,,,,,,,,,,,,,,,,,,,,,,,,,,,,,,,,,,,,,,,,,,,,,,,,,,,,,,,,,,,,,,,,,,,,,,,,,,,,,,,,,,,,,,,,,,,,,,,,,,,,,,,,,,,,,,,,,,,,,,,,,,,,,,,,,,,,,,,,,,,,,,,,,,,,,,,,,,,,,,,,,,,,,,,,,,,,,,,,,,,,,,,,,,,,,,,,,,,,,,,,,,,,,,,,,,,,,,,,,,,,,,,,,,,,,,,,,,,,,,,,,,,,,,,,,,,,,,,,,,,,,,,,,,,,,,,,,,,,,,,,,,,,,,,,,,,,,,,,,,,,,,,,,,,,,,,,,,,,,,,,,,,,,,,,,,,,,,,,,,,,,,,,,,,,,,,,,,,,,,,,,,,,,,,,,,,,,,,,,,,,,,,,,,,,,,,,,,,,,,,,,,,,,,,,,,,,,,,,,,,,,,,,,,,,,,,,,,,,,,,,,,,,,,,,,,,,,,,,,,,,,,,,,,,,,,,,,,,,,,,,,,,,,,,,,,,,,,,,,,,,,,,,,,,,,,,,,,,,,,,,,,,,,,,,,,,,,,,,,,,,,,,,,,,,,,,,,,,,,,,,,,,,,,,,,,,,,,,,,,,,,,,,,,,,,,,,,,,,,,,,,,,,,,,,,,,,,,,,,,,,,,,,,,,,,,,,,,,,,,,,,,,,,,,,,,,,,,,,,,,,,,,,,,,,,,,,,,,,,,,,,,,,,,,,,,,,,,,,,,,,,,,,,,,,,,,,,,,,,,,,,,,,,,,,,,,,,,,,,,,,,,,,,,,,,,,,,,,,,,,,,,,,,,,,,,,,,,,,,,,,,,,,,,,,,,,,,,,,,,,,,,,,,,,,,,,,,,,,,,,,,,,,,,,,,,,,,,,,,,,,,,,,,,,,,,,,,,,,,,,,,,,,,,,,,,,,,,,,,,,,,,,,,,,,,,,,,,,,,,,,,,,,,,,,,,,,,,,,,,,,,,,,,,,,,,,,,,,,,,,,,,,,,,,,,,,,,,,,,,,,,,,,,,,,,,,,,,,,,,,,,,,,,,,,,,,,,,,,,,,,,,,,,,,,,,,,,,,,,,,,,,,,,,,,,,,,,,,,,,,,,,,,,,,,,,,,,,,,,,,,,,,,,,,,,,,,,,,,,,,,,,,,,,,,,,,,,,,,,,,,,,,,,,,,,,,,,,,,,,,,,,,,,,,,,,,,,,,,,,,,,,,,,,,,,,,,,,,,,,,,,,,,,,,,,,,,,,,,,,,,,,,,,,,,,,,,,,,,,,,,,,,,,,,,,,,,,,,,,,,,,,,,,,,,,,,,,,,,,,,,,,,,,,,,,,,,,,,,,,,,,,,,,,,,,,,,,,,,,,,,,,,,,,,,,,,,,,,,,,,,,,,,,,,,,,,,,,,,,,,,,,,,,,,,,,,,,,,,,,,,,,,,,,,,,,,,,,,,,,,,,,,,,,,,,,,,,,,,,,,,,,,,,,,,,,,,,,,,,,,,,,,,,,,,,,,,,,,,,,,,,,,,,,,,,,,,,,,,,,,,,,,,,,,,,,,,,,,,,,,,,,,,,,,,,,,,,,,,,,,,,,,,,,,,,,,,,,,,,,,,,,,,,,,,,,,,,,,,,,,,,,,,,,,,,,,,,,,,,,,,,,,,,,,,,,,,,,,,,,,,,,,,,,,,,,,,,,
,,,,,,,,,,,,,,,,,,,,,,,,,,,,,,,,,,,,,,,,,,,,,,,,,,,,,,,,,,,,,,,,,,,,,,,,,,,,,,,,,,,,,,,,,,,,,,,,,,,,,,,,,,,,,,,,,,,,,,,,,,,,,,,,,,,,,,,,,,,,,,,,,,,,,,,,,,,,,,,,,,,,,,,,,,,,,,,,,,,,,,,,,,,,,,,,,,,,,,,,,,,,,,,,,,,,,,,,,,,,,,,,,,,,,,,,,,,,,,,,,,,,,,,,,,,,,,,,,,,,,,,,,,,,,,,,,,,,,,,,,,,,,,,,,,,,,,,,,,,,,,,,,,,,,,,,,,,,,,,,,,,,,,,,,,,,,,,,,,,,,,,,,,,,,,,,,,,,,,,,,,,,,,,,,,,,,,,,,,,,,,,,,,,,,,,,,,,,,,,,,,,,,,,,,,,,,,,,,,,,,,,,,,,,,,,,,,,,,,,,,,,,,,,,,,,,,,,,,,,,,,,,,,,,,,,,,,,,,,,,,,,,,,,,,,,,,,,,,,,,,,,,,,,,,,,,,,,,,,,,,,,,,,,,,,,,,,,,,,,,,,,,,,,,,,,,,,,,,,,,,,,,,,,,,,,,,,,,,,,,,,,,,,,,,,,,,,,,,,,,,,,,,,,,,,,,,,,,,,,,,,,,,,,,,,,,,,,,,,,,,,,,,,,,,,,,,,,,,,,,,,,,,,,,,,,,,,,,,,,,,,,,,,,,,,,,,,,,,,,,,,,,,,,,,,,,,,,,,,,,,,,,,,,,,,,,,,,,,,,,,,,,,,,,,,,,,,,,,,,,,,,,,,,,,,,,,,,,,,,,,,,,,,,,,,,,,,,,,,,,,,,,,,,,,,,,,,,,,,,,,,,,,,,,,,,,,,,,,,,,,,,,,,,,,,,,,,,,,,,,,,,,,,,,,,,,,,,,,,,,,,,,,,,,,,,,,,,,,,,,,,,,,,,,,,,,,,,,,,,,,,,,,,,,,,,,,,,,,,,,,,,,,,,,,,,,,,,,,,,,,,,,,,,,,,,,,,,,,,,,,,,,,,,,,,,,,,,,,,,,,,,,,,,,,,,,,,,,,,,,,,,,,,,,,,,,,,,,,,,,,,,,,,,,,,,,,,,,,,,,,,,,,,,,,,,,,,,,,,,,,,,,,,,,,,,,,,,,,,,,,,,,,,,,,,,,,,,,,,,,,,,,,,,,,,,,,,,,,,,,,,,,,,,,,,,,,,,,,,,,,,,,,,,,,,,,,,,,,,,,,,,,,,,,,,,,,,,,,,,,,,,,,,,,,,,,,,,,,,,,,,,,,,,,,,,,,,,,,,,,,,,,,,,,,,,,,,,,,,,,,,,,,,,,,,,,,,,,,,,,,,,,,,,,,,,,,,,,,,,,,,,,,,,,,,,,,,,,,,,,,,,,,,,,,,,,,,,,,,,,,,,,,,,,,,,,,,,,,,,,,,,,,,,,,,,,,,,,,,,,,,,,,,,,,,,,,,,,,,,,,,,,,,,,,,,,,,,,,,,,,,,,,,,,,,,,,,,,,,,,,,,,,,,,,,,,,,,,,,,,,,,,,,,,,,,,,,,,,,,,,,,,,,,,,,,,,,,,,,,,,,,,,,,,,,,,,,,,,,,,,,,,,,,,,,,,,,,,,,,,,,,,,,,,,,,,,,,,,,,,,,,,,,,,,,,,,,,,,,,,,,,,,,,,,,,,,,,,,,,,,,,,,,,,,,,,,,,,,,,,,,,,,,,,,,,,,,,,,,,,,,,,,,,,,,,,,,,,,,,,,,,,,,,,,,,,,,,,,,,,,,,,,,,,,,,,,,,,,,,,,,,,,,,,,,,,,,,,,,,,,,,,,,,,,,,,,,,,,,,,,,,,,,,,,,,,,,,,,,,,,,,,,,,,,,,,,,,,,,,,,,,,,,,,,,,,,,,,,,,,,,,,,,,,,,,,,,,,,,,,,,,,,,,,,,,,,,,,,,,,,,,,,,,,,,,,,,,,,,,,,,,,,,,,,,,,,,,,,,,,,,,,,,,,,,,,,,,,,,,,,,,,,,,,,,,,,,,,,,,,,,,,,,,,,,,,,,,,,,,,,,,,,,,,,,,,,,,,,,,,,,,,,,,,,,,,,,,,,,,,,,,,,,,,,,,,,,,,,,,,,,,,,,,,,,,,,,,,,,,,,,,,,,,,,,,,,,,,,,,,,,,,,,,
,,,,,,,,,,,,,,,,,,,,,,,,,,,,,,,,,,,,,,,,,,,,,,,,,,,,,,,,,,,,,,,,,,,,,,,,,,,,,,,,,,,,,,,,,,,,,,,,,,,,,,,,,,,,,,,,,,,,,,,,,,,,,,,,,,,,,,,,,,,,,,,,,,,,,,,,,,,,,,,,,,,,,,,,,,,,,,,,,,,,,,,,,,,,,,,,,,,,,,,,,,,,,,,,,,,,,,,,,,,,,,,,,,,,,,,,,,,,,,,,,,,,,,,,,,,,,,,,,,,,,,,,,,,,,,,,,,,,,,,,,,,,,,,,,,,,,,,,,,,,,,,,,,,,,,,,,,,,,,,,,,,,,,,,,,,,,,,,,,,,,,,,,,,,,,,,,,,,,,,,,,,,,,,,,,,,,,,,,,,,,,,,,,,,,,,,,,,,,,,,,,,,,,,,,,,,,,,,,,,,,,,,,,,,,,,,,,,,,,,,,,,,,,,,,,,,,,,,,,,,,,,,,,,,,,,,,,,,,,,,,,,,,,,,,,,,,,,,,,,,,,,,,,,,,,,,,,,,,,,,,,,,,,,,,,,,,,,,,,,,,,,,,,,,,,,,,,,,,,,,,,,,,,,,,,,,,,,,,,,,,,,,,,,,,,,,,,,,,,,,,,,,,,,,,,,,,,,,,,,,,,,,,,,,,,,,,,,,,,,,,,,,,,,,,,,,,,,,,,,,,,,,,,,,,,,,,,,,,,,,,,,,,,,,,,,,,,,,,,,,,,,,,,,,,,,,,,,,,,,,,,,,,,,,,,,,,,,,,,,,,,,,,,,,,,,,,,,,,,,,,,,,,,,,,,,,,,,,,,,,,,,,,,,,,,,,,,,,,,,,,,,,,,,,,,,,,,,,,,,,,,,,,,,,,,,,,,,,,,,,,,,,,,,,,,,,,,,,,,,,,,,,,,,,,,,,,,,,,,,,,,,,,,,,,,,,,,,,,,,,,,,,,,,,,,,,,,,,,,,,,,,,,,,,,,,,,,,,,,,,,,,,,,,,,,,,,,,,,,,,,,,,,,,,,,,,,,,,,,,,,,,,,,,,,,,,,,,,,,,,,,,,,,,,,,,,,,,,,,,,,,,,,,,,,,,,,,,,,,,,,,,,,,,,,,,,,,,,,,,,,,,,,,,,,,,,,,,,,,,,,,,,,,,,,,,,,,,,,,,,,,,,,,,,,,,,,,,,,,,,,,,,,,,,,,,,,,,,,,,,,,,,,,,,,,,,,,,,,,,,,,,,,,,,,,,,,,,,,,,,,,,,,,,,,,,,,,,,,,,,,,,,,,,,,,,,,,,,,,,,,,,,,,,,,,,,,,,,,,,,,,,,,,,,,,,,,,,,,,,,,,,,,,,,,,,,,,,,,,,,,,,,,,,,,,,,,,,,,,,,,,,,,,,,,,,,,,,,,,,,,,,,,,,,,,,,,,,,,,,,,,,,,,,,,,,,,,,,,,,,,,,,,,,,,,,,,,,,,,,,,,,,,,,,,,,,,,,,,,,,,,,,,,,,,,,,,,,,,,,,,,,,,,,,,,,,,,,,,,,,,,,,,,,,,,,,,,,,,,,,,,,,,,,,,,,,,,,,,,,,,,,,,,,,,,,,,,,,,,,,,,,,,,,,,,,,,,,,,,,,,,,,,,,,,,,,,,,,,,,,,,,,,,,,,,,,,,,,,,,,,,,,,,,,,,,,,,,,,,,,,,,,,,,,,,,,,,,,,,,,,,,,,,,,,,,,,,,,,,,,,,,,,,,,,,,,,,,,,,,,,,,,,,,,,,,,,,,,,,,,,,,,,,,,,,,,,,,,,,,,,,,,,,,,,,,,,,,,,,,,,,,,,,,,,,,,,,,,,,,,,,,,,,,,,,,,,,,,,,,,,,,,,,,,,,,,,,,,,,,,,,,,,,,,,,,,,,,,,,,,,,,,,,,,,,,,,,,,,,,,,,,,,,,,,,,,,,,,,,,,,,,,,,,,,,,,,,,,,,,,,,,,,,,,,,,,,,,,,,,,,,,,,,,,,,,,,,,,,,,,,,,,,,,,,,,,,,,,,,,,,,,,,,,,,,,,,,,,,,,,,,,,,,,,,,,,,,,,,,,,,,,,,,,,,,,,,,,,,,,,,,,,,,,,,,,,,,,,,,,,,,,,,,,,,,,,,,,,,,,,,,,,,,,,,,,,,,,,,,,,,,,,,,,,,,,,,,,,,,,,,,,,,,,
,,,,,,,,,,,,,,,,,,,,,,,,,,,,,,,,,,,,,,,,,,,,,,,,,,,,,,,,,,,,,,,,,,,,,,,,,,,,,,,,,,,,,,,,,,,,,,,,,,,,,,,,,,,,,,,,,,,,,,,,,,,,,,,,,,,,,,,,,,,,,,,,,,,,,,,,,,,,,,,,,,,,,,,,,,,,,,,,,,,,,,,,,,,,,,,,,,,,,,,,,,,,,,,,,,,,,,,,,,,,,,,,,,,,,,,,,,,,,,,,,,,,,,,,,,,,,,,,,,,,,,,,,,,,,,,,,,,,,,,,,,,,,,,,,,,,,,,,,,,,,,,,,,,,,,,,,,,,,,,,,,,,,,,,,,,,,,,,,,,,,,,,,,,,,,,,,,,,,,,,,,,,,,,,,,,,,,,,,,,,,,,,,,,,,,,,,,,,,,,,,,,,,,,,,,,,,,,,,,,,,,,,,,,,,,,,,,,,,,,,,,,,,,,,,,,,,,,,,,,,,,,,,,,,,,,,,,,,,,,,,,,,,,,,,,,,,,,,,,,,,,,,,,,,,,,,,,,,,,,,,,,,,,,,,,,,,,,,,,,,,,,,,,,,,,,,,,,,,,,,,,,,,,,,,,,,,,,,,,,,,,,,,,,,,,,,,,,,,,,,,,,,,,,,,,,,,,,,,,,,,,,,,,,,,,,,,,,,,,,,,,,,,,,,,,,,,,,,,,,,,,,,,,,,,,,,,,,,,,,,,,,,,,,,,,,,,,,,,,,,,,,,,,,,,,,,,,,,,,,,,,,,,,,,,,,,,,,,,,,,,,,,,,,,,,,,,,,,,,,,,,,,,,,,,,,,,,,,,,,,,,,,,,,,,,,,,,,,,,,,,,,,,,,,,,,,,,,,,,,,,,,,,,,,,,,,,,,,,,,,,,,,,,,,,,,,,,,,,,,,,,,,,,,,,,,,,,,,,,,,,,,,,,,,,,,,,,,,,,,,,,,,,,,,,,,,,,,,,,,,,,,,,,,,,,,,,,,,,,,,,,,,,,,,,,,,,,,,,,,,,,,,,,,,,,,,,,,,,,,,,,,,,,,,,,,,,,,,,,,,,,,,,,,,,,,,,,,,,,,,,,,,,,,,,,,,,,,,,,,,,,,,,,,,,,,,,,,,,,,,,,,,,,,,,,,,,,,,,,,,,,,,,,,,,,,,,,,,,,,,,,,,,,,,,,,,,,,,,,,,,,,,,,,,,,,,,,,,,,,,,,,,,,,,,,,,,,,,,,,,,,,,,,,,,,,,,,,,,,,,,,,,,,,,,,,,,,,,,,,,,,,,,,,,,,,,,,,,,,,,,,,,,,,,,,,,,,,,,,,,,,,,,,,,,,,,,,,,,,,,,,,,,,,,,,,,,,,,,,,,,,,,,,,,,,,,,,,,,,,,,,,,,,,,,,,,,,,,,,,,,,,,,,,,,,,,,,,,,,,,,,,,,,,,,,,,,,,,,,,,,,,,,,,,,,,,,,,,,,,,,,,,,,,,,,,,,,,,,,,,,,,,,,,,,,,,,,,,,,,,,,,,,,,,,,,,,,,,,,,,,,,,,,,,,,,,,,,,,,,,,,,,,,,,,,,,,,,,,,,,,,,,,,,,,,,,,,,,,,,,,,,,,,,,,,,,,,,,,,,,,,,,,,,,,,,,,,,,,,,,,,,,,,,,,,,,,,,,,,,,,,,,,,,,,,,,,,,,,,,,,,,,,,,,,,,,,,,,,,,,,,,,,,,,,,,,,,,,,,,,,,,,,,,,,,,,,,,,,,,,,,,,,,,,,,,,,,,,,,,,,,,,,,,,,,,,,,,,,,,,,,,,,,,,,,,,,,,,,,,,,,,,,,,,,,,,,,,,,,,,,,,,,,,,,,,,,,,,,,,,,,,,,,,,,,,,,,,,,,,,,,,,,,,,,,,,,,,,,,,,,,,,,,,,,,,,,,,,,,,,,,,,,,,,,,,,,,,,,,,,,,,,,,,,,,,,,,,,,,,,,,,,,,,,,,,,,,,,,,,,,,,,,,,,,,,,,,,,,,,,,,,,,,,,,,,,,,,,,,,,,,,,,,,,,,,,,,,,,,,,,,,,,,,,,,,,,,,,,,,,,,,,,,,,,,,,,,,,,,,,,,,,,,,,,,,,,,,,,,,,,,,,,,,,,,,,,,,,,,,,,,,,,,,,,,,,,,,,,,,,,,,,,,,,,,,,,,,,,,,,,,,,,,,
,,,,,,,,,,,,,,,,,,,,,,,,,,,,,,,,,,,,,,,,,,,,,,,,,,,,,,,,,,,,,,,,,,,,,,,,,,,,,,,,,,,,,,,,,,,,,,,,,,,,,,,,,,,,,,,,,,,,,,,,,,,,,,,,,,,,,,,,,,,,,,,,,,,,,,,,,,,,,,,,,,,,,,,,,,,,,,,,,,,,,,,,,,,,,,,,,,,,,,,,,,,,,,,,,,,,,,,,,,,,,,,,,,,,,,,,,,,,,,,,,,,,,,,,,,,,,,,,,,,,,,,,,,,,,,,,,,,,,,,,,,,,,,,,,,,,,,,,,,,,,,,,,,,,,,,,,,,,,,,,,,,,,,,,,,,,,,,,,,,,,,,,,,,,,,,,,,,,,,,,,,,,,,,,,,,,,,,,,,,,,,,,,,,,,,,,,,,,,,,,,,,,,,,,,,,,,,,,,,,,,,,,,,,,,,,,,,,,,,,,,,,,,,,,,,,,,,,,,,,,,,,,,,,,,,,,,,,,,,,,,,,,,,,,,,,,,,,,,,,,,,,,,,,,,,,,,,,,,,,,,,,,,,,,,,,,,,,,,,,,,,,,,,,,,,,,,,,,,,,,,,,,,,,,,,,,,,,,,,,,,,,,,,,,,,,,,,,,,,,,,,,,,,,,,,,,,,,,,,,,,,,,,,,,,,,,,,,,,,,,,,,,,,,,,,,,,,,,,,,,,,,,,,,,,,,,,,,,,,,,,,,,,,,,,,,,,,,,,,,,,,,,,,,,,,,,,,,,,,,,,,,,,,,,,,,,,,,,,,,,,,,,,,,,,,,,,,,,,,,,,,,,,,,,,,,,,,,,,,,,,,,,,,,,,,,,,,,,,,,,,,,,,,,,,,,,,,,,,,,,,,,,,,,,,,,,,,,,,,,,,,,,,,,,,,,,,,,,,,,,,,,,,,,,,,,,,,,,,,,,,,,,,,,,,,,,,,,,,,,,,,,,,,,,,,,,,,,,,,,,,,,,,,,,,,,,,,,,,,,,,,,,,,,,,,,,,,,,,,,,,,,,,,,,,,,,,,,,,,,,,,,,,,,,,,,,,,,,,,,,,,,,,,,,,,,,,,,,,,,,,,,,,,,,,,,,,,,,,,,,,,,,,,,,,,,,,,,,,,,,,,,,,,,,,,,,,,,,,,,,,,,,,,,,,,,,,,,,,,,,,,,,,,,,,,,,,,,,,,,,,,,,,,,,,,,,,,,,,,,,,,,,,,,,,,,,,,,,,,,,,,,,,,,,,,,,,,,,,,,,,,,,,,,,,,,,,,,,,,,,,,,,,,,,,,,,,,,,,,,,,,,,,,,,,,,,,,,,,,,,,,,,,,,,,,,,,,,,,,,,,,,,,,,,,,,,,,,,,,,,,,,,,,,,,,,,,,,,,,,,,,,,,,,,,,,,,,,,,,,,,,,,,,,,,,,,,,,,,,,,,,,,,,,,,,,,,,,,,,,,,,,,,,,,,,,,,,,,,,,,,,,,,,,,,,,,,,,,,,,,,,,,,,,,,,,,,,,,,,,,,,,,,,,,,,,,,,,,,,,,,,,,,,,,,,,,,,,,,,,,,,,,,,,,,,,,,,,,,,,,,,,,,,,,,,,,,,,,,,,,,,,,,,,,,,,,,,,,,,,,,,,,,,,,,,,,,,,,,,,,,,,,,,,,,,,,,,,,,,,,,,,,,,,,,,,,,,,,,,,,,,,,,,,,,,,,,,,,,,,,,,,,,,,,,,,,,,,,,,,,,,,,,,,,,,,,,,,,,,,,,,,,,,,,,,,,,,,,,,,,,,,,,,,,,,,,,,,,,,,,,,,,,,,,,,,,,,,,,,,,,,,,,,,,,,,,,,,,,,,,,,,,,,,,,,,,,,,,,,,,,,,,,,,,,,,,,,,,,,,,,,,,,,,,,,,,,,,,,,,,,,,,,,,,,,,,,,,,,,,,,,,,,,,,,,,,,,,,,,,,,,,,,,,,,,,,,,,,,,,,,,,,,,,,,,,,,,,,,,,,,,,,,,,,,,,,,,,,,,,,,,,,,,,,,,,,,,,,,,,,,,,,,,,,,,,,,,,,,,,,,,,,,,,,,,,,,,,,,,,,,,,,,,,,,,,,,,,,,,,,,,,,,,,,,,,,,,,,,,,,,,,,,,,,,,,,,,,,,,,,,,,,,,,,,,,,,,,,,,,,,,,,,,,,,,,,,,,,,,,,,,,,,,,
3434,3247,2443,2440,2263,2257,2366,2420,2255,2420,2366,2257,2263,2440,2443,3247,3707,3470,2352,2343,2359,2413,2330,2270,2377,2409,2402,2220,2276,2398,2399,3489,4068,3844,2570,2427,2385,2414,2368,2389,2356,2400,2406,2284,2365,2386,2684,3848,4203,3980,2823,2445,2466,2398,2431,2351,2280,2294,2233,2262,2434,2479,2854,3981,4012,3792,2703,2427,2437,2379,2381,2375,2227,2204,2315,2334,2314,2470,2725,3791,3730,3502,2505,2316,2302,2367,2200,2293,2200,2280,2220,2377,2295,2324,2483,3511,3503,3272,2347,2333,2305,2349,2211,2135,2222,2363,2187,2373,2272,2168,2361,3292,3818,3595,2437,2339,2365,2338,2283,2047,2392,2473,2310,2271,2384,2264,2491,3591,4004,3780,2629,2502,2434,2440,2103,2306,2408,2452,2394,2305,2327,2293,2682,3781,3875,3653,2450,2492,2401,2432,2356,2360,2405,2320,2301,2325,2239,2366,2559,3654,3472,3243,2392,2433,2455,2399,2401,2353,2287,2270,2331,2226,2303,2303,2477,3228,3151,2859,2355,2276,2351,2448,2462,2349,2357,2399,2424,2375,2325,2252,2412,2987,3111,2965,2789,2656,2575,2537,2792,2796,2527,2467,2572,2618,2570,2327,2469,2917,4019,3558,3760,3397,3456,3531,3347,3316,3507,3721,3702,3664,3581,3551,3536,3973,4536,4162,4150,3934,4025,4117,4148,4039,4097,4255,4156,3995,3966,3972,3937,4428,4630,4342,4187,4071,4121,4236,4380,4342,4281,4396,4270,3971,3931,3968,3900,4480,4326,4213,3875,3789,3803,3988,4282,4313,4178,4211,4097,3854,3812,3778,3881,4157,4524,4298,3589,3444,3313,3296,3925,4021,3882,3749,3592,3475,3527,3484,3583,4311,4604,4382,3264,3177,2798,3198,3476,3623,3569,3415,3292,3271,3183,3148,3214,4370,4797,4578,3457,3131,2954,2941,3003,3207,3259,3082,2855,2995,2969,3155,3313,4573,4696,4473,3348,3045,2742,2669,2615,2742,2798,2726,2728,2843,2870,2956,3244,4466,4253,4032,2963,2737,2506,2855,2817,2662,2782,2700,2393,2602,2745,2922,2992,4025,3751,3539,2853,2689,2642,2848,2918,2839,2813,2737,2448,2423,2722,2876,2738,3528,3540,3351,2657,2582,2416,2479,2703,2781,2795,2485,2425,2504,2602,2505,2489,3337,3460,3239,2631,2511,2382,2452,2639,2598,2580,2429,2441,2417,2529,2355,2439,3222,3641,3420,2552,2427,2434,2438,2526,2437,2561,2389,2381,2343,2292,2229,2469,3408,3648,3423,2644,2700,2715,2711,2643,2547,2710,2679,2588,2613,2543,2514,2558,3419,3215,3010,3021,2975,2910,2898,2896,2846,2846,2824,2887,3002,2910,2808,2847,2996,3080,3020,2954,2900,2769,2808,2841,2868,2705,2865,2921,2991,2949,2879,2938,2805,2852,2842,2802,2589,2477,2424,2660,2731,2751,2741,2762,2780,2669,2634,2645,2688,2771,2606,2809,2707,2498,2415,2495,2653,2697,2612,2673,2607,2514,2494,2398,2597,2848,2634,2676,2600,2450,2440,2353,2437,2700,2789,2701,2554,2674,2575,2503,2746,2876,2755,2832,2690,2426,2553,2340,2553,2822,2913,2785,2587,2699,2685,2686,2862,2910,2867,2825,2695,2547,2575,2584,2707,2807,2810,2685,2475,2578,2705,2631,2774,2898,2755,2731,2618,2438,2181,2339,2431,2608,2650,2472,2321,2235,2477,2392,2725,3181,2954,2577,2533,2420,2132,2473,2636,2685,2514,2496,2371,2271,2480,2404,2986,3420,3203,2522,2384,2332,2331,2399,2723,2880,2597,2459,2352,2275,2398,2408,3198,3464,3241,2450,2416,2413,2362,2364,2697,2837,2569,2268,2253,2270,2359,2471,3233,3219,2979,2401,2317,2482,2521,2446,2669,2741,2542,2344,2278,2347,2382,2454,2978,3086,2803,2546,2293,2463,2510,2378,2618,2743,2623,2385,2315,2451,2446,2523,2968,2957,2770,2550,2359,2381,2448,2272,2562,2740,2588,2396,2366,2413,2455,2395,2810,2980,2782,2429,2352,2234,2232,2415,2517,2782,2689,2449,2289,2342,2417,2365,2781,2983,2786,2409,2361,2334,2313,2530,2486,2779,2734,2445,2342,2403,2381,2434,2708,2934,2632,2451,2198,2169,2393,2482,2396,2676,2573,2248,2438,2452,2352,2266,2733,2841,2646,2354,2380,2246,2258,2351,2286,2428,2437,2399,2404,2344,2313,2340,2648,2832,2679,2297,2425,2318,2337,2348,2332,2424,2508,2454,2338,2269,2340,2358,2624,2813,2666,2317,2269,2241,2438,2420,2358,2444,2451,2316,2176,2331,2364,2327,2520,2778,2562,2247,2236,2211,2346,2410,2518,2460,2372,2376,2295,2392,2311,2243,2548,2666,2576,2374,2291,2294,2290,2314,2421,2554,2449,2426,2351,2334,2336,2286,2537,2781,2626,2359,2302,2246,2292,2362,2401,2540,2436,2182,2313,2210,2311,2317,2634,2775,2423,2321,2337,2218,2340,2428,2261,2447,2411,2352,2331,2299,2372,2288,2618,2827,2597,2231,2295,2373,2407,2433,2423,2518,2478,2340,2161,2394,2402,2395,2667,2950,2769,2237,2245,2397,2410,2381,2352,2512,2501,2284,2399,2418,2326,2309,2741,2840,2656,2282,2280,2417,2553,2469,2317,2428,2394,2317,2409,2408,2246,2394,2599,2782,2531,2271,2247,2443,2545,2472,2344,2368,2266,2339,2263,2231,2154,2225,2431,2733,2584,2378,2379,2298,2341,2251,2342,2294,2287,2340,2271,2358,2166,2301,2525,2650,2501,2257,2308,2291,2310,2388,2462,2389,2378,2213,2259,2470,2480,2347,2518,2671,2476,2189,2129,2376,2369,2412,2387,2410,2315,2214,2355,2462,2464,2346,2467,2738,2563,2437,2425,2426,2310,2282,2311,2396,2408,2206,2414,2438,2258,2284,2500,2693,2512,2308,2402,2421,2329,2207,2179,2257,2315,2288,2364,2374,2273,2361,2550,2605,2431,2377,2272,2274,2253,2384,2305,2269,2351,2312,2393,2348,2401,2320,2489,2610,2446,2419,2398,2330,2241,2281,2455,2244,2110,2325,2406,2390,2343,2194,2489,2596,2551,2391,2348,2278,2269,2280,2438,2336,2316,2245,2206,2376,2377,2454,2382,3349,3126,2386,2276,2394,2285,2262,2471,2252,2356,2410,2380,2304,2381,2366,3123,3864,3657,2703,2292,2490,2455,2333,2496,2484,2530,2306,2441,2369,2367,2587,3643,4154,3929,2987,2525,2603,2657,2809,2902,2904,2708,2660,2383,2565,2615,2988,3941,4196,3969,2899,2700,2872,2887,2971,3067,2965,2813,2703,2549,2761,2686,3132,3990,4099,3865,2657,2605,2880,2680,2778,2925,2911,2823,2615,2513,2722,2489,3041,3890,4099,3881,2800,2580,2696,2530,2573,2663,2804,2695,2272,2475,2268,2680,2752,3878,3778,3560,2491,2463,2529,2445,2489,2571,2529,2527,2325,2536,2524,2582,2523,3549,3288,3068,2244,2408,2448,2491,2377,2361,2547,2481,2468,2449,2434,2358,2350,3086,3158,2950,2389,2413,2435,2445,2367,2505,2524,2441,2413,2338,2263,2345,2289,2953,2732,2508,2253,2249,2397,2390,2347,2425,2526,2456,2380,2292,2275,2417,2357,2540,2733,2672,2403,2299,2260,2307,2257,2450,2572,2499,2394,2350,2403,2436,2447,2512,2824,2608,2408,2347,2337,2328,2288,2379,2495,2358,2394,2368,2317,2284,2402,2542,2745,2675,2386,2345,2263,2254,2318,2438,2429,2361,2376,2295,2314,2169,2291,2516,2722,2651,2350,2348,2287,2268,2264,2370,2482,2392,2274,2237,2312,2140,2248,2586,2915,2723,2436,2480,2375,2285,2198,2277,2480,2482,2320,2161,2358,2367,2393,2727,2924,2748,2560,2473,2472,2581,2458,2384,2577,2421,2488,2445,2540,2579,2559,2712,2937,2675,2567,2436,2641,2693,2533,2625,2751,2630,2433,2607,2741,2771,2692,2776,3151,2898,2437,2316,2447,2618,2645,2728,2722,2487,2539,2551,2630,2688,2615,2967,3448,3218,2317,2352,2382,2336,2506,2574,2506,2451,2417,2425,2429,2521,2490,3245,3401,3186,2367,2326,2319,2370,2349,2474,2368,2317,2341,2267,2316,2421,2384,3178,3187,2867,2450,2340,2345,2456,2339,2471,2576,2458,2454,2408,2254,2144,2346,2996,2995,2891,2612,2335,2441,2454,2480,2732,2813,2630,2487,2340,2316,2330,2451,2798,2948,2847,2616,2516,2422,2385,2512,2812,2883,2651,2350,2442,2412,2283,2433,2724,3122,2877,2549,2616,2274,2369,2339,2678,2758,2502,2319,2433,2358,2261,2515,2959,3121,2847,2389,2521,2232,2402,2435,2379,2512,2407,2297,2409,2316,2411,2318,2932,3043,2828,2309,2419,2344,2423,2468,2511,2585,2330,2380,2472,2464,2444,2373,2802,2902,2710,2353,2359,2370,2361,2419,2589,2668,2371,2413,2457,2462,2512,2420,2711,2835,2542,2465,2402,2319,2330,2389,2677,2900,2727,2429,2288,2428,2497,2532,2705,2992,2801,2621,2540,2353,2298,2518,2696,2947,2781,2486,2382,2388,2426,2527,2801,2852,2647,2401,2472,2410,2334,2346,2641,2810,2671,2399,2407,2391,2356,2375,2612,2714,2444,2373,2488,2388,2317,2262,2519,2514,2418,2413,2317,2289,2130,2391,2473,2732,2532,2404,2419,2434,2304,2259,2399,2290,2226,2379,2333,2180,2289,2328,2563,2834,2670,2354,2440,2399,2353,2192,2405,2373,2260,2341,2433,2437,2444,2365,2592,2881,2659,2207,2319,2335,2270,2128,2257,2272,2166,2193,2276,2421,2361,2355,2678,2945,2669,2059,2194,2259,2245,2240,2199,2261,2397,2405,2300,2217,2283,2409,2820,3064,2783,2243,2283,2349,2327,2288,2409,2267,2336,2323,2266,2201,2137,2354,2896,3139,2908,2288,2253,2360,2385,2445,2370,2421,2441,2335,2172,2235,2303,2442,2916,2979,2787,2330,2348,2409,2364,2394,2452,2389,2468,2390,2307,2314,2276,2303,2742,2929,2786,2338,2383,2410,2355,2342,2391,2384,2399,2499,2389,2356,2421,2337,2756,3133,2893,2136,2308,2288,2280,2317,2311,2267,2349,2427,2329,2217,2383,2373,2913,2919,2724,2190,2119,2243,2231,2359,2329,2272,2455,2378,2413,2431,2297,2294,2719,2854,2653,2294,2109,2177,2129,2281,2278,2305,2500,2430,2262,2387,2390,2344,2596,2896,2680,2363,2301,2398,2354,2386,2187,2377,2473,2458,2314,2413,2422,2381,2670,2731,2575,2323,2324,2336,2377,2333,2094,2210,2248,2348,2407,2434,2400,2330,2444,3085,2837,2344,2269,2321,2328,2272,2255,2334,2301,2286,2392,2359,2306,2398,2837,3556,3331,2379,2289,2338,2283,2349,2325,2378,2271,2253,2349,2374,2329,2374,3337,3606,3378,2349,2221,2339,2087,2224,2261,2454,2411,2331,2440,2387,2400,2516,3388,3352,3126,2387,2432,2451,2321,2259,2236,2318,2426,2354,2411,2372,2325,2513,3156,3121,2872,2396,2276,2461,2448,2349,2367,2371,2309,2427,2410,2456,2321,2360,2941,3090,2776,2225,2286,2310,2379,2349,2274,2207,2307,2280,2494,2423,2408,2396,2905,3471,3212,2210,2464,2476,2459,2372,2369,2461,2263,2255,2315,2388,2346,2520,3269,3855,3629,2531,2485,2340,2384,2354,2568,2885,2843,2443,2379,2354,2530,2606,3633,4041,3824,2744,2541,2470,2489,2397,2701,3096,3060,2654,2519,2435,2567,2729,3824,3954,3731,2641,2419,2442,2440,2320,2790,3015,2959,2556,2496,2354,2450,2719,3733,3619,3393,2272,2391,2410,2282,2234,2498,2651,2597,2405,2453,2400,2359,2495,3404,3103,2850,2238,2282,2393,2211,2290,2443,2410,2377,2323,2391,2388,2391,2291,2928,3347,3119,2281,2217,2290,2265,2278,2356,2403,2373,2245,2259,2287,2379,2458,3135,3484,3257,2390,2193,2173,2333,2184,2233,2423,2328,2168,2243,2323,2113,2405,3261,3316,3085,2256,2092,2245,2240,2291,2196,2235,2168,2121,2132,2196,2195,2285,3105,3055,2831,2272,2200,2032,2106,2145,2168,2113,2123,1942,2063,2195,2145,2109,2852,2866,2668,2187,2209,2119,2207,2096,2120,1910,2056,2019,2065,2015,2061,2150,2640,2646,2459,2202,2218,2150,2172,2152,2156,2090,1972,1965,1976,2021,2049,2080,2435,2285,2189,2207,2165,2066,2070,1959,2062,1937,2070,2043,2018,2040,2107,2044,2188,2246,2077,2058,1961,1897,1891,2019,2040,1938,2018,2076,2005,1945,1948,2035,2035,2207,2035,1738,1844,1936,1972,2066,1933,1940,1985,1910,1975,1924,2093,2166,1986
,,,,,,,,,,,,,,,,,,,,,,,,,,,,,,,,,,,,,,,,,,,,,,,,,,,,,,,,,,,,,,,,,,,,,,,,,,,,,,,,,,,,,,,,,,,,,,,,,,,,,,,,,,,,,,,,,,,,,,,,,,,,,,,,,,,,,,,,,,,,,,,,,,,,,,,,,,,,,,,,,,,,,,,,,,,,,,,,,,,,,,,,,,,,,,,,,,,,,,,,,,,,,,,,,,,,,,,,,,,,,,,,,,,,,,,,,,,,,,,,,,,,,,,,,,,,,,,,,,,,,,,,,,,,,,,,,,,,,,,,,,,,,,,,,,,,,,,,,,,,,,,,,,,,,,,,,,,,,,,,,,,,,,,,,,,,,,,,,,,,,,,,,,,,,,,,,,,,,,,,,,,,,,,,,,,,,,,,,,,,,,,,,,,,,,,,,,,,,,,,,,,,,,,,,,,,,,,,,,,,,,,,,,,,,,,,,,,,,,,,,,,,,,,,,,,,,,,,,,,,,,,,,,,,,,,,,,,,,,,,,,,,,,,,,,,,,,,,,,,,,,,,,,,,,,,,,,,,,,,,,,,,,,,,,,,,,,,,,,,,,,,,,,,,,,,,,,,,,,,,,,,,,,,,,,,,,,,,,,,,,,,,,,,,,,,,,,,,,,,,,,,,,,,,,,,,,,,,,,,,,,,,,,,,,,,,,,,,,,,,,,,,,,,,,,,,,,,,,,,,,,,,,,,,,,,,,,,,,,,,,,,,,,,,,,,,,,,,,,,,,,,,,,,,,,,,,,,,,,,,,,,,,,,,,,,,,,,,,,,,,,,,,,,,,,,,,,,,,,,,,,,,,,,,,,,,,,,,,,,,,,,,,,,,,,,,,,,,,,,,,,,,,,,,,,,,,,,,,,,,,,,,,,,,,,,,,,,,,,,,,,,,,,,,,,,,,,,,,,,,,,,,,,,,,,,,,,,,,,,,,,,,,,,,,,,,,,,,,,,,,,,,,,,,,,,,,,,,,,,,,,,,,,,,,,,,,,,,,,,,,,,,,,,,,,,,,,,,,,,,,,,,,,,,,,,,,,,,,,,,,,,,,,,,,,,,,,,,,,,,,,,,,,,,,,,,,,,,,,,,,,,,,,,,,,,,,,,,,,,,,,,,,,,,,,,,,,,,,,,,,,,,,,,,,,,,,,,,,,,,,,,,,,,,,,,,,,,,,,,,,,,,,,,,,,,,,,,,,,,,,,,,,,,,,,,,,,,,,,,,,,,,,,,,,,,,,,,,,,,,,,,,,,,,,,,,,,,,,,,,,,,,,,,,,,,,,,,,,,,,,,,,,,,,,,,,,,,,,,,,,,,,,,,,,,,,,,,,,,,,,,,,,,,,,,,,,,,,,,,,,,,,,,,,,,,,,,,,,,,,,,,,,,,,,,,,,,,,,,,,,,,,,,,,,,,,,,,,,,,,,,,,,,,,,,,,,,,,,,,,,,,,,,,,,,,,,,,,,,,,,,,,,,,,,,,,,,,,,,,,,,,,,,,,,,,,,,,,,,,,,,,,,,,,,,,,,,,,,,,,,,,,,,,,,,,,,,,,,,,,,,,,,,,,,,,,,,,,,,,,,,,,,,,,,,,,,,,,,,,,,,,,,,,,,,,,,,,,,,,,,,,,,,,,,,,,,,,,,,,,,,,,,,,,,,,,,,,,,,,,,,,,,,,,,,,,,,,,,,,,,,,,,,,,,,,,,,,,,,,,,,,,,,,,,,,,,,,,,,,,,,,,,,,,,,,,,,,,,,,,,,,,,,,,,,,,,,,,,,,,,,,,,,,,,,,,,,,,,,,,,,,,,,,,,,,,,,,,,,,,,,,,,,,,,,,,,,,,,,,,,,,,,,,,,,,,,,,,,,,,,,,,,,,,,,,,,,,,,,,,,,,,,,,,,,,,,,,,,,,,,,,,,,,,,,,,,,,,,,,,,,,,,,,,,,,,,,,,,,,,,,,,,,,,,,,,,,,,,,,,,,,,,,,,,,,,,,,,,,,,,,,,,,,,,,,,,,,,,,,,,,,,,,,,,,,,,,,,,,,,,,,,,,,,,,,,,,,,,,,,,,,,,,,,,,,,,,,,,,,,,,,,,,,,,,,,,,,,,,,,,,,,,,,,,,,,,,,,,,,,,,,,,,,,,,,,,,,,,,,,,,,,,,,,,,,,,,,,,,,,,,,,,,,,,,,,,,,,,,,,,,,,,,,,,,,,,,,,,,,,,,,,,,,
,,,,,,,,,,,,,,,,,,,,,,,,,,,,,,,,,,,,,,,,,,,,,,,,,,,,,,,,,,,,,,,,,,,,,,,,,,,,,,,,,,,,,,,,,,,,,,,,,,,,,,,,,,,,,,,,,,,,,,,,,,,,,,,,,,,,,,,,,,,,,,,,,,,,,,,,,,,,,,,,,,,,,,,,,,,,,,,,,,,,,,,,,,,,,,,,,,,,,,,,,,,,,,,,,,,,,,,,,,,,,,,,,,,,,,,,,,,,,,,,,,,,,,,,,,,,,,,,,,,,,,,,,,,,,,,,,,,,,,,,,,,,,,,,,,,,,,,,,,,,,,,,,,,,,,,,,,,,,,,,,,,,,,,,,,,,,,,,,,,,,,,,,,,,,,,,,,,,,,,,,,,,,,,,,,,,,,,,,,,,,,,,,,,,,,,,,,,,,,,,,,,,,,,,,,,,,,,,,,,,,,,,,,,,,,,,,,,,,,,,,,,,,,,,,,,,,,,,,,,,,,,,,,,,,,,,,,,,,,,,,,,,,,,,,,,,,,,,,,,,,,,,,,,,,,,,,,,,,,,,,,,,,,,,,,,,,,,,,,,,,,,,,,,,,,,,,,,,,,,,,,,,,,,,,,,,,,,,,,,,,,,,,,,,,,,,,,,,,,,,,,,,,,,,,,,,,,,,,,,,,,,,,,,,,,,,,,,,,,,,,,,,,,,,,,,,,,,,,,,,,,,,,,,,,,,,,,,,,,,,,,,,,,,,,,,,,,,,,,,,,,,,,,,,,,,,,,,,,,,,,,,,,,,,,,,,,,,,,,,,,,,,,,,,,,,,,,,,,,,,,,,,,,,,,,,,,,,,,,,,,,,,,,,,,,,,,,,,,,,,,,,,,,,,,,,,,,,,,,,,,,,,,,,,,,,,,,,,,,,,,,,,,,,,,,,,,,,,,,,,,,,,,,,,,,,,,,,,,,,,,,,,,,,,,,,,,,,,,,,,,,,,,,,,,,,,,,,,,,,,,,,,,,,,,,,,,,,,,,,,,,,,,,,,,,,,,,,,,,,,,,,,,,,,,,,,,,,,,,,,,,,,,,,,,,,,,,,,,,,,,,,,,,,,,,,,,,,,,,,,,,,,,,,,,,,,,,,,,,,,,,,,,,,,,,,,,,,,,,,,,,,,,,,,,,,,,,,,,,,,,,,,,,,,,,,,,,,,,,,,,,,,,,,,,,,,,,,,,,,,,,,,,,,,,,,,,,,,,,,,,,,,,,,,,,,,,,,,,,,,,,,,,,,,,,,,,,,,,,,,,,,,,,,,,,,,,,,,,,,,,,,,,,,,,,,,,,,,,,,,,,,,,,,,,,,,,,,,,,,,,,,,,,,,,,,,,,,,,,,,,,,,,,,,,,,,,,,,,,,,,,,,,,,,,,,,,,,,,,,,,,,,,,,,,,,,,,,,,,,,,,,,,,,,,,,,,,,,,,,,,,,,,,,,,,,,,,,,,,,,,,,,,,,,,,,,,,,,,,,,,,,,,,,,,,,,,,,,,,,,,,,,,,,,,,,,,,,,,,,,,,,,,,,,,,,,,,,,,,,,,,,,,,,,,,,,,,,,,,,,,,,,,,,,,,,,,,,,,,,,,,,,,,,,,,,,,,,,,,,,,,,,,,,,,,,,,,,,,,,,,,,,,,,,,,,,,,,,,,,,,,,,,,,,,,,,,,,,,,,,,,,,,,,,,,,,,,,,,,,,,,,,,,,,,,,,,,,,,,,,,,,,,,,,,,,,,,,,,,,,,,,,,,,,,,,,,,,,,,,,,,,,,,,,,,,,,,,,,,,,,,,,,,,,,,,,,,,,,,,,,,,,,,,,,,,,,,,,,,,,,,,,,,,,,,,,,,,,,,,,,,,,,,,,,,,,,,,,,,,,,,,,,,,,,,,,,,,,,,,,,,,,,,,,,,,,,,,,,,,,,,,,,,,,,,,,,,,,,,,,,,,,,,,,,,,,,,,,,,,,,,,,,,,,,,,,,,,,,,,,,,,,,,,,,,,,,,,,,,,,,,,,,,,,,,,,,,,,,,,,,,,,,,,,,,,,,,,,,,,,,,,,,,,,,,,,,,,,,,,,,,,,,,,,,,,,,,,,,,,,,,,,,,,,,,,,,,,,,,,,,,,,,,,,,,,,,,,,,,,,,,,,,,,,,,,,,,,,,,,,,,,,,,,,,,,,,,,,,,,,,,,,,,,,,,,,,,,,,,,,,,,,,,,
,,,,,,,,,,,,,,,,,,,,,,,,,,,,,,,,,,,,,,,,,,,,,,,,,,,,,,,,,,,,,,,,,,,,,,,,,,,,,,,,,,,,,,,,,,,,,,,,,,,,,,,,,,,,,,,,,,,,,,,,,,,,,,,,,,,,,,,,,,,,,,,,,,,,,,,,,,,,,,,,,,,,,,,,,,,,,,,,,,,,,,,,,,,,,,,,,,,,,,,,,,,,,,,,,,,,,,,,,,,,,,,,,,,,,,,,,,,,,,,,,,,,,,,,,,,,,,,,,,,,,,,,,,,,,,,,,,,,,,,,,,,,,,,,,,,,,,,,,,,,,,,,,,,,,,,,,,,,,,,,,,,,,,,,,,,,,,,,,,,,,,,,,,,,,,,,,,,,,,,,,,,,,,,,,,,,,,,,,,,,,,,,,,,,,,,,,,,,,,,,,,,,,,,,,,,,,,,,,,,,,,,,,,,,,,,,,,,,,,,,,,,,,,,,,,,,,,,,,,,,,,,,,,,,,,,,,,,,,,,,,,,,,,,,,,,,,,,,,,,,,,,,,,,,,,,,,,,,,,,,,,,,,,,,,,,,,,,,,,,,,,,,,,,,,,,,,,,,,,,,,,,,,,,,,,,,,,,,,,,,,,,,,,,,,,,,,,,,,,,,,,,,,,,,,,,,,,,,,,,,,,,,,,,,,,,,,,,,,,,,,,,,,,,,,,,,,,,,,,,,,,,,,,,,,,,,,,,,,,,,,,,,,,,,,,,,,,,,,,,,,,,,,,,,,,,,,,,,,,,,,,,,,,,,,,,,,,,,,,,,,,,,,,,,,,,,,,,,,,,,,,,,,,,,,,,,,,,,,,,,,,,,,,,,,,,,,,,,,,,,,,,,,,,,,,,,,,,,,,,,,,,,,,,,,,,,,,,,,,,,,,,,,,,,,,,,,,,,,,,,,,,,,,,,,,,,,,,,,,,,,,,,,,,,,,,,,,,,,,,,,,,,,,,,,,,,,,,,,,,,,,,,,,,,,,,,,,,,,,,,,,,,,,,,,,,,,,,,,,,,,,,,,,,,,,,,,,,,,,,,,,,,,,,,,,,,,,,,,,,,,,,,,,,,,,,,,,,,,,,,,,,,,,,,,,,,,,,,,,,,,,,,,,,,,,,,,,,,,,,,,,,,,,,,,,,,,,,,,,,,,,,,,,,,,,,,,,,,,,,,,,,,,,,,,,,,,,,,,,,,,,,,,,,,,,,,,,,,,,,,,,,,,,,,,,,,,,,,,,,,,,,,,,,,,,,,,,,,,,,,,,,,,,,,,,,,,,,,,,,,,,,,,,,,,,,,,,,,,,,,,,,,,,,,,,,,,,,,,,,,,,,,,,,,,,,,,,,,,,,,,,,,,,,,,,,,,,,,,,,,,,,,,,,,,,,,,,,,,,,,,,,,,,,,,,,,,,,,,,,,,,,,,,,,,,,,,,,,,,,,,,,,,,,,,,,,,,,,,,,,,,,,,,,,,,,,,,,,,,,,,,,,,,,,,,,,,,,,,,,,,,,,,,,,,,,,,,,,,,,,,,,,,,,,,,,,,,,,,,,,,,,,,,,,,,,,,,,,,,,,,,,,,,,,,,,,,,,,,,,,,,,,,,,,,,,,,,,,,,,,,,,,,,,,,,,,,,,,,,,,,,,,,,,,,,,,,,,,,,,,,,,,,,,,,,,,,,,,,,,,,,,,,,,,,,,,,,,,,,,,,,,,,,,,,,,,,,,,,,,,,,,,,,,,,,,,,,,,,,,,,,,,,,,,,,,,,,,,,,,,,,,,,,,,,,,,,,,,,,,,,,,,,,,,,,,,,,,,,,,,,,,,,,,,,,,,,,,,,,,,,,,,,,,,,,,,,,,,,,,,,,,,,,,,,,,,,,,,,,,,,,,,,,,,,,,,,,,,,,,,,,,,,,,,,,,,,,,,,,,,,,,,,,,,,,,,,,,,,,,,,,,,,,,,,,,,,,,,,,,,,,,,,,,,,,,,,,,,,,,,,,,,,,,,,,,,,,,,,,,,,,,,,,,,,,,,,,,,,,,,,,,,,,,,,,,,,,,,,,,,,,,,,,,,,,,,,,,,,,,,,,,,,,,,,,,,,,,,,,,,,,,,,,,,,,,,,,,,,,,,,,,,,,,,,,,,,,,,,,,,,,,,,,,,,,,,,,,,,,,,,,,,,,,,,,,,,,,,,,,,,,,,,,,,,,,,,,,,,,,,,,,,,,,
,,,,,,,,,,,,,,,,,,,,,,,,,,,,,,,,,,,,,,,,,,,,,,,,,,,,,,,,,,,,,,,,,,,,,,,,,,,,,,,,,,,,,,,,,,,,,,,,,,,,,,,,,,,,,,,,,,,,,,,,,,,,,,,,,,,,,,,,,,,,,,,,,,,,,,,,,,,,,,,,,,,,,,,,,,,,,,,,,,,,,,,,,,,,,,,,,,,,,,,,,,,,,,,,,,,,,,,,,,,,,,,,,,,,,,,,,,,,,,,,,,,,,,,,,,,,,,,,,,,,,,,,,,,,,,,,,,,,,,,,,,,,,,,,,,,,,,,,,,,,,,,,,,,,,,,,,,,,,,,,,,,,,,,,,,,,,,,,,,,,,,,,,,,,,,,,,,,,,,,,,,,,,,,,,,,,,,,,,,,,,,,,,,,,,,,,,,,,,,,,,,,,,,,,,,,,,,,,,,,,,,,,,,,,,,,,,,,,,,,,,,,,,,,,,,,,,,,,,,,,,,,,,,,,,,,,,,,,,,,,,,,,,,,,,,,,,,,,,,,,,,,,,,,,,,,,,,,,,,,,,,,,,,,,,,,,,,,,,,,,,,,,,,,,,,,,,,,,,,,,,,,,,,,,,,,,,,,,,,,,,,,,,,,,,,,,,,,,,,,,,,,,,,,,,,,,,,,,,,,,,,,,,,,,,,,,,,,,,,,,,,,,,,,,,,,,,,,,,,,,,,,,,,,,,,,,,,,,,,,,,,,,,,,,,,,,,,,,,,,,,,,,,,,,,,,,,,,,,,,,,,,,,,,,,,,,,,,,,,,,,,,,,,,,,,,,,,,,,,,,,,,,,,,,,,,,,,,,,,,,,,,,,,,,,,,,,,,,,,,,,,,,,,,,,,,,,,,,,,,,,,,,,,,,,,,,,,,,,,,,,,,,,,,,,,,,,,,,,,,,,,,,,,,,,,,,,,,,,,,,,,,,,,,,,,,,,,,,,,,,,,,,,,,,,,,,,,,,,,,,,,,,,,,,,,,,,,,,,,,,,,,,,,,,,,,,,,,,,,,,,,,,,,,,,,,,,,,,,,,,,,,,,,,,,,,,,,,,,,,,,,,,,,,,,,,,,,,,,,,,,,,,,,,,,,,,,,,,,,,,,,,,,,,,,,,,,,,,,,,,,,,,,,,,,,,,,,,,,,,,,,,,,,,,,,,,,,,,,,,,,,,,,,,,,,,,,,,,,,,,,,,,,,,,,,,,,,,,,,,,,,,,,,,,,,,,,,,,,,,,,,,,,,,,,,,,,,,,,,,,,,,,,,,,,,,,,,,,,,,,,,,,,,,,,,,,,,,,,,,,,,,,,,,,,,,,,,,,,,,,,,,,,,,,,,,,,,,,,,,,,,,,,,,,,,,,,,,,,,,,,,,,,,,,,,,,,,,,,,,,,,,,,,,,,,,,,,,,,,,,,,,,,,,,,,,,,,,,,,,,,,,,,,,,,,,,,,,,,,,,,,,,,,,,,,,,,,,,,,,,,,,,,,,,,,,,,,,,,,,,,,,,,,,,,,,,,,,,,,,,,,,,,,,,,,,,,,,,,,,,,,,,,,,,,,,,,,,,,,,,,,,,,,,,,,,,,,,,,,,,,,,,,,,,,,,,,,,,,,,,,,,,,,,,,,,,,,,,,,,,,,,,,,,,,,,,,,,,,,,,,,,,,,,,,,,,,,,,,,,,,,,,,,,,,,,,,,,,,,,,,,,,,,,,,,,,,,,,,,,,,,,,,,,,,,,,,,,,,,,,,,,,,,,,,,,,,,,,,,,,,,,,,,,,,,,,,,,,,,,,,,,,,,,,,,,,,,,,,,,,,,,,,,,,,,,,,,,,,,,,,,,,,,,,,,,,,,,,,,,,,,,,,,,,,,,,,,,,,,,,,,,,,,,,,,,,,,,,,,,,,,,,,,,,,,,,,,,,,,,,,,,,,,,,,,,,,,,,,,,,,,,,,,,,,,,,,,,,,,,,,,,,,,,,,,,,,,,,,,,,,,,,,,,,,,,,,,,,,,,,,,,,,,,,,,,,,,,,,,,,,,,,,,,,,,,,,,,,,,,,,,,,,,,,,,,,,,,,,,,,,,,,,,,,,,,,,,,,,,,,,,,,,,,,,,,,,,,,,,,,,,,,,,,,,,,,,,,,,,,,,,,,,,,,,,,,,,,,,,,,,,,,,,,,,,,,,,,,,,,,,,,,,,,,,,,,,,,,,,,,,,,,,,,
,,,,,,,,,,,,,,,,,,,,,,,,,,,,,,,,,,,,,,,,,,,,,,,,,,,,,,,,,,,,,,,,,,,,,,,,,,,,,,,,,,,,,,,,,,,,,,,,,,,,,,,,,,,,,,,,,,,,,,,,,,,,,,,,,,,,,,,,,,,,,,,,,,,,,,,,,,,,,,,,,,,,,,,,,,,,,,,,,,,,,,,,,,,,,,,,,,,,,,,,,,,,,,,,,,,,,,,,,,,,,,,,,,,,,,,,,,,,,,,,,,,,,,,,,,,,,,,,,,,,,,,,,,,,,,,,,,,,,,,,,,,,,,,,,,,,,,,,,,,,,,,,,,,,,,,,,,,,,,,,,,,,,,,,,,,,,,,,,,,,,,,,,,,,,,,,,,,,,,,,,,,,,,,,,,,,,,,,,,,,,,,,,,,,,,,,,,,,,,,,,,,,,,,,,,,,,,,,,,,,,,,,,,,,,,,,,,,,,,,,,,,,,,,,,,,,,,,,,,,,,,,,,,,,,,,,,,,,,,,,,,,,,,,,,,,,,,,,,,,,,,,,,,,,,,,,,,,,,,,,,,,,,,,,,,,,,,,,,,,,,,,,,,,,,,,,,,,,,,,,,,,,,,,,,,,,,,,,,,,,,,,,,,,,,,,,,,,,,,,,,,,,,,,,,,,,,,,,,,,,,,,,,,,,,,,,,,,,,,,,,,,,,,,,,,,,,,,,,,,,,,,,,,,,,,,,,,,,,,,,,,,,,,,,,,,,,,,,,,,,,,,,,,,,,,,,,,,,,,,,,,,,,,,,,,,,,,,,,,,,,,,,,,,,,,,,,,,,,,,,,,,,,,,,,,,,,,,,,,,,,,,,,,,,,,,,,,,,,,,,,,,,,,,,,,,,,,,,,,,,,,,,,,,,,,,,,,,,,,,,,,,,,,,,,,,,,,,,,,,,,,,,,,,,,,,,,,,,,,,,,,,,,,,,,,,,,,,,,,,,,,,,,,,,,,,,,,,,,,,,,,,,,,,,,,,,,,,,,,,,,,,,,,,,,,,,,,,,,,,,,,,,,,,,,,,,,,,,,,,,,,,,,,,,,,,,,,,,,,,,,,,,,,,,,,,,,,,,,,,,,,,,,,,,,,,,,,,,,,,,,,,,,,,,,,,,,,,,,,,,,,,,,,,,,,,,,,,,,,,,,,,,,,,,,,,,,,,,,,,,,,,,,,,,,,,,,,,,,,,,,,,,,,,,,,,,,,,,,,,,,,,,,,,,,,,,,,,,,,,,,,,,,,,,,,,,,,,,,,,,,,,,,,,,,,,,,,,,,,,,,,,,,,,,,,,,,,,,,,,,,,,,,,,,,,,,,,,,,,,,,,,,,,,,,,,,,,,,,,,,,,,,,,,,,,,,,,,,,,,,,,,,,,,,,,,,,,,,,,,,,,,,,,,,,,,,,,,,,,,,,,,,,,,,,,,,,,,,,,,,,,,,,,,,,,,,,,,,,,,,,,,,,,,,,,,,,,,,,,,,,,,,,,,,,,,,,,,,,,,,,,,,,,,,,,,,,,,,,,,,,,,,,,,,,,,,,,,,,,,,,,,,,,,,,,,,,,,,,,,,,,,,,,,,,,,,,,,,,,,,,,,,,,,,,,,,,,,,,,,,,,,,,,,,,,,,,,,,,,,,,,,,,,,,,,,,,,,,,,,,,,,,,,,,,,,,,,,,,,,,,,,,,,,,,,,,,,,,,,,,,,,,,,,,,,,,,,,,,,,,,,,,,,,,,,,,,,,,,,,,,,,,,,,,,,,,,,,,,,,,,,,,,,,,,,,,,,,,,,,,,,,,,,,,,,,,,,,,,,,,,,,,,,,,,,,,,,,,,,,,,,,,,,,,,,,,,,,,,,,,,,,,,,,,,,,,,,,,,,,,,,,,,,,,,,,,,,,,,,,,,,,,,,,,,,,,,,,,,,,,,,,,,,,,,,,,,,,,,,,,,,,,,,,,,,,,,,,,,,,,,,,,,,,,,,,,,,,,,,,,,,,,,,,,,,,,,,,,,,,,,,,,,,,,,,,,,,,,,,,,,,,,,,,,,,,,,,,,,,,,,,,,,,,,,,,,,,,,,,,,,,,,,,,,,,,,,,,,,,,,,,,,,,,,,,,,,,,,,,,,,,,,,,,,,,,,,,,,,,,,,,,,,,,,,,,,,,,,,,,,,,,,,,,,,,,,,,,,,,,,,,,,,,,,,,,,,,,,,,,,,,,,,,,
3489,3287,2427,2379,2353,2490,2378,2317,2293,2317,2378,2490,2353,2379,2427,3287,3713,3481,2431,2395,2486,2463,2363,2345,2210,2176,2237,2406,2274,2224,2348,3493,4069,3847,2732,2396,2403,2395,2381,2289,2304,2237,2177,2365,2321,2457,2632,3848,4204,3982,2877,2477,2289,2257,2301,2309,2244,2259,2338,2483,2347,2503,2838,3981,4009,3791,2737,2427,2292,2203,2248,2321,2276,2197,2316,2438,2327,2413,2697,3791,3733,3517,2435,2385,2259,2196,2220,2193,2187,2136,2221,2371,2362,2355,2460,3497,3505,3274,2301,2303,2341,2206,2202,2310,2225,2187,2172,2161,2329,2322,2244,3289,3818,3593,2430,2335,2267,2396,2339,2306,2306,2225,2238,2253,2226,2219,2441,3592,4004,3778,2678,2256,2238,2211,2226,2185,2251,2277,2224,2305,2429,2239,2582,3777,3877,3658,2608,2173,2196,2278,2162,2016,2255,2184,2297,2360,2261,2121,2498,3653,3487,3265,2379,2320,2194,2225,2274,2283,2262,2386,2317,2308,2281,2228,2369,3266,3180,3000,2441,2383,2227,2397,2327,2399,2308,2375,2273,2294,2289,2339,2424,2958,3117,2863,2216,2139,2435,2537,2450,2606,2619,2510,2469,2463,2335,2411,2570,2905,4048,4050,3711,3170,3244,3132,3352,3465,3179,3440,3406,3303,3010,3222,3564,3678,4540,4502,4115,3662,3650,3526,3816,4039,3811,3838,3741,3321,3595,3763,4079,4167,4631,4564,4086,3892,4015,3877,3725,4200,4023,3721,3573,3611,3866,4017,4223,4182,4295,4212,3859,3710,3934,3996,3995,4099,3942,3542,3632,3711,3761,3926,4061,4051,4501,4231,3583,3498,3564,3769,3763,3777,3632,3239,3370,3308,3509,3542,3648,4303,4612,4387,3301,3191,3150,3308,3272,3161,3174,3004,3154,3016,3038,3006,3286,4387,4799,4575,3370,3152,2911,3078,3118,3276,3174,2768,2843,2719,2908,3062,3465,4581,4695,4469,3235,3048,2774,2843,2890,2944,2875,2740,2766,2650,2689,3087,3332,4473,4248,4016,2772,2751,2693,2595,2763,2887,2951,2858,2648,2695,2620,2989,2788,4028,3751,3533,2585,2762,2657,2781,2772,2974,2959,2817,2655,2571,2647,2840,2707,3519,3527,3280,2518,2592,2611,2552,2719,2859,2816,2601,2459,2485,2507,2355,2602,3316,3456,3227,2382,2505,2501,2464,2490,2597,2671,2609,2605,2538,2457,2536,2382,3244,3651,3431,2447,2415,2394,2463,2388,2595,2528,2479,2412,2384,2389,2581,2478,3433,3653,3427,2510,2518,2396,2322,2433,2533,2451,2462,2426,2463,2532,2552,2404,3433,3199,2979,2751,2578,2588,2464,2393,2561,2721,2671,2577,2537,2762,2676,2618,3036,3066,2761,2590,2600,2555,2522,2524,2848,2927,2846,2553,2443,2784,2806,2733,2827,2739,2512,2745,2695,2603,2495,2565,2800,2897,2794,2521,2393,2699,2604,2511,2664,2797,2629,2586,2607,2566,2396,2517,2801,2855,2605,2550,2515,2560,2430,2479,2682,2841,2721,2455,2459,2443,2557,2675,2764,2772,2587,2479,2484,2298,2334,2551,2637,3022,2967,2744,2457,2426,2518,2579,2643,2645,2644,2654,2510,2254,2412,2605,2703,2866,2933,2673,2597,2506,2392,2506,2559,2577,2502,2527,2539,2491,2442,2581,2572,3071,2945,2469,2459,2405,2339,2365,2492,2572,2335,2410,2293,2477,2480,2313,2833,3238,3030,2355,2218,2380,2434,2468,2603,2672,2519,2515,2517,2562,2431,2586,3075,3433,3212,2475,2417,2473,2476,2503,2545,2554,2459,2524,2448,2381,2426,2539,3204,3459,3251,2502,2492,2394,2364,2317,2522,2578,2432,2391,2314,2409,2331,2416,3238,3228,3015,2460,2466,2406,2418,2314,2403,2547,2468,2372,2345,2362,2475,2491,3016,3127,2939,2366,2350,2426,2397,2441,2458,2718,2664,2424,2300,2306,2439,2404,2849,2868,2641,2309,2271,2275,2343,2379,2349,2589,2588,2359,2212,2370,2469,2405,2651,3007,2773,2151,2376,2384,2163,2185,2389,2396,2453,2360,2384,2388,2357,2384,2770,3137,2922,2347,2320,2402,2338,2317,2394,2546,2483,2381,2418,2306,2298,2366,2830,2962,2718,2361,2406,2526,2439,2151,2333,2438,2460,2324,2433,2383,2259,2385,2744,2856,2686,2372,2340,2308,2328,2194,2170,2243,2138,2373,2446,2353,2290,2374,2664,2899,2732,2395,2357,2343,2322,2140,2225,2409,2308,2276,2449,2445,2264,2429,2690,2912,2637,2334,2413,2254,2417,2390,2355,2460,2379,2143,2393,2433,2343,2384,2714,2835,2560,2414,2427,2177,2405,2435,2282,2380,2432,2322,2321,2265,2125,2276,2671,2754,2497,2435,2384,2206,2133,2211,2151,2346,2568,2493,2198,2320,2337,2195,2546,2713,2509,2317,2064,2108,2166,2417,2288,2559,2649,2547,2434,2346,2393,2354,2578,2852,2563,2269,2305,2230,2295,2495,2250,2483,2568,2553,2478,2400,2413,2383,2712,2850,2697,2201,2331,2257,2308,2450,2335,2429,2486,2480,2324,2358,2269,2368,2651,2940,2788,2257,2272,2349,2411,2433,2436,2380,2386,2410,2381,2297,2370,2304,2648,2825,2724,2159,2457,2502,2398,2436,2497,2441,2319,2321,2358,2456,2468,2361,2528,2878,2685,2195,2375,2453,2333,2402,2431,2350,2404,2423,2356,2501,2539,2455,2570,2724,2495,2251,2211,2201,2204,2297,2401,2336,2389,2275,2295,2370,2365,2439,2581,2567,2283,2237,2248,2214,2191,2267,2329,2317,2293,2213,2329,2219,2313,2367,2529,2635,2515,2259,2256,2338,2232,2375,2238,2261,2262,2181,2275,2071,2234,2427,2590,2707,2578,2267,2327,2282,2359,2387,2398,2360,2387,2192,2292,2358,1996,2399,2610,2708,2541,2052,2296,2270,2205,2501,2543,2377,2385,2373,2375,2468,2193,2312,2672,2745,2575,2276,2212,2246,2305,2494,2507,2377,2267,2213,2217,2422,2234,2276,2585,2655,2509,2381,2367,2366,2223,2401,2499,2348,2292,2102,2243,2189,2210,2233,2484,2615,2377,2299,2379,2273,2239,2282,2340,2429,2447,2330,2335,2286,2371,2422,2608,3330,3099,2274,2226,2176,2286,2303,2333,2271,2367,2373,2299,2340,2213,2247,3111,3855,3625,2620,2310,2333,2283,2330,2311,2423,2509,2532,2461,2443,2392,2532,3632,4147,3922,2813,2476,2467,2555,2764,2867,2963,2901,2799,2531,2711,2643,2908,3916,4182,3958,2835,2661,2638,2764,3010,3072,3190,3107,2936,2493,2664,2679,3036,3955,4095,3882,2848,2689,2447,2696,2859,2977,3050,2942,2763,2596,2362,2587,2973,3863,4096,3881,2778,2537,2302,2497,2539,2701,2785,2588,2433,2437,2366,2314,2841,3867,3781,3559,2470,2434,2407,2328,2240,2430,2578,2536,2381,2352,2468,2449,2586,3563,3291,3100,2503,2191,2333,2316,2300,2327,2318,2353,2250,2180,2253,2385,2347,3062,3133,2873,2376,2017,2236,2317,2338,2361,2446,2395,2316,2349,2296,2265,2434,2953,2652,2500,2219,2143,2286,2346,2178,2444,2531,2409,2255,2303,2360,2282,2403,2639,2734,2539,2185,2061,2280,2318,2153,2483,2638,2531,2317,2309,2349,2408,2368,2597,2798,2363,2304,2223,2282,2349,2361,2403,2512,2434,2315,2211,2360,2416,2380,2640,2656,2306,2326,2323,2210,2271,2277,2369,2386,2372,2280,2036,2339,2315,2187,2528,2729,2498,2331,2332,2317,2276,2269,2353,2270,2318,2358,2195,2197,2236,2176,2484,2740,2533,2168,2272,2387,2443,2357,2335,2364,2378,2366,2293,2349,2237,2321,2635,2956,2830,2314,2437,2354,2481,2636,2725,2793,2668,2280,2296,2509,2355,2300,2827,2957,2934,2641,2453,2537,2665,2824,2865,2893,2772,2409,2584,2642,2483,2358,2798,3151,2987,2605,2341,2514,2633,2727,2584,2738,2702,2439,2540,2501,2439,2436,2986,3438,3235,2441,2331,2447,2417,2468,2374,2604,2497,2451,2404,2396,2142,2334,3200,3379,3151,2132,2325,2197,2193,2245,2310,2507,2381,2413,2277,2254,2292,2150,3130,3181,2937,2309,2320,2073,2239,2332,2402,2578,2507,2473,2439,2499,2491,2398,2947,2988,2747,2404,2382,2393,2437,2501,2645,2776,2675,2484,2546,2568,2575,2593,2831,3004,2729,2274,2457,2462,2441,2499,2631,2816,2630,2442,2547,2579,2612,2466,2831,3019,2794,2488,2401,2354,2334,2469,2541,2646,2504,2294,2376,2331,2412,2445,2820,2971,2747,2390,2414,2289,2304,2445,2443,2517,2552,2302,2258,2352,2351,2337,2775,3035,2789,2171,2380,2223,2323,2367,2471,2619,2566,2217,2236,2284,2316,2422,2862,2976,2742,2299,2281,2281,2466,2322,2477,2663,2645,2399,2451,2437,2349,2406,2786,3001,2913,2491,2320,2245,2478,2410,2726,2996,2877,2499,2479,2603,2501,2533,2833,3135,2999,2599,2457,2473,2495,2312,2815,3039,2916,2584,2554,2548,2586,2593,2883,2992,2876,2520,2264,2382,2397,2351,2555,2863,2779,2548,2361,2388,2492,2326,2697,2770,2630,2307,2354,2369,2190,2207,2380,2561,2607,2485,2424,2305,2316,2192,2425,2745,2662,2390,2301,2283,1968,2171,2305,2242,2401,2262,2270,2245,2358,2326,2563,2769,2642,2433,2349,2144,2168,2202,2266,2258,2328,2295,2323,2246,2365,2238,2551,2718,2611,2375,2358,2357,2307,2361,2341,2291,2285,2204,2341,2354,2252,2250,2472,2826,2697,2235,2413,2481,2373,2306,2310,2375,2331,2335,2392,2358,2272,2331,2617,2872,2683,2283,2356,2364,2278,2190,2246,2305,2334,2321,2355,2264,2261,2179,2681,3016,2830,2224,2286,2381,2303,2212,2260,2258,2159,2244,2226,2208,2330,2099,2802,3077,2857,2171,2083,2261,2173,2169,2330,2366,2237,2134,2219,2158,2315,2207,2883,3092,2886,2329,2277,2249,2233,2231,2361,2415,2271,2131,2031,2080,2263,2370,2878,3087,2895,2264,2202,2304,2338,2320,2255,2351,2213,2063,2231,2332,2295,2258,2875,2806,2645,2245,2146,2175,2098,2283,2303,2319,2311,2389,2378,2294,2189,2340,2614,2752,2560,2310,2166,2246,2163,2244,2351,2384,2385,2381,2342,2182,2229,2356,2486,2835,2554,2354,2328,2191,2227,2309,2169,2309,2289,2191,2243,2400,2343,2293,2551,2716,2372,2337,2343,2201,2389,2336,2064,2160,2140,2162,2230,2340,2240,2165,2487,3095,2845,2373,2293,2376,2425,2323,2278,2341,2164,2285,2300,2365,2289,2287,2895,3554,3319,2358,2270,2296,2191,2357,2365,2378,2297,2227,2308,2469,2307,2479,3345,3599,3366,2190,2256,2280,2327,2297,2328,2363,2261,2191,2249,2379,2393,2547,3383,3353,3103,2276,2351,2255,2361,2362,2313,2268,2234,2269,2306,2393,2404,2391,3147,3099,2867,2201,2358,2292,2266,2264,2411,2377,2291,2160,2217,2410,2401,2296,2881,3112,2922,2360,2296,2281,2279,2356,2422,2486,2443,2253,2287,2386,2368,2265,2861,3491,3291,2399,2234,2397,2315,2284,2387,2527,2487,2202,2259,2290,2373,2239,3246,3852,3630,2509,2283,2410,2443,2440,2695,2994,2913,2471,2322,2138,2342,2420,3629,4039,3824,2725,2422,2377,2323,2506,2989,3213,3118,2600,2468,2245,2452,2576,3815,3948,3731,2678,2262,2296,2262,2345,2879,3060,2963,2491,2451,2347,2332,2525,3717,3613,3396,2432,2231,2328,2301,2164,2354,2541,2489,2032,2320,2209,2194,2330,3386,3095,2889,2289,2207,2302,2376,2337,2284,2328,2126,2024,2081,2277,2178,2339,2875,3364,3139,1999,2125,2344,2359,2335,2291,2244,2133,2234,2212,2228,2242,2181,3144,3499,3274,2302,2282,2320,2275,2273,2428,2430,2214,2086,2282,2301,2269,2165,3279,3338,3111,2227,2296,2223,2142,2269,2311,2260,2185,1952,2182,2193,2221,2261,3126,3083,2863,2083,2187,2155,2129,2199,2239,2130,2035,2026,2092,2141,2245,2289,2875,2905,2677,2033,2065,2112,2037,2148,2204,2120,2034,2116,2140,2159,2162,2126,2664,2668,2423,1941,2020,2041,1898,1863,2082,2047,2084,2151,2197,2037,2007,2061,2430,2363,2231,2018,2076,2061,1878,1973,1995,1985,2106,1990,1993,1917,1913,1982,2247,2298,2133,1944,2055,2059,1775,1751,1718,2058,2065,1776,2098,2034,1867,2069,2200,2278,2138,2024,2051,2050,1890,1898,2108,2122,2080,1879,1936,2026,2015,2058,2184
