3476,3288,2522,2487,2482,2418,2253,2226,1983,2226,2253,2418,2482,2487,2522,3288,3720,3493,2526,2398,2417,2360,2289,2186,2280,2314,2352,2379,2436,2230,2523,3502,4068,3848,2757,2373,2390,2319,2365,2216,2057,2258,2320,2358,2324,2408,2698,3848,4205,3982,2883,2341,2512,2227,2340,2264,2166,2297,2270,2274,2374,2515,2828,3982,4012,3793,2719,2317,2454,2277,2308,2352,2249,2305,2319,2248,2250,2343,2614,3791,3713,3481,2567,2340,2241,2185,2285,2252,2249,2329,2382,2215,2320,2293,2334,3497,3306,3142,2371,2303,2387,2302,2373,2157,2226,2292,2348,2296,2199,2272,2199,3132,3114,2896,2190,2347,2261,2357,2385,2339,2368,2233,2166,2303,2230,2264,2285,2878,3210,2979,2327,2258,2212,2294,2346,2298,2489,2510,2526,2446,2306,2277,2438,2975,3483,3270,2607,2415,2312,2350,2519,2526,2833,2863,2791,2778,2639,2228,2604,3254,3578,3456,3413,2954,2839,2826,3194,3550,3823,3819,3600,3368,3303,2839,3587,3720,4285,4206,4036,3564,3684,3513,3927,4080,4395,4434,4330,4248,4131,3556,4202,4045,4650,4526,4127,3574,3933,3705,4092,4145,4479,4561,4543,4518,4398,3808,4344,4340,4669,4522,3863,3582,3853,3582,3910,3907,4136,4306,4372,4411,4299,3737,4089,4354,4311,4173,3667,3540,3546,3478,3615,3693,3955,3975,3753,3939,3846,3504,3806,4138,4013,3885,3296,3207,3206,3302,3198,3478,3635,3693,3483,3487,3322,3222,3603,3818,3871,3709,3190,2977,2898,3076,2933,3409,3504,3414,3240,3238,3096,2826,3273,3622,4136,3910,2996,2922,2817,2870,2833,3144,3205,2987,2787,3020,2900,2841,2913,3913,4638,4418,3257,2943,2849,2706,2809,2970,3085,3008,2871,2764,2642,2949,3223,4413,4751,4529,3380,3022,2984,2786,3018,3103,3226,3185,2928,2906,2695,3066,3301,4523,4512,4290,3182,2827,2873,2763,3035,3200,3449,3475,3161,3078,2946,2948,3014,4279,4059,3886,3081,2913,3075,3075,3266,3553,3705,3646,3349,3280,3208,3173,3484,3848,4504,4360,3762,3296,3410,3330,3404,3651,3810,3819,3622,3793,3824,3790,3929,4277,4522,4386,3847,3411,3377,3305,3320,3630,3879,3815,3588,3858,3909,3903,4012,4318,4146,4006,3507,3205,3053,2959,3060,3491,3672,3471,3223,3576,3623,3643,3744,3976,3507,3371,2753,2854,2674,2644,2683,3131,3239,2972,2825,2986,2933,3015,3169,3332,3334,3150,2540,2552,2258,2599,2696,2917,3015,2817,2633,2546,2575,2755,2947,3047,3162,2962,2528,2463,2397,2448,2490,2575,2575,2575,2425,2255,2494,2430,2616,2964,3125,3021,2549,2327,2443,2387,2418,2526,2694,2770,2622,2484,2512,2478,2525,2882,3235,2992,2550,2378,2486,2457,2567,2655,3011,3029,2867,2747,2576,2386,2540,3029,3283,2940,2829,2616,2673,2498,2733,2868,3092,3056,2909,2852,2534,2553,2927,3098,3135,3002,3197,2926,2923,2586,2818,2859,3140,3145,2887,2751,2631,2728,3238,3090,3442,3201,2897,2936,3018,2550,2544,2526,3278,3257,2909,3002,2904,2962,3310,3120,3554,3470,3178,2766,2859,2533,2860,3058,3334,3246,2921,3101,3075,3120,3145,3022,3319,3324,3090,2756,2482,2446,2772,3014,3173,3097,2862,2859,2848,2943,2798,2642,3045,3008,2746,2477,2382,2365,2412,2627,2657,2533,2480,2515,2543,2579,2178,2741,2848,2841,2556,2378,2420,2292,2508,2500,2608,2560,2321,2414,2468,2563,2452,2709,2765,2682,2268,2183,2327,2121,2376,2396,2490,2435,2238,2339,2288,2463,2507,2557,2736,2632,2410,2171,2388,2249,2321,2457,2638,2554,2283,2148,2374,2376,2399,2549,2912,2868,2718,2286,2402,2401,2444,2550,2827,2673,2367,2374,2475,2403,2472,2527,2836,2898,2785,2416,2489,2531,2489,2621,2776,2645,2495,2485,2337,2350,2517,2557,2855,2850,2713,2480,2639,2553,2554,2735,2839,2677,2619,2497,2399,2581,2841,2746,3089,3019,2863,2504,2724,2539,2478,2665,2843,2790,2735,2515,2586,2747,2956,2950,3119,3074,2821,2488,2506,2328,2349,2656,2771,2743,2596,2541,2583,2608,2742,2851,3129,3106,2876,2593,2320,2390,2355,2591,2600,2508,2440,2332,2396,2463,2462,2823,3136,3101,2876,2556,2436,2469,2521,2691,2812,2749,2729,2669,2682,2619,2753,3008,3080,3067,2789,2453,2384,2474,2537,2792,2921,2624,2602,2652,2566,2506,2642,2942,3054,2901,2451,2310,2325,2433,2493,2618,2682,2559,2292,2111,2210,2250,2430,2897,3028,2813,2315,2331,2316,2401,2465,2505,2518,2398,2234,2229,2233,2262,2252,2875,3031,2821,2462,2497,2383,2440,2467,2612,2509,2338,2142,2317,2300,2285,2240,2862,3823,3604,2476,2290,2246,2493,2425,2666,2678,2309,2274,2339,2369,2329,2522,3599,4386,4161,3041,2561,2502,2417,2382,2695,2819,2524,2236,2319,2565,2648,3059,4160,4485,4261,3138,2646,2643,2435,2425,2782,2908,2666,2292,2519,2589,2762,3155,4264,4219,3995,2887,2482,2271,2483,2520,2679,2783,2577,2293,2413,2427,2550,2913,3998,3659,3434,2502,2401,2477,2417,2372,2555,2493,2506,2343,2302,2264,2262,2563,3440,3236,3012,2410,2398,2395,2337,2369,2450,2357,2353,2376,2254,2242,2334,2504,3052,2686,2563,2378,2565,2509,2249,2340,2400,2560,2468,2485,2333,2384,2323,2442,2560,2525,2429,2342,2502,2508,2243,2200,2317,2579,2478,2415,2158,2143,2253,2248,2401,2678,2610,2400,2442,2481,2560,2500,2379,2416,2410,2373,2197,2302,2458,2407,2484,2821,2776,2549,2484,2639,2818,2916,3011,2863,2599,2452,2417,2494,2625,2717,2757,3210,2977,2607,2397,2678,2827,2979,3155,3072,2654,2479,2448,2537,2603,2764,3084,3375,3180,2551,2472,2554,2655,2763,2994,2887,2593,2594,2512,2457,2313,2441,3140,4535,4316,3241,2774,2503,2396,2624,3111,3138,2908,2729,2636,2642,2782,3207,4313,4907,4686,3576,3179,2955,2469,2931,3438,3505,3294,2775,2723,2944,3138,3574,4684,4896,4674,3548,3195,2993,2710,2971,3459,3542,3389,2924,2653,2974,3113,3566,4674,4530,4304,3101,2924,2761,2508,2699,3188,3340,3227,2658,2563,2611,2822,3205,4309,3879,3663,2783,2509,2427,2277,2413,2641,2948,2869,2442,2498,2403,2499,2746,3655,3626,3397,2454,2344,2330,2229,2228,2578,2762,2626,2537,2744,2516,2373,2450,3397,3301,3083,2229,2321,2542,2472,2279,2469,2647,2516,2440,2720,2586,2282,2366,3095,3325,3073,2350,2414,2461,2281,2298,2386,2527,2401,2274,2449,2367,2211,2365,3134,3323,3100,2416,2427,2230,2327,2343,2439,2493,2360,2293,2388,2354,2255,2364,3114,3331,3120,2448,2403,2367,2287,2377,2385,2385,2222,2339,2423,2339,2293,2446,3126,3053,2884,2310,2309,2319,2295,2532,2513,2922,2925,2771,2748,2658,2418,2534,2848,3760,3552,2728,2429,2400,2344,2687,3015,3433,3428,3285,3330,3305,2999,2986,3451,3871,3657,2693,2683,2574,2584,2732,3237,3520,3541,3423,3483,3471,3189,3165,3552,3523,3343,2617,2593,2537,2681,2637,3138,3400,3264,3258,3299,3271,2996,3052,3286,3307,3204,2814,2584,2611,2644,2448,2698,2994,2993,2765,2729,2481,2423,2620,3037,3379,3171,2685,2597,2667,2584,2476,2722,2939,2882,2551,2342,2311,2360,2380,3152,3393,3157,2424,2338,2505,2501,2407,2539,2762,2672,2329,2337,2286,2358,2346,3182,3599,3380,2287,2257,2381,2374,2397,2558,2582,2436,2155,2201,2066,2254,2476,3383,3896,3674,2580,2393,2374,2439,2258,2685,2740,2542,2260,2290,2239,2444,2521,3672,3835,3611,2496,2413,2435,2371,2399,2769,2789,2500,2182,2368,2268,2363,2451,3610,3442,3225,2412,2380,2397,2355,2405,2481,2616,2530,2465,2365,2277,2333,2362,3209,3186,2988,2399,2421,2452,2345,2359,2568,2700,2581,2459,2570,2574,2488,2432,2954,3328,3087,2513,2521,2563,2487,2458,2609,2762,2626,2409,2794,2875,2782,2481,3094,3149,2942,2586,2542,2517,2507,2366,2411,2841,2796,2384,2801,2887,2819,2638,2954,3281,3056,2377,2333,2413,2322,2320,2335,2548,2567,2298,2607,2615,2645,2572,3036,3336,3118,2455,2309,2403,2396,2427,2378,2337,2429,2407,2464,2329,2303,2501,3127,3608,3395,2689,2382,2354,2488,2461,2346,2504,2413,2437,2413,2352,2337,2410,3391,3662,3427,2581,2373,2181,2334,2425,2543,2533,2416,2430,2264,2388,2273,2522,3453,3326,3109,2263,2337,2214,2315,2281,2421,2518,2408,2370,2343,2424,2457,2385,3099,3009,2842,2253,2245,2318,2375,2454,2476,2573,2429,2445,2429,2479,2512,2373,2845,2989,2803,2348,2188,2329,2444,2441,2444,2503,2443,2452,2412,2383,2299,2462,2827,2865,2620,2337,2351,2487,2469,2352,2330,2367,2446,2434,2257,2371,2387,2396,2769,2806,2471,2437,2359,2551,2489,2412,2209,2482,2526,2367,2348,2348,2348,2253,2675,2915,2733,2476,2425,2426,2256,2264,2423,2410,2479,2416,2252,2309,2307,2253,2658,3278,3018,2432,2280,2404,2369,2496,2720,2443,2538,2426,2328,2283,2413,2231,3070,3280,3052,2467,2284,2328,2357,2554,2751,2507,2362,2407,2371,2249,2330,2329,3034,2945,2703,2555,2368,2314,2308,2511,2579,2576,2437,2432,2460,2346,2290,2307,2754,3090,2872,2527,2452,2318,2267,2477,2558,2597,2602,2536,2457,2436,2285,2398,2873,3380,3162,2349,2252,2289,2287,2272,2346,2520,2550,2554,2455,2459,2384,2271,3164,3319,3105,2392,2316,2244,2224,2177,2409,2389,2284,2327,2317,2371,2373,2378,3110,2717,2644,2442,2355,2277,2297,2301,2241,2312,2320,2348,2349,2455,2406,2155,2633,2901,2688,2362,2226,2316,2355,2402,2254,2141,2336,2206,2179,2498,2451,2372,2746,2993,2697,2225,2169,2296,2322,2313,2250,2216,2319,2198,2233,2314,2334,2234,2789,3811,3590,2600,2281,2304,2320,2313,2439,2576,2453,2289,2354,2285,2327,2380,3589,4251,4029,2989,2374,2558,2332,2423,2729,2936,2798,2269,2347,2463,2554,2848,4025,4319,4094,3025,2471,2620,2431,2683,2835,2993,2904,2466,2406,2508,2652,2873,4089,4060,3842,2734,2483,2422,2483,2637,2883,2993,2822,2416,2309,2401,2540,2504,3832,3510,3302,2426,2375,2346,2313,2247,2412,2616,2427,2234,2300,2308,2471,2445,3259,3599,3361,2619,2381,2233,2244,2413,2318,2556,2567,2329,2318,2118,2250,2596,3400,3887,3665,2691,2347,2332,2062,2314,2533,2752,2640,2339,2388,2264,2303,2475,3658,3938,3714,2609,2550,2394,2267,2277,2595,2716,2502,2358,2470,2382,2438,2486,3712,3710,3491,2493,2406,2348,2252,2348,2466,2439,2341,2312,2334,2166,2285,2378,3479,3270,3086,2481,2242,2205,2301,2305,2235,2220,2298,2316,2353,2297,2191,2181,3041,3455,3237,2446,2376,2209,2262,2288,2441,2641,2675,2499,2447,2467,2243,2339,3231,3471,3237,2524,2337,2205,2052,2307,2599,3016,3049,2866,2796,2786,2544,2522,3261,3416,3179,2676,2339,2346,2275,2355,2693,3109,3145,2959,2921,2905,2727,2793,3190,3162,2947,2515,2090,2318,2298,2221,2558,2875,2931,2810,2680,2694,2513,2699,2911,2920,2734,2259,2232,2256,2207,2199,2113,2310,2353,2310,2323,2184,2234,2329,2736,2736,2580,2248,2181,2146,2054,2196,2201,2205,2080,2087,2152,2135,2173,2042,2513,2550,2430,2161,2098,2174,1980,2018,2135,2291,2388,2337,2288,2327,2372,2194,2434,2814,2583,2099,2092,2186,2154,2146,2036,2310,2341,2330,2267,2431,2329,2217,2475,2650,2438,2170,2181,2158,2126,2205,2156,2130,2059,2056,2251,2184,2024,2146,2447,2811,2608,2134,2093,1979,1986,2140,2185,2072,1921,1917,2112,1949,1963,2068,2598,3058,2821,2098,2076,2015,1960,2160,2176,2173,2145,2157,2053,1957,2004,2112,2841,2989,2771,1971,1909,1882,1947,1998,2044,1893,2115,2133,2089,1957,1931,2025,2773,2704,2521,2019,2062,1923,1964,2038,2201,2173,2158,2034,1860,1972,2146,2112,2528
,,,,,,,,,,,,,,,,,,,,,,,,,,,,,,,,,,,,,,,,,,,,,,,,,,,,,,,,,,,,,,,,,,,,,,,,,,,,,,,,,,,,,,,,,,,,,,,,,,,,,,,,,,,,,,,,,,,,,,,,,,,,,,,,,,,,,,,,,,,,,,,,,,,,,,,,,,,,,,,,,,,,,,,,,,,,,,,,,,,,,,,,,,,,,,,,,,,,,,,,,,,,,,,,,,,,,,,,,,,,,,,,,,,,,,,,,,,,,,,,,,,,,,,,,,,,,,,,,,,,,,,,,,,,,,,,,,,,,,,,,,,,,,,,,,,,,,,,,,,,,,,,,,,,,,,,,,,,,,,,,,,,,,,,,,,,,,,,,,,,,,,,,,,,,,,,,,,,,,,,,,,,,,,,,,,,,,,,,,,,,,,,,,,,,,,,,,,,,,,,,,,,,,,,,,,,,,,,,,,,,,,,,,,,,,,,,,,,,,,,,,,,,,,,,,,,,,,,,,,,,,,,,,,,,,,,,,,,,,,,,,,,,,,,,,,,,,,,,,,,,,,,,,,,,,,,,,,,,,,,,,,,,,,,,,,,,,,,,,,,,,,,,,,,,,,,,,,,,,,,,,,,,,,,,,,,,,,,,,,,,,,,,,,,,,,,,,,,,,,,,,,,,,,,,,,,,,,,,,,,,,,,,,,,,,,,,,,,,,,,,,,,,,,,,,,,,,,,,,,,,,,,,,,,,,,,,,,,,,,,,,,,,,,,,,,,,,,,,,,,,,,,,,,,,,,,,,,,,,,,,,,,,,,,,,,,,,,,,,,,,,,,,,,,,,,,,,,,,,,,,,,,,,,,,,,,,,,,,,,,,,,,,,,,,,,,,,,,,,,,,,,,,,,,,,,,,,,,,,,,,,,,,,,,,,,,,,,,,,,,,,,,,,,,,,,,,,,,,,,,,,,,,,,,,,,,,,,,,,,,,,,,,,,,,,,,,,,,,,,,,,,,,,,,,,,,,,,,,,,,,,,,,,,,,,,,,,,,,,,,,,,,,,,,,,,,,,,,,,,,,,,,,,,,,,,,,,,,,,,,,,,,,,,,,,,,,,,,,,,,,,,,,,,,,,,,,,,,,,,,,,,,,,,,,,,,,,,,,,,,,,,,,,,,,,,,,,,,,,,,,,,,,,,,,,,,,,,,,,,,,,,,,,,,,,,,,,,,,,,,,,,,,,,,,,,,,,,,,,,,,,,,,,,,,,,,,,,,,,,,,,,,,,,,,,,,,,,,,,,,,,,,,,,,,,,,,,,,,,,,,,,,,,,,,,,,,,,,,,,,,,,,,,,,,,,,,,,,,,,,,,,,,,,,,,,,,,,,,,,,,,,,,,,,,,,,,,,,,,,,,,,,,,,,,,,,,,,,,,,,,,,,,,,,,,,,,,,,,,,,,,,,,,,,,,,,,,,,,,,,,,,,,,,,,,,,,,,,,,,,,,,,,,,,,,,,,,,,,,,,,,,,,,,,,,,,,,,,,,,,,,,,,,,,,,,,,,,,,,,,,,,,,,,,,,,,,,,,,,,,,,,,,,,,,,,,,,,,,,,,,,,,,,,,,,,,,,,,,,,,,,,,,,,,,,,,,,,,,,,,,,,,,,,,,,,,,,,,,,,,,,,,,,,,,,,,,,,,,,,,,,,,,,,,,,,,,,,,,,,,,,,,,,,,,,,,,,,,,,,,,,,,,,,,,,,,,,,,,,,,,,,,,,,,,,,,,,,,,,,,,,,,,,,,,,,,,,,,,,,,,,,,,,,,,,,,,,,,,,,,,,,,,,,,,,,,,,,,,,,,,,,,,,,,,,,,,,,,,,,,,,,,,,,,,,,,,,,,,,,,,,,,,,,,,,,,,,,,,,,,,,,,,,,,,,,,,,,,,,,,,,,,,,,,,,,,,,,,,,,,,,,,,,,,,,,,,,,,,,,,,,,,,,,,,,,,,,,,,,,,,,,,,,,,,,,,,,,,,,,,,,,,,,,,,,,,,,,,,,,,,,,,,,,,,,,,,,,,,,,,,,,,,,,,,,,,,,,,,,,,,,,,,,,,,,,,,,,,,,,,,,,,,,,,,,,,,,,,,,,,,,,,,,,,,,,,,,,,,,,,,,,,,,,,,,,,,,,,,,,,,,,,,,,,,,,,,,,,,,,,,,,,,,,,,,,,,,,,,,,,,,,,,,,,,,,,,,,,,,,,,,,,,,,,,,,,,,,,,,,,,,,,,,,
,,,,,,,,,,,,,,,,,,,,,,,,,,,,,,,,,,,,,,,,,,,,,,,,,,,,,,,,,,,,,,,,,,,,,,,,,,,,,,,,,,,,,,,,,,,,,,,,,,,,,,,,,,,,,,,,,,,,,,,,,,,,,,,,,,,,,,,,,,,,,,,,,,,,,,,,,,,,,,,,,,,,,,,,,,,,,,,,,,,,,,,,,,,,,,,,,,,,,,,,,,,,,,,,,,,,,,,,,,,,,,,,,,,,,,,,,,,,,,,,,,,,,,,,,,,,,,,,,,,,,,,,,,,,,,,,,,,,,,,,,,,,,,,,,,,,,,,,,,,,,,,,,,,,,,,,,,,,,,,,,,,,,,,,,,,,,,,,,,,,,,,,,,,,,,,,,,,,,,,,,,,,,,,,,,,,,,,,,,,,,,,,,,,,,,,,,,,,,,,,,,,,,,,,,,,,,,,,,,,,,,,,,,,,,,,,,,,,,,,,,,,,,,,,,,,,,,,,,,,,,,,,,,,,,,,,,,,,,,,,,,,,,,,,,,,,,,,,,,,,,,,,,,,,,,,,,,,,,,,,,,,,,,,,,,,,,,,,,,,,,,,,,,,,,,,,,,,,,,,,,,,,,,,,,,,,,,,,,,,,,,,,,,,,,,,,,,,,,,,,,,,,,,,,,,,,,,,,,,,,,,,,,,,,,,,,,,,,,,,,,,,,,,,,,,,,,,,,,,,,,,,,,,,,,,,,,,,,,,,,,,,,,,,,,,,,,,,,,,,,,,,,,,,,,,,,,,,,,,,,,,,,,,,,,,,,,,,,,,,,,,,,,,,,,,,,,,,,,,,,,,,,,,,,,,,,,,,,,,,,,,,,,,,,,,,,,,,,,,,,,,,,,,,,,,,,,,,,,,,,,,,,,,,,,,,,,,,,,,,,,,,,,,,,,,,,,,,,,,,,,,,,,,,,,,,,,,,,,,,,,,,,,,,,,,,,,,,,,,,,,,,,,,,,,,,,,,,,,,,,,,,,,,,,,,,,,,,,,,,,,,,,,,,,,,,,,,,,,,,,,,,,,,,,,,,,,,,,,,,,,,,,,,,,,,,,,,,,,,,,,,,,,,,,,,,,,,,,,,,,,,,,,,,,,,,,,,,,,,,,,,,,,,,,,,,,,,,,,,,,,,,,,,,,,,,,,,,,,,,,,,,,,,,,,,,,,,,,,,,,,,,,,,,,,,,,,,,,,,,,,,,,,,,,,,,,,,,,,,,,,,,,,,,,,,,,,,,,,,,,,,,,,,,,,,,,,,,,,,,,,,,,,,,,,,,,,,,,,,,,,,,,,,,,,,,,,,,,,,,,,,,,,,,,,,,,,,,,,,,,,,,,,,,,,,,,,,,,,,,,,,,,,,,,,,,,,,,,,,,,,,,,,,,,,,,,,,,,,,,,,,,,,,,,,,,,,,,,,,,,,,,,,,,,,,,,,,,,,,,,,,,,,,,,,,,,,,,,,,,,,,,,,,,,,,,,,,,,,,,,,,,,,,,,,,,,,,,,,,,,,,,,,,,,,,,,,,,,,,,,,,,,,,,,,,,,,,,,,,,,,,,,,,,,,,,,,,,,,,,,,,,,,,,,,,,,,,,,,,,,,,,,,,,,,,,,,,,,,,,,,,,,,,,,,,,,,,,,,,,,,,,,,,,,,,,,,,,,,,,,,,,,,,,,,,,,,,,,,,,,,,,,,,,,,,,,,,,,,,,,,,,,,,,,,,,,,,,,,,,,,,,,,,,,,,,,,,,,,,,,,,,,,,,,,,,,,,,,,,,,,,,,,,,,,,,,,,,,,,,,,,,,,,,,,,,,,,,,,,,,,,,,,,,,,,,,,,,,,,,,,,,,,,,,,,,,,,,,,,,,,,,,,,,,,,,,,,,,,,,,,,,,,,,,,,,,,,,,,,,,,,,,,,,,,,,,,,,,,,,,,,,,,,,,,,,,,,,,,,,,,,,,,,,,,,,,,,,,,,,,,,,,,,,,,,,,,,,,,,,,,,,,,,,,,,,,,,,,,,,,,,,,,,,,,,,,,,,,,,,,,,,,,,,,,,,,,,,,,,,,,,,,,,,,,,,,,,,,,,,,,,,,,,,,,,,,,,,,,,,,,,,,,,,,,,,,,,,,,,,,,,,,,,,,,,,,,,,,,,,,,,,,,,,,,,,,,,,,,,,,,,,,,,,,,,,,,,,,,,,,,,,,,,,,,,,,,,,,,,,,,,,,,,,
,,,,,,,,,,,,,,,,,,,,,,,,,,,,,,,,,,,,,,,,,,,,,,,,,,,,,,,,,,,,,,,,,,,,,,,,,,,,,,,,,,,,,,,,,,,,,,,,,,,,,,,,,,,,,,,,,,,,,,,,,,,,,,,,,,,,,,,,,,,,,,,,,,,,,,,,,,,,,,,,,,,,,,,,,,,,,,,,,,,,,,,,,,,,,,,,,,,,,,,,,,,,,,,,,,,,,,,,,,,,,,,,,,,,,,,,,,,,,,,,,,,,,,,,,,,,,,,,,,,,,,,,,,,,,,,,,,,,,,,,,,,,,,,,,,,,,,,,,,,,,,,,,,,,,,,,,,,,,,,,,,,,,,,,,,,,,,,,,,,,,,,,,,,,,,,,,,,,,,,,,,,,,,,,,,,,,,,,,,,,,,,,,,,,,,,,,,,,,,,,,,,,,,,,,,,,,,,,,,,,,,,,,,,,,,,,,,,,,,,,,,,,,,,,,,,,,,,,,,,,,,,,,,,,,,,,,,,,,,,,,,,,,,,,,,,,,,,,,,,,,,,,,,,,,,,,,,,,,,,,,,,,,,,,,,,,,,,,,,,,,,,,,,,,,,,,,,,,,,,,,,,,,,,,,,,,,,,,,,,,,,,,,,,,,,,,,,,,,,,,,,,,,,,,,,,,,,,,,,,,,,,,,,,,,,,,,,,,,,,,,,,,,,,,,,,,,,,,,,,,,,,,,,,,,,,,,,,,,,,,,,,,,,,,,,,,,,,,,,,,,,,,,,,,,,,,,,,,,,,,,,,,,,,,,,,,,,,,,,,,,,,,,,,,,,,,,,,,,,,,,,,,,,,,,,,,,,,,,,,,,,,,,,,,,,,,,,,,,,,,,,,,,,,,,,,,,,,,,,,,,,,,,,,,,,,,,,,,,,,,,,,,,,,,,,,,,,,,,,,,,,,,,,,,,,,,,,,,,,,,,,,,,,,,,,,,,,,,,,,,,,,,,,,,,,,,,,,,,,,,,,,,,,,,,,,,,,,,,,,,,,,,,,,,,,,,,,,,,,,,,,,,,,,,,,,,,,,,,,,,,,,,,,,,,,,,,,,,,,,,,,,,,,,,,,,,,,,,,,,,,,,,,,,,,,,,,,,,,,,,,,,,,,,,,,,,,,,,,,,,,,,,,,,,,,,,,,,,,,,,,,,,,,,,,,,,,,,,,,,,,,,,,,,,,,,,,,,,,,,,,,,,,,,,,,,,,,,,,,,,,,,,,,,,,,,,,,,,,,,,,,,,,,,,,,,,,,,,,,,,,,,,,,,,,,,,,,,,,,,,,,,,,,,,,,,,,,,,,,,,,,,,,,,,,,,,,,,,,,,,,,,,,,,,,,,,,,,,,,,,,,,,,,,,,,,,,,,,,,,,,,,,,,,,,,,,,,,,,,,,,,,,,,,,,,,,,,,,,,,,,,,,,,,,,,,,,,,,,,,,,,,,,,,,,,,,,,,,,,,,,,,,,,,,,,,,,,,,,,,,,,,,,,,,,,,,,,,,,,,,,,,,,,,,,,,,,,,,,,,,,,,,,,,,,,,,,,,,,,,,,,,,,,,,,,,,,,,,,,,,,,,,,,,,,,,,,,,,,,,,,,,,,,,,,,,,,,,,,,,,,,,,,,,,,,,,,,,,,,,,,,,,,,,,,,,,,,,,,,,,,,,,,,,,,,,,,,,,,,,,,,,,,,,,,,,,,,,,,,,,,,,,,,,,,,,,,,,,,,,,,,,,,,,,,,,,,,,,,,,,,,,,,,,,,,,,,,,,,,,,,,,,,,,,,,,,,,,,,,,,,,,,,,,,,,,,,,,,,,,,,,,,,,,,,,,,,,,,,,,,,,,,,,,,,,,,,,,,,,,,,,,,,,,,,,,,,,,,,,,,,,,,,,,,,,,,,,,,,,,,,,,,,,,,,,,,,,,,,,,,,,,,,,,,,,,,,,,,,,,,,,,,,,,,,,,,,,,,,,,,,,,,,,,,,,,,,,,,,,,,,,,,,,,,,,,,,,,,,,,,,,,,,,,,,,,,,,,,,,,,,,,,,,,,,,,,,,,,,,,,,,,,,,,,,,,,,,,,,,,,,,,,,,,,,,,,,,,,,,,,,,,,,,,,,,,,,,,,,,,,,,,,,,,,,,,,,,,,,,,,,,,,,,,,,,,,,,,,,,,,,,,,,,,,,,,,,,,,,,,,,,,,,,,,,,,,,,,,,,,,,,,,,,,
,,,,,,,,,,,,,,,,,,,,,,,,,,,,,,,,,,,,,,,,,,,,,,,,,,,,,,,,,,,,,,,,,,,,,,,,,,,,,,,,,,,,,,,,,,,,,,,,,,,,,,,,,,,,,,,,,,,,,,,,,,,,,,,,,,,,,,,,,,,,,,,,,,,,,,,,,,,,,,,,,,,,,,,,,,,,,,,,,,,,,,,,,,,,,,,,,,,,,,,,,,,,,,,,,,,,,,,,,,,,,,,,,,,,,,,,,,,,,,,,,,,,,,,,,,,,,,,,,,,,,,,,,,,,,,,,,,,,,,,,,,,,,,,,,,,,,,,,,,,,,,,,,,,,,,,,,,,,,,,,,,,,,,,,,,,,,,,,,,,,,,,,,,,,,,,,,,,,,,,,,,,,,,,,,,,,,,,,,,,,,,,,,,,,,,,,,,,,,,,,,,,,,,,,,,,,,,,,,,,,,,,,,,,,,,,,,,,,,,,,,,,,,,,,,,,,,,,,,,,,,,,,,,,,,,,,,,,,,,,,,,,,,,,,,,,,,,,,,,,,,,,,,,,,,,,,,,,,,,,,,,,,,,,,,,,,,,,,,,,,,,,,,,,,,,,,,,,,,,,,,,,,,,,,,,,,,,,,,,,,,,,,,,,,,,,,,,,,,,,,,,,,,,,,,,,,,,,,,,,,,,,,,,,,,,,,,,,,,,,,,,,,,,,,,,,,,,,,,,,,,,,,,,,,,,,,,,,,,,,,,,,,,,,,,,,,,,,,,,,,,,,,,,,,,,,,,,,,,,,,,,,,,,,,,,,,,,,,,,,,,,,,,,,,,,,,,,,,,,,,,,,,,,,,,,,,,,,,,,,,,,,,,,,,,,,,,,,,,,,,,,,,,,,,,,,,,,,,,,,,,,,,,,,,,,,,,,,,,,,,,,,,,,,,,,,,,,,,,,,,,,,,,,,,,,,,,,,,,,,,,,,,,,,,,,,,,,,,,,,,,,,,,,,,,,,,,,,,,,,,,,,,,,,,,,,,,,,,,,,,,,,,,,,,,,,,,,,,,,,,,,,,,,,,,,,,,,,,,,,,,,,,,,,,,,,,,,,,,,,,,,,,,,,,,,,,,,,,,,,,,,,,,,,,,,,,,,,,,,,,,,,,,,,,,,,,,,,,,,,,,,,,,,,,,,,,,,,,,,,,,,,,,,,,,,,,,,,,,,,,,,,,,,,,,,,,,,,,,,,,,,,,,,,,,,,,,,,,,,,,,,,,,,,,,,,,,,,,,,,,,,,,,,,,,,,,,,,,,,,,,,,,,,,,,,,,,,,,,,,,,,,,,,,,,,,,,,,,,,,,,,,,,,,,,,,,,,,,,,,,,,,,,,,,,,,,,,,,,,,,,,,,,,,,,,,,,,,,,,,,,,,,,,,,,,,,,,,,,,,,,,,,,,,,,,,,,,,,,,,,,,,,,,,,,,,,,,,,,,,,,,,,,,,,,,,,,,,,,,,,,,,,,,,,,,,,,,,,,,,,,,,,,,,,,,,,,,,,,,,,,,,,,,,,,,,,,,,,,,,,,,,,,,,,,,,,,,,,,,,,,,,,,,,,,,,,,,,,,,,,,,,,,,,,,,,,,,,,,,,,,,,,,,,,,,,,,,,,,,,,,,,,,,,,,,,,,,,,,,,,,,,,,,,,,,,,,,,,,,,,,,,,,,,,,,,,,,,,,,,,,,,,,,,,,,,,,,,,,,,,,,,,,,,,,,,,,,,,,,,,,,,,,,,,,,,,,,,,,,,,,,,,,,,,,,,,,,,,,,,,,,,,,,,,,,,,,,,,,,,,,,,,,,,,,,,,,,,,,,,,,,,,,,,,,,,,,,,,,,,,,,,,,,,,,,,,,,,,,,,,,,,,,,,,,,,,,,,,,,,,,,,,,,,,,,,,,,,,,,,,,,,,,,,,,,,,,,,,,,,,,,,,,,,,,,,,,,,,,,,,,,,,,,,,,,,,,,,,,,,,,,,,,,,,,,,,,,,,,,,,,,,,,,,,,,,,,,,,,,,,,,,,,,,,,,,,,,,,,,,,,,,,,,,,,,,,,,,,,,,,,,,,,,,,,,,,,,,,,,,,,,,,,,,,,,,,,,,,,,,,,,,,,,,,,,,,,,,,,,,,,,,,,,,,,,,,,,,,,,,,,,,,,,,,,,,,,,,,,,,,,,,,,,,,,,,,,,,,,,,,,,,,,,,,,,,,,,,,,,,,,,,,,,,
,,,,,,,,,,,,,,,,,,,,,,,,,,,,,,,,,,,,,,,,,,,,,,,,,,,,,,,,,,,,,,,,,,,,,,,,,,,,,,,,,,,,,,,,,,,,,,,,,,,,,,,,,,,,,,,,,,,,,,,,,,,,,,,,,,,,,,,,,,,,,,,,,,,,,,,,,,,,,,,,,,,,,,,,,,,,,,,,,,,,,,,,,,,,,,,,,,,,,,,,,,,,,,,,,,,,,,,,,,,,,,,,,,,,,,,,,,,,,,,,,,,,,,,,,,,,,,,,,,,,,,,,,,,,,,,,,,,,,,,,,,,,,,,,,,,,,,,,,,,,,,,,,,,,,,,,,,,,,,,,,,,,,,,,,,,,,,,,,,,,,,,,,,,,,,,,,,,,,,,,,,,,,,,,,,,,,,,,,,,,,,,,,,,,,,,,,,,,,,,,,,,,,,,,,,,,,,,,,,,,,,,,,,,,,,,,,,,,,,,,,,,,,,,,,,,,,,,,,,,,,,,,,,,,,,,,,,,,,,,,,,,,,,,,,,,,,,,,,,,,,,,,,,,,,,,,,,,,,,,,,,,,,,,,,,,,,,,,,,,,,,,,,,,,,,,,,,,,,,,,,,,,,,,,,,,,,,,,,,,,,,,,,,,,,,,,,,,,,,,,,,,,,,,,,,,,,,,,,,,,,,,,,,,,,,,,,,,,,,,,,,,,,,,,,,,,,,,,,,,,,,,,,,,,,,,,,,,,,,,,,,,,,,,,,,,,,,,,,,,,,,,,,,,,,,,,,,,,,,,,,,,,,,,,,,,,,,,,,,,,,,,,,,,,,,,,,,,,,,,,,,,,,,,,,,,,,,,,,,,,,,,,,,,,,,,,,,,,,,,,,,,,,,,,,,,,,,,,,,,,,,,,,,,,,,,,,,,,,,,,,,,,,,,,,,,,,,,,,,,,,,,,,,,,,,,,,,,,,,,,,,,,,,,,,,,,,,,,,,,,,,,,,,,,,,,,,,,,,,,,,,,,,,,,,,,,,,,,,,,,,,,,,,,,,,,,,,,,,,,,,,,,,,,,,,,,,,,,,,,,,,,,,,,,,,,,,,,,,,,,,,,,,,,,,,,,,,,,,,,,,,,,,,,,,,,,,,,,,,,,,,,,,,,,,,,,,,,,,,,,,,,,,,,,,,,,,,,,,,,,,,,,,,,,,,,,,,,,,,,,,,,,,,,,,,,,,,,,,,,,,,,,,,,,,,,,,,,,,,,,,,,,,,,,,,,,,,,,,,,,,,,,,,,,,,,,,,,,,,,,,,,,,,,,,,,,,,,,,,,,,,,,,,,,,,,,,,,,,,,,,,,,,,,,,,,,,,,,,,,,,,,,,,,,,,,,,,,,,,,,,,,,,,,,,,,,,,,,,,,,,,,,,,,,,,,,,,,,,,,,,,,,,,,,,,,,,,,,,,,,,,,,,,,,,,,,,,,,,,,,,,,,,,,,,,,,,,,,,,,,,,,,,,,,,,,,,,,,,,,,,,,,,,,,,,,,,,,,,,,,,,,,,,,,,,,,,,,,,,,,,,,,,,,,,,,,,,,,,,,,,,,,,,,,,,,,,,,,,,,,,,,,,,,,,,,,,,,,,,,,,,,,,,,,,,,,,,,,,,,,,,,,,,,,,,,,,,,,,,,,,,,,,,,,,,,,,,,,,,,,,,,,,,,,,,,,,,,,,,,,,,,,,,,,,,,,,,,,,,,,,,,,,,,,,,,,,,,,,,,,,,,,,,,,,,,,,,,,,,,,,,,,,,,,,,,,,,,,,,,,,,,,,,,,,,,,,,,,,,,,,,,,,,,,,,,,,,,,,,,,,,,,,,,,,,,,,,,,,,,,,,,,,,,,,,,,,,,,,,,,,,,,,,,,,,,,,,,,,,,,,,,,,,,,,,,,,,,,,,,,,,,,,,,,,,,,,,,,,,,,,,,,,,,,,,,,,,,,,,,,,,,,,,,,,,,,,,,,,,,,,,,,,,,,,,,,,,,,,,,,,,,,,,,,,,,,,,,,,,,,,,,,,,,,,,,,,,,,,,,,,,,,,,,,,,,,,,,,,,,,,,,,,,,,,,,,,,,,,,,,,,,,,,,,,,,,,,,,,,,,,,,,,,,,,,,,,,,,,,,,,,,,,,,,,,,,,,,,,,,,,,,,,,,,,,,,,,,,,,,,,,,,,,,,,,,,,,,,,,,,,,,,,,,,,,,,,,,,,,,,,,,,,,,
3435,3219,2489,2265,2419,2504,2457,2335,2342,2335,2457,2504,2419,2265,2489,3219,3718,3490,2527,2144,2396,2442,2370,2256,2311,2311,2386,2403,2340,2263,2328,3495,4070,3850,2761,2428,2324,2273,2350,2249,2318,2362,2407,2381,2351,2482,2658,3848,4204,3982,2875,2518,2388,2300,2381,2170,2340,2271,2269,2410,2291,2602,2792,3981,4012,3793,2707,2334,2377,2366,2381,2245,2215,2296,2155,2402,2384,2439,2654,3789,3714,3496,2519,2291,2341,2365,2308,2119,2177,2270,2208,2389,2377,2332,2402,3481,3334,3150,2399,2441,2284,2254,2279,2305,2346,2084,2288,2339,2256,2203,2052,3085,3111,2911,2272,2138,2178,2191,2221,2182,2379,2314,2263,2229,2370,2295,2297,2890,3193,2990,2241,2356,2244,2297,2292,2174,2416,2414,2352,2257,2395,2385,2403,2943,3484,3264,2294,2456,2451,2526,2547,2464,2778,2704,2318,2464,2507,2425,2505,3266,3898,3732,3467,3132,3280,3079,3197,3616,3841,3699,3100,2999,3274,3404,3633,3830,4549,4375,4017,3904,3974,3837,3761,3971,4355,4284,3879,3862,3926,4017,4237,4520,4876,4670,4168,4082,4193,4161,4157,4102,4348,4362,4158,4123,4062,4133,4366,4780,4801,4577,3946,3754,4079,4123,4128,4266,4179,4142,4048,3992,3724,3821,4079,4651,4234,3975,3525,3303,3734,3795,3765,4122,4158,3821,3440,3417,3488,3333,3512,3989,3937,3713,3417,3072,3305,3322,3426,3791,3827,3420,3316,2984,3112,3180,3207,3680,3799,3568,3050,3072,2958,3023,3231,3535,3566,3218,2894,2940,2801,3125,3196,3502,4145,3915,2845,2883,2838,2896,2956,3150,3123,2823,2763,2810,2711,2778,3090,3927,4640,4418,3201,2997,2807,2619,2636,2945,2968,2862,2721,2610,2816,2846,3319,4420,4754,4529,3342,3048,2999,2782,2933,3128,3141,3059,2911,2681,2978,2797,3466,4535,4517,4285,3196,2981,3073,2924,2904,3267,3427,3314,2921,2907,2952,2995,3336,4302,4115,3869,3426,3442,3093,3219,3315,3328,3734,3609,3086,2857,3183,3179,3145,3945,4538,4225,3730,3747,3355,3497,3618,3624,3928,3818,3399,3286,3488,3156,3822,4404,4561,4236,3697,3781,3436,3395,3593,3702,3946,3854,3545,3481,3535,2933,3909,4439,4210,3907,3268,3525,3227,3020,3289,3484,3611,3562,3300,3294,3314,2760,3586,4095,3659,3451,2945,2993,2793,2814,2990,3238,3226,2981,2680,2808,2928,2667,3073,3527,3391,3162,2828,2747,2546,2547,2737,3014,3078,2879,2557,2573,2575,2501,2800,3200,3202,2971,2445,2550,2326,2371,2379,2719,2736,2621,2465,2427,2261,2254,2516,3008,3110,2818,2509,2281,2312,2453,2384,2365,2413,2627,2342,2407,2339,2247,2685,2962,3273,3055,2603,2357,2359,2535,2686,2820,2871,2931,2664,2612,2513,2631,2862,3102,3460,3333,3125,2785,2625,2883,2683,2804,3024,2943,2673,2515,2686,3040,3247,3413,3684,3585,3433,2966,2988,3141,2831,2934,3217,3204,2979,2843,3072,3345,3555,3677,3770,3589,3350,2886,3093,2993,2728,3128,3427,3344,2988,2924,3029,3352,3633,3778,3680,3327,3120,2943,3010,2527,2897,3180,3404,3234,2772,2787,2515,3140,3538,3707,3466,2789,3002,2680,2582,2592,2794,3020,3155,2894,2529,2565,2627,3008,3294,3445,3063,2748,2663,2363,2403,2363,2550,2645,2749,2466,2402,2482,2292,2706,2931,2983,2858,2651,2573,2358,2345,2377,2396,2502,2721,2589,2436,2437,2374,2437,2533,2712,2809,2534,2500,2396,2369,2336,2455,2561,2597,2467,2208,2239,2310,2358,2338,2729,2804,2627,2518,2464,2515,2434,2544,2650,2559,2521,2269,2223,2355,2351,2338,2630,2915,2755,2614,2321,2479,2550,2575,2611,2539,2483,2327,2351,2485,2373,2412,2708,2835,2790,2683,2481,2422,2478,2515,2667,2548,2593,2390,2359,2469,2384,2336,2689,2815,2926,2853,2588,2399,2542,2607,2705,2758,2786,2486,2357,2413,2554,2833,2898,3077,2936,2835,2664,2682,2806,2634,2731,3022,2853,2450,2323,2380,2714,3019,3132,3118,2630,2616,2519,2601,2741,2600,2842,3033,2801,2464,2411,2346,2575,2894,3081,2993,2598,2746,2655,2517,2472,2521,2884,2975,2811,2566,2479,2473,2609,2682,2812,2957,2811,2778,2608,2600,2523,2523,2879,3026,2932,2730,2629,2475,2488,2774,2769,2819,2810,2693,2462,2523,2468,2347,2631,2866,2720,2703,2585,2387,2355,2642,2767,3030,2824,2365,2493,2476,2318,2321,2482,2684,2634,2481,2384,2315,2353,2461,2768,2951,2730,2509,2407,2430,2321,2264,2452,2571,2511,2542,2352,2369,2421,2471,2674,2956,2754,2478,2342,2309,2296,2229,2271,2490,2553,2496,2365,2396,2423,2438,2679,3824,3603,2532,2331,2359,2426,2354,2369,2625,2585,2310,2288,2414,2446,2637,3605,4384,4160,3043,2680,2477,2343,2545,2720,2750,2624,2431,2353,2449,2624,3042,4160,4486,4261,3133,2793,2609,2404,2629,2798,2829,2538,2545,2462,2466,2743,3141,4261,4221,3997,2897,2651,2517,2428,2423,2541,2552,2503,2425,2378,2500,2542,2942,3998,3678,3451,2364,2429,2513,2467,2369,2394,2535,2492,2349,2455,2483,2357,2595,3462,3260,3044,2385,2311,2493,2333,2410,2442,2527,2488,2459,2434,2254,2372,2400,3034,2683,2552,2321,2416,2412,2265,2310,2497,2574,2425,2462,2318,2275,2331,2259,2351,2450,2385,2333,2336,2314,2318,2273,2432,2465,2396,2376,2322,2284,2383,2314,2235,2655,2539,2368,2341,2414,2385,2387,2458,2514,2466,2491,2381,2318,2172,2313,2461,2829,2619,2460,2600,2661,2655,2683,2489,2824,2731,2778,2589,2471,2297,2404,2652,3229,2970,2483,2575,2698,2728,2661,2710,2970,2811,2786,2648,2435,2208,2411,3069,3366,3169,2197,2259,2472,2532,2397,2722,2839,2657,2548,2360,2347,2331,2532,3157,4534,4310,3104,2957,2626,2541,2693,3116,3162,2707,2626,2503,2680,2843,3210,4314,4906,4684,3489,3361,2909,3046,2902,3472,3468,3200,2891,2625,3002,3187,3565,4684,4895,4673,3478,3374,2812,3058,2938,3500,3497,3381,2832,2595,2981,3167,3551,4673,4534,4312,3154,3015,2361,2644,2619,3189,3310,3230,2734,2515,2811,2803,3241,4312,3876,3647,2650,2527,2345,2392,2392,2645,3054,2985,2433,2334,2383,2437,2831,3660,3638,3409,2525,2482,2526,2427,2432,2498,2678,2497,2328,2551,2577,2366,2591,3433,3313,3073,2190,2444,2551,2506,2452,2472,2475,2506,2540,2650,2627,2192,2451,3092,3328,3089,2322,2376,2526,2337,2304,2313,2412,2363,2436,2340,2258,2186,2458,3109,3320,3124,2191,2270,2527,2485,2336,2460,2511,2343,2137,2212,2294,2306,2376,3046,3352,3153,2528,2392,2532,2505,2407,2457,2342,2245,2168,2302,2402,2349,2365,3140,3145,2846,2512,2417,2247,2365,2439,2594,2902,2784,2503,2463,2338,2275,2454,3023,3863,3629,2980,2915,2683,2564,2472,3159,3425,3266,2691,2900,2526,2542,3082,3707,3984,3764,3158,3057,2831,2783,2745,3307,3534,3350,2911,3127,2748,2650,3170,3814,3662,3453,2817,2800,2613,2690,2745,3108,3373,3218,2820,2998,2694,2514,3042,3465,3018,2713,2645,2300,2329,2435,2585,2665,2863,2817,2545,2558,2537,2416,2896,2750,3356,3089,2655,2454,2383,2142,2439,2809,2921,2736,2406,2478,2343,2559,2770,3155,3396,3192,2543,2396,2384,2311,2385,2538,2697,2632,2421,2429,2310,2405,2529,3144,3592,3363,2366,2258,2372,2146,2396,2605,2741,2598,2445,2347,2221,2277,2512,3370,3898,3677,2604,2380,2341,2249,2325,2632,2808,2557,2338,2366,2330,2335,2661,3675,3840,3619,2620,2321,2408,2380,2371,2626,2755,2407,2381,2305,2382,2236,2595,3619,3436,3207,2392,2389,2457,2444,2421,2440,2443,2396,2370,2344,2366,2492,2463,3232,3179,2977,2355,2396,2456,2434,2413,2693,2816,2717,2480,2419,2494,2500,2572,2932,3388,3152,2395,2329,2492,2365,2561,2836,3006,2925,2689,2620,2521,2718,2938,3249,3226,2913,2294,2403,2442,2381,2509,2770,2941,2865,2625,2537,2382,2700,2934,3154,3229,3056,2465,2380,2430,2327,2438,2501,2632,2587,2413,2205,2235,2520,2622,2942,3339,3172,2620,2459,2393,2320,2445,2535,2601,2538,2387,2362,2433,2427,2413,3089,3583,3339,2599,2497,2450,2211,2370,2424,2598,2529,2441,2358,2343,2287,2539,3385,3638,3419,2487,2415,2352,2201,2244,2508,2477,2264,2417,2469,2330,2333,2401,3418,3353,3136,2384,2412,2450,2382,2444,2588,2599,2452,2301,2302,2358,2201,2388,3135,3095,2827,2377,2324,2330,2326,2441,2602,2760,2652,2386,2172,2267,2396,2365,2872,2965,2681,2443,2359,2036,2324,2438,2324,2622,2636,2381,2086,2270,2232,2404,2763,2685,2513,2443,2349,2134,2362,2412,2469,2520,2565,2431,2180,2319,2270,2381,2550,2774,2682,2490,2436,2382,2215,2334,2349,2421,2510,2474,2193,2164,2264,2426,2697,2923,2742,2314,2417,2431,2488,2422,2282,2383,2380,2365,2309,2131,2389,2525,2639,3240,3037,2247,2313,2395,2435,2490,2503,2685,2408,2292,2273,2240,2302,2295,2969,3264,3048,2371,2323,2485,2421,2472,2470,2671,2534,2354,2180,2268,2216,2340,3033,2938,2651,2267,2289,2402,2327,2310,2394,2592,2550,2481,2444,2371,2439,2467,2808,3092,2900,2417,2363,2449,2358,2282,2475,2581,2463,2363,2313,2320,2467,2361,2855,3374,3162,2362,2365,2438,2406,2402,2405,2413,2403,2359,2374,2298,2356,2305,3153,3315,3097,2355,2418,2469,2470,2384,2391,2398,2489,2450,2309,2379,2235,2417,3101,2756,2658,2482,2369,2317,2365,2348,2377,2239,2354,2322,2257,2281,2200,2388,2631,2979,2771,2465,2356,2407,2377,2194,2366,2399,2426,2364,2299,2319,2385,2328,2779,3089,2880,2427,2351,2423,2233,2348,2369,2286,2207,2160,2008,2269,2487,2384,2918,3811,3594,2632,2352,2498,2245,2334,2588,2582,2352,2381,2384,2362,2339,2559,3588,4251,4030,2944,2394,2499,2353,2446,2779,2880,2761,2598,2497,2399,2629,2837,4025,4317,4090,2896,2669,2398,2444,2465,2823,3087,2993,2783,2471,2454,2773,2866,4090,4054,3827,2640,2559,2418,2561,2472,2810,2920,2919,2688,2395,2419,2611,2648,3831,3492,3248,2424,2276,2399,2569,2441,2357,2548,2451,2309,2341,2279,2429,2590,3254,3601,3357,2406,2341,2391,2419,2518,2588,2586,2289,2282,2429,2464,2430,2466,3407,3892,3666,2633,2418,2337,2444,2487,2727,2736,2608,2384,2552,2560,2433,2525,3671,3943,3721,2533,2419,2328,2210,2319,2645,2677,2568,2373,2358,2440,2454,2472,3715,3721,3496,2362,2380,2398,2381,2309,2335,2425,2289,2348,2450,2319,2432,2361,3488,3276,3043,2383,2330,2287,2396,2339,2234,2364,2360,2169,2279,2140,2339,2336,3047,3451,3229,2419,2402,2335,2421,2376,2314,2551,2421,2364,2410,2116,2369,2460,3214,3481,3257,2557,2398,2261,2347,2444,2693,2995,2844,2495,2530,2378,2299,2718,3273,3441,3235,2733,2507,2321,2210,2557,2802,3076,2940,2595,2629,2429,2091,2836,3318,3173,2968,2596,2529,2362,2184,2407,2608,2844,2738,2480,2441,2239,2342,2723,3065,2873,2677,2293,2373,2324,2166,2249,2406,2384,2295,2215,2203,2260,2180,2331,2712,2727,2510,2262,2256,2091,2202,2327,2359,2169,2248,2172,2175,2271,2186,2160,2540,2572,2462,2332,2221,2158,2143,2256,2235,2079,2295,2255,2263,2220,2197,2170,2338,2846,2620,2222,2258,2211,2058,2132,2200,2326,2245,2285,2327,2247,2147,2269,2691,2710,2549,2141,2105,2087,2030,2036,2165,2278,2080,2073,2185,2198,2077,2107,2563,2828,2605,2168,2107,2010,1968,2141,2083,2076,2055,1990,2036,2163,2034,2103,2630,3071,2869,2234,2060,1826,1938,1977,2097,2100,2044,2031,1912,2108,1905,2050,2845,3001,2806,2112,2017,2017,1814,1966,2047,2014,2048,2077,2050,1962,1838,2049,2774,2662,2462,2071,1890,2028,1929,1840,1933,2060,2168,2070,1962,2035,1971,2121,2484
,,,,,,,,,,,,,,,,,,,,,,,,,,,,,,,,,,,,,,,,,,,,,,,,,,,,,,,,,,,,,,,,,,,,,,,,,,,,,,,,,,,,,,,,,,,,,,,,,,,,,,,,,,,,,,,,,,,,,,,,,,,,,,,,,,,,,,,,,,,,,,,,,,,,,,,,,,,,,,,,,,,,,,,,,,,,,,,,,,,,,,,,,,,,,,,,,,,,,,,,,,,,,,,,,,,,,,,,,,,,,,,,,,,,,,,,,,,,,,,,,,,,,,,,,,,,,,,,,,,,,,,,,,,,,,,,,,,,,,,,,,,,,,,,,,,,,,,,,,,,,,,,,,,,,,,,,,,,,,,,,,,,,,,,,,,,,,,,,,,,,,,,,,,,,,,,,,,,,,,,,,,,,,,,,,,,,,,,,,,,,,,,,,,,,,,,,,,,,,,,,,,,,,,,,,,,,,,,,,,,,,,,,,,,,,,,,,,,,,,,,,,,,,,,,,,,,,,,,,,,,,,,,,,,,,,,,,,,,,,,,,,,,,,,,,,,,,,,,,,,,,,,,,,,,,,,,,,,,,,,,,,,,,,,,,,,,,,,,,,,,,,,,,,,,,,,,,,,,,,,,,,,,,,,,,,,,,,,,,,,,,,,,,,,,,,,,,,,,,,,,,,,,,,,,,,,,,,,,,,,,,,,,,,,,,,,,,,,,,,,,,,,,,,,,,,,,,,,,,,,,,,,,,,,,,,,,,,,,,,,,,,,,,,,,,,,,,,,,,,,,,,,,,,,,,,,,,,,,,,,,,,,,,,,,,,,,,,,,,,,,,,,,,,,,,,,,,,,,,,,,,,,,,,,,,,,,,,,,,,,,,,,,,,,,,,,,,,,,,,,,,,,,,,,,,,,,,,,,,,,,,,,,,,,,,,,,,,,,,,,,,,,,,,,,,,,,,,,,,,,,,,,,,,,,,,,,,,,,,,,,,,,,,,,,,,,,,,,,,,,,,,,,,,,,,,,,,,,,,,,,,,,,,,,,,,,,,,,,,,,,,,,,,,,,,,,,,,,,,,,,,,,,,,,,,,,,,,,,,,,,,,,,,,,,,,,,,,,,,,,,,,,,,,,,,,,,,,,,,,,,,,,,,,,,,,,,,,,,,,,,,,,,,,,,,,,,,,,,,,,,,,,,,,,,,,,,,,,,,,,,,,,,,,,,,,,,,,,,,,,,,,,,,,,,,,,,,,,,,,,,,,,,,,,,,,,,,,,,,,,,,,,,,,,,,,,,,,,,,,,,,,,,,,,,,,,,,,,,,,,,,,,,,,,,,,,,,,,,,,,,,,,,,,,,,,,,,,,,,,,,,,,,,,,,,,,,,,,,,,,,,,,,,,,,,,,,,,,,,,,,,,,,,,,,,,,,,,,,,,,,,,,,,,,,,,,,,,,,,,,,,,,,,,,,,,,,,,,,,,,,,,,,,,,,,,,,,,,,,,,,,,,,,,,,,,,,,,,,,,,,,,,,,,,,,,,,,,,,,,,,,,,,,,,,,,,,,,,,,,,,,,,,,,,,,,,,,,,,,,,,,,,,,,,,,,,,,,,,,,,,,,,,,,,,,,,,,,,,,,,,,,,,,,,,,,,,,,,,,,,,,,,,,,,,,,,,,,,,,,,,,,,,,,,,,,,,,,,,,,,,,,,,,,,,,,,,,,,,,,,,,,,,,,,,,,,,,,,,,,,,,,,,,,,,,,,,,,,,,,,,,,,,,,,,,,,,,,,,,,,,,,,,,,,,,,,,,,,,,,,,,,,,,,,,,,,,,,,,,,,,,,,,,,,,,,,,,,,,,,,,,,,,,,,,,,,,,,,,,,,,,,,,,,,,,,,,,,,,,,,,,,,,,,,,,,,,,,,,,,,,,,,,,,,,,,,,,,,,,,,,,,,,,,,,,,,,,,,,,,,,,,,,,,,,,,,,,,,,,,,,,,,,,,,,,,,,,,,,,,,,,,,,,,,,,,,,,,,,,,,,,,,,,,,,,,,,,,,,,,,,,,,,,,,,,,,,,,,,,,,,,,,,,,,,,,,,,,,,,,,,,,,,,,,,,,,,,,,,,,,,,,,,,,,,,,,,,,,,,,,,,,,,,,,,,,,,,,,,,,,,,,,,,,,,,,,,,,,,,,,,,,,,,,,,,,,,,,,,,,,,,,,,,,,,,,,,,,,,,,,,,,,,,,,,,,,,,,,,,,,,,,,,,,,,,,,,,,,,,,,,,,,,,,
,,,,,,,,,,,,,,,,,,,,,,,,,,,,,,,,,,,,,,,,,,,,,,,,,,,,,,,,,,,,,,,,,,,,,,,,,,,,,,,,,,,,,,,,,,,,,,,,,,,,,,,,,,,,,,,,,,,,,,,,,,,,,,,,,,,,,,,,,,,,,,,,,,,,,,,,,,,,,,,,,,,,,,,,,,,,,,,,,,,,,,,,,,,,,,,,,,,,,,,,,,,,,,,,,,,,,,,,,,,,,,,,,,,,,,,,,,,,,,,,,,,,,,,,,,,,,,,,,,,,,,,,,,,,,,,,,,,,,,,,,,,,,,,,,,,,,,,,,,,,,,,,,,,,,,,,,,,,,,,,,,,,,,,,,,,,,,,,,,,,,,,,,,,,,,,,,,,,,,,,,,,,,,,,,,,,,,,,,,,,,,,,,,,,,,,,,,,,,,,,,,,,,,,,,,,,,,,,,,,,,,,,,,,,,,,,,,,,,,,,,,,,,,,,,,,,,,,,,,,,,,,,,,,,,,,,,,,,,,,,,,,,,,,,,,,,,,,,,,,,,,,,,,,,,,,,,,,,,,,,,,,,,,,,,,,,,,,,,,,,,,,,,,,,,,,,,,,,,,,,,,,,,,,,,,,,,,,,,,,,,,,,,,,,,,,,,,,,,,,,,,,,,,,,,,,,,,,,,,,,,,,,,,,,,,,,,,,,,,,,,,,,,,,,,,,,,,,,,,,,,,,,,,,,,,,,,,,,,,,,,,,,,,,,,,,,,,,,,,,,,,,,,,,,,,,,,,,,,,,,,,,,,,,,,,,,,,,,,,,,,,,,,,,,,,,,,,,,,,,,,,,,,,,,,,,,,,,,,,,,,,,,,,,,,,,,,,,,,,,,,,,,,,,,,,,,,,,,,,,,,,,,,,,,,,,,,,,,,,,,,,,,,,,,,,,,,,,,,,,,,,,,,,,,,,,,,,,,,,,,,,,,,,,,,,,,,,,,,,,,,,,,,,,,,,,,,,,,,,,,,,,,,,,,,,,,,,,,,,,,,,,,,,,,,,,,,,,,,,,,,,,,,,,,,,,,,,,,,,,,,,,,,,,,,,,,,,,,,,,,,,,,,,,,,,,,,,,,,,,,,,,,,,,,,,,,,,,,,,,,,,,,,,,,,,,,,,,,,,,,,,,,,,,,,,,,,,,,,,,,,,,,,,,,,,,,,,,,,,,,,,,,,,,,,,,,,,,,,,,,,,,,,,,,,,,,,,,,,,,,,,,,,,,,,,,,,,,,,,,,,,,,,,,,,,,,,,,,,,,,,,,,,,,,,,,,,,,,,,,,,,,,,,,,,,,,,,,,,,,,,,,,,,,,,,,,,,,,,,,,,,,,,,,,,,,,,,,,,,,,,,,,,,,,,,,,,,,,,,,,,,,,,,,,,,,,,,,,,,,,,,,,,,,,,,,,,,,,,,,,,,,,,,,,,,,,,,,,,,,,,,,,,,,,,,,,,,,,,,,,,,,,,,,,,,,,,,,,,,,,,,,,,,,,,,,,,,,,,,,,,,,,,,,,,,,,,,,,,,,,,,,,,,,,,,,,,,,,,,,,,,,,,,,,,,,,,,,,,,,,,,,,,,,,,,,,,,,,,,,,,,,,,,,,,,,,,,,,,,,,,,,,,,,,,,,,,,,,,,,,,,,,,,,,,,,,,,,,,,,,,,,,,,,,,,,,,,,,,,,,,,,,,,,,,,,,,,,,,,,,,,,,,,,,,,,,,,,,,,,,,,,,,,,,,,,,,,,,,,,,,,,,,,,,,,,,,,,,,,,,,,,,,,,,,,,,,,,,,,,,,,,,,,,,,,,,,,,,,,,,,,,,,,,,,,,,,,,,,,,,,,,,,,,,,,,,,,,,,,,,,,,,,,,,,,,,,,,,,,,,,,,,,,,,,,,,,,,,,,,,,,,,,,,,,,,,,,,,,,,,,,,,,,,,,,,,,,,,,,,,,,,,,,,,,,,,,,,,,,,,,,,,,,,,,,,,,,,,,,,,,,,,,,,,,,,,,,,,,,,,,,,,,,,,,,,,,,,,,,,,,,,,,,,,,,,,,,,,,,,,,,,,,,,,,,,,,,,,,,,,,,,,,,,,,,,,,,,,,,,,,,,,,,,,,,,,,,,,,,,,,,,,,,,,,,,,,,,,,,,,,,,,,,,,,,,,,,,,,,,,,,,,,,,,,,,,,,,,,,,,,,,,,,,,,,,,,,,,,,,,,,,,,,,
,,,,,,,,,,,,,,,,,,,,,,,,,,,,,,,,,,,,,,,,,,,,,,,,,,,,,,,,,,,,,,,,,,,,,,,,,,,,,,,,,,,,,,,,,,,,,,,,,,,,,,,,,,,,,,,,,,,,,,,,,,,,,,,,,,,,,,,,,,,,,,,,,,,,,,,,,,,,,,,,,,,,,,,,,,,,,,,,,,,,,,,,,,,,,,,,,,,,,,,,,,,,,,,,,,,,,,,,,,,,,,,,,,,,,,,,,,,,,,,,,,,,,,,,,,,,,,,,,,,,,,,,,,,,,,,,,,,,,,,,,,,,,,,,,,,,,,,,,,,,,,,,,,,,,,,,,,,,,,,,,,,,,,,,,,,,,,,,,,,,,,,,,,,,,,,,,,,,,,,,,,,,,,,,,,,,,,,,,,,,,,,,,,,,,,,,,,,,,,,,,,,,,,,,,,,,,,,,,,,,,,,,,,,,,,,,,,,,,,,,,,,,,,,,,,,,,,,,,,,,,,,,,,,,,,,,,,,,,,,,,,,,,,,,,,,,,,,,,,,,,,,,,,,,,,,,,,,,,,,,,,,,,,,,,,,,,,,,,,,,,,,,,,,,,,,,,,,,,,,,,,,,,,,,,,,,,,,,,,,,,,,,,,,,,,,,,,,,,,,,,,,,,,,,,,,,,,,,,,,,,,,,,,,,,,,,,,,,,,,,,,,,,,,,,,,,,,,,,,,,,,,,,,,,,,,,,,,,,,,,,,,,,,,,,,,,,,,,,,,,,,,,,,,,,,,,,,,,,,,,,,,,,,,,,,,,,,,,,,,,,,,,,,,,,,,,,,,,,,,,,,,,,,,,,,,,,,,,,,,,,,,,,,,,,,,,,,,,,,,,,,,,,,,,,,,,,,,,,,,,,,,,,,,,,,,,,,,,,,,,,,,,,,,,,,,,,,,,,,,,,,,,,,,,,,,,,,,,,,,,,,,,,,,,,,,,,,,,,,,,,,,,,,,,,,,,,,,,,,,,,,,,,,,,,,,,,,,,,,,,,,,,,,,,,,,,,,,,,,,,,,,,,,,,,,,,,,,,,,,,,,,,,,,,,,,,,,,,,,,,,,,,,,,,,,,,,,,,,,,,,,,,,,,,,,,,,,,,,,,,,,,,,,,,,,,,,,,,,,,,,,,,,,,,,,,,,,,,,,,,,,,,,,,,,,,,,,,,,,,,,,,,,,,,,,,,,,,,,,,,,,,,,,,,,,,,,,,,,,,,,,,,,,,,,,,,,,,,,,,,,,,,,,,,,,,,,,,,,,,,,,,,,,,,,,,,,,,,,,,,,,,,,,,,,,,,,,,,,,,,,,,,,,,,,,,,,,,,,,,,,,,,,,,,,,,,,,,,,,,,,,,,,,,,,,,,,,,,,,,,,,,,,,,,,,,,,,,,,,,,,,,,,,,,,,,,,,,,,,,,,,,,,,,,,,,,,,,,,,,,,,,,,,,,,,,,,,,,,,,,,,,,,,,,,,,,,,,,,,,,,,,,,,,,,,,,,,,,,,,,,,,,,,,,,,,,,,,,,,,,,,,,,,,,,,,,,,,,,,,,,,,,,,,,,,,,,,,,,,,,,,,,,,,,,,,,,,,,,,,,,,,,,,,,,,,,,,,,,,,,,,,,,,,,,,,,,,,,,,,,,,,,,,,,,,,,,,,,,,,,,,,,,,,,,,,,,,,,,,,,,,,,,,,,,,,,,,,,,,,,,,,,,,,,,,,,,,,,,,,,,,,,,,,,,,,,,,,,,,,,,,,,,,,,,,,,,,,,,,,,,,,,,,,,,,,,,,,,,,,,,,,,,,,,,,,,,,,,,,,,,,,,,,,,,,,,,,,,,,,,,,,,,,,,,,,,,,,,,,,,,,,,,,,,,,,,,,,,,,,,,,,,,,,,,,,,,,,,,,,,,,,,,,,,,,,,,,,,,,,,,,,,,,,,,,,,,,,,,,,,,,,,,,,,,,,,,,,,,,,,,,,,,,,,,,,,,,,,,,,,,,,,,,,,,,,,,,,,,,,,,,,,,,,,,,,,,,,,,,,,,,,,,,,,,,,,,,,,,,,,,,,,,,,,,,,,,,,,,,,,,,,,,,,,,,,,,,,,,,,,,,,,,,,,,,,,,,,,,,,,,,,,,,,,,,,,,,,,,,,,,,,,,,,,,,,,,,,,,,,,,,,,,,,,,,,,,,,,,,,,,,,,,,,,,,,,,,,,,,,,,,,,,,,
,,,,,,,,,,,,,,,,,,,,,,,,,,,,,,,,,,,,,,,,,,,,,,,,,,,,,,,,,,,,,,,,,,,,,,,,,,,,,,,,,,,,,,,,,,,,,,,,,,,,,,,,,,,,,,,,,,,,,,,,,,,,,,,,,,,,,,,,,,,,,,,,,,,,,,,,,,,,,,,,,,,,,,,,,,,,,,,,,,,,,,,,,,,,,,,,,,,,,,,,,,,,,,,,,,,,,,,,,,,,,,,,,,,,,,,,,,,,,,,,,,,,,,,,,,,,,,,,,,,,,,,,,,,,,,,,,,,,,,,,,,,,,,,,,,,,,,,,,,,,,,,,,,,,,,,,,,,,,,,,,,,,,,,,,,,,,,,,,,,,,,,,,,,,,,,,,,,,,,,,,,,,,,,,,,,,,,,,,,,,,,,,,,,,,,,,,,,,,,,,,,,,,,,,,,,,,,,,,,,,,,,,,,,,,,,,,,,,,,,,,,,,,,,,,,,,,,,,,,,,,,,,,,,,,,,,,,,,,,,,,,,,,,,,,,,,,,,,,,,,,,,,,,,,,,,,,,,,,,,,,,,,,,,,,,,,,,,,,,,,,,,,,,,,,,,,,,,,,,,,,,,,,,,,,,,,,,,,,,,,,,,,,,,,,,,,,,,,,,,,,,,,,,,,,,,,,,,,,,,,,,,,,,,,,,,,,,,,,,,,,,,,,,,,,,,,,,,,,,,,,,,,,,,,,,,,,,,,,,,,,,,,,,,,,,,,,,,,,,,,,,,,,,,,,,,,,,,,,,,,,,,,,,,,,,,,,,,,,,,,,,,,,,,,,,,,,,,,,,,,,,,,,,,,,,,,,,,,,,,,,,,,,,,,,,,,,,,,,,,,,,,,,,,,,,,,,,,,,,,,,,,,,,,,,,,,,,,,,,,,,,,,,,,,,,,,,,,,,,,,,,,,,,,,,,,,,,,,,,,,,,,,,,,,,,,,,,,,,,,,,,,,,,,,,,,,,,,,,,,,,,,,,,,,,,,,,,,,,,,,,,,,,,,,,,,,,,,,,,,,,,,,,,,,,,,,,,,,,,,,,,,,,,,,,,,,,,,,,,,,,,,,,,,,,,,,,,,,,,,,,,,,,,,,,,,,,,,,,,,,,,,,,,,,,,,,,,,,,,,,,,,,,,,,,,,,,,,,,,,,,,,,,,,,,,,,,,,,,,,,,,,,,,,,,,,,,,,,,,,,,,,,,,,,,,,,,,,,,,,,,,,,,,,,,,,,,,,,,,,,,,,,,,,,,,,,,,,,,,,,,,,,,,,,,,,,,,,,,,,,,,,,,,,,,,,,,,,,,,,,,,,,,,,,,,,,,,,,,,,,,,,,,,,,,,,,,,,,,,,,,,,,,,,,,,,,,,,,,,,,,,,,,,,,,,,,,,,,,,,,,,,,,,,,,,,,,,,,,,,,,,,,,,,,,,,,,,,,,,,,,,,,,,,,,,,,,,,,,,,,,,,,,,,,,,,,,,,,,,,,,,,,,,,,,,,,,,,,,,,,,,,,,,,,,,,,,,,,,,,,,,,,,,,,,,,,,,,,,,,,,,,,,,,,,,,,,,,,,,,,,,,,,,,,,,,,,,,,,,,,,,,,,,,,,,,,,,,,,,,,,,,,,,,,,,,,,,,,,,,,,,,,,,,,,,,,,,,,,,,,,,,,,,,,,,,,,,,,,,,,,,,,,,,,,,,,,,,,,,,,,,,,,,,,,,,,,,,,,,,,,,,,,,,,,,,,,,,,,,,,,,,,,,,,,,,,,,,,,,,,,,,,,,,,,,,,,,,,,,,,,,,,,,,,,,,,,,,,,,,,,,,,,,,,,,,,,,,,,,,,,,,,,,,,,,,,,,,,,,,,,,,,,,,,,,,,,,,,,,,,,,,,,,,,,,,,,,,,,,,,,,,,,,,,,,,,,,,,,,,,,,,,,,,,,,,,,,,,,,,,,,,,,,,,,,,,,,,,,,,,,,,,,,,,,,,,,,,,,,,,,,,,,,,,,,,,,,,,,,,,,,,,,,,,,,,,,,,,,,,,,,,,,,,,,,,,,,,,,,,,,,,,,,,,,,,,,,,,,,,,,,,,,,,,,,,,,,,,,,,,,,,,,,,,,,,,,,,,,,,,,,,,,,,,,,,,,,,,,,,,,,,,,,,,,,,,,,,,,,,,,,,,,,,,,,,,,,,,,,,,,,,,,,,,,,,,,,,,,,,,,,,,,,,
,,,,,,,,,,,,,,,,,,,,,,,,,,,,,,,,,,,,,,,,,,,,,,,,,,,,,,,,,,,,,,,,,,,,,,,,,,,,,,,,,,,,,,,,,,,,,,,,,,,,,,,,,,,,,,,,,,,,,,,,,,,,,,,,,,,,,,,,,,,,,,,,,,,,,,,,,,,,,,,,,,,,,,,,,,,,,,,,,,,,,,,,,,,,,,,,,,,,,,,,,,,,,,,,,,,,,,,,,,,,,,,,,,,,,,,,,,,,,,,,,,,,,,,,,,,,,,,,,,,,,,,,,,,,,,,,,,,,,,,,,,,,,,,,,,,,,,,,,,,,,,,,,,,,,,,,,,,,,,,,,,,,,,,,,,,,,,,,,,,,,,,,,,,,,,,,,,,,,,,,,,,,,,,,,,,,,,,,,,,,,,,,,,,,,,,,,,,,,,,,,,,,,,,,,,,,,,,,,,,,,,,,,,,,,,,,,,,,,,,,,,,,,,,,,,,,,,,,,,,,,,,,,,,,,,,,,,,,,,,,,,,,,,,,,,,,,,,,,,,,,,,,,,,,,,,,,,,,,,,,,,,,,,,,,,,,,,,,,,,,,,,,,,,,,,,,,,,,,,,,,,,,,,,,,,,,,,,,,,,,,,,,,,,,,,,,,,,,,,,,,,,,,,,,,,,,,,,,,,,,,,,,,,,,,,,,,,,,,,,,,,,,,,,,,,,,,,,,,,,,,,,,,,,,,,,,,,,,,,,,,,,,,,,,,,,,,,,,,,,,,,,,,,,,,,,,,,,,,,,,,,,,,,,,,,,,,,,,,,,,,,,,,,,,,,,,,,,,,,,,,,,,,,,,,,,,,,,,,,,,,,,,,,,,,,,,,,,,,,,,,,,,,,,,,,,,,,,,,,,,,,,,,,,,,,,,,,,,,,,,,,,,,,,,,,,,,,,,,,,,,,,,,,,,,,,,,,,,,,,,,,,,,,,,,,,,,,,,,,,,,,,,,,,,,,,,,,,,,,,,,,,,,,,,,,,,,,,,,,,,,,,,,,,,,,,,,,,,,,,,,,,,,,,,,,,,,,,,,,,,,,,,,,,,,,,,,,,,,,,,,,,,,,,,,,,,,,,,,,,,,,,,,,,,,,,,,,,,,,,,,,,,,,,,,,,,,,,,,,,,,,,,,,,,,,,,,,,,,,,,,,,,,,,,,,,,,,,,,,,,,,,,,,,,,,,,,,,,,,,,,,,,,,,,,,,,,,,,,,,,,,,,,,,,,,,,,,,,,,,,,,,,,,,,,,,,,,,,,,,,,,,,,,,,,,,,,,,,,,,,,,,,,,,,,,,,,,,,,,,,,,,,,,,,,,,,,,,,,,,,,,,,,,,,,,,,,,,,,,,,,,,,,,,,,,,,,,,,,,,,,,,,,,,,,,,,,,,,,,,,,,,,,,,,,,,,,,,,,,,,,,,,,,,,,,,,,,,,,,,,,,,,,,,,,,,,,,,,,,,,,,,,,,,,,,,,,,,,,,,,,,,,,,,,,,,,,,,,,,,,,,,,,,,,,,,,,,,,,,,,,,,,,,,,,,,,,,,,,,,,,,,,,,,,,,,,,,,,,,,,,,,,,,,,,,,,,,,,,,,,,,,,,,,,,,,,,,,,,,,,,,,,,,,,,,,,,,,,,,,,,,,,,,,,,,,,,,,,,,,,,,,,,,,,,,,,,,,,,,,,,,,,,,,,,,,,,,,,,,,,,,,,,,,,,,,,,,,,,,,,,,,,,,,,,,,,,,,,,,,,,,,,,,,,,,,,,,,,,,,,,,,,,,,,,,,,,,,,,,,,,,,,,,,,,,,,,,,,,,,,,,,,,,,,,,,,,,,,,,,,,,,,,,,,,,,,,,,,,,,,,,,,,,,,,,,,,,,,,,,,,,,,,,,,,,,,,,,,,,,,,,,,,,,,,,,,,,,,,,,,,,,,,,,,,,,,,,,,,,,,,,,,,,,,,,,,,,,,,,,,,,,,,,,,,,,,,,,,,,,,,,,,,,,,,,,,,,,,,,,,,,,,,,,,,,,,,,,,,,,,,,,,,,,,,,,,,,,,,,,,,,,,,,,,,,,,,,,,,,,,,,,,,,,,,,,,,,,,,,,,,,,,,,,,,,,,,,,,,,,,,,,,,,,,,,,,,,,,,,,,,,,,,,,,,,,,,,,,,,,,,,,,,,,,,,,,,,,,,,,,,,,,,,,,,,,,,,,,,,,,,,,,,,,
3487,3289,2473,2513,2324,2408,2339,2383,2105,2383,2339,2408,2324,2513,2473,3289,3706,3461,2539,2381,2278,2362,2344,2389,2358,2388,2197,2365,2327,2558,2524,3487,4071,3848,2704,2317,2271,2274,2293,2345,2288,2372,2351,2270,2388,2536,2743,3850,4205,3983,2859,2458,2244,2304,2324,2250,2308,2403,2425,2315,2466,2581,2861,3983,4013,3793,2648,2353,2336,2200,2237,2220,2226,2201,2390,2327,2350,2451,2690,3790,3713,3494,2513,2208,2252,2136,2199,2172,2196,2095,2327,2385,2346,2338,2408,3489,3347,3156,2386,2367,2367,2301,2151,2142,2060,2175,2229,2437,2386,2131,2262,3128,3120,2925,2258,2163,2039,2161,2289,2168,2256,2325,2330,2401,2274,2173,2115,2875,3200,2975,2328,2319,2295,2255,2167,2280,2257,2260,2327,2296,2263,2169,2242,2995,3475,3251,2466,2342,2442,2223,2159,2467,2650,2602,2482,2465,2348,2156,2404,3256,3890,3646,3290,3089,2877,2852,2987,3182,3656,3685,3300,3112,2971,3155,3218,3642,4488,4257,3893,3873,3749,3445,3722,3868,4145,4274,4063,3928,3559,3304,3960,4306,4833,4565,4143,4208,4160,3862,4040,4210,4060,4402,4313,4191,3820,3843,4275,4676,4780,4507,4111,4183,4197,4096,4062,4223,4078,4247,4208,4081,3798,3963,4261,4633,4296,3978,3841,3847,3907,3933,3876,3999,4036,3944,3769,3631,3506,3712,3973,4224,3974,3719,3384,3339,3359,3576,3609,3750,3738,3589,3390,3332,3096,3360,3632,3907,3858,3641,3003,2915,2960,3240,3332,3482,3514,3369,3211,3003,2922,3006,3332,3653,4144,3913,2749,2521,2753,2836,3099,3248,3180,2904,2927,2732,2772,2867,3037,3935,4640,4415,3210,2934,2785,2526,2791,3006,2992,2929,2855,2709,2818,2905,3325,4419,4754,4525,3305,3057,2809,2644,2679,3123,3147,3091,2883,2809,2739,3059,3456,4532,4515,4283,2955,2832,2921,2811,2913,3233,3448,3398,2999,2733,2636,2970,3225,4297,4039,3820,3436,2884,3150,3184,3306,3317,3753,3698,3297,3294,3553,3524,3282,3799,4439,4247,3850,3276,3378,3309,3502,3416,3891,3831,3548,3711,3988,3929,3652,4102,4446,4268,3819,3139,3381,3246,3412,3659,3925,3825,3502,3757,4026,3985,3835,4075,4060,3870,3385,2880,3107,2901,3001,3510,3652,3482,3119,3442,3713,3698,3601,3652,3470,3271,2581,2485,2530,2553,2655,3126,3265,3067,2708,2711,3030,3018,3036,3279,3388,3201,2577,2682,2571,2366,2552,2926,3045,2869,2586,2588,2770,2679,2798,3209,3196,2989,2537,2586,2492,2330,2436,2548,2738,2550,2446,2511,2626,2553,2566,2958,3043,2839,2536,2546,2426,2302,2572,2534,2622,2501,2357,2403,2470,2515,2548,2848,3223,3017,2752,2588,2464,2543,2683,2655,2789,2809,2571,2498,2492,2532,2527,3015,3459,3394,3152,2903,2570,2519,2629,2772,3018,2996,2778,2563,2412,2612,3035,3101,3705,3606,3410,3169,2628,2293,2550,2928,3241,3131,2863,2785,2902,2736,3274,3350,3861,3655,3296,3140,2518,2665,2560,3074,3412,3335,2826,2806,3193,3012,2933,3623,3820,3649,2827,2572,2780,2692,2651,3073,3342,3316,3050,2863,3215,3212,3101,3572,3507,3379,2985,2814,2767,2669,2637,2959,3144,3094,2950,2663,2939,3065,3075,3297,2989,2964,2684,2670,2570,2575,2530,2651,2803,2797,2611,2526,2494,2645,2681,2904,2819,2625,2444,2529,2459,2372,2389,2589,2727,2584,2302,2407,2544,2409,2382,2730,2708,2461,2370,2417,2312,2335,2311,2495,2531,2409,1981,2303,2446,2316,2459,2587,2801,2630,2258,2486,2359,2215,2335,2384,2337,2435,2127,2328,2246,2194,2318,2677,3085,2920,2544,2440,2332,2381,2465,2661,2818,2611,2467,2342,2372,2343,2490,2910,3061,2880,2442,2358,2369,2416,2533,2797,2944,2763,2504,2468,2484,2506,2512,2868,3069,2939,2683,2527,2356,2302,2453,2699,2887,2739,2388,2484,2325,2274,2570,2773,3167,3069,2792,2570,2319,2314,2353,2784,2979,2792,2505,2501,2369,2490,2565,2815,3089,2946,2337,2482,2377,2366,2431,2726,2881,2693,2484,2549,2411,2413,2562,2832,2665,2755,2657,2614,2518,2366,2423,2619,2720,2540,2364,2327,2216,2294,2711,2861,2925,2881,2764,2645,2422,2431,2515,2589,2941,2914,2520,2533,2533,2416,2709,2875,2943,2757,2475,2450,2270,2426,2440,2629,2905,2849,2453,2491,2586,2576,2635,2866,3014,2871,2391,2349,2347,2263,2254,2511,2627,2493,2377,2300,2321,2428,2440,2798,2963,2812,2452,2103,2085,2288,2295,2354,2374,2381,2346,2230,2253,2311,2399,2721,3067,2848,2404,2215,2232,2359,2231,2242,2522,2402,2449,2272,2385,2398,2384,2828,3825,3607,2538,2132,2259,2317,2378,2491,2642,2272,2388,2240,2351,2372,2370,3596,4384,4161,3037,2614,2443,2258,2317,2735,2767,2581,2356,2312,2439,2700,2979,4158,4486,4261,3134,2751,2528,2309,2392,2792,2842,2739,2437,2325,2562,2751,3113,4259,4220,3996,2869,2525,2305,2332,2390,2610,2677,2657,2470,2269,2479,2374,2910,3995,3673,3447,2396,2344,2318,2356,2365,2493,2527,2369,2361,2285,2258,2276,2465,3451,3237,3023,2381,2345,2320,2361,2320,2361,2389,2412,2279,2459,2222,2204,2232,3000,2711,2571,2327,2274,2255,2331,2386,2177,2480,2546,2371,2370,2284,2193,2378,2520,2598,2431,2295,2339,2337,2393,2381,2123,2360,2472,2394,2282,2182,2186,2335,2493,2808,2439,2242,2316,2262,2354,2459,2485,2530,2450,2321,2229,2284,2245,2428,2608,2750,2494,2612,2387,2411,2589,2739,2940,3047,2835,2489,2410,2152,2315,2548,2692,3186,2849,2606,2383,2412,2626,2742,3078,3169,2880,2529,2373,2168,2384,2526,3042,3347,3166,2547,2320,2257,2436,2544,2995,3035,2611,2341,2325,2235,2411,2497,3102,4535,4314,3201,2818,2534,2543,2691,3179,3180,2704,2595,2469,2417,2839,3164,4310,4906,4687,3587,3111,2990,2876,2964,3443,3442,3171,2831,2771,2843,3190,3541,4682,4895,4679,3600,3091,3010,2890,3051,3483,3491,3397,2882,2891,2886,3155,3533,4673,4532,4315,3269,2666,2781,2522,2898,3262,3336,3233,2710,2823,2610,2696,3180,4307,3872,3643,2561,2494,2380,2364,2616,2856,2990,2916,2423,2550,2474,2433,2666,3655,3635,3406,2452,2281,2383,2473,2498,2675,2744,2526,2426,2629,2582,2393,2365,3413,3299,3071,2331,2294,2419,2463,2415,2550,2612,2454,2318,2503,2470,2430,2369,3080,3302,3098,2226,2283,2351,2405,2368,2296,2296,2280,2211,2140,2268,2320,2158,3042,3349,3110,2352,2317,2449,2355,2274,2361,2476,2373,2312,2421,2396,2451,2279,3127,3360,3154,2361,2250,2505,2388,2201,2259,2379,2397,2403,2446,2377,2338,2368,3127,3087,2867,2323,2226,2302,2276,2437,2392,2833,2828,2495,2393,2649,2595,2338,2870,3803,3577,2677,2442,2510,2564,2836,2889,3294,3248,2866,3105,3232,3041,2690,3573,3924,3689,2800,2582,2645,2716,2901,3134,3401,3342,3025,3259,3399,3223,2753,3703,3609,3338,2726,2399,2490,2598,2828,3060,3245,3135,2860,3050,3240,3077,2578,3429,3211,3000,2617,2357,2541,2447,2455,2727,2798,2876,2688,2598,2757,2518,2783,3019,3394,3143,2589,2538,2449,2512,2433,2511,2770,2836,2688,2468,2458,2698,2859,3209,3415,3147,2470,2485,2221,2338,2336,2380,2499,2632,2428,2432,2295,2432,2673,3254,3584,3368,2560,2429,2296,2358,2378,2418,2597,2520,2371,2469,2353,2403,2462,3363,3895,3679,2691,2526,2333,2506,2433,2422,2655,2600,2376,2363,2471,2461,2581,3666,3837,3616,2611,2414,2355,2503,2405,2427,2620,2546,2317,2235,2375,2406,2414,3606,3447,3205,2400,2387,2412,2392,2217,2378,2522,2447,2390,2365,2327,2335,2604,3221,3200,2941,2364,2346,2464,2366,2346,2420,2816,2734,2304,2288,2575,2707,2556,3079,3288,3088,2533,2324,2453,2400,2436,2574,2991,2907,2480,2423,2858,2966,2851,3104,3061,2929,2453,2150,2385,2396,2337,2599,2979,2925,2601,2508,2841,2932,2810,2881,3314,3104,2530,2349,2418,2356,2199,2557,2827,2763,2434,2319,2519,2491,2528,3118,3343,3089,2465,2277,2257,2259,2279,2408,2649,2548,2411,2291,2335,2287,2448,3158,3560,3322,2483,2323,2204,2253,2265,2406,2549,2552,2371,2425,2448,2400,2496,3357,3629,3420,2493,2325,2256,2245,2388,2488,2531,2477,2302,2239,2411,2497,2491,3399,3372,3175,2476,2353,2328,2269,2382,2563,2649,2649,2379,2153,2427,2433,2488,3138,3106,2909,2366,2269,2397,2343,2373,2458,2715,2705,2418,2326,2351,2473,2588,2851,2945,2730,2208,2272,2427,2245,2254,2386,2596,2584,2369,2377,2377,2260,2520,2700,2753,2671,2273,2266,2354,2288,2175,2412,2482,2412,2304,2275,2350,2236,2394,2398,2815,2727,2342,2220,2176,2164,2344,2452,2509,2498,2355,2429,2407,2177,2412,2529,2880,2665,2323,2275,2251,2187,2432,2559,2605,2466,2269,2439,2361,2200,2354,2702,3237,3006,2303,2308,2255,2464,2434,2620,2860,2703,2304,2439,2408,2289,2371,3000,3270,3050,2352,2351,2316,2323,2374,2616,2825,2640,2315,2456,2382,2265,2387,3039,3020,2837,2408,2441,2358,2286,2295,2387,2607,2433,2197,2370,2377,2451,2386,2860,3060,2817,2328,2308,2277,2410,2414,2329,2526,2422,2280,2312,2357,2309,2318,2782,3370,3128,2220,2332,2378,2352,2404,2225,2516,2430,2257,2297,2176,2251,2229,3152,3308,3051,2364,2267,2317,2316,2286,2265,2418,2365,2227,2286,2273,2309,2396,3109,2764,2584,2328,2247,2199,2172,2191,2370,2357,2457,2319,2330,2343,2365,2480,2530,2911,2760,2330,2369,2266,2268,2389,2391,2310,2350,2366,2287,2464,2452,2464,2730,3060,2833,2306,2382,2298,2365,2344,2428,2270,2326,2300,2298,2430,2322,2306,2864,3815,3599,2609,2250,2221,2297,2434,2590,2610,2303,2300,2316,2355,2379,2420,3589,4252,4028,2923,2532,2325,2355,2489,2889,2934,2807,2438,2380,2450,2556,2856,4027,4317,4088,2937,2567,2471,2412,2578,2857,3106,3004,2607,2379,2566,2548,2942,4092,4057,3832,2586,2466,2358,2388,2543,2864,2928,2876,2470,2337,2396,2275,2749,3839,3511,3276,2238,2345,2430,2384,2408,2510,2621,2526,2243,2363,2228,2309,2271,3297,3610,3397,2403,2276,2429,2274,2353,2484,2464,2410,2438,2401,2310,2285,2524,3393,3911,3686,2445,2389,2519,2119,2294,2691,2752,2602,2456,2400,2350,2442,2649,3696,3954,3730,2523,2300,2571,2048,2141,2620,2710,2508,2418,2413,2353,2349,2652,3733,3721,3500,2506,2328,2439,2123,2228,2333,2440,2451,2216,2320,2280,2396,2435,3499,3267,3044,2207,2337,2218,2370,2333,2292,2230,2421,2290,2355,2257,2407,2289,3059,3454,3240,2346,2300,2298,2343,2376,2351,2613,2593,2238,2228,2442,2343,2291,3218,3464,3256,2446,2437,2351,2295,2458,2561,2940,2840,2404,2451,2679,2530,2430,3234,3414,3170,2446,2446,2312,2358,2536,2652,2932,2888,2442,2603,2773,2624,2707,3199,3147,2902,2445,2381,2338,2335,2490,2503,2717,2674,2291,2420,2609,2513,2672,2958,2825,2677,2410,2294,2155,2212,2222,2269,2334,2360,2252,2160,2187,2285,2361,2613,2652,2437,2309,2221,2137,2163,2056,2161,2281,2215,2282,2252,2203,2178,2089,2518,2573,2401,2271,2144,2085,2094,2170,2272,2352,2279,2049,2189,2252,2214,2068,2453,2818,2495,2025,1965,1966,1893,2135,2215,2417,2377,2161,2202,2236,2283,2151,2639,2730,2435,2155,2091,2110,2158,2077,2177,2255,2245,2203,2202,2215,2126,2171,2540,2808,2589,2036,2105,2044,1795,1961,2175,2174,2122,2124,1952,2049,2059,2086,2613,3063,2862,2164,1984,1907,1912,2108,2216,2137,2051,2157,1948,2126,2070,1883,2829,2983,2779,1988,1736,1964,1891,1873,2192,2266,2112,2074,2074,2036,2007,1969,2758,2664,2488,2177,1815,1825,1937,2078,2139,2123,2223,2006,2063,2044,2069,2032,2447
,,,,,,,,,,,,,,,,,,,,,,,,,,,,,,,,,,,,,,,,,,,,,,,,,,,,,,,,,,,,,,,,,,,,,,,,,,,,,,,,,,,,,,,,,,,,,,,,,,,,,,,,,,,,,,,,,,,,,,,,,,,,,,,,,,,,,,,,,,,,,,,,,,,,,,,,,,,,,,,,,,,,,,,,,,,,,,,,,,,,,,,,,,,,,,,,,,,,,,,,,,,,,,,,,,,,,,,,,,,,,,,,,,,,,,,,,,,,,,,,,,,,,,,,,,,,,,,,,,,,,,,,,,,,,,,,,,,,,,,,,,,,,,,,,,,,,,,,,,,,,,,,,,,,,,,,,,,,,,,,,,,,,,,,,,,,,,,,,,,,,,,,,,,,,,,,,,,,,,,,,,,,,,,,,,,,,,,,,,,,,,,,,,,,,,,,,,,,,,,,,,,,,,,,,,,,,,,,,,,,,,,,,,,,,,,,,,,,,,,,,,,,,,,,,,,,,,,,,,,,,,,,,,,,,,,,,,,,,,,,,,,,,,,,,,,,,,,,,,,,,,,,,,,,,,,,,,,,,,,,,,,,,,,,,,,,,,,,,,,,,,,,,,,,,,,,,,,,,,,,,,,,,,,,,,,,,,,,,,,,,,,,,,,,,,,,,,,,,,,,,,,,,,,,,,,,,,,,,,,,,,,,,,,,,,,,,,,,,,,,,,,,,,,,,,,,,,,,,,,,,,,,,,,,,,,,,,,,,,,,,,,,,,,,,,,,,,,,,,,,,,,,,,,,,,,,,,,,,,,,,,,,,,,,,,,,,,,,,,,,,,,,,,,,,,,,,,,,,,,,,,,,,,,,,,,,,,,,,,,,,,,,,,,,,,,,,,,,,,,,,,,,,,,,,,,,,,,,,,,,,,,,,,,,,,,,,,,,,,,,,,,,,,,,,,,,,,,,,,,,,,,,,,,,,,,,,,,,,,,,,,,,,,,,,,,,,,,,,,,,,,,,,,,,,,,,,,,,,,,,,,,,,,,,,,,,,,,,,,,,,,,,,,,,,,,,,,,,,,,,,,,,,,,,,,,,,,,,,,,,,,,,,,,,,,,,,,,,,,,,,,,,,,,,,,,,,,,,,,,,,,,,,,,,,,,,,,,,,,,,,,,,,,,,,,,,,,,,,,,,,,,,,,,,,,,,,,,,,,,,,,,,,,,,,,,,,,,,,,,,,,,,,,,,,,,,,,,,,,,,,,,,,,,,,,,,,,,,,,,,,,,,,,,,,,,,,,,,,,,,,,,,,,,,,,,,,,,,,,,,,,,,,,,,,,,,,,,,,,,,,,,,,,,,,,,,,,,,,,,,,,,,,,,,,,,,,,,,,,,,,,,,,,,,,,,,,,,,,,,,,,,,,,,,,,,,,,,,,,,,,,,,,,,,,,,,,,,,,,,,,,,,,,,,,,,,,,,,,,,,,,,,,,,,,,,,,,,,,,,,,,,,,,,,,,,,,,,,,,,,,,,,,,,,,,,,,,,,,,,,,,,,,,,,,,,,,,,,,,,,,,,,,,,,,,,,,,,,,,,,,,,,,,,,,,,,,,,,,,,,,,,,,,,,,,,,,,,,,,,,,,,,,,,,,,,,,,,,,,,,,,,,,,,,,,,,,,,,,,,,,,,,,,,,,,,,,,,,,,,,,,,,,,,,,,,,,,,,,,,,,,,,,,,,,,,,,,,,,,,,,,,,,,,,,,,,,,,,,,,,,,,,,,,,,,,,,,,,,,,,,,,,,,,,,,,,,,,,,,,,,,,,,,,,,,,,,,,,,,,,,,,,,,,,,,,,,,,,,,,,,,,,,,,,,,,,,,,,,,,,,,,,,,,,,,,,,,,,,,,,,,,,,,,,,,,,,,,,,,,,,,,,,,,,,,,,,,,,,,,,,,,,,,,,,,,,,,,,,,,,,,,,,,,,,,,,,,,,,,,,,,,,,,,,,,,,,,,,,,,,,,,,,,,,,,,,,,,,,,,,,,,,,,,,,,,,,,,,,,,,,,,,,,,,,,,,,,,,,,,,,,,,,,,,,,,,,,,,,,,,,,,,,,,,,,,,,,,,,,,,,,,,,,,,,,,,,,,,,,,,,,,,,,,,,,,,,,,,,,,,,,,,,,,,,,,,,,,,,,,,,,,,,,,,,,,,,,,,,,,,,,,,,,,,,,,,,,,,,,,,,,,,,,,,,,,,,,,,,,,,,,,,,,,,,,,,,,,,,,,,,,,,,,,
,,,,,,,,,,,,,,,,,,,,,,,,,,,,,,,,,,,,,,,,,,,,,,,,,,,,,,,,,,,,,,,,,,,,,,,,,,,,,,,,,,,,,,,,,,,,,,,,,,,,,,,,,,,,,,,,,,,,,,,,,,,,,,,,,,,,,,,,,,,,,,,,,,,,,,,,,,,,,,,,,,,,,,,,,,,,,,,,,,,,,,,,,,,,,,,,,,,,,,,,,,,,,,,,,,,,,,,,,,,,,,,,,,,,,,,,,,,,,,,,,,,,,,,,,,,,,,,,,,,,,,,,,,,,,,,,,,,,,,,,,,,,,,,,,,,,,,,,,,,,,,,,,,,,,,,,,,,,,,,,,,,,,,,,,,,,,,,,,,,,,,,,,,,,,,,,,,,,,,,,,,,,,,,,,,,,,,,,,,,,,,,,,,,,,,,,,,,,,,,,,,,,,,,,,,,,,,,,,,,,,,,,,,,,,,,,,,,,,,,,,,,,,,,,,,,,,,,,,,,,,,,,,,,,,,,,,,,,,,,,,,,,,,,,,,,,,,,,,,,,,,,,,,,,,,,,,,,,,,,,,,,,,,,,,,,,,,,,,,,,,,,,,,,,,,,,,,,,,,,,,,,,,,,,,,,,,,,,,,,,,,,,,,,,,,,,,,,,,,,,,,,,,,,,,,,,,,,,,,,,,,,,,,,,,,,,,,,,,,,,,,,,,,,,,,,,,,,,,,,,,,,,,,,,,,,,,,,,,,,,,,,,,,,,,,,,,,,,,,,,,,,,,,,,,,,,,,,,,,,,,,,,,,,,,,,,,,,,,,,,,,,,,,,,,,,,,,,,,,,,,,,,,,,,,,,,,,,,,,,,,,,,,,,,,,,,,,,,,,,,,,,,,,,,,,,,,,,,,,,,,,,,,,,,,,,,,,,,,,,,,,,,,,,,,,,,,,,,,,,,,,,,,,,,,,,,,,,,,,,,,,,,,,,,,,,,,,,,,,,,,,,,,,,,,,,,,,,,,,,,,,,,,,,,,,,,,,,,,,,,,,,,,,,,,,,,,,,,,,,,,,,,,,,,,,,,,,,,,,,,,,,,,,,,,,,,,,,,,,,,,,,,,,,,,,,,,,,,,,,,,,,,,,,,,,,,,,,,,,,,,,,,,,,,,,,,,,,,,,,,,,,,,,,,,,,,,,,,,,,,,,,,,,,,,,,,,,,,,,,,,,,,,,,,,,,,,,,,,,,,,,,,,,,,,,,,,,,,,,,,,,,,,,,,,,,,,,,,,,,,,,,,,,,,,,,,,,,,,,,,,,,,,,,,,,,,,,,,,,,,,,,,,,,,,,,,,,,,,,,,,,,,,,,,,,,,,,,,,,,,,,,,,,,,,,,,,,,,,,,,,,,,,,,,,,,,,,,,,,,,,,,,,,,,,,,,,,,,,,,,,,,,,,,,,,,,,,,,,,,,,,,,,,,,,,,,,,,,,,,,,,,,,,,,,,,,,,,,,,,,,,,,,,,,,,,,,,,,,,,,,,,,,,,,,,,,,,,,,,,,,,,,,,,,,,,,,,,,,,,,,,,,,,,,,,,,,,,,,,,,,,,,,,,,,,,,,,,,,,,,,,,,,,,,,,,,,,,,,,,,,,,,,,,,,,,,,,,,,,,,,,,,,,,,,,,,,,,,,,,,,,,,,,,,,,,,,,,,,,,,,,,,,,,,,,,,,,,,,,,,,,,,,,,,,,,,,,,,,,,,,,,,,,,,,,,,,,,,,,,,,,,,,,,,,,,,,,,,,,,,,,,,,,,,,,,,,,,,,,,,,,,,,,,,,,,,,,,,,,,,,,,,,,,,,,,,,,,,,,,,,,,,,,,,,,,,,,,,,,,,,,,,,,,,,,,,,,,,,,,,,,,,,,,,,,,,,,,,,,,,,,,,,,,,,,,,,,,,,,,,,,,,,,,,,,,,,,,,,,,,,,,,,,,,,,,,,,,,,,,,,,,,,,,,,,,,,,,,,,,,,,,,,,,,,,,,,,,,,,,,,,,,,,,,,,,,,,,,,,,,,,,,,,,,,,,,,,,,,,,,,,,,,,,,,,,,,,,,,,,,,,,,,,,,,,,,,,,,,,,,,,,,,,,,,,,,,,,,,,,,,,,,,,,,,,,,,,,,,,,,,,,,,,,,,,,,,,,,,,,,,,,,,,,,,,,,,,,,,,,,,,,,,,,,,,,,,,,,,,,,,,,,,,,,,,,,,,,,,,,,,,,,,,,
,,,,,,,,,,,,,,,,,,,,,,,,,,,,,,,,,,,,,,,,,,,,,,,,,,,,,,,,,,,,,,,,,,,,,,,,,,,,,,,,,,,,,,,,,,,,,,,,,,,,,,,,,,,,,,,,,,,,,,,,,,,,,,,,,,,,,,,,,,,,,,,,,,,,,,,,,,,,,,,,,,,,,,,,,,,,,,,,,,,,,,,,,,,,,,,,,,,,,,,,,,,,,,,,,,,,,,,,,,,,,,,,,,,,,,,,,,,,,,,,,,,,,,,,,,,,,,,,,,,,,,,,,,,,,,,,,,,,,,,,,,,,,,,,,,,,,,,,,,,,,,,,,,,,,,,,,,,,,,,,,,,,,,,,,,,,,,,,,,,,,,,,,,,,,,,,,,,,,,,,,,,,,,,,,,,,,,,,,,,,,,,,,,,,,,,,,,,,,,,,,,,,,,,,,,,,,,,,,,,,,,,,,,,,,,,,,,,,,,,,,,,,,,,,,,,,,,,,,,,,,,,,,,,,,,,,,,,,,,,,,,,,,,,,,,,,,,,,,,,,,,,,,,,,,,,,,,,,,,,,,,,,,,,,,,,,,,,,,,,,,,,,,,,,,,,,,,,,,,,,,,,,,,,,,,,,,,,,,,,,,,,,,,,,,,,,,,,,,,,,,,,,,,,,,,,,,,,,,,,,,,,,,,,,,,,,,,,,,,,,,,,,,,,,,,,,,,,,,,,,,,,,,,,,,,,,,,,,,,,,,,,,,,,,,,,,,,,,,,,,,,,,,,,,,,,,,,,,,,,,,,,,,,,,,,,,,,,,,,,,,,,,,,,,,,,,,,,,,,,,,,,,,,,,,,,,,,,,,,,,,,,,,,,,,,,,,,,,,,,,,,,,,,,,,,,,,,,,,,,,,,,,,,,,,,,,,,,,,,,,,,,,,,,,,,,,,,,,,,,,,,,,,,,,,,,,,,,,,,,,,,,,,,,,,,,,,,,,,,,,,,,,,,,,,,,,,,,,,,,,,,,,,,,,,,,,,,,,,,,,,,,,,,,,,,,,,,,,,,,,,,,,,,,,,,,,,,,,,,,,,,,,,,,,,,,,,,,,,,,,,,,,,,,,,,,,,,,,,,,,,,,,,,,,,,,,,,,,,,,,,,,,,,,,,,,,,,,,,,,,,,,,,,,,,,,,,,,,,,,,,,,,,,,,,,,,,,,,,,,,,,,,,,,,,,,,,,,,,,,,,,,,,,,,,,,,,,,,,,,,,,,,,,,,,,,,,,,,,,,,,,,,,,,,,,,,,,,,,,,,,,,,,,,,,,,,,,,,,,,,,,,,,,,,,,,,,,,,,,,,,,,,,,,,,,,,,,,,,,,,,,,,,,,,,,,,,,,,,,,,,,,,,,,,,,,,,,,,,,,,,,,,,,,,,,,,,,,,,,,,,,,,,,,,,,,,,,,,,,,,,,,,,,,,,,,,,,,,,,,,,,,,,,,,,,,,,,,,,,,,,,,,,,,,,,,,,,,,,,,,,,,,,,,,,,,,,,,,,,,,,,,,,,,,,,,,,,,,,,,,,,,,,,,,,,,,,,,,,,,,,,,,,,,,,,,,,,,,,,,,,,,,,,,,,,,,,,,,,,,,,,,,,,,,,,,,,,,,,,,,,,,,,,,,,,,,,,,,,,,,,,,,,,,,,,,,,,,,,,,,,,,,,,,,,,,,,,,,,,,,,,,,,,,,,,,,,,,,,,,,,,,,,,,,,,,,,,,,,,,,,,,,,,,,,,,,,,,,,,,,,,,,,,,,,,,,,,,,,,,,,,,,,,,,,,,,,,,,,,,,,,,,,,,,,,,,,,,,,,,,,,,,,,,,,,,,,,,,,,,,,,,,,,,,,,,,,,,,,,,,,,,,,,,,,,,,,,,,,,,,,,,,,,,,,,,,,,,,,,,,,,,,,,,,,,,,,,,,,,,,,,,,,,,,,,,,,,,,,,,,,,,,,,,,,,,,,,,,,,,,,,,,,,,,,,,,,,,,,,,,,,,,,,,,,,,,,,,,,,,,,,,,,,,,,,,,,,,,,,,,,,,,,,,,,,,,,,,,,,,,,,,,,,,,,,,,,,,,,,,,,,,,,,,,,,,,,,,,,,,,,,,,,,,,,,,,,,,,,,,,,,,,,,,,,,,,,,,,,,,,,,,,,,,,,,,,,,,,,,,,,,,,,,,,,,,,,,,,,,,,,,,,,,,,,,,,,,,,,,,,,,,,,,,
,,,,,,,,,,,,,,,,,,,,,,,,,,,,,,,,,,,,,,,,,,,,,,,,,,,,,,,,,,,,,,,,,,,,,,,,,,,,,,,,,,,,,,,,,,,,,,,,,,,,,,,,,,,,,,,,,,,,,,,,,,,,,,,,,,,,,,,,,,,,,,,,,,,,,,,,,,,,,,,,,,,,,,,,,,,,,,,,,,,,,,,,,,,,,,,,,,,,,,,,,,,,,,,,,,,,,,,,,,,,,,,,,,,,,,,,,,,,,,,,,,,,,,,,,,,,,,,,,,,,,,,,,,,,,,,,,,,,,,,,,,,,,,,,,,,,,,,,,,,,,,,,,,,,,,,,,,,,,,,,,,,,,,,,,,,,,,,,,,,,,,,,,,,,,,,,,,,,,,,,,,,,,,,,,,,,,,,,,,,,,,,,,,,,,,,,,,,,,,,,,,,,,,,,,,,,,,,,,,,,,,,,,,,,,,,,,,,,,,,,,,,,,,,,,,,,,,,,,,,,,,,,,,,,,,,,,,,,,,,,,,,,,,,,,,,,,,,,,,,,,,,,,,,,,,,,,,,,,,,,,,,,,,,,,,,,,,,,,,,,,,,,,,,,,,,,,,,,,,,,,,,,,,,,,,,,,,,,,,,,,,,,,,,,,,,,,,,,,,,,,,,,,,,,,,,,,,,,,,,,,,,,,,,,,,,,,,,,,,,,,,,,,,,,,,,,,,,,,,,,,,,,,,,,,,,,,,,,,,,,,,,,,,,,,,,,,,,,,,,,,,,,,,,,,,,,,,,,,,,,,,,,,,,,,,,,,,,,,,,,,,,,,,,,,,,,,,,,,,,,,,,,,,,,,,,,,,,,,,,,,,,,,,,,,,,,,,,,,,,,,,,,,,,,,,,,,,,,,,,,,,,,,,,,,,,,,,,,,,,,,,,,,,,,,,,,,,,,,,,,,,,,,,,,,,,,,,,,,,,,,,,,,,,,,,,,,,,,,,,,,,,,,,,,,,,,,,,,,,,,,,,,,,,,,,,,,,,,,,,,,,,,,,,,,,,,,,,,,,,,,,,,,,,,,,,,,,,,,,,,,,,,,,,,,,,,,,,,,,,,,,,,,,,,,,,,,,,,,,,,,,,,,,,,,,,,,,,,,,,,,,,,,,,,,,,,,,,,,,,,,,,,,,,,,,,,,,,,,,,,,,,,,,,,,,,,,,,,,,,,,,,,,,,,,,,,,,,,,,,,,,,,,,,,,,,,,,,,,,,,,,,,,,,,,,,,,,,,,,,,,,,,,,,,,,,,,,,,,,,,,,,,,,,,,,,,,,,,,,,,,,,,,,,,,,,,,,,,,,,,,,,,,,,,,,,,,,,,,,,,,,,,,,,,,,,,,,,,,,,,,,,,,,,,,,,,,,,,,,,,,,,,,,,,,,,,,,,,,,,,,,,,,,,,,,,,,,,,,,,,,,,,,,,,,,,,,,,,,,,,,,,,,,,,,,,,,,,,,,,,,,,,,,,,,,,,,,,,,,,,,,,,,,,,,,,,,,,,,,,,,,,,,,,,,,,,,,,,,,,,,,,,,,,,,,,,,,,,,,,,,,,,,,,,,,,,,,,,,,,,,,,,,,,,,,,,,,,,,,,,,,,,,,,,,,,,,,,,,,,,,,,,,,,,,,,,,,,,,,,,,,,,,,,,,,,,,,,,,,,,,,,,,,,,,,,,,,,,,,,,,,,,,,,,,,,,,,,,,,,,,,,,,,,,,,,,,,,,,,,,,,,,,,,,,,,,,,,,,,,,,,,,,,,,,,,,,,,,,,,,,,,,,,,,,,,,,,,,,,,,,,,,,,,,,,,,,,,,,,,,,,,,,,,,,,,,,,,,,,,,,,,,,,,,,,,,,,,,,,,,,,,,,,,,,,,,,,,,,,,,,,,,,,,,,,,,,,,,,,,,,,,,,,,,,,,,,,,,,,,,,,,,,,,,,,,,,,,,,,,,,,,,,,,,,,,,,,,,,,,,,,,,,,,,,,,,,,,,,,,,,,,,,,,,,,,,,,,,,,,,,,,,,,,,,,,,,,,,,,,,,,,,,,,,,,,,,,,,,,,,,,,,,,,,,,,,,,,,,,,,,,,,,,,,,,,,,,,,,,,,,,,,,,,,,,,,,,,,,,,,,,,,,,,,,,,,,,,,,,,,,,,,,,,,,,,,,,,,,,,,,,,,,,,,,,,,,,,,,,,,,,,,,,,,,,,,,,,,,,,,,,,,,,,
,,,,,,,,,,,,,,,,,,,,,,,,,,,,,,,,,,,,,,,,,,,,,,,,,,,,,,,,,,,,,,,,,,,,,,,,,,,,,,,,,,,,,,,,,,,,,,,,,,,,,,,,,,,,,,,,,,,,,,,,,,,,,,,,,,,,,,,,,,,,,,,,,,,,,,,,,,,,,,,,,,,,,,,,,,,,,,,,,,,,,,,,,,,,,,,,,,,,,,,,,,,,,,,,,,,,,,,,,,,,,,,,,,,,,,,,,,,,,,,,,,,,,,,,,,,,,,,,,,,,,,,,,,,,,,,,,,,,,,,,,,,,,,,,,,,,,,,,,,,,,,,,,,,,,,,,,,,,,,,,,,,,,,,,,,,,,,,,,,,,,,,,,,,,,,,,,,,,,,,,,,,,,,,,,,,,,,,,,,,,,,,,,,,,,,,,,,,,,,,,,,,,,,,,,,,,,,,,,,,,,,,,,,,,,,,,,,,,,,,,,,,,,,,,,,,,,,,,,,,,,,,,,,,,,,,,,,,,,,,,,,,,,,,,,,,,,,,,,,,,,,,,,,,,,,,,,,,,,,,,,,,,,,,,,,,,,,,,,,,,,,,,,,,,,,,,,,,,,,,,,,,,,,,,,,,,,,,,,,,,,,,,,,,,,,,,,,,,,,,,,,,,,,,,,,,,,,,,,,,,,,,,,,,,,,,,,,,,,,,,,,,,,,,,,,,,,,,,,,,,,,,,,,,,,,,,,,,,,,,,,,,,,,,,,,,,,,,,,,,,,,,,,,,,,,,,,,,,,,,,,,,,,,,,,,,,,,,,,,,,,,,,,,,,,,,,,,,,,,,,,,,,,,,,,,,,,,,,,,,,,,,,,,,,,,,,,,,,,,,,,,,,,,,,,,,,,,,,,,,,,,,,,,,,,,,,,,,,,,,,,,,,,,,,,,,,,,,,,,,,,,,,,,,,,,,,,,,,,,,,,,,,,,,,,,,,,,,,,,,,,,,,,,,,,,,,,,,,,,,,,,,,,,,,,,,,,,,,,,,,,,,,,,,,,,,,,,,,,,,,,,,,,,,,,,,,,,,,,,,,,,,,,,,,,,,,,,,,,,,,,,,,,,,,,,,,,,,,,,,,,,,,,,,,,,,,,,,,,,,,,,,,,,,,,,,,,,,,,,,,,,,,,,,,,,,,,,,,,,,,,,,,,,,,,,,,,,,,,,,,,,,,,,,,,,,,,,,,,,,,,,,,,,,,,,,,,,,,,,,,,,,,,,,,,,,,,,,,,,,,,,,,,,,,,,,,,,,,,,,,,,,,,,,,,,,,,,,,,,,,,,,,,,,,,,,,,,,,,,,,,,,,,,,,,,,,,,,,,,,,,,,,,,,,,,,,,,,,,,,,,,,,,,,,,,,,,,,,,,,,,,,,,,,,,,,,,,,,,,,,,,,,,,,,,,,,,,,,,,,,,,,,,,,,,,,,,,,,,,,,,,,,,,,,,,,,,,,,,,,,,,,,,,,,,,,,,,,,,,,,,,,,,,,,,,,,,,,,,,,,,,,,,,,,,,,,,,,,,,,,,,,,,,,,,,,,,,,,,,,,,,,,,,,,,,,,,,,,,,,,,,,,,,,,,,,,,,,,,,,,,,,,,,,,,,,,,,,,,,,,,,,,,,,,,,,,,,,,,,,,,,,,,,,,,,,,,,,,,,,,,,,,,,,,,,,,,,,,,,,,,,,,,,,,,,,,,,,,,,,,,,,,,,,,,,,,,,,,,,,,,,,,,,,,,,,,,,,,,,,,,,,,,,,,,,,,,,,,,,,,,,,,,,,,,,,,,,,,,,,,,,,,,,,,,,,,,,,,,,,,,,,,,,,,,,,,,,,,,,,,,,,,,,,,,,,,,,,,,,,,,,,,,,,,,,,,,,,,,,,,,,,,,,,,,,,,,,,,,,,,,,,,,,,,,,,,,,,,,,,,,,,,,,,,,,,,,,,,,,,,,,,,,,,,,,,,,,,,,,,,,,,,,,,,,,,,,,,,,,,,,,,,,,,,,,,,,,,,,,,,,,,,,,,,,,,,,,,,,,,,,,,,,,,,,,,,,,,,,,,,,,,,,,,,,,,,,,,,,,,,,,,,,,,,,,,,,,,,,,,,,,,,,,,,,,,,,,,,,,,,,,,,,,,,,,,,,,,,,,,,,,,,,,,,,,,,,,,,,,,,,,,,,,,,,,,,,,,,,,,,,,,,,,,,,,,,,,,,,,,,,,,,,,,
3544,3346,2490,2364,2344,2316,2378,2407,2406,2407,2378,2316,2344,2364,2490,3346,3725,3501,2406,2409,2453,2239,2206,2252,2365,2348,2323,2188,2205,2342,2582,3512,4071,3848,2717,2320,2313,2283,2105,2046,2309,2339,2272,2212,2330,2396,2753,3851,4206,3983,2865,2474,2267,2363,2282,2149,2255,2365,2403,2286,2453,2459,2841,3984,4013,3789,2678,2428,2190,2287,2111,2220,2301,2249,2254,2297,2344,2383,2671,3794,3711,3494,2465,2285,2211,2221,2217,2241,2307,2280,2210,2046,2275,2102,2443,3487,3300,3108,2391,2362,2230,2244,2236,2335,2343,2237,2185,2359,2323,2236,2354,3083,3115,2874,2187,2249,2127,2302,2303,2305,2333,2354,2431,2376,2288,2348,2360,2926,3179,2933,2268,2140,2370,2387,2366,2201,2269,2445,2417,2242,2380,2333,2399,2950,3473,3253,2598,2435,2456,2441,2536,2498,2747,2840,2684,2596,2566,2316,2581,3246,3582,3603,3483,2669,2951,2752,3220,3479,3785,3804,3587,3333,3326,3291,3615,3728,4274,4306,4082,3236,3643,3616,3972,3944,4343,4421,4299,4187,4091,3934,4237,4115,4645,4598,4158,3634,3811,3852,4177,4095,4405,4548,4490,4448,4359,4191,4389,4317,4659,4563,3967,3778,3727,3790,4038,4022,4249,4334,4305,4333,4264,4109,4137,4301,4304,4179,3737,3558,3511,3686,3764,3882,3835,3896,3738,3845,3795,3737,3819,4082,3985,3850,3470,3158,3148,3324,3276,3572,3655,3579,3177,3386,3197,3340,3633,3820,3878,3692,3317,3115,3033,3030,3188,3475,3537,3306,3037,3121,3035,3055,3329,3629,4143,3915,2963,2789,2818,2799,2989,3150,3132,2874,2889,2844,2818,2731,2934,3925,4639,4420,3260,2967,2640,2689,2683,2800,3025,2873,2746,2742,2793,2929,3264,4415,4753,4531,3366,3090,2809,2875,2850,3034,3213,3161,2949,2804,2843,3085,3358,4527,4518,4292,3102,3106,3092,3033,3021,3222,3478,3483,3269,3099,2959,2931,3119,4291,4070,3891,3045,3167,3320,3266,3386,3579,3716,3624,3327,3105,3057,3149,3456,3873,4535,4356,3674,3326,3558,3475,3540,3678,3843,3777,3611,3713,3718,3629,3903,4330,4559,4385,3782,3414,3509,3386,3386,3664,3896,3792,3560,3758,3804,3751,3990,4379,4199,4031,3491,3171,3169,3062,3159,3527,3648,3505,3179,3475,3519,3496,3726,4045,3589,3419,2775,2771,2692,2601,2683,3088,3205,2989,2727,3004,2959,2644,3164,3463,3345,3157,2626,2622,2489,2520,2620,2916,3027,2804,2659,2736,2684,2607,2880,3108,3172,2982,2537,2489,2402,2352,2553,2656,2770,2691,2442,2318,2327,2307,2414,2945,3143,2972,2559,2422,2238,2271,2386,2383,2629,2682,2566,2309,2362,2272,2447,2956,3250,3005,2636,2275,2248,2285,2468,2478,2907,2987,2855,2698,2573,2490,2465,3022,3307,3057,2852,2390,2430,2453,2728,2760,2949,2983,2851,2819,2555,2652,2843,3195,3159,3108,3215,2661,2839,2602,2798,2718,3147,3126,2711,2771,2754,2910,3249,3293,3416,3236,2858,2914,2990,2644,2649,2901,3267,3201,2849,2971,2885,2952,3391,3056,3547,3406,3205,3061,2999,2820,2793,3049,3317,3199,2893,3026,2862,3116,3354,2859,3351,3332,3139,2952,2867,2766,2768,2871,3117,3015,2705,2709,2634,2981,3090,2822,2993,2951,2810,2624,2364,2455,2540,2601,2511,2498,2470,2499,2544,2550,2493,2670,2891,2835,2716,2517,2275,2376,2489,2560,2596,2480,2392,2513,2553,2525,2496,2605,2860,2733,2542,2422,2263,2287,2417,2491,2562,2473,2424,2374,2548,2492,2421,2649,2788,2514,2152,2386,2313,2292,2430,2490,2559,2425,2225,2324,2498,2503,2288,2572,2961,2637,2496,2211,2189,2337,2451,2526,2753,2521,2397,2457,2554,2427,2437,2755,2771,2613,2620,2404,2192,2461,2525,2673,2902,2693,2469,2504,2616,2434,2544,2559,2875,2695,2717,2331,2532,2510,2423,2628,2848,2727,2557,2444,2349,2362,2870,2884,3183,2961,2852,2415,2730,2553,2286,2703,2908,2845,2647,2362,2431,2600,2982,3087,3221,3072,2822,2609,2613,2533,2356,2734,2933,2861,2588,2496,2510,2576,2829,3059,3111,3107,2902,2601,2497,2554,2599,2522,2536,2666,2541,2573,2601,2584,2609,2807,3066,3059,2866,2481,2443,2670,2719,2758,2771,2528,2594,2619,2852,2778,2666,2940,3022,3009,2842,2465,2318,2567,2669,2755,2872,2599,2505,2502,2750,2667,2625,2911,3041,2951,2652,2323,2187,2442,2521,2546,2632,2586,2413,2460,2389,2283,2359,2845,2978,2843,2322,2357,2238,2047,2197,2330,2455,2486,2424,2388,2324,2186,2324,2791,2958,2723,2233,2321,2239,2362,2304,2293,2636,2511,2417,2271,2204,2264,2372,2758,3824,3605,2601,2269,2293,2474,2277,2500,2647,2373,2402,2304,2281,2276,2541,3601,4384,4158,3048,2533,2384,2459,2334,2719,2821,2333,2521,2411,2525,2559,3055,4160,4485,4259,3124,2669,2593,2292,2483,2802,2867,2533,2367,2461,2527,2732,3143,4261,4219,3995,2871,2495,2426,2221,2473,2617,2622,2351,2193,2414,2495,2522,2811,3996,3680,3454,2506,2394,2335,2316,2257,2290,2322,2208,2075,2319,2441,2424,2434,3456,3272,3025,2374,2379,2357,2364,2201,2351,2507,2456,2240,2326,2351,2427,2448,3059,2668,2535,2387,2384,2230,2257,2397,2327,2614,2487,2448,2358,2310,2328,2504,2554,2580,2548,2448,2285,2443,2428,2301,2388,2462,2398,2366,2302,2213,2153,2353,2368,2795,2629,2384,2461,2521,2562,2550,2489,2364,2337,2315,2262,2383,2113,2279,2582,2941,2801,2264,2540,2704,2808,2904,2989,2850,2603,2509,2067,2374,2427,2376,2737,3270,3077,2411,2571,2713,2821,2956,3129,3054,2693,2406,2206,2486,2515,2627,3081,3363,3149,2403,2347,2419,2497,2717,2968,2888,2622,2614,2244,2239,2276,2526,3161,4537,4316,3225,2798,2550,2409,2675,3091,3071,2900,2803,2607,2630,2834,3216,4315,4907,4689,3573,3188,2903,2813,3033,3412,3362,3289,2912,2702,2930,3175,3580,4686,4897,4679,3562,3185,2951,2771,3123,3434,3177,3371,2828,2665,3004,3158,3561,4675,4533,4311,3174,2798,2735,2592,2897,3128,3259,3198,2517,2695,2756,2813,3208,4311,3867,3639,2737,2489,2468,2374,2462,2719,2940,2879,2491,2595,2621,2519,2647,3640,3633,3416,2573,2184,2334,2283,2398,2609,2743,2576,2442,2635,2622,2240,2521,3412,3304,3043,2460,2376,2385,2430,2394,2435,2621,2542,2496,2553,2424,2318,2469,3118,3344,3117,2480,2361,2293,2425,2368,2465,2613,2458,2274,2229,2331,2320,2409,3146,3328,3110,2392,2210,2316,2326,2339,2412,2569,2348,2332,2217,2300,2231,2363,3115,3336,3113,2252,2385,2412,2443,2448,2242,2245,2416,2456,2456,2345,2197,2425,3132,3116,2918,2461,2423,2316,2247,2287,2471,2894,2841,2343,2521,2641,2395,2472,2841,3784,3558,2810,2443,2245,2179,2600,3072,3415,3392,3165,3234,3282,3043,2879,3540,3899,3652,2788,2593,2476,2449,2729,3285,3502,3513,3316,3400,3435,3221,3017,3666,3562,3294,2838,2561,2396,2428,2606,3139,3376,3313,3109,3226,3209,3002,2797,3364,3236,3111,2788,2447,2256,2350,2393,2748,2949,2931,2625,2686,2513,2402,2409,2964,3376,3140,2579,2459,2359,2473,2529,2700,2896,2837,2616,2345,2469,2499,2400,3174,3367,3097,2459,2478,2448,2390,2503,2421,2703,2645,2497,2416,2351,2504,2361,3141,3589,3351,2278,2332,2433,2315,2362,2478,2714,2552,2343,2350,2371,2341,2351,3364,3896,3667,2569,2349,2457,2275,2335,2645,2800,2507,2359,2260,2325,2341,2611,3672,3837,3612,2558,2205,2427,2348,2514,2755,2812,2492,2460,2227,2262,2346,2586,3614,3430,3220,2396,2324,2297,2407,2510,2516,2590,2515,2555,2332,2260,2388,2421,3198,3198,3053,2500,2415,2473,2435,2471,2527,2702,2636,2441,2434,2520,2395,2544,2919,3339,3184,2456,2479,2498,2489,2506,2646,2869,2797,2463,2767,2825,2647,2544,3070,3201,3048,2511,2420,2515,2498,2531,2603,2816,2771,2430,2730,2799,2627,2353,2985,3258,3008,2527,2306,2501,2476,2407,2473,2555,2513,2329,2465,2522,2359,2405,3018,3332,3112,2559,2337,2439,2446,2408,2383,2579,2438,2132,2316,2374,2289,2458,3118,3604,3382,2623,2124,2342,2415,2495,2461,2587,2473,2252,2260,2436,2393,2509,3396,3644,3409,2578,2335,2244,2350,2516,2525,2457,2320,2247,2342,2360,2409,2409,3438,3319,3116,2327,2291,2352,2317,2426,2436,2446,2400,2254,2284,2396,2452,2364,3086,3032,2830,2358,2299,2374,2438,2483,2551,2669,2518,2362,2285,2286,2377,2445,2782,2965,2738,2305,2357,2193,2418,2336,2441,2532,2388,2166,2217,2216,2258,2217,2766,2824,2573,2311,2330,2281,2286,2300,2304,2322,2120,2252,2094,2147,2053,2331,2681,2818,2568,2433,2374,2438,2327,2296,2261,2328,2291,2139,2186,2289,2203,2416,2706,2984,2752,2054,2396,2434,2391,2433,2332,2276,2395,2185,2317,2302,2276,2358,2758,3189,2937,2432,2415,2281,2438,2567,2706,2552,2551,2163,2392,2371,2354,2292,2996,3197,2978,2574,2446,2377,2457,2533,2667,2598,2453,2279,2381,2310,2347,2231,2958,2896,2774,2395,2411,2249,2205,2295,2331,2525,2478,2476,2396,2464,2378,2304,2641,3079,2888,2403,2329,2143,2188,2354,2507,2464,2577,2509,2388,2322,2152,2359,2833,3361,3150,2255,2332,2293,2299,2282,2289,2381,2380,2348,2261,2347,2257,2256,3134,3301,3082,2433,2306,2198,2246,2212,2258,2404,2432,2404,2278,2353,2454,2365,3091,2591,2534,2458,2387,2275,2349,2319,2262,2380,2542,2477,2341,2306,2409,2413,2568,2956,2688,2336,2315,2309,2386,2381,2103,2307,2470,2426,2312,2400,2325,2362,2809,3037,2806,2136,2265,2299,2403,2399,2340,2342,2415,2429,2414,2257,2309,2375,2828,3812,3590,2552,2137,2334,2373,2390,2457,2526,2350,2412,2493,2414,2331,2456,3589,4250,4027,2892,2531,2304,2438,2331,2846,2965,2752,2328,2474,2393,2569,2832,4025,4317,4089,2928,2621,2485,2548,2499,2905,3094,2959,2383,2451,2472,2569,2917,4090,4057,3833,2661,2402,2451,2520,2401,2754,2934,2901,2339,2272,2314,2266,2717,3833,3494,3276,2439,2340,2342,2290,2231,2436,2632,2457,2244,2298,2344,2403,2416,3254,3611,3399,2586,2394,2414,2196,2338,2256,2351,2463,2290,2399,2408,2411,2521,3398,3893,3673,2600,2523,2371,2273,2334,2610,2680,2512,2396,2413,2393,2427,2538,3663,3944,3726,2581,2518,2213,2237,2315,2551,2717,2526,2251,2270,2439,2498,2569,3713,3713,3490,2386,2224,2337,2145,2294,2412,2581,2443,2253,2373,2278,2335,2466,3481,3238,3010,2308,2346,2362,2176,2187,2324,2481,2317,2372,2315,2374,2302,2402,2979,3454,3250,2451,2377,2216,2227,2250,2385,2616,2565,2368,2288,2363,2370,2272,3222,3480,3254,2658,2352,2252,2161,2161,2650,3024,3000,2769,2656,2693,2656,2570,3261,3418,3219,2790,2266,2342,2276,2343,2714,3097,3098,2882,2793,2862,2722,2747,3170,3138,2950,2623,2015,2165,2253,2222,2498,2860,2876,2712,2665,2731,2601,2635,2952,2944,2710,2193,2183,2075,2053,2281,2293,2361,2390,2367,2292,2263,2194,2186,2764,2747,2563,2179,1943,2128,2095,2103,2148,2160,2068,2163,2206,2153,2062,2071,2493,2597,2482,2211,2168,2253,2121,2132,2131,2148,2273,2203,2264,2268,2168,2105,2330,2734,2557,2072,2138,2298,2227,2109,2016,2289,2226,2168,2227,2302,2238,2068,2561,2609,2475,2114,2128,2211,2101,2051,2107,2238,2098,2051,2010,2028,2138,2005,2445,2772,2601,2130,2003,2047,2057,2093,2062,2022,2069,2110,2136,1946,2009,1994,2498,3050,2849,2020,1928,2103,2083,2128,2082,1993,2012,2030,1949,1991,2119,2065,2812,2985,2765,1884,1912,2035,2099,1951,1960,1996,2028,1954,2018,1929,2050,2017,2745,2684,2484,2031,2029,2035,2036,2037,2172,2041,2054,1948,1996,1957,1916,2108,2481
,,,,,,,,,,,,,,,,,,,,,,,,,,,,,,,,,,,,,,,,,,,,,,,,,,,,,,,,,,,,,,,,,,,,,,,,,,,,,,,,,,,,,,,,,,,,,,,,,,,,,,,,,,,,,,,,,,,,,,,,,,,,,,,,,,,,,,,,,,,,,,,,,,,,,,,,,,,,,,,,,,,,,,,,,,,,,,,,,,,,,,,,,,,,,,,,,,,,,,,,,,,,,,,,,,,,,,,,,,,,,,,,,,,,,,,,,,,,,,,,,,,,,,,,,,,,,,,,,,,,,,,,,,,,,,,,,,,,,,,,,,,,,,,,,,,,,,,,,,,,,,,,,,,,,,,,,,,,,,,,,,,,,,,,,,,,,,,,,,,,,,,,,,,,,,,,,,,,,,,,,,,,,,,,,,,,,,,,,,,,,,,,,,,,,,,,,,,,,,,,,,,,,,,,,,,,,,,,,,,,,,,,,,,,,,,,,,,,,,,,,,,,,,,,,,,,,,,,,,,,,,,,,,,,,,,,,,,,,,,,,,,,,,,,,,,,,,,,,,,,,,,,,,,,,,,,,,,,,,,,,,,,,,,,,,,,,,,,,,,,,,,,,,,,,,,,,,,,,,,,,,,,,,,,,,,,,,,,,,,,,,,,,,,,,,,,,,,,,,,,,,,,,,,,,,,,,,,,,,,,,,,,,,,,,,,,,,,,,,,,,,,,,,,,,,,,,,,,,,,,,,,,,,,,,,,,,,,,,,,,,,,,,,,,,,,,,,,,,,,,,,,,,,,,,,,,,,,,,,,,,,,,,,,,,,,,,,,,,,,,,,,,,,,,,,,,,,,,,,,,,,,,,,,,,,,,,,,,,,,,,,,,,,,,,,,,,,,,,,,,,,,,,,,,,,,,,,,,,,,,,,,,,,,,,,,,,,,,,,,,,,,,,,,,,,,,,,,,,,,,,,,,,,,,,,,,,,,,,,,,,,,,,,,,,,,,,,,,,,,,,,,,,,,,,,,,,,,,,,,,,,,,,,,,,,,,,,,,,,,,,,,,,,,,,,,,,,,,,,,,,,,,,,,,,,,,,,,,,,,,,,,,,,,,,,,,,,,,,,,,,,,,,,,,,,,,,,,,,,,,,,,,,,,,,,,,,,,,,,,,,,,,,,,,,,,,,,,,,,,,,,,,,,,,,,,,,,,,,,,,,,,,,,,,,,,,,,,,,,,,,,,,,,,,,,,,,,,,,,,,,,,,,,,,,,,,,,,,,,,,,,,,,,,,,,,,,,,,,,,,,,,,,,,,,,,,,,,,,,,,,,,,,,,,,,,,,,,,,,,,,,,,,,,,,,,,,,,,,,,,,,,,,,,,,,,,,,,,,,,,,,,,,,,,,,,,,,,,,,,,,,,,,,,,,,,,,,,,,,,,,,,,,,,,,,,,,,,,,,,,,,,,,,,,,,,,,,,,,,,,,,,,,,,,,,,,,,,,,,,,,,,,,,,,,,,,,,,,,,,,,,,,,,,,,,,,,,,,,,,,,,,,,,,,,,,,,,,,,,,,,,,,,,,,,,,,,,,,,,,,,,,,,,,,,,,,,,,,,,,,,,,,,,,,,,,,,,,,,,,,,,,,,,,,,,,,,,,,,,,,,,,,,,,,,,,,,,,,,,,,,,,,,,,,,,,,,,,,,,,,,,,,,,,,,,,,,,,,,,,,,,,,,,,,,,,,,,,,,,,,,,,,,,,,,,,,,,,,,,,,,,,,,,,,,,,,,,,,,,,,,,,,,,,,,,,,,,,,,,,,,,,,,,,,,,,,,,,,,,,,,,,,,,,,,,,,,,,,,,,,,,,,,,,,,,,,,,,,,,,,,,,,,,,,,,,,,,,,,,,,,,,,,,,,,,,,,,,,,,,,,,,,,,,,,,,,,,,,,,,,,,,,,,,,,,,,,,,,,,,,,,,,,,,,,,,,,,,,,,,,,,,,,,,,,,,,,,,,,,,,,,,,,,,,,,,,,,,,,,,,,,,,,,,,,,,,,,,,,,,,,,,,,,,,,,,,,,,,,,,,,,,,,,,,,,,,,,,,,,,,,,,,,,,,,,,,,,,,,,,,,,,,,,,,,,,,,,,,,,,,,,,,,,,,,,,,,,,,,,,,,,,,,,,,,,,,,,,,,,,,,,,,,,,,,,,,,,,,,,,,,,,,,,,,,,,,,,,,,,,,,,,,,,,,,,,,,,,,,,,,,,,,,,,,,,,,,,,,,,,,,,,,,,,
,,,,,,,,,,,,,,,,,,,,,,,,,,,,,,,,,,,,,,,,,,,,,,,,,,,,,,,,,,,,,,,,,,,,,,,,,,,,,,,,,,,,,,,,,,,,,,,,,,,,,,,,,,,,,,,,,,,,,,,,,,,,,,,,,,,,,,,,,,,,,,,,,,,,,,,,,,,,,,,,,,,,,,,,,,,,,,,,,,,,,,,,,,,,,,,,,,,,,,,,,,,,,,,,,,,,,,,,,,,,,,,,,,,,,,,,,,,,,,,,,,,,,,,,,,,,,,,,,,,,,,,,,,,,,,,,,,,,,,,,,,,,,,,,,,,,,,,,,,,,,,,,,,,,,,,,,,,,,,,,,,,,,,,,,,,,,,,,,,,,,,,,,,,,,,,,,,,,,,,,,,,,,,,,,,,,,,,,,,,,,,,,,,,,,,,,,,,,,,,,,,,,,,,,,,,,,,,,,,,,,,,,,,,,,,,,,,,,,,,,,,,,,,,,,,,,,,,,,,,,,,,,,,,,,,,,,,,,,,,,,,,,,,,,,,,,,,,,,,,,,,,,,,,,,,,,,,,,,,,,,,,,,,,,,,,,,,,,,,,,,,,,,,,,,,,,,,,,,,,,,,,,,,,,,,,,,,,,,,,,,,,,,,,,,,,,,,,,,,,,,,,,,,,,,,,,,,,,,,,,,,,,,,,,,,,,,,,,,,,,,,,,,,,,,,,,,,,,,,,,,,,,,,,,,,,,,,,,,,,,,,,,,,,,,,,,,,,,,,,,,,,,,,,,,,,,,,,,,,,,,,,,,,,,,,,,,,,,,,,,,,,,,,,,,,,,,,,,,,,,,,,,,,,,,,,,,,,,,,,,,,,,,,,,,,,,,,,,,,,,,,,,,,,,,,,,,,,,,,,,,,,,,,,,,,,,,,,,,,,,,,,,,,,,,,,,,,,,,,,,,,,,,,,,,,,,,,,,,,,,,,,,,,,,,,,,,,,,,,,,,,,,,,,,,,,,,,,,,,,,,,,,,,,,,,,,,,,,,,,,,,,,,,,,,,,,,,,,,,,,,,,,,,,,,,,,,,,,,,,,,,,,,,,,,,,,,,,,,,,,,,,,,,,,,,,,,,,,,,,,,,,,,,,,,,,,,,,,,,,,,,,,,,,,,,,,,,,,,,,,,,,,,,,,,,,,,,,,,,,,,,,,,,,,,,,,,,,,,,,,,,,,,,,,,,,,,,,,,,,,,,,,,,,,,,,,,,,,,,,,,,,,,,,,,,,,,,,,,,,,,,,,,,,,,,,,,,,,,,,,,,,,,,,,,,,,,,,,,,,,,,,,,,,,,,,,,,,,,,,,,,,,,,,,,,,,,,,,,,,,,,,,,,,,,,,,,,,,,,,,,,,,,,,,,,,,,,,,,,,,,,,,,,,,,,,,,,,,,,,,,,,,,,,,,,,,,,,,,,,,,,,,,,,,,,,,,,,,,,,,,,,,,,,,,,,,,,,,,,,,,,,,,,,,,,,,,,,,,,,,,,,,,,,,,,,,,,,,,,,,,,,,,,,,,,,,,,,,,,,,,,,,,,,,,,,,,,,,,,,,,,,,,,,,,,,,,,,,,,,,,,,,,,,,,,,,,,,,,,,,,,,,,,,,,,,,,,,,,,,,,,,,,,,,,,,,,,,,,,,,,,,,,,,,,,,,,,,,,,,,,,,,,,,,,,,,,,,,,,,,,,,,,,,,,,,,,,,,,,,,,,,,,,,,,,,,,,,,,,,,,,,,,,,,,,,,,,,,,,,,,,,,,,,,,,,,,,,,,,,,,,,,,,,,,,,,,,,,,,,,,,,,,,,,,,,,,,,,,,,,,,,,,,,,,,,,,,,,,,,,,,,,,,,,,,,,,,,,,,,,,,,,,,,,,,,,,,,,,,,,,,,,,,,,,,,,,,,,,,,,,,,,,,,,,,,,,,,,,,,,,,,,,,,,,,,,,,,,,,,,,,,,,,,,,,,,,,,,,,,,,,,,,,,,,,,,,,,,,,,,,,,,,,,,,,,,,,,,,,,,,,,,,,,,,,,,,,,,,,,,,,,,,,,,,,,,,,,,,,,,,,,,,,,,,,,,,,,,,,,,,,,,,,,,,,,,,,,,,,,,,,,,,,,,,,,,,,,,,,,,,,,,,,,,,,,,,,,,,,,,,,,,,,,,,,,,,,,,,,,,,,,,,,,,,,,,,,,,,,,,,,,,,,,,,,,,,,,,,,,,,,,,,,,
,,,,,,,,,,,,,,,,,,,,,,,,,,,,,,,,,,,,,,,,,,,,,,,,,,,,,,,,,,,,,,,,,,,,,,,,,,,,,,,,,,,,,,,,,,,,,,,,,,,,,,,,,,,,,,,,,,,,,,,,,,,,,,,,,,,,,,,,,,,,,,,,,,,,,,,,,,,,,,,,,,,,,,,,,,,,,,,,,,,,,,,,,,,,,,,,,,,,,,,,,,,,,,,,,,,,,,,,,,,,,,,,,,,,,,,,,,,,,,,,,,,,,,,,,,,,,,,,,,,,,,,,,,,,,,,,,,,,,,,,,,,,,,,,,,,,,,,,,,,,,,,,,,,,,,,,,,,,,,,,,,,,,,,,,,,,,,,,,,,,,,,,,,,,,,,,,,,,,,,,,,,,,,,,,,,,,,,,,,,,,,,,,,,,,,,,,,,,,,,,,,,,,,,,,,,,,,,,,,,,,,,,,,,,,,,,,,,,,,,,,,,,,,,,,,,,,,,,,,,,,,,,,,,,,,,,,,,,,,,,,,,,,,,,,,,,,,,,,,,,,,,,,,,,,,,,,,,,,,,,,,,,,,,,,,,,,,,,,,,,,,,,,,,,,,,,,,,,,,,,,,,,,,,,,,,,,,,,,,,,,,,,,,,,,,,,,,,,,,,,,,,,,,,,,,,,,,,,,,,,,,,,,,,,,,,,,,,,,,,,,,,,,,,,,,,,,,,,,,,,,,,,,,,,,,,,,,,,,,,,,,,,,,,,,,,,,,,,,,,,,,,,,,,,,,,,,,,,,,,,,,,,,,,,,,,,,,,,,,,,,,,,,,,,,,,,,,,,,,,,,,,,,,,,,,,,,,,,,,,,,,,,,,,,,,,,,,,,,,,,,,,,,,,,,,,,,,,,,,,,,,,,,,,,,,,,,,,,,,,,,,,,,,,,,,,,,,,,,,,,,,,,,,,,,,,,,,,,,,,,,,,,,,,,,,,,,,,,,,,,,,,,,,,,,,,,,,,,,,,,,,,,,,,,,,,,,,,,,,,,,,,,,,,,,,,,,,,,,,,,,,,,,,,,,,,,,,,,,,,,,,,,,,,,,,,,,,,,,,,,,,,,,,,,,,,,,,,,,,,,,,,,,,,,,,,,,,,,,,,,,,,,,,,,,,,,,,,,,,,,,,,,,,,,,,,,,,,,,,,,,,,,,,,,,,,,,,,,,,,,,,,,,,,,,,,,,,,,,,,,,,,,,,,,,,,,,,,,,,,,,,,,,,,,,,,,,,,,,,,,,,,,,,,,,,,,,,,,,,,,,,,,,,,,,,,,,,,,,,,,,,,,,,,,,,,,,,,,,,,,,,,,,,,,,,,,,,,,,,,,,,,,,,,,,,,,,,,,,,,,,,,,,,,,,,,,,,,,,,,,,,,,,,,,,,,,,,,,,,,,,,,,,,,,,,,,,,,,,,,,,,,,,,,,,,,,,,,,,,,,,,,,,,,,,,,,,,,,,,,,,,,,,,,,,,,,,,,,,,,,,,,,,,,,,,,,,,,,,,,,,,,,,,,,,,,,,,,,,,,,,,,,,,,,,,,,,,,,,,,,,,,,,,,,,,,,,,,,,,,,,,,,,,,,,,,,,,,,,,,,,,,,,,,,,,,,,,,,,,,,,,,,,,,,,,,,,,,,,,,,,,,,,,,,,,,,,,,,,,,,,,,,,,,,,,,,,,,,,,,,,,,,,,,,,,,,,,,,,,,,,,,,,,,,,,,,,,,,,,,,,,,,,,,,,,,,,,,,,,,,,,,,,,,,,,,,,,,,,,,,,,,,,,,,,,,,,,,,,,,,,,,,,,,,,,,,,,,,,,,,,,,,,,,,,,,,,,,,,,,,,,,,,,,,,,,,,,,,,,,,,,,,,,,,,,,,,,,,,,,,,,,,,,,,,,,,,,,,,,,,,,,,,,,,,,,,,,,,,,,,,,,,,,,,,,,,,,,,,,,,,,,,,,,,,,,,,,,,,,,,,,,,,,,,,,,,,,,,,,,,,,,,,,,,,,,,,,,,,,,,,,,,,,,,,,,,,,,,,,,,,,,,,,,,,,,,,,,,,,,,,,,,,,,,,,,,,,,,,,,,,,,,,,,,,,,,,,,,,,,,,,,,,,,,,,,,,,,,,,,,,,,,,,,,,,,,,,,,,,,,,,,,,,,,,,,,,,,,,,,,,,,,,,,,,,,,,,,,,,,,,,,,,,,,,,,,,,,,,,,,,,,,,,,
,,,,,,,,,,,,,,,,,,,,,,,,,,,,,,,,,,,,,,,,,,,,,,,,,,,,,,,,,,,,,,,,,,,,,,,,,,,,,,,,,,,,,,,,,,,,,,,,,,,,,,,,,,,,,,,,,,,,,,,,,,,,,,,,,,,,,,,,,,,,,,,,,,,,,,,,,,,,,,,,,,,,,,,,,,,,,,,,,,,,,,,,,,,,,,,,,,,,,,,,,,,,,,,,,,,,,,,,,,,,,,,,,,,,,,,,,,,,,,,,,,,,,,,,,,,,,,,,,,,,,,,,,,,,,,,,,,,,,,,,,,,,,,,,,,,,,,,,,,,,,,,,,,,,,,,,,,,,,,,,,,,,,,,,,,,,,,,,,,,,,,,,,,,,,,,,,,,,,,,,,,,,,,,,,,,,,,,,,,,,,,,,,,,,,,,,,,,,,,,,,,,,,,,,,,,,,,,,,,,,,,,,,,,,,,,,,,,,,,,,,,,,,,,,,,,,,,,,,,,,,,,,,,,,,,,,,,,,,,,,,,,,,,,,,,,,,,,,,,,,,,,,,,,,,,,,,,,,,,,,,,,,,,,,,,,,,,,,,,,,,,,,,,,,,,,,,,,,,,,,,,,,,,,,,,,,,,,,,,,,,,,,,,,,,,,,,,,,,,,,,,,,,,,,,,,,,,,,,,,,,,,,,,,,,,,,,,,,,,,,,,,,,,,,,,,,,,,,,,,,,,,,,,,,,,,,,,,,,,,,,,,,,,,,,,,,,,,,,,,,,,,,,,,,,,,,,,,,,,,,,,,,,,,,,,,,,,,,,,,,,,,,,,,,,,,,,,,,,,,,,,,,,,,,,,,,,,,,,,,,,,,,,,,,,,,,,,,,,,,,,,,,,,,,,,,,,,,,,,,,,,,,,,,,,,,,,,,,,,,,,,,,,,,,,,,,,,,,,,,,,,,,,,,,,,,,,,,,,,,,,,,,,,,,,,,,,,,,,,,,,,,,,,,,,,,,,,,,,,,,,,,,,,,,,,,,,,,,,,,,,,,,,,,,,,,,,,,,,,,,,,,,,,,,,,,,,,,,,,,,,,,,,,,,,,,,,,,,,,,,,,,,,,,,,,,,,,,,,,,,,,,,,,,,,,,,,,,,,,,,,,,,,,,,,,,,,,,,,,,,,,,,,,,,,,,,,,,,,,,,,,,,,,,,,,,,,,,,,,,,,,,,,,,,,,,,,,,,,,,,,,,,,,,,,,,,,,,,,,,,,,,,,,,,,,,,,,,,,,,,,,,,,,,,,,,,,,,,,,,,,,,,,,,,,,,,,,,,,,,,,,,,,,,,,,,,,,,,,,,,,,,,,,,,,,,,,,,,,,,,,,,,,,,,,,,,,,,,,,,,,,,,,,,,,,,,,,,,,,,,,,,,,,,,,,,,,,,,,,,,,,,,,,,,,,,,,,,,,,,,,,,,,,,,,,,,,,,,,,,,,,,,,,,,,,,,,,,,,,,,,,,,,,,,,,,,,,,,,,,,,,,,,,,,,,,,,,,,,,,,,,,,,,,,,,,,,,,,,,,,,,,,,,,,,,,,,,,,,,,,,,,,,,,,,,,,,,,,,,,,,,,,,,,,,,,,,,,,,,,,,,,,,,,,,,,,,,,,,,,,,,,,,,,,,,,,,,,,,,,,,,,,,,,,,,,,,,,,,,,,,,,,,,,,,,,,,,,,,,,,,,,,,,,,,,,,,,,,,,,,,,,,,,,,,,,,,,,,,,,,,,,,,,,,,,,,,,,,,,,,,,,,,,,,,,,,,,,,,,,,,,,,,,,,,,,,,,,,,,,,,,,,,,,,,,,,,,,,,,,,,,,,,,,,,,,,,,,,,,,,,,,,,,,,,,,,,,,,,,,,,,,,,,,,,,,,,,,,,,,,,,,,,,,,,,,,,,,,,,,,,,,,,,,,,,,,,,,,,,,,,,,,,,,,,,,,,,,,,,,,,,,,,,,,,,,,,,,,,,,,,,,,,,,,,,,,,,,,,,,,,,,,,,,,,,,,,,,,,,,,,,,,,,,,,,,,,,,,,,,,,,,,,,,,,,,,,,,,,,,,,,,,,,,,,,,,,,,,,,,,,,,,,,,,,,,,,,,,,,,,,,,,,,,,,,,,,,,,,,,,,,,,,,,,,,,,,,,,,,,,,,,,,,,,,,,,,,,,,,,,,,,,,,,,,,,,,,,,,,,,,,,,,,,,,,,,,,,,,,,,,,,,,,,
,,,,,,,,,,,,,,,,,,,,,,,,,,,,,,,,,,,,,,,,,,,,,,,,,,,,,,,,,,,,,,,,,,,,,,,,,,,,,,,,,,,,,,,,,,,,,,,,,,,,,,,,,,,,,,,,,,,,,,,,,,,,,,,,,,,,,,,,,,,,,,,,,,,,,,,,,,,,,,,,,,,,,,,,,,,,,,,,,,,,,,,,,,,,,,,,,,,,,,,,,,,,,,,,,,,,,,,,,,,,,,,,,,,,,,,,,,,,,,,,,,,,,,,,,,,,,,,,,,,,,,,,,,,,,,,,,,,,,,,,,,,,,,,,,,,,,,,,,,,,,,,,,,,,,,,,,,,,,,,,,,,,,,,,,,,,,,,,,,,,,,,,,,,,,,,,,,,,,,,,,,,,,,,,,,,,,,,,,,,,,,,,,,,,,,,,,,,,,,,,,,,,,,,,,,,,,,,,,,,,,,,,,,,,,,,,,,,,,,,,,,,,,,,,,,,,,,,,,,,,,,,,,,,,,,,,,,,,,,,,,,,,,,,,,,,,,,,,,,,,,,,,,,,,,,,,,,,,,,,,,,,,,,,,,,,,,,,,,,,,,,,,,,,,,,,,,,,,,,,,,,,,,,,,,,,,,,,,,,,,,,,,,,,,,,,,,,,,,,,,,,,,,,,,,,,,,,,,,,,,,,,,,,,,,,,,,,,,,,,,,,,,,,,,,,,,,,,,,,,,,,,,,,,,,,,,,,,,,,,,,,,,,,,,,,,,,,,,,,,,,,,,,,,,,,,,,,,,,,,,,,,,,,,,,,,,,,,,,,,,,,,,,,,,,,,,,,,,,,,,,,,,,,,,,,,,,,,,,,,,,,,,,,,,,,,,,,,,,,,,,,,,,,,,,,,,,,,,,,,,,,,,,,,,,,,,,,,,,,,,,,,,,,,,,,,,,,,,,,,,,,,,,,,,,,,,,,,,,,,,,,,,,,,,,,,,,,,,,,,,,,,,,,,,,,,,,,,,,,,,,,,,,,,,,,,,,,,,,,,,,,,,,,,,,,,,,,,,,,,,,,,,,,,,,,,,,,,,,,,,,,,,,,,,,,,,,,,,,,,,,,,,,,,,,,,,,,,,,,,,,,,,,,,,,,,,,,,,,,,,,,,,,,,,,,,,,,,,,,,,,,,,,,,,,,,,,,,,,,,,,,,,,,,,,,,,,,,,,,,,,,,,,,,,,,,,,,,,,,,,,,,,,,,,,,,,,,,,,,,,,,,,,,,,,,,,,,,,,,,,,,,,,,,,,,,,,,,,,,,,,,,,,,,,,,,,,,,,,,,,,,,,,,,,,,,,,,,,,,,,,,,,,,,,,,,,,,,,,,,,,,,,,,,,,,,,,,,,,,,,,,,,,,,,,,,,,,,,,,,,,,,,,,,,,,,,,,,,,,,,,,,,,,,,,,,,,,,,,,,,,,,,,,,,,,,,,,,,,,,,,,,,,,,,,,,,,,,,,,,,,,,,,,,,,,,,,,,,,,,,,,,,,,,,,,,,,,,,,,,,,,,,,,,,,,,,,,,,,,,,,,,,,,,,,,,,,,,,,,,,,,,,,,,,,,,,,,,,,,,,,,,,,,,,,,,,,,,,,,,,,,,,,,,,,,,,,,,,,,,,,,,,,,,,,,,,,,,,,,,,,,,,,,,,,,,,,,,,,,,,,,,,,,,,,,,,,,,,,,,,,,,,,,,,,,,,,,,,,,,,,,,,,,,,,,,,,,,,,,,,,,,,,,,,,,,,,,,,,,,,,,,,,,,,,,,,,,,,,,,,,,,,,,,,,,,,,,,,,,,,,,,,,,,,,,,,,,,,,,,,,,,,,,,,,,,,,,,,,,,,,,,,,,,,,,,,,,,,,,,,,,,,,,,,,,,,,,,,,,,,,,,,,,,,,,,,,,,,,,,,,,,,,,,,,,,,,,,,,,,,,,,,,,,,,,,,,,,,,,,,,,,,,,,,,,,,,,,,,,,,,,,,,,,,,,,,,,,,,,,,,,,,,,,,,,,,,,,,,,,,,,,,,,,,,,,,,,,,,,,,,,,,,,,,,,,,,,,,,,,,,,,,,,,,,,,,,,,,,,,,,,,,,,,,,,,,,,,,,,,,,,,,,,,,,,,,,,,,,,,,,,,,,,,,,,,,,,,,,,,,,,,,,,,,,,,,,,,,,,,,,,,,,,,,,,,,,,,,,,,,,,,,,,,,,,,,,,,,,,,,,,,,,,,
3448,3321,2626,2558,2492,2364,2373,2413,2306,2413,2373,2364,2492,2558,2626,3321,3718,3498,2568,2478,2397,2314,2325,2268,2416,2457,2278,2340,2359,2468,2538,3503,4070,3851,2762,2380,2376,2184,2251,2185,2407,2402,2369,2289,2327,2410,2718,3848,4203,3981,2873,2455,2374,2355,2197,2324,2460,2337,2307,2338,2290,2526,2845,3980,4011,3788,2706,2312,2356,2298,2112,2137,2369,2298,2319,2318,2247,2436,2722,3792,3722,3495,2396,2430,2231,2260,2252,2210,2313,2216,2244,2347,2068,2280,2434,3501,3337,3120,2064,2202,2312,2323,2378,2279,2335,2162,2156,2232,2122,2236,2289,3135,3053,2786,2192,2175,2263,2265,2328,2321,2357,2255,2079,2314,2381,2322,2108,2791,3168,2965,2072,2094,2085,2295,2301,2237,2377,2283,2168,2265,2421,2333,2037,2887,3477,3258,2328,2143,2221,2371,2396,2667,2893,2724,2347,2320,2434,2394,2589,3257,3900,3737,3471,3401,3458,3383,3403,3728,3894,3700,3190,3133,3185,3234,3532,3766,4571,4371,4087,4038,4052,3896,3791,4194,4469,4315,3926,3871,3734,3890,4168,4528,4898,4680,4262,4196,4231,4146,4134,4223,4507,4391,4205,4099,3752,4049,4314,4798,4821,4587,4049,3897,4115,4134,4131,4260,4276,3954,4129,4017,3693,3809,4045,4687,4246,4016,3662,3585,3868,3884,3821,4078,4119,3830,3682,3651,3621,3258,3331,4104,3901,3787,3304,3133,3538,3533,3497,3799,3872,3640,3418,3110,3195,2874,3299,3685,3806,3590,3051,2856,3130,3145,3313,3587,3620,3405,3164,2960,2997,2853,3207,3569,4136,3913,2681,2604,2771,2848,3021,3239,3251,2933,2870,2688,2530,2682,3029,3907,4639,4415,3202,2973,2732,2488,2914,2934,3036,3035,2817,2704,2766,2976,3290,4416,4753,4528,3325,3101,2933,2764,3137,3157,3098,3047,2916,2896,2933,3127,3372,4528,4515,4289,3063,3012,2942,2936,3150,3231,3356,3342,3001,2931,2940,3014,3253,4287,4100,3874,3387,3439,3190,3269,3265,3424,3620,3556,3252,2947,3255,3105,3319,3906,4529,4251,3661,3758,3550,3595,3573,3696,3838,3808,3506,3408,3564,3489,3875,4372,4549,4262,3647,3816,3641,3540,3506,3753,3952,3874,3554,3577,3603,3519,3924,4408,4197,3904,3424,3598,3442,3171,3064,3495,3713,3593,3257,3388,3363,3184,3572,4065,3667,3434,3080,3068,2966,2871,2848,3117,3192,2903,2673,2911,2986,2818,3056,3536,3394,3200,2865,2706,2587,2682,2703,2884,3046,2811,2558,2587,2662,2622,2794,3237,3155,2881,2534,2468,2374,2517,2592,2715,2732,2651,2550,2453,2489,2423,2479,2988,3040,2883,2593,2461,2395,2338,2467,2474,2654,2583,2461,2400,2389,2393,2617,2913,3251,3020,2509,2402,2218,2449,2627,2642,2877,2733,2577,2581,2492,2682,2825,3069,3484,3369,3127,2800,2838,2844,2715,2826,3003,2869,2697,2615,2755,3034,3250,3422,3728,3639,3428,3002,3139,3098,2719,3047,3241,3144,2891,2794,3026,3316,3548,3690,3816,3661,3313,2821,3123,2894,2484,3162,3389,3335,3056,2867,2762,3292,3625,3789,3713,3483,3100,3057,3089,2701,2756,3183,3365,3264,2949,2715,2803,2794,3492,3664,3450,3144,2887,2694,2717,2630,2785,3000,3140,3042,2713,2498,2859,2676,3180,3318,3041,2899,2672,2577,2511,2485,2636,2661,2715,2673,2548,2374,2394,2379,2746,2868,2705,2669,2434,2458,2555,2488,2303,2403,2560,2605,2386,2216,2175,2350,2409,2661,2861,2596,2377,2344,2344,2329,2482,2540,2533,2566,2417,2248,2132,2372,2350,2713,2799,2603,2401,2356,2307,2238,2410,2501,2481,2435,2415,2378,2304,2459,2374,2657,2885,2730,2528,2251,2304,2386,2529,2638,2693,2628,2665,2488,2466,2413,2534,2773,2925,2772,2533,2299,2386,2454,2511,2692,2778,2727,2741,2364,2480,2505,2417,2798,3028,2977,2805,2536,2648,2664,2565,2601,2825,2718,2599,2224,2480,2681,2824,2975,3167,3046,2904,2819,2885,2852,2654,2867,2901,2711,2632,2193,2465,2740,2984,3114,3123,2784,2684,2733,2724,2665,2509,2818,2877,2848,2530,2353,2435,2491,2880,2973,2987,2677,2861,2703,2498,2518,2614,2738,2799,2743,2614,2418,2312,2285,2627,2719,2897,2847,2773,2706,2691,2625,2623,2808,2941,2904,2728,2605,2435,2531,2696,2840,2889,2697,2680,2593,2604,2540,2310,2642,2841,2778,2408,2368,2471,2478,2669,2855,2991,2726,2414,2334,2412,2447,2274,2361,2493,2394,2282,2240,2348,2269,2507,2714,2957,2816,2447,2363,2354,2402,2319,2343,2502,2441,2434,2337,2201,2111,2357,2543,3025,2825,2275,2280,2288,2341,2244,2507,2567,2521,2418,2344,2215,2303,2348,2809,3836,3614,2461,2329,2350,2371,2294,2508,2569,2370,2217,2300,2338,2397,2635,3615,4388,4160,2991,2637,2356,2425,2455,2685,2712,2504,2283,2462,2460,2600,3068,4163,4486,4259,3090,2793,2479,2479,2586,2835,2845,2657,2412,2533,2418,2760,3169,4264,4220,3993,2819,2608,2336,2408,2552,2610,2674,2569,2245,2444,2348,2607,2867,3997,3663,3422,2379,2261,2354,2351,2345,2339,2287,2351,2182,2336,2308,2355,2282,3437,3228,2975,2439,2427,2386,2383,2424,2404,2318,2206,2314,2429,2348,2425,2393,3015,2726,2645,2381,2356,2370,2256,2333,2444,2494,2263,2355,2424,2434,2529,2476,2645,2561,2380,2274,2201,2326,2283,2303,2338,2311,2274,2389,2341,2224,2370,2412,2498,2653,2505,2242,2342,2385,2452,2477,2345,2591,2637,2521,2221,1995,2266,2381,2587,2786,2624,2526,2354,2578,2738,2729,2537,2874,2884,2767,2553,2264,2201,2510,2670,3149,2966,2416,2306,2477,2786,2720,2797,2993,2884,2795,2608,2470,2399,2560,2974,3351,3146,2263,2233,2238,2554,2460,2792,2976,2780,2528,2404,2352,2327,2583,3066,4535,4308,3058,3029,2196,2487,2654,3160,3241,2967,2551,2628,2633,2831,3155,4312,4907,4684,3471,3399,2637,2846,3011,3501,3546,3271,2910,2927,2842,3211,3539,4684,4896,4673,3479,3410,2809,2809,3040,3512,3548,3373,2988,2877,2741,3242,3508,4674,4530,4304,3141,3119,2655,2554,2767,3197,3311,3215,2780,2615,2596,2966,3101,4307,3877,3633,2603,2486,2400,2497,2452,2650,2918,2848,2502,2318,2440,2470,2740,3669,3613,3372,2412,2402,2362,2427,2324,2517,2687,2462,2405,2585,2565,2338,2532,3389,3307,3110,2457,2310,2389,2373,2373,2528,2594,2470,2302,2401,2425,2165,2363,3082,3322,3071,2401,2418,2273,2238,2300,2423,2510,2489,2348,2268,2194,2213,2229,3112,3296,3072,2322,2430,2374,2434,2311,2394,2544,2437,2404,2315,2210,2185,2404,3089,3334,3119,2257,2357,2435,2384,2108,2320,2485,2351,2274,2400,2283,2251,2460,3114,3160,2943,2400,2381,2388,2462,2307,2616,2849,2795,2401,2352,2288,2269,2521,2989,3857,3660,3082,2867,2736,2661,2553,3079,3400,3296,2529,2942,2875,2558,3038,3651,3979,3789,3251,3027,2936,2814,2752,3290,3533,3425,2938,3173,3031,2666,3128,3759,3667,3493,2991,2799,2808,2754,2647,3134,3384,3265,2889,3037,2883,2552,2989,3415,3095,2700,2534,2180,2551,2552,2285,2701,2899,2808,2628,2616,2412,2682,2935,2872,3365,3155,2627,2539,2512,2450,2463,2794,2794,2654,2543,2559,2372,2667,2854,3122,3393,3200,2589,2408,2467,2328,2369,2410,2587,2535,2477,2466,2308,2354,2641,3138,3587,3362,2497,2303,2363,2437,2426,2442,2518,2394,2379,2424,2315,2335,2346,3363,3897,3681,2641,2189,2296,2317,2349,2672,2733,2523,2180,2263,2292,2409,2531,3671,3839,3625,2630,2423,2397,2172,2427,2806,2834,2623,2356,2235,2458,2494,2462,3611,3430,3220,2438,2355,2345,2202,2415,2564,2748,2667,2519,2442,2462,2435,2238,3186,3187,2976,2454,2403,2346,2287,2448,2535,2667,2794,2498,2505,2524,2444,2658,2898,3335,3126,2322,2362,2372,2294,2449,2633,2956,2925,2673,2682,2527,2729,2936,3215,3171,2933,2471,2554,2521,2307,2402,2326,2901,2874,2698,2679,2393,2674,2882,3118,3234,3022,2228,2398,2427,2326,2271,2419,2576,2563,2450,2513,2415,2389,2593,2958,3346,3151,2401,2361,2282,2253,2410,2407,2498,2365,2319,2430,2329,2320,2600,3111,3587,3356,2528,2259,2277,2288,2321,2493,2680,2517,2361,2434,2262,2196,2602,3389,3633,3407,2409,2230,2332,2266,2230,2302,2425,2427,2449,2460,2366,2342,2482,3411,3353,3127,2216,2314,2363,2296,2413,2556,2520,2419,2479,2487,2478,2410,2227,3126,3024,2762,2346,2295,2259,2279,2413,2607,2674,2542,2494,2473,2420,2363,2198,2839,2847,2575,2350,2327,2167,2147,2330,2486,2641,2521,2387,2328,2189,2126,2336,2617,2693,2562,2372,2330,2257,2169,2238,2344,2478,2394,2230,2278,2205,2236,2422,2472,2789,2605,2441,2380,2199,2194,2140,2276,2428,2393,2270,2278,2279,2268,2410,2601,2886,2627,2426,2393,2317,2321,2271,2342,2535,2387,2196,2160,2180,2230,2321,2729,3280,3086,2483,2394,2473,2382,2544,2620,2665,2559,2386,2266,2202,2308,2414,3021,3306,3108,2433,2452,2548,2296,2567,2709,2630,2475,2401,2398,2299,2343,2351,3070,3001,2853,2332,2393,2411,2368,2452,2512,2506,2255,2366,2352,2085,2078,2240,2783,3092,2851,2367,2354,2247,2294,2376,2554,2571,2437,2499,2427,2252,2198,2087,2884,3380,3154,2390,2363,2079,2243,2329,2450,2423,2343,2431,2413,2262,2264,2368,3165,3315,3095,2326,2304,2168,2308,2468,2398,2267,2206,2310,2327,2250,2273,2393,3096,2770,2549,2357,2450,2293,2284,2386,2370,2300,2258,2335,2382,2324,2199,2243,2596,2934,2733,2290,2417,2324,2228,2288,2295,2507,2302,2290,2329,2352,2261,2270,2718,3058,2842,2357,2433,2316,2242,2240,2234,2443,2327,2245,2166,2199,2191,2344,2860,3813,3594,2593,2435,2256,2251,2278,2531,2572,2328,2396,2322,2073,2142,2266,3591,4252,4032,2954,2564,2233,2244,2432,2802,3011,2813,2470,2390,2396,2594,2749,4024,4318,4096,2981,2713,2295,2328,2578,2864,3164,2997,2323,2387,2568,2631,2766,4086,4058,3844,2706,2408,2402,2314,2613,2973,3146,2929,2334,2279,2455,2408,2479,3826,3502,3282,2423,2448,2397,2346,2285,2600,2807,2629,2367,2216,2281,2451,2320,3251,3603,3396,2501,2455,2201,2299,2311,2512,2533,2539,2341,2254,2373,2385,2400,3394,3894,3659,2646,2575,2169,2279,2282,2650,2787,2666,2305,2311,2356,2308,2644,3679,3943,3713,2677,2595,2353,2329,2172,2679,2782,2610,2314,2365,2450,2354,2694,3728,3716,3487,2559,2374,2284,2363,2213,2424,2547,2317,2286,2195,2297,2364,2542,3496,3273,3070,2404,2407,2247,2149,2320,2372,2411,2338,2189,2255,2176,2270,2301,3039,3458,3251,2179,2383,2413,2185,2258,2434,2590,2465,2260,2152,2366,2360,2269,3211,3463,3236,2470,2428,2329,2334,2262,2721,2978,2834,2301,2404,2344,2336,2609,3242,3443,3240,2734,2533,2294,2337,2200,2771,3074,2918,2483,2661,2347,2225,2805,3286,3198,2987,2632,2449,2188,2328,2352,2533,2849,2738,2474,2610,2396,2308,2687,2984,2880,2653,2303,2191,2030,2209,2185,2139,2353,2314,2243,2102,2284,2250,2287,2658,2664,2465,2344,2199,2146,2110,1930,2155,2193,2136,2177,2086,2117,2117,2039,2491,2617,2461,2250,2227,2207,2134,2104,2193,2208,2345,2218,2191,2185,2154,2174,2462,2878,2624,2222,2196,2200,2090,2160,2235,2283,2336,2237,2206,2182,2180,2120,2696,2729,2539,2027,2018,2021,2105,2091,2047,2119,2100,2164,2036,2139,2139,2036,2549,2789,2584,1963,2040,2155,2185,2118,2061,2047,2062,2042,1918,2146,2063,1934,2553,3046,2857,2191,1983,2073,2151,2039,2144,2060,2132,2030,2005,2023,1992,1911,2809,2977,2770,1985,1916,1978,2106,2100,1943,1847,2000,2012,2072,2139,2087,1978,2761,2647,2397,2054,2093,2110,1965,1908,2067,2216,2136,2046,2011,2091,1999,2103,2471
,,,,,,,,,,,,,,,,,,,,,,,,,,,,,,,,,,,,,,,,,,,,,,,,,,,,,,,,,,,,,,,,,,,,,,,,,,,,,,,,,,,,,,,,,,,,,,,,,,,,,,,,,,,,,,,,,,,,,,,,,,,,,,,,,,,,,,,,,,,,,,,,,,,,,,,,,,,,,,,,,,,,,,,,,,,,,,,,,,,,,,,,,,,,,,,,,,,,,,,,,,,,,,,,,,,,,,,,,,,,,,,,,,,,,,,,,,,,,,,,,,,,,,,,,,,,,,,,,,,,,,,,,,,,,,,,,,,,,,,,,,,,,,,,,,,,,,,,,,,,,,,,,,,,,,,,,,,,,,,,,,,,,,,,,,,,,,,,,,,,,,,,,,,,,,,,,,,,,,,,,,,,,,,,,,,,,,,,,,,,,,,,,,,,,,,,,,,,,,,,,,,,,,,,,,,,,,,,,,,,,,,,,,,,,,,,,,,,,,,,,,,,,,,,,,,,,,,,,,,,,,,,,,,,,,,,,,,,,,,,,,,,,,,,,,,,,,,,,,,,,,,,,,,,,,,,,,,,,,,,,,,,,,,,,,,,,,,,,,,,,,,,,,,,,,,,,,,,,,,,,,,,,,,,,,,,,,,,,,,,,,,,,,,,,,,,,,,,,,,,,,,,,,,,,,,,,,,,,,,,,,,,,,,,,,,,,,,,,,,,,,,,,,,,,,,,,,,,,,,,,,,,,,,,,,,,,,,,,,,,,,,,,,,,,,,,,,,,,,,,,,,,,,,,,,,,,,,,,,,,,,,,,,,,,,,,,,,,,,,,,,,,,,,,,,,,,,,,,,,,,,,,,,,,,,,,,,,,,,,,,,,,,,,,,,,,,,,,,,,,,,,,,,,,,,,,,,,,,,,,,,,,,,,,,,,,,,,,,,,,,,,,,,,,,,,,,,,,,,,,,,,,,,,,,,,,,,,,,,,,,,,,,,,,,,,,,,,,,,,,,,,,,,,,,,,,,,,,,,,,,,,,,,,,,,,,,,,,,,,,,,,,,,,,,,,,,,,,,,,,,,,,,,,,,,,,,,,,,,,,,,,,,,,,,,,,,,,,,,,,,,,,,,,,,,,,,,,,,,,,,,,,,,,,,,,,,,,,,,,,,,,,,,,,,,,,,,,,,,,,,,,,,,,,,,,,,,,,,,,,,,,,,,,,,,,,,,,,,,,,,,,,,,,,,,,,,,,,,,,,,,,,,,,,,,,,,,,,,,,,,,,,,,,,,,,,,,,,,,,,,,,,,,,,,,,,,,,,,,,,,,,,,,,,,,,,,,,,,,,,,,,,,,,,,,,,,,,,,,,,,,,,,,,,,,,,,,,,,,,,,,,,,,,,,,,,,,,,,,,,,,,,,,,,,,,,,,,,,,,,,,,,,,,,,,,,,,,,,,,,,,,,,,,,,,,,,,,,,,,,,,,,,,,,,,,,,,,,,,,,,,,,,,,,,,,,,,,,,,,,,,,,,,,,,,,,,,,,,,,,,,,,,,,,,,,,,,,,,,,,,,,,,,,,,,,,,,,,,,,,,,,,,,,,,,,,,,,,,,,,,,,,,,,,,,,,,,,,,,,,,,,,,,,,,,,,,,,,,,,,,,,,,,,,,,,,,,,,,,,,,,,,,,,,,,,,,,,,,,,,,,,,,,,,,,,,,,,,,,,,,,,,,,,,,,,,,,,,,,,,,,,,,,,,,,,,,,,,,,,,,,,,,,,,,,,,,,,,,,,,,,,,,,,,,,,,,,,,,,,,,,,,,,,,,,,,,,,,,,,,,,,,,,,,,,,,,,,,,,,,,,,,,,,,,,,,,,,,,,,,,,,,,,,,,,,,,,,,,,,,,,,,,,,,,,,,,,,,,,,,,,,,,,,,,,,,,,,,,,,,,,,,,,,,,,,,,,,,,,,,,,,,,,,,,,,,,,,,,,,,,,,,,,,,,,,,,,,,,,,,,,,,,,,,,,,,,,,,,,,,,,,,,,,,,,,,,,,,,,,,,,,,,,,,,,,,,,,,,,,,,,,,,,,,,,,,,,,,,,,,,,,,,,,,,,,,,,,,,,,,,,,,,,,,,,,,,,,,,,,,,,,,,,,,,,,,,,,,,,,,,,,,,,,,,,,,,,,,,,,,,,,,,,,,,,,,,,,,,,,,,,,,,,,,,,,,,,,,,,,,,,,,,,,,,,,,,,,,,,,,,,,,,,,,,,,,,,,,,,,,,,,,,,,
,,,,,,,,,,,,,,,,,,,,,,,,,,,,,,,,,,,,,,,,,,,,,,,,,,,,,,,,,,,,,,,,,,,,,,,,,,,,,,,,,,,,,,,,,,,,,,,,,,,,,,,,,,,,,,,,,,,,,,,,,,,,,,,,,,,,,,,,,,,,,,,,,,,,,,,,,,,,,,,,,,,,,,,,,,,,,,,,,,,,,,,,,,,,,,,,,,,,,,,,,,,,,,,,,,,,,,,,,,,,,,,,,,,,,,,,,,,,,,,,,,,,,,,,,,,,,,,,,,,,,,,,,,,,,,,,,,,,,,,,,,,,,,,,,,,,,,,,,,,,,,,,,,,,,,,,,,,,,,,,,,,,,,,,,,,,,,,,,,,,,,,,,,,,,,,,,,,,,,,,,,,,,,,,,,,,,,,,,,,,,,,,,,,,,,,,,,,,,,,,,,,,,,,,,,,,,,,,,,,,,,,,,,,,,,,,,,,,,,,,,,,,,,,,,,,,,,,,,,,,,,,,,,,,,,,,,,,,,,,,,,,,,,,,,,,,,,,,,,,,,,,,,,,,,,,,,,,,,,,,,,,,,,,,,,,,,,,,,,,,,,,,,,,,,,,,,,,,,,,,,,,,,,,,,,,,,,,,,,,,,,,,,,,,,,,,,,,,,,,,,,,,,,,,,,,,,,,,,,,,,,,,,,,,,,,,,,,,,,,,,,,,,,,,,,,,,,,,,,,,,,,,,,,,,,,,,,,,,,,,,,,,,,,,,,,,,,,,,,,,,,,,,,,,,,,,,,,,,,,,,,,,,,,,,,,,,,,,,,,,,,,,,,,,,,,,,,,,,,,,,,,,,,,,,,,,,,,,,,,,,,,,,,,,,,,,,,,,,,,,,,,,,,,,,,,,,,,,,,,,,,,,,,,,,,,,,,,,,,,,,,,,,,,,,,,,,,,,,,,,,,,,,,,,,,,,,,,,,,,,,,,,,,,,,,,,,,,,,,,,,,,,,,,,,,,,,,,,,,,,,,,,,,,,,,,,,,,,,,,,,,,,,,,,,,,,,,,,,,,,,,,,,,,,,,,,,,,,,,,,,,,,,,,,,,,,,,,,,,,,,,,,,,,,,,,,,,,,,,,,,,,,,,,,,,,,,,,,,,,,,,,,,,,,,,,,,,,,,,,,,,,,,,,,,,,,,,,,,,,,,,,,,,,,,,,,,,,,,,,,,,,,,,,,,,,,,,,,,,,,,,,,,,,,,,,,,,,,,,,,,,,,,,,,,,,,,,,,,,,,,,,,,,,,,,,,,,,,,,,,,,,,,,,,,,,,,,,,,,,,,,,,,,,,,,,,,,,,,,,,,,,,,,,,,,,,,,,,,,,,,,,,,,,,,,,,,,,,,,,,,,,,,,,,,,,,,,,,,,,,,,,,,,,,,,,,,,,,,,,,,,,,,,,,,,,,,,,,,,,,,,,,,,,,,,,,,,,,,,,,,,,,,,,,,,,,,,,,,,,,,,,,,,,,,,,,,,,,,,,,,,,,,,,,,,,,,,,,,,,,,,,,,,,,,,,,,,,,,,,,,,,,,,,,,,,,,,,,,,,,,,,,,,,,,,,,,,,,,,,,,,,,,,,,,,,,,,,,,,,,,,,,,,,,,,,,,,,,,,,,,,,,,,,,,,,,,,,,,,,,,,,,,,,,,,,,,,,,,,,,,,,,,,,,,,,,,,,,,,,,,,,,,,,,,,,,,,,,,,,,,,,,,,,,,,,,,,,,,,,,,,,,,,,,,,,,,,,,,,,,,,,,,,,,,,,,,,,,,,,,,,,,,,,,,,,,,,,,,,,,,,,,,,,,,,,,,,,,,,,,,,,,,,,,,,,,,,,,,,,,,,,,,,,,,,,,,,,,,,,,,,,,,,,,,,,,,,,,,,,,,,,,,,,,,,,,,,,,,,,,,,,,,,,,,,,,,,,,,,,,,,,,,,,,,,,,,,,,,,,,,,,,,,,,,,,,,,,,,,,,,,,,,,,,,,,,,,,,,,,,,,,,,,,,,,,,,,,,,,,,,,,,,,,,,,,,,,,,,,,,,,,,,,,,,,,,,,,,,,,,,,,,,,,,,,,,,,,,,,,,,,,,,,,,,,,,,,,,,,,,,,,,,,,,,,,,,,,,,,,,,,,,,,,,,,,,,,,,,,,,,,,,,,,,,,,,,,,,,,,,,,,,,,,,,,,,,,,,,,,,,,,,,,,,,,,,,,,,,,,,,,,,,,,
,,,,,,,,,,,,,,,,,,,,,,,,,,,,,,,,,,,,,,,,,,,,,,,,,,,,,,,,,,,,,,,,,,,,,,,,,,,,,,,,,,,,,,,,,,,,,,,,,,,,,,,,,,,,,,,,,,,,,,,,,,,,,,,,,,,,,,,,,,,,,,,,,,,,,,,,,,,,,,,,,,,,,,,,,,,,,,,,,,,,,,,,,,,,,,,,,,,,,,,,,,,,,,,,,,,,,,,,,,,,,,,,,,,,,,,,,,,,,,,,,,,,,,,,,,,,,,,,,,,,,,,,,,,,,,,,,,,,,,,,,,,,,,,,,,,,,,,,,,,,,,,,,,,,,,,,,,,,,,,,,,,,,,,,,,,,,,,,,,,,,,,,,,,,,,,,,,,,,,,,,,,,,,,,,,,,,,,,,,,,,,,,,,,,,,,,,,,,,,,,,,,,,,,,,,,,,,,,,,,,,,,,,,,,,,,,,,,,,,,,,,,,,,,,,,,,,,,,,,,,,,,,,,,,,,,,,,,,,,,,,,,,,,,,,,,,,,,,,,,,,,,,,,,,,,,,,,,,,,,,,,,,,,,,,,,,,,,,,,,,,,,,,,,,,,,,,,,,,,,,,,,,,,,,,,,,,,,,,,,,,,,,,,,,,,,,,,,,,,,,,,,,,,,,,,,,,,,,,,,,,,,,,,,,,,,,,,,,,,,,,,,,,,,,,,,,,,,,,,,,,,,,,,,,,,,,,,,,,,,,,,,,,,,,,,,,,,,,,,,,,,,,,,,,,,,,,,,,,,,,,,,,,,,,,,,,,,,,,,,,,,,,,,,,,,,,,,,,,,,,,,,,,,,,,,,,,,,,,,,,,,,,,,,,,,,,,,,,,,,,,,,,,,,,,,,,,,,,,,,,,,,,,,,,,,,,,,,,,,,,,,,,,,,,,,,,,,,,,,,,,,,,,,,,,,,,,,,,,,,,,,,,,,,,,,,,,,,,,,,,,,,,,,,,,,,,,,,,,,,,,,,,,,,,,,,,,,,,,,,,,,,,,,,,,,,,,,,,,,,,,,,,,,,,,,,,,,,,,,,,,,,,,,,,,,,,,,,,,,,,,,,,,,,,,,,,,,,,,,,,,,,,,,,,,,,,,,,,,,,,,,,,,,,,,,,,,,,,,,,,,,,,,,,,,,,,,,,,,,,,,,,,,,,,,,,,,,,,,,,,,,,,,,,,,,,,,,,,,,,,,,,,,,,,,,,,,,,,,,,,,,,,,,,,,,,,,,,,,,,,,,,,,,,,,,,,,,,,,,,,,,,,,,,,,,,,,,,,,,,,,,,,,,,,,,,,,,,,,,,,,,,,,,,,,,,,,,,,,,,,,,,,,,,,,,,,,,,,,,,,,,,,,,,,,,,,,,,,,,,,,,,,,,,,,,,,,,,,,,,,,,,,,,,,,,,,,,,,,,,,,,,,,,,,,,,,,,,,,,,,,,,,,,,,,,,,,,,,,,,,,,,,,,,,,,,,,,,,,,,,,,,,,,,,,,,,,,,,,,,,,,,,,,,,,,,,,,,,,,,,,,,,,,,,,,,,,,,,,,,,,,,,,,,,,,,,,,,,,,,,,,,,,,,,,,,,,,,,,,,,,,,,,,,,,,,,,,,,,,,,,,,,,,,,,,,,,,,,,,,,,,,,,,,,,,,,,,,,,,,,,,,,,,,,,,,,,,,,,,,,,,,,,,,,,,,,,,,,,,,,,,,,,,,,,,,,,,,,,,,,,,,,,,,,,,,,,,,,,,,,,,,,,,,,,,,,,,,,,,,,,,,,,,,,,,,,,,,,,,,,,,,,,,,,,,,,,,,,,,,,,,,,,,,,,,,,,,,,,,,,,,,,,,,,,,,,,,,,,,,,,,,,,,,,,,,,,,,,,,,,,,,,,,,,,,,,,,,,,,,,,,,,,,,,,,,,,,,,,,,,,,,,,,,,,,,,,,,,,,,,,,,,,,,,,,,,,,,,,,,,,,,,,,,,,,,,,,,,,,,,,,,,,,,,,,,,,,,,,,,,,,,,,,,,,,,,,,,,,,,,,,,,,,,,,,,,,,,,,,,,,,,,,,,,,,,,,,,,,,,,,,,,,,,,,,,,,,,,,,,,,,,,,,,,,,,,,,,,,,,,,,,,,,,,,,,,,,,,,,,,,,,,,,,,,,,,,,,,,,,,,,,,,,,,,,,,,,,,,,,,,,,,,,,,,,,,,,,,,,,,,,,,,,,
,,,,,,,,,,,,,,,,,,,,,,,,,,,,,,,,,,,,,,,,,,,,,,,,,,,,,,,,,,,,,,,,,,,,,,,,,,,,,,,,,,,,,,,,,,,,,,,,,,,,,,,,,,,,,,,,,,,,,,,,,,,,,,,,,,,,,,,,,,,,,,,,,,,,,,,,,,,,,,,,,,,,,,,,,,,,,,,,,,,,,,,,,,,,,,,,,,,,,,,,,,,,,,,,,,,,,,,,,,,,,,,,,,,,,,,,,,,,,,,,,,,,,,,,,,,,,,,,,,,,,,,,,,,,,,,,,,,,,,,,,,,,,,,,,,,,,,,,,,,,,,,,,,,,,,,,,,,,,,,,,,,,,,,,,,,,,,,,,,,,,,,,,,,,,,,,,,,,,,,,,,,,,,,,,,,,,,,,,,,,,,,,,,,,,,,,,,,,,,,,,,,,,,,,,,,,,,,,,,,,,,,,,,,,,,,,,,,,,,,,,,,,,,,,,,,,,,,,,,,,,,,,,,,,,,,,,,,,,,,,,,,,,,,,,,,,,,,,,,,,,,,,,,,,,,,,,,,,,,,,,,,,,,,,,,,,,,,,,,,,,,,,,,,,,,,,,,,,,,,,,,,,,,,,,,,,,,,,,,,,,,,,,,,,,,,,,,,,,,,,,,,,,,,,,,,,,,,,,,,,,,,,,,,,,,,,,,,,,,,,,,,,,,,,,,,,,,,,,,,,,,,,,,,,,,,,,,,,,,,,,,,,,,,,,,,,,,,,,,,,,,,,,,,,,,,,,,,,,,,,,,,,,,,,,,,,,,,,,,,,,,,,,,,,,,,,,,,,,,,,,,,,,,,,,,,,,,,,,,,,,,,,,,,,,,,,,,,,,,,,,,,,,,,,,,,,,,,,,,,,,,,,,,,,,,,,,,,,,,,,,,,,,,,,,,,,,,,,,,,,,,,,,,,,,,,,,,,,,,,,,,,,,,,,,,,,,,,,,,,,,,,,,,,,,,,,,,,,,,,,,,,,,,,,,,,,,,,,,,,,,,,,,,,,,,,,,,,,,,,,,,,,,,,,,,,,,,,,,,,,,,,,,,,,,,,,,,,,,,,,,,,,,,,,,,,,,,,,,,,,,,,,,,,,,,,,,,,,,,,,,,,,,,,,,,,,,,,,,,,,,,,,,,,,,,,,,,,,,,,,,,,,,,,,,,,,,,,,,,,,,,,,,,,,,,,,,,,,,,,,,,,,,,,,,,,,,,,,,,,,,,,,,,,,,,,,,,,,,,,,,,,,,,,,,,,,,,,,,,,,,,,,,,,,,,,,,,,,,,,,,,,,,,,,,,,,,,,,,,,,,,,,,,,,,,,,,,,,,,,,,,,,,,,,,,,,,,,,,,,,,,,,,,,,,,,,,,,,,,,,,,,,,,,,,,,,,,,,,,,,,,,,,,,,,,,,,,,,,,,,,,,,,,,,,,,,,,,,,,,,,,,,,,,,,,,,,,,,,,,,,,,,,,,,,,,,,,,,,,,,,,,,,,,,,,,,,,,,,,,,,,,,,,,,,,,,,,,,,,,,,,,,,,,,,,,,,,,,,,,,,,,,,,,,,,,,,,,,,,,,,,,,,,,,,,,,,,,,,,,,,,,,,,,,,,,,,,,,,,,,,,,,,,,,,,,,,,,,,,,,,,,,,,,,,,,,,,,,,,,,,,,,,,,,,,,,,,,,,,,,,,,,,,,,,,,,,,,,,,,,,,,,,,,,,,,,,,,,,,,,,,,,,,,,,,,,,,,,,,,,,,,,,,,,,,,,,,,,,,,,,,,,,,,,,,,,,,,,,,,,,,,,,,,,,,,,,,,,,,,,,,,,,,,,,,,,,,,,,,,,,,,,,,,,,,,,,,,,,,,,,,,,,,,,,,,,,,,,,,,,,,,,,,,,,,,,,,,,,,,,,,,,,,,,,,,,,,,,,,,,,,,,,,,,,,,,,,,,,,,,,,,,,,,,,,,,,,,,,,,,,,,,,,,,,,,,,,,,,,,,,,,,,,,,,,,,,,,,,,,,,,,,,,,,,,,,,,,,,,,,,,,,,,,,,,,,,,,,,,,,,,,,,,,,,,,,,,,,,,,,,,,,,,,,,,,,,,,,,,,,,,,,,,,,,,,,,,,,,,,,,,,,,,,,,,,,,,,,,,,,,,,,,,,,,,,,,,,,,,,,,,,,,,,,,,,,,,,,,,,,,,,,,,,,,,,,,,,,,,,,,,,,,,,
,,,,,,,,,,,,,,,,,,,,,,,,,,,,,,,,,,,,,,,,,,,,,,,,,,,,,,,,,,,,,,,,,,,,,,,,,,,,,,,,,,,,,,,,,,,,,,,,,,,,,,,,,,,,,,,,,,,,,,,,,,,,,,,,,,,,,,,,,,,,,,,,,,,,,,,,,,,,,,,,,,,,,,,,,,,,,,,,,,,,,,,,,,,,,,,,,,,,,,,,,,,,,,,,,,,,,,,,,,,,,,,,,,,,,,,,,,,,,,,,,,,,,,,,,,,,,,,,,,,,,,,,,,,,,,,,,,,,,,,,,,,,,,,,,,,,,,,,,,,,,,,,,,,,,,,,,,,,,,,,,,,,,,,,,,,,,,,,,,,,,,,,,,,,,,,,,,,,,,,,,,,,,,,,,,,,,,,,,,,,,,,,,,,,,,,,,,,,,,,,,,,,,,,,,,,,,,,,,,,,,,,,,,,,,,,,,,,,,,,,,,,,,,,,,,,,,,,,,,,,,,,,,,,,,,,,,,,,,,,,,,,,,,,,,,,,,,,,,,,,,,,,,,,,,,,,,,,,,,,,,,,,,,,,,,,,,,,,,,,,,,,,,,,,,,,,,,,,,,,,,,,,,,,,,,,,,,,,,,,,,,,,,,,,,,,,,,,,,,,,,,,,,,,,,,,,,,,,,,,,,,,,,,,,,,,,,,,,,,,,,,,,,,,,,,,,,,,,,,,,,,,,,,,,,,,,,,,,,,,,,,,,,,,,,,,,,,,,,,,,,,,,,,,,,,,,,,,,,,,,,,,,,,,,,,,,,,,,,,,,,,,,,,,,,,,,,,,,,,,,,,,,,,,,,,,,,,,,,,,,,,,,,,,,,,,,,,,,,,,,,,,,,,,,,,,,,,,,,,,,,,,,,,,,,,,,,,,,,,,,,,,,,,,,,,,,,,,,,,,,,,,,,,,,,,,,,,,,,,,,,,,,,,,,,,,,,,,,,,,,,,,,,,,,,,,,,,,,,,,,,,,,,,,,,,,,,,,,,,,,,,,,,,,,,,,,,,,,,,,,,,,,,,,,,,,,,,,,,,,,,,,,,,,,,,,,,,,,,,,,,,,,,,,,,,,,,,,,,,,,,,,,,,,,,,,,,,,,,,,,,,,,,,,,,,,,,,,,,,,,,,,,,,,,,,,,,,,,,,,,,,,,,,,,,,,,,,,,,,,,,,,,,,,,,,,,,,,,,,,,,,,,,,,,,,,,,,,,,,,,,,,,,,,,,,,,,,,,,,,,,,,,,,,,,,,,,,,,,,,,,,,,,,,,,,,,,,,,,,,,,,,,,,,,,,,,,,,,,,,,,,,,,,,,,,,,,,,,,,,,,,,,,,,,,,,,,,,,,,,,,,,,,,,,,,,,,,,,,,,,,,,,,,,,,,,,,,,,,,,,,,,,,,,,,,,,,,,,,,,,,,,,,,,,,,,,,,,,,,,,,,,,,,,,,,,,,,,,,,,,,,,,,,,,,,,,,,,,,,,,,,,,,,,,,,,,,,,,,,,,,,,,,,,,,,,,,,,,,,,,,,,,,,,,,,,,,,,,,,,,,,,,,,,,,,,,,,,,,,,,,,,,,,,,,,,,,,,,,,,,,,,,,,,,,,,,,,,,,,,,,,,,,,,,,,,,,,,,,,,,,,,,,,,,,,,,,,,,,,,,,,,,,,,,,,,,,,,,,,,,,,,,,,,,,,,,,,,,,,,,,,,,,,,,,,,,,,,,,,,,,,,,,,,,,,,,,,,,,,,,,,,,,,,,,,,,,,,,,,,,,,,,,,,,,,,,,,,,,,,,,,,,,,,,,,,,,,,,,,,,,,,,,,,,,,,,,,,,,,,,,,,,,,,,,,,,,,,,,,,,,,,,,,,,,,,,,,,,,,,,,,,,,,,,,,,,,,,,,,,,,,,,,,,,,,,,,,,,,,,,,,,,,,,,,,,,,,,,,,,,,,,,,,,,,,,,,,,,,,,,,,,,,,,,,,,,,,,,,,,,,,,,,,,,,,,,,,,,,,,,,,,,,,,,,,,,,,,,,,,,,,,,,,,,,,,,,,,,,,,,,,,,,,,,,,,,,,,,,,,,,,,,,,,,,,,,,,,,,,,,,,,,,,,,,,,,,,,,,,,,,,,,,,,,,,,,,,,,,,,,,,,,,,,,,,,,,,,,,,,,,,,,,,,,,,,,,,,,,,,,,,,,,,,,,,,,,,,,,,,,,,,,,,,
3313,3281,2503,2429,2354,2412,2292,2362,2334,2362,2292,2412,2354,2429,2503,3281,3715,3484,2403,2391,2265,2301,2361,2285,2325,2392,2248,2354,2356,2269,2585,3502,4070,3850,2740,2507,2142,2259,2296,2211,2312,2249,2189,2234,2243,2358,2778,3851,4205,3982,2840,2519,2271,2213,2329,2072,2299,2221,2207,2305,2288,2527,2871,3983,4014,3794,2659,2370,2279,2252,2235,2214,2242,2271,2198,2268,2199,2477,2645,3793,3709,3484,2453,2185,2336,2243,2258,2307,2221,2211,2278,2289,2285,2331,2597,3484,3260,3079,2199,2097,2258,2252,2200,2258,2224,2278,2067,2274,2304,2330,2331,3082,3084,2859,2198,2228,2110,2193,2215,2139,2059,2139,2261,2242,2321,2342,2140,2829,3170,2924,2293,2337,2312,2243,2231,2205,2293,2400,2360,2246,2191,2327,2303,2966,3472,3237,2451,2439,2366,2321,2363,2412,2820,2738,2527,2495,2383,2282,2575,3259,3873,3649,3125,3101,2999,3164,3378,3036,3758,3720,3237,2967,2647,3208,3389,3620,4485,4274,3690,3801,3651,3410,3945,3915,4387,4341,3986,3920,3617,3514,4023,4309,4838,4603,3965,4162,4084,3668,4066,4135,4490,4462,4224,4199,3960,3555,4267,4659,4777,4537,4038,4149,4083,3952,3943,4003,4145,4222,4104,4094,3897,3796,4227,4608,4268,3996,3858,3804,3749,3804,3769,3657,3668,3746,3576,3629,3407,3563,3924,4170,4015,3777,3394,3307,3366,3512,3528,3576,3431,3334,3055,3260,3143,3379,3617,3815,3861,3670,2999,2854,3013,3121,3236,3268,3302,3233,2984,2787,2968,3164,3361,3637,4140,3919,2865,2634,2618,2814,2985,3022,3017,2993,2800,2569,2781,2864,3060,3914,4640,4416,3222,2853,2858,2781,2936,2994,3067,3012,2554,2525,2765,2818,3340,4418,4755,4529,3316,3011,2898,2732,3117,3251,3272,3198,2792,2533,2990,2747,3484,4533,4521,4295,3053,2859,2783,2788,3132,3282,3460,3433,2957,2900,2929,2872,3320,4299,4019,3810,3380,2994,2918,3074,3267,3342,3496,3513,3157,3319,3505,3482,3354,3756,4416,4265,3863,3390,3210,3314,3398,3531,3731,3736,3467,3714,3940,3941,3826,4047,4424,4279,3850,3262,3305,3384,3317,3481,3622,3772,3542,3747,3984,4006,3924,4036,4033,3881,3424,3042,3104,3152,3098,3328,3469,3449,3285,3401,3664,3718,3640,3658,3446,3124,2814,2578,2507,2573,2817,2970,3219,3082,2677,2754,3014,3063,3064,3264,3371,3175,2659,2629,2460,2555,2705,2785,2993,2857,2603,2575,2605,2680,2783,3188,3176,2865,2583,2613,2310,2350,2468,2581,2660,2607,2548,2363,2489,2500,2449,2977,3125,2994,2409,2465,2373,2424,2442,2662,2780,2562,2422,2460,2476,2338,2466,2968,3273,3064,2688,2635,2512,2361,2379,2732,2907,2796,2426,2407,2497,2565,2632,3024,3469,3384,3082,2845,2371,2380,2530,2691,2983,2962,2545,2443,2624,2507,2973,3065,3655,3584,3335,3068,2680,2461,2741,2746,3158,3105,2533,2713,2781,2593,3236,3337,3835,3627,3220,3026,2512,2838,2969,3000,3345,3274,2841,2881,3078,2805,3158,3627,3802,3641,2907,2688,2781,2954,2998,3009,3218,3228,2956,2851,3149,3061,2776,3551,3475,3362,2918,2492,2772,2825,2883,2866,2925,3001,2841,2635,2913,2899,2795,3212,3088,2956,2632,2453,2486,2453,2533,2559,2787,2683,2429,2396,2506,2451,2398,2888,2912,2702,2386,2480,2464,2327,2452,2382,2561,2520,2384,2404,2400,2410,2475,2777,2902,2773,2422,2388,2433,2360,2341,2475,2503,2440,2486,2346,2303,2362,2485,2659,2802,2668,2360,2373,2428,2398,2398,2423,2644,2625,2497,2357,2372,2334,2283,2561,3023,2867,2535,2303,2253,2436,2495,2573,2757,2684,2357,2383,2327,2280,2314,2827,3018,2853,2571,2402,2233,2424,2473,2721,2841,2772,2453,2408,2409,2347,2465,2852,3105,2987,2617,2564,2455,2346,2523,2551,2771,2683,2448,2412,2429,2406,2481,2804,3203,3110,2676,2477,2447,2164,2545,2581,2828,2748,2452,2271,2520,2424,2527,2786,3042,2933,2260,2382,2345,2243,2429,2557,2819,2781,2462,2362,2464,2404,2442,2680,2905,2777,2446,2479,2228,2407,2446,2496,2657,2643,2355,2507,2551,2382,2685,2722,3037,2943,2526,2600,2397,2508,2574,2709,2993,2966,2457,2523,2645,2484,2809,2786,3015,2955,2493,2469,2571,2479,2562,2793,2893,2899,2445,2366,2532,2342,2734,2820,2978,2715,2466,2332,2428,2363,2494,2612,2582,2474,2241,2303,2293,2306,2424,2825,2957,2696,2440,2437,2403,2361,2466,2491,2567,2115,2119,2199,2145,2266,2332,2763,3052,2856,2457,2396,2329,2288,2379,2520,2391,2349,2232,2244,2227,2284,2348,2819,3822,3598,2483,2131,2286,2383,2350,2516,2354,2268,2346,2213,2264,2259,2527,3600,4384,4160,3053,2585,2363,2457,2407,2525,2531,2412,2430,2420,2332,2659,3042,4159,4486,4262,3164,2696,2449,2584,2456,2635,2577,2455,2391,2506,2370,2743,3150,4261,4221,4000,2935,2393,2377,2366,2475,2663,2587,2417,2481,2504,2377,2491,2889,3995,3667,3448,2504,2239,2306,2201,2326,2510,2544,2376,2279,2397,2459,2343,2416,3442,3242,3006,2339,2409,2233,2209,2318,2427,2376,2323,2173,2359,2300,2250,2420,3024,2801,2651,2394,2335,2321,2280,2491,2487,2532,2433,2202,2329,2215,2304,2428,2654,2426,2500,2359,2276,2091,2372,2532,2546,2509,2326,2175,2252,2125,2136,2364,2407,2555,2414,2406,2347,2407,2463,2505,2543,2613,2456,2268,2282,2365,2400,2457,2529,2912,2627,2663,2514,2336,2670,2792,2975,3068,2846,2560,2374,2340,2429,2527,2719,3009,2770,2663,2542,2217,2646,2720,3088,3181,2938,2585,2386,2390,2421,2445,2814,3355,3150,2496,2261,2345,2438,2566,2921,3067,2795,2365,2445,2457,2496,2484,3144,4531,4310,3193,2735,2625,2484,2565,3127,3251,2930,2460,2698,2676,2740,3184,4309,4906,4684,3552,3109,3001,2712,2936,3521,3601,3143,2779,2861,2959,3108,3574,4684,4894,4672,3534,3043,3033,2745,3086,3571,3650,3343,2865,2819,2963,3079,3589,4676,4530,4305,3188,2677,2735,2591,2922,3308,3395,3226,2702,2666,2568,2740,3245,4309,3878,3662,2729,2605,2447,2444,2532,2794,2758,2795,2593,2588,2546,2362,2615,3650,3628,3388,2342,2423,2447,2533,2389,2488,2534,2396,2421,2521,2612,2355,2417,3408,3303,3103,2288,2159,2470,2479,2290,2455,2520,2442,2415,2544,2546,2258,2436,3088,3309,3121,2394,2175,2369,2331,2289,2553,2574,2443,2382,2335,2338,2197,2406,3081,3334,3143,2490,2298,2413,2452,2345,2507,2652,2529,2277,2292,2337,2096,2294,3081,3317,3125,2490,2298,2273,2300,2320,2248,2494,2392,2202,2330,2196,2107,2290,3069,3108,2971,2408,2232,2262,2301,2314,2294,2754,2733,2347,2498,2691,2557,2501,2831,3788,3603,2894,2532,2483,2312,2681,2660,3230,3233,2857,3137,3280,3115,2947,3529,3913,3723,3053,2740,2775,2468,2906,2832,3378,3261,2893,3278,3439,3296,2980,3668,3595,3404,2895,2621,2707,2542,2793,2720,3210,3135,2530,3056,3253,3133,2711,3381,3294,3074,2607,2506,2551,2482,2540,2503,2816,2803,2325,2507,2631,2241,2656,3136,3403,3176,2648,2485,2379,2318,2397,2524,2663,2673,2478,2400,2372,2558,2770,3185,3417,3204,2466,2367,2290,2369,2293,2390,2590,2514,2319,2284,2282,2408,2657,3222,3590,3370,2373,2366,2301,2259,2394,2273,2435,2488,2133,2227,2277,2401,2492,3363,3893,3670,2542,2444,2497,2387,2343,2529,2569,2324,2166,2385,2300,2438,2576,3664,3838,3613,2365,2370,2424,2357,2363,2718,2818,2548,2236,2292,2307,2310,2488,3609,3454,3223,2406,2445,2411,2226,2412,2582,2732,2472,2432,2395,2310,2245,2390,3233,3176,2921,2537,2533,2457,2249,2397,2357,2608,2490,2412,2484,2598,2568,2493,2999,3302,3112,2590,2504,2340,2303,2403,2731,2919,2856,2574,2592,2855,2915,2863,3057,3118,2916,2475,2346,2301,2386,2399,2581,2854,2842,2596,2494,2836,2904,2884,2953,3299,3082,2485,2284,2178,2384,2424,2381,2382,2388,2316,2447,2581,2590,2639,3129,3361,3128,2487,2408,2290,2401,2446,2353,2465,2328,2279,2331,2458,2451,2388,3122,3585,3352,2578,2552,2393,2274,2420,2470,2481,2249,2446,2426,2513,2241,2512,3379,3641,3418,2410,2498,2369,2219,2287,2482,2518,2334,2520,2422,2443,2354,2459,3428,3348,3114,2423,2454,2213,2222,2385,2488,2490,2604,2525,2432,2353,2204,2366,3134,3026,2765,2336,2152,2344,2321,2249,2497,2524,2672,2552,2403,2301,2209,2241,2811,2909,2639,2353,2302,2337,2305,2244,2343,2512,2611,2440,2352,2294,2278,2333,2555,2675,2524,2295,2326,2212,2217,2172,2247,2473,2574,2499,2311,2329,2341,2316,2519,2848,2640,2220,2173,2363,2303,2235,2260,2330,2469,2419,2379,2322,2332,2230,2666,2843,2533,2257,2340,2401,2343,2355,2542,2715,2558,2174,2183,2214,2226,2312,2690,3229,3025,2274,2272,2430,2407,2381,2778,2968,2747,2342,2171,2329,2272,2413,3004,3272,3067,2402,2252,2357,2401,2287,2642,2853,2601,2355,2195,2431,2316,2361,3054,2986,2770,2305,2347,2361,2380,2398,2446,2411,2414,2184,2189,2430,2357,2271,2772,3096,2860,2326,2366,2251,2395,2450,2419,2279,2511,2411,2432,2502,2399,2245,2876,3366,3124,2209,2272,2245,2307,2251,2273,2539,2548,2349,2355,2463,2256,2224,3139,3293,3061,2239,2272,2248,2196,2244,2282,2337,2475,2383,2349,2437,2267,2177,3049,2668,2510,2411,2437,2345,2322,2376,2404,2421,2369,2343,2335,2421,2325,2402,2389,2984,2777,2311,2293,2258,2311,2351,2221,2328,2273,2304,2298,2212,2289,2457,2842,3047,2847,2172,2202,2235,2171,2345,2401,2390,2274,2401,2316,2227,2131,2297,2765,3814,3599,2582,2303,2368,2159,2324,2598,2675,2422,2313,2360,2363,2199,2486,3591,4254,4031,2964,2563,2388,2246,2247,2727,3020,2919,2317,2353,2300,2586,2842,4026,4320,4097,3013,2598,2207,2366,2357,3043,3260,3092,2480,2338,2352,2617,2896,4092,4064,3848,2795,2398,2226,2379,2535,2977,3168,2940,2469,2414,2323,2486,2682,3844,3513,3275,2349,2356,2380,2344,2505,2583,2590,2483,2459,2371,2366,2439,2497,3311,3533,3355,2335,2385,2240,2229,2369,2480,2476,2390,2307,2292,2305,2431,2477,3353,3907,3675,2510,2444,2325,2262,2359,2504,2569,2461,2369,2340,2254,2451,2691,3695,3952,3724,2551,2428,2336,2198,2369,2512,2324,2434,2395,2427,2430,2301,2711,3738,3714,3492,2543,2395,2275,2362,2356,2433,2398,2395,2454,2402,2343,2328,2391,3491,3231,3022,2459,2422,2188,2295,2387,2346,2325,2256,2327,2181,2288,2356,2319,2974,3453,3241,2389,2231,2134,2224,2343,2289,2541,2535,2315,2424,2437,2328,2367,3206,3463,3257,2450,2287,2291,2310,2452,2384,2869,2888,2554,2652,2670,2492,2565,3234,3417,3159,2571,2486,2436,2140,2357,2446,2962,2923,2514,2614,2828,2717,2738,3215,3182,2950,2513,2438,2457,2256,2220,2315,2698,2657,2333,2393,2635,2589,2624,2957,2932,2718,2397,2072,2308,2032,2218,2245,2128,2302,2313,2147,2181,2141,2379,2737,2697,2462,2206,2099,2066,1996,2123,1919,2122,2241,2174,2215,2151,2232,2236,2464,2567,2456,2145,2159,2099,2205,2243,2082,2299,2326,2292,2197,2168,2128,2238,2285,2841,2646,2093,2149,2136,2110,1978,2097,2288,2352,2163,2156,2252,2231,2182,2601,2741,2535,2052,2121,2117,2054,2112,2113,2187,2170,2196,2191,2103,1983,2081,2582,2828,2644,2121,1999,2001,2155,2129,2040,1983,2032,2162,2146,1983,1879,2029,2572,3071,2865,2125,1977,1903,1959,1873,2006,2226,2167,2125,2083,1987,1987,1881,2837,2985,2760,1951,1942,2036,1968,2036,2058,2189,1941,2080,2022,1936,2019,2018,2775,2685,2461,1949,2021,2065,2037,2032,2204,2304,2200,1990,1952,2068,2127,2188,2495
,,,,,,,,,,,,,,,,,,,,,,,,,,,,,,,,,,,,,,,,,,,,,,,,,,,,,,,,,,,,,,,,,,,,,,,,,,,,,,,,,,,,,,,,,,,,,,,,,,,,,,,,,,,,,,,,,,,,,,,,,,,,,,,,,,,,,,,,,,,,,,,,,,,,,,,,,,,,,,,,,,,,,,,,,,,,,,,,,,,,,,,,,,,,,,,,,,,,,,,,,,,,,,,,,,,,,,,,,,,,,,,,,,,,,,,,,,,,,,,,,,,,,,,,,,,,,,,,,,,,,,,,,,,,,,,,,,,,,,,,,,,,,,,,,,,,,,,,,,,,,,,,,,,,,,,,,,,,,,,,,,,,,,,,,,,,,,,,,,,,,,,,,,,,,,,,,,,,,,,,,,,,,,,,,,,,,,,,,,,,,,,,,,,,,,,,,,,,,,,,,,,,,,,,,,,,,,,,,,,,,,,,,,,,,,,,,,,,,,,,,,,,,,,,,,,,,,,,,,,,,,,,,,,,,,,,,,,,,,,,,,,,,,,,,,,,,,,,,,,,,,,,,,,,,,,,,,,,,,,,,,,,,,,,,,,,,,,,,,,,,,,,,,,,,,,,,,,,,,,,,,,,,,,,,,,,,,,,,,,,,,,,,,,,,,,,,,,,,,,,,,,,,,,,,,,,,,,,,,,,,,,,,,,,,,,,,,,,,,,,,,,,,,,,,,,,,,,,,,,,,,,,,,,,,,,,,,,,,,,,,,,,,,,,,,,,,,,,,,,,,,,,,,,,,,,,,,,,,,,,,,,,,,,,,,,,,,,,,,,,,,,,,,,,,,,,,,,,,,,,,,,,,,,,,,,,,,,,,,,,,,,,,,,,,,,,,,,,,,,,,,,,,,,,,,,,,,,,,,,,,,,,,,,,,,,,,,,,,,,,,,,,,,,,,,,,,,,,,,,,,,,,,,,,,,,,,,,,,,,,,,,,,,,,,,,,,,,,,,,,,,,,,,,,,,,,,,,,,,,,,,,,,,,,,,,,,,,,,,,,,,,,,,,,,,,,,,,,,,,,,,,,,,,,,,,,,,,,,,,,,,,,,,,,,,,,,,,,,,,,,,,,,,,,,,,,,,,,,,,,,,,,,,,,,,,,,,,,,,,,,,,,,,,,,,,,,,,,,,,,,,,,,,,,,,,,,,,,,,,,,,,,,,,,,,,,,,,,,,,,,,,,,,,,,,,,,,,,,,,,,,,,,,,,,,,,,,,,,,,,,,,,,,,,,,,,,,,,,,,,,,,,,,,,,,,,,,,,,,,,,,,,,,,,,,,,,,,,,,,,,,,,,,,,,,,,,,,,,,,,,,,,,,,,,,,,,,,,,,,,,,,,,,,,,,,,,,,,,,,,,,,,,,,,,,,,,,,,,,,,,,,,,,,,,,,,,,,,,,,,,,,,,,,,,,,,,,,,,,,,,,,,,,,,,,,,,,,,,,,,,,,,,,,,,,,,,,,,,,,,,,,,,,,,,,,,,,,,,,,,,,,,,,,,,,,,,,,,,,,,,,,,,,,,,,,,,,,,,,,,,,,,,,,,,,,,,,,,,,,,,,,,,,,,,,,,,,,,,,,,,,,,,,,,,,,,,,,,,,,,,,,,,,,,,,,,,,,,,,,,,,,,,,,,,,,,,,,,,,,,,,,,,,,,,,,,,,,,,,,,,,,,,,,,,,,,,,,,,,,,,,,,,,,,,,,,,,,,,,,,,,,,,,,,,,,,,,,,,,,,,,,,,,,,,,,,,,,,,,,,,,,,,,,,,,,,,,,,,,,,,,,,,,,,,,,,,,,,,,,,,,,,,,,,,,,,,,,,,,,,,,,,,,,,,,,,,,,,,,,,,,,,,,,,,,,,,,,,,,,,,,,,,,,,,,,,,,,,,,,,,,,,,,,,,,,,,,,,,,,,,,,,,,,,,,,,,,,,,,,,,,,,,,,,,,,,,,,,,,,,,,,,,,,,,,,,,,,,,,,,,,,,,,,,,,,,,,,,,,,,,,,,,,,,,,,,,,,,,,,,,,,,,,,,,,,,,,,,,,,,,,,,,,,,,,,,,,,,,,,,,,,,,,,,,,,,,,,,,,,,,,,,,,,,,,,,,,,,,,,,,,,,,,,,,,,,,,,,,,,,,,,,,,,,,,,,,,,,,,,,,,,,,,,,,,,,,,,,,,,,,,,,,,,,,,,,,,,,,,,,,,,,,,,,,,,,,,,,,,,,,,,,,,,
,,,,,,,,,,,,,,,,,,,,,,,,,,,,,,,,,,,,,,,,,,,,,,,,,,,,,,,,,,,,,,,,,,,,,,,,,,,,,,,,,,,,,,,,,,,,,,,,,,,,,,,,,,,,,,,,,,,,,,,,,,,,,,,,,,,,,,,,,,,,,,,,,,,,,,,,,,,,,,,,,,,,,,,,,,,,,,,,,,,,,,,,,,,,,,,,,,,,,,,,,,,,,,,,,,,,,,,,,,,,,,,,,,,,,,,,,,,,,,,,,,,,,,,,,,,,,,,,,,,,,,,,,,,,,,,,,,,,,,,,,,,,,,,,,,,,,,,,,,,,,,,,,,,,,,,,,,,,,,,,,,,,,,,,,,,,,,,,,,,,,,,,,,,,,,,,,,,,,,,,,,,,,,,,,,,,,,,,,,,,,,,,,,,,,,,,,,,,,,,,,,,,,,,,,,,,,,,,,,,,,,,,,,,,,,,,,,,,,,,,,,,,,,,,,,,,,,,,,,,,,,,,,,,,,,,,,,,,,,,,,,,,,,,,,,,,,,,,,,,,,,,,,,,,,,,,,,,,,,,,,,,,,,,,,,,,,,,,,,,,,,,,,,,,,,,,,,,,,,,,,,,,,,,,,,,,,,,,,,,,,,,,,,,,,,,,,,,,,,,,,,,,,,,,,,,,,,,,,,,,,,,,,,,,,,,,,,,,,,,,,,,,,,,,,,,,,,,,,,,,,,,,,,,,,,,,,,,,,,,,,,,,,,,,,,,,,,,,,,,,,,,,,,,,,,,,,,,,,,,,,,,,,,,,,,,,,,,,,,,,,,,,,,,,,,,,,,,,,,,,,,,,,,,,,,,,,,,,,,,,,,,,,,,,,,,,,,,,,,,,,,,,,,,,,,,,,,,,,,,,,,,,,,,,,,,,,,,,,,,,,,,,,,,,,,,,,,,,,,,,,,,,,,,,,,,,,,,,,,,,,,,,,,,,,,,,,,,,,,,,,,,,,,,,,,,,,,,,,,,,,,,,,,,,,,,,,,,,,,,,,,,,,,,,,,,,,,,,,,,,,,,,,,,,,,,,,,,,,,,,,,,,,,,,,,,,,,,,,,,,,,,,,,,,,,,,,,,,,,,,,,,,,,,,,,,,,,,,,,,,,,,,,,,,,,,,,,,,,,,,,,,,,,,,,,,,,,,,,,,,,,,,,,,,,,,,,,,,,,,,,,,,,,,,,,,,,,,,,,,,,,,,,,,,,,,,,,,,,,,,,,,,,,,,,,,,,,,,,,,,,,,,,,,,,,,,,,,,,,,,,,,,,,,,,,,,,,,,,,,,,,,,,,,,,,,,,,,,,,,,,,,,,,,,,,,,,,,,,,,,,,,,,,,,,,,,,,,,,,,,,,,,,,,,,,,,,,,,,,,,,,,,,,,,,,,,,,,,,,,,,,,,,,,,,,,,,,,,,,,,,,,,,,,,,,,,,,,,,,,,,,,,,,,,,,,,,,,,,,,,,,,,,,,,,,,,,,,,,,,,,,,,,,,,,,,,,,,,,,,,,,,,,,,,,,,,,,,,,,,,,,,,,,,,,,,,,,,,,,,,,,,,,,,,,,,,,,,,,,,,,,,,,,,,,,,,,,,,,,,,,,,,,,,,,,,,,,,,,,,,,,,,,,,,,,,,,,,,,,,,,,,,,,,,,,,,,,,,,,,,,,,,,,,,,,,,,,,,,,,,,,,,,,,,,,,,,,,,,,,,,,,,,,,,,,,,,,,,,,,,,,,,,,,,,,,,,,,,,,,,,,,,,,,,,,,,,,,,,,,,,,,,,,,,,,,,,,,,,,,,,,,,,,,,,,,,,,,,,,,,,,,,,,,,,,,,,,,,,,,,,,,,,,,,,,,,,,,,,,,,,,,,,,,,,,,,,,,,,,,,,,,,,,,,,,,,,,,,,,,,,,,,,,,,,,,,,,,,,,,,,,,,,,,,,,,,,,,,,,,,,,,,,,,,,,,,,,,,,,,,,,,,,,,,,,,,,,,,,,,,,,,,,,,,,,,,,,,,,,,,,,,,,,,,,,,,,,,,,,,,,,,,,,,,,,,,,,,,,,,,,,,,,,,,,,,,,,,,,,,,,,,,,,,,,,,,,,,,,,,,,,,,,,,,,,,,,,,,,,,,,,,,,,,,,,,,,,,,,,,,,,,,,,,,,,,,,,,,,,,,,,,,,,,,,,,,,,,,,,,,,,,,,,,,,,,,,,,,,,,,,,,,,,,
,,,,,,,,,,,,,,,,,,,,,,,,,,,,,,,,,,,,,,,,,,,,,,,,,,,,,,,,,,,,,,,,,,,,,,,,,,,,,,,,,,,,,,,,,,,,,,,,,,,,,,,,,,,,,,,,,,,,,,,,,,,,,,,,,,,,,,,,,,,,,,,,,,,,,,,,,,,,,,,,,,,,,,,,,,,,,,,,,,,,,,,,,,,,,,,,,,,,,,,,,,,,,,,,,,,,,,,,,,,,,,,,,,,,,,,,,,,,,,,,,,,,,,,,,,,,,,,,,,,,,,,,,,,,,,,,,,,,,,,,,,,,,,,,,,,,,,,,,,,,,,,,,,,,,,,,,,,,,,,,,,,,,,,,,,,,,,,,,,,,,,,,,,,,,,,,,,,,,,,,,,,,,,,,,,,,,,,,,,,,,,,,,,,,,,,,,,,,,,,,,,,,,,,,,,,,,,,,,,,,,,,,,,,,,,,,,,,,,,,,,,,,,,,,,,,,,,,,,,,,,,,,,,,,,,,,,,,,,,,,,,,,,,,,,,,,,,,,,,,,,,,,,,,,,,,,,,,,,,,,,,,,,,,,,,,,,,,,,,,,,,,,,,,,,,,,,,,,,,,,,,,,,,,,,,,,,,,,,,,,,,,,,,,,,,,,,,,,,,,,,,,,,,,,,,,,,,,,,,,,,,,,,,,,,,,,,,,,,,,,,,,,,,,,,,,,,,,,,,,,,,,,,,,,,,,,,,,,,,,,,,,,,,,,,,,,,,,,,,,,,,,,,,,,,,,,,,,,,,,,,,,,,,,,,,,,,,,,,,,,,,,,,,,,,,,,,,,,,,,,,,,,,,,,,,,,,,,,,,,,,,,,,,,,,,,,,,,,,,,,,,,,,,,,,,,,,,,,,,,,,,,,,,,,,,,,,,,,,,,,,,,,,,,,,,,,,,,,,,,,,,,,,,,,,,,,,,,,,,,,,,,,,,,,,,,,,,,,,,,,,,,,,,,,,,,,,,,,,,,,,,,,,,,,,,,,,,,,,,,,,,,,,,,,,,,,,,,,,,,,,,,,,,,,,,,,,,,,,,,,,,,,,,,,,,,,,,,,,,,,,,,,,,,,,,,,,,,,,,,,,,,,,,,,,,,,,,,,,,,,,,,,,,,,,,,,,,,,,,,,,,,,,,,,,,,,,,,,,,,,,,,,,,,,,,,,,,,,,,,,,,,,,,,,,,,,,,,,,,,,,,,,,,,,,,,,,,,,,,,,,,,,,,,,,,,,,,,,,,,,,,,,,,,,,,,,,,,,,,,,,,,,,,,,,,,,,,,,,,,,,,,,,,,,,,,,,,,,,,,,,,,,,,,,,,,,,,,,,,,,,,,,,,,,,,,,,,,,,,,,,,,,,,,,,,,,,,,,,,,,,,,,,,,,,,,,,,,,,,,,,,,,,,,,,,,,,,,,,,,,,,,,,,,,,,,,,,,,,,,,,,,,,,,,,,,,,,,,,,,,,,,,,,,,,,,,,,,,,,,,,,,,,,,,,,,,,,,,,,,,,,,,,,,,,,,,,,,,,,,,,,,,,,,,,,,,,,,,,,,,,,,,,,,,,,,,,,,,,,,,,,,,,,,,,,,,,,,,,,,,,,,,,,,,,,,,,,,,,,,,,,,,,,,,,,,,,,,,,,,,,,,,,,,,,,,,,,,,,,,,,,,,,,,,,,,,,,,,,,,,,,,,,,,,,,,,,,,,,,,,,,,,,,,,,,,,,,,,,,,,,,,,,,,,,,,,,,,,,,,,,,,,,,,,,,,,,,,,,,,,,,,,,,,,,,,,,,,,,,,,,,,,,,,,,,,,,,,,,,,,,,,,,,,,,,,,,,,,,,,,,,,,,,,,,,,,,,,,,,,,,,,,,,,,,,,,,,,,,,,,,,,,,,,,,,,,,,,,,,,,,,,,,,,,,,,,,,,,,,,,,,,,,,,,,,,,,,,,,,,,,,,,,,,,,,,,,,,,,,,,,,,,,,,,,,,,,,,,,,,,,,,,,,,,,,,,,,,,,,,,,,,,,,,,,,,,,,,,,,,,,,,,,,,,,,,,,,,,,,,,,,,,,,,,,,,,,,,,,,,,,,,,,,,,,,,,,,,,,,,,,,,,,,,,,,,,,,,,,,,,,,,,,,,,,,,,,,,,,,,,,,,,,,,,,,,,,,,,,,,,,,,,,,,,,,,,,,,,,,,,,,,,,,,,,,,,,,,,,,,,,,,,,,,
,,,,,,,,,,,,,,,,,,,,,,,,,,,,,,,,,,,,,,,,,,,,,,,,,,,,,,,,,,,,,,,,,,,,,,,,,,,,,,,,,,,,,,,,,,,,,,,,,,,,,,,,,,,,,,,,,,,,,,,,,,,,,,,,,,,,,,,,,,,,,,,,,,,,,,,,,,,,,,,,,,,,,,,,,,,,,,,,,,,,,,,,,,,,,,,,,,,,,,,,,,,,,,,,,,,,,,,,,,,,,,,,,,,,,,,,,,,,,,,,,,,,,,,,,,,,,,,,,,,,,,,,,,,,,,,,,,,,,,,,,,,,,,,,,,,,,,,,,,,,,,,,,,,,,,,,,,,,,,,,,,,,,,,,,,,,,,,,,,,,,,,,,,,,,,,,,,,,,,,,,,,,,,,,,,,,,,,,,,,,,,,,,,,,,,,,,,,,,,,,,,,,,,,,,,,,,,,,,,,,,,,,,,,,,,,,,,,,,,,,,,,,,,,,,,,,,,,,,,,,,,,,,,,,,,,,,,,,,,,,,,,,,,,,,,,,,,,,,,,,,,,,,,,,,,,,,,,,,,,,,,,,,,,,,,,,,,,,,,,,,,,,,,,,,,,,,,,,,,,,,,,,,,,,,,,,,,,,,,,,,,,,,,,,,,,,,,,,,,,,,,,,,,,,,,,,,,,,,,,,,,,,,,,,,,,,,,,,,,,,,,,,,,,,,,,,,,,,,,,,,,,,,,,,,,,,,,,,,,,,,,,,,,,,,,,,,,,,,,,,,,,,,,,,,,,,,,,,,,,,,,,,,,,,,,,,,,,,,,,,,,,,,,,,,,,,,,,,,,,,,,,,,,,,,,,,,,,,,,,,,,,,,,,,,,,,,,,,,,,,,,,,,,,,,,,,,,,,,,,,,,,,,,,,,,,,,,,,,,,,,,,,,,,,,,,,,,,,,,,,,,,,,,,,,,,,,,,,,,,,,,,,,,,,,,,,,,,,,,,,,,,,,,,,,,,,,,,,,,,,,,,,,,,,,,,,,,,,,,,,,,,,,,,,,,,,,,,,,,,,,,,,,,,,,,,,,,,,,,,,,,,,,,,,,,,,,,,,,,,,,,,,,,,,,,,,,,,,,,,,,,,,,,,,,,,,,,,,,,,,,,,,,,,,,,,,,,,,,,,,,,,,,,,,,,,,,,,,,,,,,,,,,,,,,,,,,,,,,,,,,,,,,,,,,,,,,,,,,,,,,,,,,,,,,,,,,,,,,,,,,,,,,,,,,,,,,,,,,,,,,,,,,,,,,,,,,,,,,,,,,,,,,,,,,,,,,,,,,,,,,,,,,,,,,,,,,,,,,,,,,,,,,,,,,,,,,,,,,,,,,,,,,,,,,,,,,,,,,,,,,,,,,,,,,,,,,,,,,,,,,,,,,,,,,,,,,,,,,,,,,,,,,,,,,,,,,,,,,,,,,,,,,,,,,,,,,,,,,,,,,,,,,,,,,,,,,,,,,,,,,,,,,,,,,,,,,,,,,,,,,,,,,,,,,,,,,,,,,,,,,,,,,,,,,,,,,,,,,,,,,,,,,,,,,,,,,,,,,,,,,,,,,,,,,,,,,,,,,,,,,,,,,,,,,,,,,,,,,,,,,,,,,,,,,,,,,,,,,,,,,,,,,,,,,,,,,,,,,,,,,,,,,,,,,,,,,,,,,,,,,,,,,,,,,,,,,,,,,,,,,,,,,,,,,,,,,,,,,,,,,,,,,,,,,,,,,,,,,,,,,,,,,,,,,,,,,,,,,,,,,,,,,,,,,,,,,,,,,,,,,,,,,,,,,,,,,,,,,,,,,,,,,,,,,,,,,,,,,,,,,,,,,,,,,,,,,,,,,,,,,,,,,,,,,,,,,,,,,,,,,,,,,,,,,,,,,,,,,,,,,,,,,,,,,,,,,,,,,,,,,,,,,,,,,,,,,,,,,,,,,,,,,,,,,,,,,,,,,,,,,,,,,,,,,,,,,,,,,,,,,,,,,,,,,,,,,,,,,,,,,,,,,,,,,,,,,,,,,,,,,,,,,,,,,,,,,,,,,,,,,,,,,,,,,,,,,,,,,,,,,,,,,,,,,,,,,,,,,,,,,,,,,,,,,,,,,,,,,,,,,,,,,,,,,,,,,,,,,,,,,,,,,,,,,,,,,,,,,,,,,,,,,,,,,,,,,,,,,,,,,,,,,,,,,,,,,,,,,,,,,,,,,,,,,,,,,,,,,,,,,,,,,,,
,,,,,,,,,,,,,,,,,,,,,,,,,,,,,,,,,,,,,,,,,,,,,,,,,,,,,,,,,,,,,,,,,,,,,,,,,,,,,,,,,,,,,,,,,,,,,,,,,,,,,,,,,,,,,,,,,,,,,,,,,,,,,,,,,,,,,,,,,,,,,,,,,,,,,,,,,,,,,,,,,,,,,,,,,,,,,,,,,,,,,,,,,,,,,,,,,,,,,,,,,,,,,,,,,,,,,,,,,,,,,,,,,,,,,,,,,,,,,,,,,,,,,,,,,,,,,,,,,,,,,,,,,,,,,,,,,,,,,,,,,,,,,,,,,,,,,,,,,,,,,,,,,,,,,,,,,,,,,,,,,,,,,,,,,,,,,,,,,,,,,,,,,,,,,,,,,,,,,,,,,,,,,,,,,,,,,,,,,,,,,,,,,,,,,,,,,,,,,,,,,,,,,,,,,,,,,,,,,,,,,,,,,,,,,,,,,,,,,,,,,,,,,,,,,,,,,,,,,,,,,,,,,,,,,,,,,,,,,,,,,,,,,,,,,,,,,,,,,,,,,,,,,,,,,,,,,,,,,,,,,,,,,,,,,,,,,,,,,,,,,,,,,,,,,,,,,,,,,,,,,,,,,,,,,,,,,,,,,,,,,,,,,,,,,,,,,,,,,,,,,,,,,,,,,,,,,,,,,,,,,,,,,,,,,,,,,,,,,,,,,,,,,,,,,,,,,,,,,,,,,,,,,,,,,,,,,,,,,,,,,,,,,,,,,,,,,,,,,,,,,,,,,,,,,,,,,,,,,,,,,,,,,,,,,,,,,,,,,,,,,,,,,,,,,,,,,,,,,,,,,,,,,,,,,,,,,,,,,,,,,,,,,,,,,,,,,,,,,,,,,,,,,,,,,,,,,,,,,,,,,,,,,,,,,,,,,,,,,,,,,,,,,,,,,,,,,,,,,,,,,,,,,,,,,,,,,,,,,,,,,,,,,,,,,,,,,,,,,,,,,,,,,,,,,,,,,,,,,,,,,,,,,,,,,,,,,,,,,,,,,,,,,,,,,,,,,,,,,,,,,,,,,,,,,,,,,,,,,,,,,,,,,,,,,,,,,,,,,,,,,,,,,,,,,,,,,,,,,,,,,,,,,,,,,,,,,,,,,,,,,,,,,,,,,,,,,,,,,,,,,,,,,,,,,,,,,,,,,,,,,,,,,,,,,,,,,,,,,,,,,,,,,,,,,,,,,,,,,,,,,,,,,,,,,,,,,,,,,,,,,,,,,,,,,,,,,,,,,,,,,,,,,,,,,,,,,,,,,,,,,,,,,,,,,,,,,,,,,,,,,,,,,,,,,,,,,,,,,,,,,,,,,,,,,,,,,,,,,,,,,,,,,,,,,,,,,,,,,,,,,,,,,,,,,,,,,,,,,,,,,,,,,,,,,,,,,,,,,,,,,,,,,,,,,,,,,,,,,,,,,,,,,,,,,,,,,,,,,,,,,,,,,,,,,,,,,,,,,,,,,,,,,,,,,,,,,,,,,,,,,,,,,,,,,,,,,,,,,,,,,,,,,,,,,,,,,,,,,,,,,,,,,,,,,,,,,,,,,,,,,,,,,,,,,,,,,,,,,,,,,,,,,,,,,,,,,,,,,,,,,,,,,,,,,,,,,,,,,,,,,,,,,,,,,,,,,,,,,,,,,,,,,,,,,,,,,,,,,,,,,,,,,,,,,,,,,,,,,,,,,,,,,,,,,,,,,,,,,,,,,,,,,,,,,,,,,,,,,,,,,,,,,,,,,,,,,,,,,,,,,,,,,,,,,,,,,,,,,,,,,,,,,,,,,,,,,,,,,,,,,,,,,,,,,,,,,,,,,,,,,,,,,,,,,,,,,,,,,,,,,,,,,,,,,,,,,,,,,,,,,,,,,,,,,,,,,,,,,,,,,,,,,,,,,,,,,,,,,,,,,,,,,,,,,,,,,,,,,,,,,,,,,,,,,,,,,,,,,,,,,,,,,,,,,,,,,,,,,,,,,,,,,,,,,,,,,,,,,,,,,,,,,,,,,,,,,,,,,,,,,,,,,,,,,,,,,,,,,,,,,,,,,,,,,,,,,,,,,,,,,,,,,,,,,,,,,,,,,,,,,,,,,,,,,,,,,,,,,,,,,,,,,,,,,,,,,,,,,,,,,,,,,,,,,,,,,,,,,,,,,,,,,,,,,,,,,,,,,,,,,,,,,,,,,,,,,,,,,,,,,,,,,,,,,,,,,,,,,,,,,,,,,,,
3496,3291,2348,2466,2394,2292,2173,2322,2254,2322,2173,2292,2394,2466,2348,3291,3706,3479,2534,2380,2392,2348,2297,2206,2313,2322,2269,2174,2339,2414,2423,3490,4071,3851,2748,2388,2272,2318,2279,2243,2318,2292,2295,2252,2309,2423,2705,3851,4206,3983,2865,2505,2371,2272,2281,2226,2303,2201,2282,2120,2181,2469,2868,3983,4014,3795,2662,2493,2412,2371,2236,2161,2284,2213,2281,2295,2209,2459,2707,3797,3716,3484,2311,2371,2302,2335,2281,2254,2247,2217,2220,2304,2329,2380,2462,3497,3355,3142,2334,2366,2342,2321,2331,2433,2404,2302,2302,2311,2308,2322,2311,3155,3108,2912,2339,2280,2324,2326,2211,2249,2194,2351,2277,2243,2310,2250,2430,2848,3191,3009,2345,2203,2309,2274,2221,2412,2423,2312,2305,2379,2386,2285,2426,2987,3474,3271,2521,2287,2206,2266,2349,2451,2806,2816,2716,2632,2514,2406,2632,3243,3616,3628,3518,2556,3149,3072,3318,3081,3703,3765,3552,3255,3308,3348,3619,3690,4264,4290,4115,3341,3776,3712,3865,3941,4389,4413,4251,4146,4044,3987,4223,4144,4642,4609,4202,3656,3945,3830,4022,4212,4591,4562,4420,4404,4338,4214,4369,4240,4685,4570,3880,3722,3778,3599,3762,4150,4477,4375,4192,4277,4257,4123,4138,4318,4281,4172,3750,3449,3376,3650,3481,3842,4098,3946,3467,3756,3801,3756,3800,3986,3989,3898,3404,3081,3018,3362,3260,3538,3711,3502,3282,3383,3322,3402,3590,3733,3852,3644,3223,3078,2916,2954,3111,3315,3423,3340,3097,3007,3034,3037,3320,3596,4147,3926,2968,2943,2748,2625,2818,3067,3083,2918,2710,2784,2904,2898,3065,3922,4641,4419,3242,2986,2648,2642,2816,2911,2858,2865,2797,2707,2710,2832,3290,4420,4757,4531,3331,3144,2745,2683,2891,3037,3279,3116,2828,2741,2836,2846,3425,4533,4525,4298,3059,3075,2917,2857,2990,3245,3597,3503,3085,3001,3008,2824,3280,4303,4093,3891,3102,3076,3338,3299,3378,3448,3690,3583,3066,3108,3012,2989,3427,3897,4549,4377,3783,3426,3605,3538,3535,3597,3826,3734,3493,3658,3699,3472,3855,4349,4569,4404,3852,3398,3531,3456,3392,3583,3863,3753,3504,3712,3810,3691,3945,4384,4199,4036,3463,3075,3099,3033,3009,3428,3578,3280,3182,3434,3530,3489,3682,4033,3536,3344,2625,2794,2698,2502,2733,3108,3078,2793,2792,3048,2939,2836,3068,3383,3327,3082,2490,2562,2578,2499,2603,2875,2850,2834,2721,2807,2574,2586,2824,3147,3025,2893,2550,2459,2575,2583,2315,2686,2844,2675,2469,2525,2435,2208,2477,2993,3170,2938,2500,2534,2509,2489,2346,2512,2869,2765,2630,2532,2419,2464,2565,3015,3296,2975,2608,2498,2460,2367,2462,2844,3111,3081,2850,2769,2732,2571,2713,3098,3332,2999,2839,2521,2455,2504,2673,2895,3156,3127,2861,2816,2659,2427,2955,3190,3183,2955,3138,2637,2457,2747,2766,2821,3164,3123,2593,2778,2752,2715,3316,3381,3343,3181,2746,3041,2849,2737,2759,2840,3322,3294,2698,2771,2835,3040,3501,3356,3458,3462,3357,3151,2945,2634,2862,2664,3194,3185,2818,2892,2520,3202,3470,3236,3358,3387,3232,2953,2763,2729,2817,2810,2887,2810,2529,2553,2624,3047,3181,3106,3035,2925,2761,2396,2414,2499,2552,2371,2502,2504,2480,2342,2463,2587,2655,2825,2949,2729,2667,2483,2240,2318,2269,2467,2647,2627,2347,2308,2463,2502,2450,2773,2808,2721,2615,2476,2308,2250,2454,2409,2541,2597,2441,2352,2447,2425,2497,2669,2739,2652,2525,2358,2419,2352,2443,2345,2589,2575,2144,2342,2387,2369,2424,2510,2828,2746,2504,2407,2391,2433,2481,2577,2639,2600,2319,2379,2448,2470,2404,2538,2860,2778,2580,2451,2422,2400,2491,2684,2692,2319,2321,2311,2497,2418,2590,2605,2897,2723,2620,2367,2489,2409,2579,2509,2641,2599,2492,2385,2404,2480,2823,2890,3134,2869,2759,2528,2713,2526,2544,2732,2836,2817,2584,2441,2416,2531,2965,3103,3233,3133,2869,2639,2671,2521,2466,2682,2733,2765,2604,2485,2409,2469,2828,3076,3174,3165,2895,2560,2592,2476,2451,2463,2500,2455,2556,2426,2447,2403,2470,2906,3116,3148,2865,2422,2651,2671,2622,2355,2668,2539,2501,2425,2759,2663,2754,2927,3171,3152,2862,2335,2593,2625,2497,2304,2746,2674,2422,2502,2637,2619,2653,2883,3170,3054,2601,2145,2316,2337,2363,2439,2663,2557,2520,2384,2432,2397,2370,2925,3013,2791,2218,2333,2313,2350,2364,2521,2497,2348,2389,2426,2465,2455,2459,2851,3074,2823,2367,2330,2344,2402,2465,2412,2478,2413,2382,2361,2339,2399,2435,2906,3834,3614,2561,2232,2324,2468,2499,2439,2474,2385,2405,2299,2292,2388,2421,3606,4387,4163,3047,2623,2457,2510,2477,2561,2694,2517,2391,2376,2461,2662,2998,4158,4485,4264,3151,2756,2486,2554,2470,2688,2769,2550,2465,2405,2498,2738,3121,4261,4219,3998,2919,2504,2342,2426,2416,2560,2616,2417,2329,2443,2339,2450,2872,3992,3676,3458,2505,2078,2210,2340,2437,2475,2426,2219,2359,2395,2304,2303,2498,3450,3278,3089,2481,2233,2337,2431,2527,2509,2640,2390,2394,2413,2434,2396,2435,3033,2751,2603,2412,2272,2336,2429,2513,2535,2681,2593,2417,2412,2498,2482,2412,2560,2611,2462,2259,2195,2261,2364,2450,2471,2522,2448,2351,2313,2325,2418,2404,2317,2614,2350,2256,2353,2318,2370,2570,2597,2469,2468,2395,2362,2334,2311,2405,2427,2869,2739,2545,2586,2607,2716,2903,3038,2929,2534,2613,2376,2482,2609,2637,2766,3225,3053,2561,2598,2478,2715,2936,3137,3073,2535,2623,2443,2510,2672,2787,3035,3403,3144,2330,2376,2477,2506,2591,2957,2991,2682,2559,2236,2349,2370,2678,3212,4537,4316,3198,2853,2518,2612,2715,3182,3283,2998,2738,2553,2682,2851,3216,4316,4906,4686,3541,3218,2928,2745,3042,3569,3693,3444,3005,2691,2828,3183,3570,4685,4894,4673,3503,3245,2861,2699,3056,3606,3762,3553,3111,2713,2882,3177,3549,4676,4532,4308,3077,2979,2332,2418,2660,3309,3522,3335,2961,2576,2531,2854,3181,4309,3874,3656,2530,2585,2277,2244,2556,3014,3197,3045,2613,2634,2562,2510,2724,3635,3623,3390,2208,2398,2269,2241,2436,2677,2795,2670,2539,2665,2695,2470,2455,3384,3326,3104,2294,2397,2122,2328,2315,2553,2654,2406,2483,2556,2555,2379,2358,3125,3342,3113,2234,2364,2402,2378,2326,2425,2586,2451,2387,2368,2374,2362,2306,3120,3329,3119,2431,2456,2443,2423,2389,2493,2528,2366,2400,2410,2353,2500,2419,3106,3327,3118,2417,2497,2346,2356,2370,2407,2292,2442,2305,2292,2284,2209,2402,3095,3097,2937,2457,2297,2380,2312,2450,2613,2920,2895,2596,2723,2693,2407,2489,2869,3799,3583,2765,2426,2431,2402,2826,2983,3403,3412,3184,3243,3286,3069,2976,3572,3930,3693,2745,2667,2495,2441,2946,3056,3448,3486,3326,3380,3429,3250,3111,3727,3649,3356,2765,2616,2334,2311,2701,2845,3217,3240,3122,3183,3204,3050,2952,3521,3284,3132,2811,2353,2269,2313,2477,2685,2938,2875,2620,2555,2562,2330,2414,3111,3372,3143,2566,2324,2344,2377,2569,2640,2649,2614,2568,2340,2352,2523,2296,3158,3394,3152,2398,2353,2317,2239,2422,2574,2675,2518,2529,2317,2397,2519,2381,3182,3601,3385,2471,2285,2300,2156,2310,2518,2675,2427,2468,2269,2486,2376,2411,3373,3896,3672,2590,2316,2416,2218,2360,2684,2636,2330,2366,2340,2492,2387,2546,3669,3840,3625,2607,2219,2483,2358,2515,2712,2650,2383,2457,2335,2386,2392,2496,3610,3447,3258,2342,2382,2338,2430,2378,2414,2358,2483,2481,2246,2282,2472,2337,3176,3122,2902,2352,2469,2305,2269,2371,2452,2628,2483,2452,2509,2397,2394,2442,2870,3321,3089,2483,2394,2317,2276,2247,2625,2772,2729,2444,2775,2773,2617,2387,3123,3134,3006,2425,2336,2340,2390,2225,2584,2808,2785,2488,2722,2762,2611,2292,2934,3216,2939,2451,2327,2115,2229,2232,2437,2574,2506,2225,2405,2518,2496,2442,3006,3340,3120,2506,2289,2385,2454,2353,2399,2411,2434,2294,2409,2405,2408,2369,3142,3592,3375,2614,2372,2447,2520,2461,2673,2673,2236,2318,2314,2388,2297,2273,3364,3640,3404,2503,2439,2371,2322,2152,2681,2691,2493,2502,2124,2230,2382,2555,3420,3367,3168,2473,2370,2284,2360,2186,2532,2513,2482,2357,2281,2336,2330,2461,3159,3134,2959,2302,2420,2334,2327,2375,2636,2747,2586,2434,2273,2363,2449,2459,2918,2980,2781,2273,2294,2298,2221,2339,2563,2676,2511,2271,2249,2375,2354,2388,2773,2732,2452,2398,2361,2346,2401,2332,2304,2486,2387,2398,2303,2306,2306,2412,2642,2764,2501,2441,2510,2300,2321,2205,2283,2276,2386,2405,2257,2306,2304,2405,2624,2908,2799,2480,2415,2436,2331,2385,2469,2642,2332,2350,2287,2242,2404,2415,2749,3227,3032,2651,2484,2461,2585,2622,2812,2924,2631,2241,2258,2288,2467,2484,3044,3259,3067,2581,2436,2438,2668,2703,2808,2888,2632,2200,2226,2518,2417,2412,3037,2907,2748,2514,2351,2241,2485,2518,2499,2611,2400,2448,2376,2537,2529,2410,2760,3115,2898,2484,2346,2206,2315,2097,2442,2674,2587,2430,2369,2491,2481,2448,2940,3371,3149,2332,2218,2235,2287,2369,2253,2529,2472,2488,2422,2294,2317,2235,3150,3290,3081,2350,2382,2399,2410,2448,2414,2294,2407,2387,2349,2265,2202,2367,3060,2690,2573,2415,2376,2222,2283,2311,2403,2428,2432,2276,2191,2289,2117,2347,2512,2960,2802,2438,2342,2302,2237,2194,2242,2331,2403,2299,2121,2249,2105,1958,2754,3044,2835,2232,2188,2349,2210,2225,2223,2375,2255,2274,2171,2243,2232,2261,2789,3812,3588,2435,2287,2182,2293,2399,2440,2651,2378,2249,2292,2289,2310,2471,3592,4253,4029,2874,2597,2378,2345,2650,2731,2810,2731,2263,2341,2399,2589,2840,4029,4320,4095,2940,2636,2579,2397,2764,2952,3070,2847,2473,2250,2516,2731,2867,4093,4064,3846,2720,2469,2447,2398,2653,2940,3025,2639,2528,2400,2395,2586,2573,3835,3512,3297,2429,2236,2320,2323,2316,2464,2563,2434,2460,2320,2342,2125,2393,3278,3576,3380,2514,2315,2246,2322,2224,2279,2440,2468,2444,2457,2260,2304,2426,3284,3895,3676,2571,2382,2215,2406,2300,2500,2680,2605,2444,2515,2342,2376,2556,3665,3941,3720,2541,2370,2287,2426,2416,2598,2617,2461,2309,2482,2310,2377,2629,3721,3715,3493,2488,2329,2210,2412,2507,2487,2492,2203,2174,2418,2328,2461,2529,3490,3261,3069,2416,2289,2259,2417,2496,2353,2353,2271,2217,2292,2274,2358,2400,3016,3462,3230,2356,2216,2255,2352,2400,2203,2597,2596,2387,2359,2269,2362,2273,3235,3480,3249,2560,2426,2250,2297,2476,2618,2963,2977,2764,2684,2715,2634,2559,3254,3407,3208,2704,2461,2162,2336,2287,2761,2991,3053,2850,2892,2919,2746,2775,3117,3146,2962,2555,2366,2123,2333,2365,2688,2846,2842,2606,2717,2729,2574,2662,3008,2924,2713,2368,2257,2177,2175,2269,2235,2325,2235,2107,2203,2224,2302,2479,2697,2697,2555,2174,2067,2103,2118,2194,2108,2219,2172,2166,2136,2129,2272,2267,2426,2588,2460,2181,2157,2193,2162,2194,2210,2244,2149,2108,2162,2329,2241,2238,2418,2828,2637,2231,2129,2162,2118,2140,2092,2294,2170,2157,2238,2327,2080,2145,2629,2647,2492,2245,2105,2033,1849,2132,2199,2255,2098,2070,2260,2211,2076,2146,2522,2823,2576,2138,2087,2088,1982,1948,2116,2116,2143,2005,2054,2108,2055,2148,2631,3056,2842,2014,1845,2016,1945,2021,2102,2150,2054,2071,1888,1988,2035,2148,2835,2976,2774,2107,1860,2040,2078,1988,2006,2003,2153,2012,2013,2031,1971,1966,2738,2685,2512,2189,1951,2140,2135,2110,2103,2257,2185,1934,2057,1917,1993,2027,2483
,,,,,,,,,,,,,,,,,,,,,,,,,,,,,,,,,,,,,,,,,,,,,,,,,,,,,,,,,,,,,,,,,,,,,,,,,,,,,,,,,,,,,,,,,,,,,,,,,,,,,,,,,,,,,,,,,,,,,,,,,,,,,,,,,,,,,,,,,,,,,,,,,,,,,,,,,,,,,,,,,,,,,,,,,,,,,,,,,,,,,,,,,,,,,,,,,,,,,,,,,,,,,,,,,,,,,,,,,,,,,,,,,,,,,,,,,,,,,,,,,,,,,,,,,,,,,,,,,,,,,,,,,,,,,,,,,,,,,,,,,,,,,,,,,,,,,,,,,,,,,,,,,,,,,,,,,,,,,,,,,,,,,,,,,,,,,,,,,,,,,,,,,,,,,,,,,,,,,,,,,,,,,,,,,,,,,,,,,,,,,,,,,,,,,,,,,,,,,,,,,,,,,,,,,,,,,,,,,,,,,,,,,,,,,,,,,,,,,,,,,,,,,,,,,,,,,,,,,,,,,,,,,,,,,,,,,,,,,,,,,,,,,,,,,,,,,,,,,,,,,,,,,,,,,,,,,,,,,,,,,,,,,,,,,,,,,,,,,,,,,,,,,,,,,,,,,,,,,,,,,,,,,,,,,,,,,,,,,,,,,,,,,,,,,,,,,,,,,,,,,,,,,,,,,,,,,,,,,,,,,,,,,,,,,,,,,,,,,,,,,,,,,,,,,,,,,,,,,,,,,,,,,,,,,,,,,,,,,,,,,,,,,,,,,,,,,,,,,,,,,,,,,,,,,,,,,,,,,,,,,,,,,,,,,,,,,,,,,,,,,,,,,,,,,,,,,,,,,,,,,,,,,,,,,,,,,,,,,,,,,,,,,,,,,,,,,,,,,,,,,,,,,,,,,,,,,,,,,,,,,,,,,,,,,,,,,,,,,,,,,,,,,,,,,,,,,,,,,,,,,,,,,,,,,,,,,,,,,,,,,,,,,,,,,,,,,,,,,,,,,,,,,,,,,,,,,,,,,,,,,,,,,,,,,,,,,,,,,,,,,,,,,,,,,,,,,,,,,,,,,,,,,,,,,,,,,,,,,,,,,,,,,,,,,,,,,,,,,,,,,,,,,,,,,,,,,,,,,,,,,,,,,,,,,,,,,,,,,,,,,,,,,,,,,,,,,,,,,,,,,,,,,,,,,,,,,,,,,,,,,,,,,,,,,,,,,,,,,,,,,,,,,,,,,,,,,,,,,,,,,,,,,,,,,,,,,,,,,,,,,,,,,,,,,,,,,,,,,,,,,,,,,,,,,,,,,,,,,,,,,,,,,,,,,,,,,,,,,,,,,,,,,,,,,,,,,,,,,,,,,,,,,,,,,,,,,,,,,,,,,,,,,,,,,,,,,,,,,,,,,,,,,,,,,,,,,,,,,,,,,,,,,,,,,,,,,,,,,,,,,,,,,,,,,,,,,,,,,,,,,,,,,,,,,,,,,,,,,,,,,,,,,,,,,,,,,,,,,,,,,,,,,,,,,,,,,,,,,,,,,,,,,,,,,,,,,,,,,,,,,,,,,,,,,,,,,,,,,,,,,,,,,,,,,,,,,,,,,,,,,,,,,,,,,,,,,,,,,,,,,,,,,,,,,,,,,,,,,,,,,,,,,,,,,,,,,,,,,,,,,,,,,,,,,,,,,,,,,,,,,,,,,,,,,,,,,,,,,,,,,,,,,,,,,,,,,,,,,,,,,,,,,,,,,,,,,,,,,,,,,,,,,,,,,,,,,,,,,,,,,,,,,,,,,,,,,,,,,,,,,,,,,,,,,,,,,,,,,,,,,,,,,,,,,,,,,,,,,,,,,,,,,,,,,,,,,,,,,,,,,,,,,,,,,,,,,,,,,,,,,,,,,,,,,,,,,,,,,,,,,,,,,,,,,,,,,,,,,,,,,,,,,,,,,,,,,,,,,,,,,,,,,,,,,,,,,,,,,,,,,,,,,,,,,,,,,,,,,,,,,,,,,,,,,,,,,,,,,,,,,,,,,,,,,,,,,,,,,,,,,,,,,,,,,,,,,,,,,,,,,,,,,,,,,,,,,,,,,,,,,,,,,,,,,,,,,,,,,,,,,,,,,,,,,,,,,,,,,,,,,,,,,,,,,,,,,,,,,,,,,,,,,,,,,,,,,,,,,,,,,,,,,,,,,,,,,,,,,,,,,,,,,,,,,,,,,,,,,,,,,,,,,,,,,,,,,,,,,,,,,,,,,,,,,,,,,,,,,,,,,,,,,,,
,,,,,,,,,,,,,,,,,,,,,,,,,,,,,,,,,,,,,,,,,,,,,,,,,,,,,,,,,,,,,,,,,,,,,,,,,,,,,,,,,,,,,,,,,,,,,,,,,,,,,,,,,,,,,,,,,,,,,,,,,,,,,,,,,,,,,,,,,,,,,,,,,,,,,,,,,,,,,,,,,,,,,,,,,,,,,,,,,,,,,,,,,,,,,,,,,,,,,,,,,,,,,,,,,,,,,,,,,,,,,,,,,,,,,,,,,,,,,,,,,,,,,,,,,,,,,,,,,,,,,,,,,,,,,,,,,,,,,,,,,,,,,,,,,,,,,,,,,,,,,,,,,,,,,,,,,,,,,,,,,,,,,,,,,,,,,,,,,,,,,,,,,,,,,,,,,,,,,,,,,,,,,,,,,,,,,,,,,,,,,,,,,,,,,,,,,,,,,,,,,,,,,,,,,,,,,,,,,,,,,,,,,,,,,,,,,,,,,,,,,,,,,,,,,,,,,,,,,,,,,,,,,,,,,,,,,,,,,,,,,,,,,,,,,,,,,,,,,,,,,,,,,,,,,,,,,,,,,,,,,,,,,,,,,,,,,,,,,,,,,,,,,,,,,,,,,,,,,,,,,,,,,,,,,,,,,,,,,,,,,,,,,,,,,,,,,,,,,,,,,,,,,,,,,,,,,,,,,,,,,,,,,,,,,,,,,,,,,,,,,,,,,,,,,,,,,,,,,,,,,,,,,,,,,,,,,,,,,,,,,,,,,,,,,,,,,,,,,,,,,,,,,,,,,,,,,,,,,,,,,,,,,,,,,,,,,,,,,,,,,,,,,,,,,,,,,,,,,,,,,,,,,,,,,,,,,,,,,,,,,,,,,,,,,,,,,,,,,,,,,,,,,,,,,,,,,,,,,,,,,,,,,,,,,,,,,,,,,,,,,,,,,,,,,,,,,,,,,,,,,,,,,,,,,,,,,,,,,,,,,,,,,,,,,,,,,,,,,,,,,,,,,,,,,,,,,,,,,,,,,,,,,,,,,,,,,,,,,,,,,,,,,,,,,,,,,,,,,,,,,,,,,,,,,,,,,,,,,,,,,,,,,,,,,,,,,,,,,,,,,,,,,,,,,,,,,,,,,,,,,,,,,,,,,,,,,,,,,,,,,,,,,,,,,,,,,,,,,,,,,,,,,,,,,,,,,,,,,,,,,,,,,,,,,,,,,,,,,,,,,,,,,,,,,,,,,,,,,,,,,,,,,,,,,,,,,,,,,,,,,,,,,,,,,,,,,,,,,,,,,,,,,,,,,,,,,,,,,,,,,,,,,,,,,,,,,,,,,,,,,,,,,,,,,,,,,,,,,,,,,,,,,,,,,,,,,,,,,,,,,,,,,,,,,,,,,,,,,,,,,,,,,,,,,,,,,,,,,,,,,,,,,,,,,,,,,,,,,,,,,,,,,,,,,,,,,,,,,,,,,,,,,,,,,,,,,,,,,,,,,,,,,,,,,,,,,,,,,,,,,,,,,,,,,,,,,,,,,,,,,,,,,,,,,,,,,,,,,,,,,,,,,,,,,,,,,,,,,,,,,,,,,,,,,,,,,,,,,,,,,,,,,,,,,,,,,,,,,,,,,,,,,,,,,,,,,,,,,,,,,,,,,,,,,,,,,,,,,,,,,,,,,,,,,,,,,,,,,,,,,,,,,,,,,,,,,,,,,,,,,,,,,,,,,,,,,,,,,,,,,,,,,,,,,,,,,,,,,,,,,,,,,,,,,,,,,,,,,,,,,,,,,,,,,,,,,,,,,,,,,,,,,,,,,,,,,,,,,,,,,,,,,,,,,,,,,,,,,,,,,,,,,,,,,,,,,,,,,,,,,,,,,,,,,,,,,,,,,,,,,,,,,,,,,,,,,,,,,,,,,,,,,,,,,,,,,,,,,,,,,,,,,,,,,,,,,,,,,,,,,,,,,,,,,,,,,,,,,,,,,,,,,,,,,,,,,,,,,,,,,,,,,,,,,,,,,,,,,,,,,,,,,,,,,,,,,,,,,,,,,,,,,,,,,,,,,,,,,,,,,,,,,,,,,,,,,,,,,,,,,,,,,,,,,,,,,,,,,,,,,,,,,,,,,,,,,,,,,,,,,,,,,,,,,,,,,,,,,,,,,,,,,,,,,,,,,,,,,,,,,,,,,,,,,,,,,,,,,,,,,,,,,,,,,,,,,,,,,,,,,,,,,,,,,,,,,,,,,,,,,,,,,,,,,,,,,,,,,,,,,,,,,,,
,,,,,,,,,,,,,,,,,,,,,,,,,,,,,,,,,,,,,,,,,,,,,,,,,,,,,,,,,,,,,,,,,,,,,,,,,,,,,,,,,,,,,,,,,,,,,,,,,,,,,,,,,,,,,,,,,,,,,,,,,,,,,,,,,,,,,,,,,,,,,,,,,,,,,,,,,,,,,,,,,,,,,,,,,,,,,,,,,,,,,,,,,,,,,,,,,,,,,,,,,,,,,,,,,,,,,,,,,,,,,,,,,,,,,,,,,,,,,,,,,,,,,,,,,,,,,,,,,,,,,,,,,,,,,,,,,,,,,,,,,,,,,,,,,,,,,,,,,,,,,,,,,,,,,,,,,,,,,,,,,,,,,,,,,,,,,,,,,,,,,,,,,,,,,,,,,,,,,,,,,,,,,,,,,,,,,,,,,,,,,,,,,,,,,,,,,,,,,,,,,,,,,,,,,,,,,,,,,,,,,,,,,,,,,,,,,,,,,,,,,,,,,,,,,,,,,,,,,,,,,,,,,,,,,,,,,,,,,,,,,,,,,,,,,,,,,,,,,,,,,,,,,,,,,,,,,,,,,,,,,,,,,,,,,,,,,,,,,,,,,,,,,,,,,,,,,,,,,,,,,,,,,,,,,,,,,,,,,,,,,,,,,,,,,,,,,,,,,,,,,,,,,,,,,,,,,,,,,,,,,,,,,,,,,,,,,,,,,,,,,,,,,,,,,,,,,,,,,,,,,,,,,,,,,,,,,,,,,,,,,,,,,,,,,,,,,,,,,,,,,,,,,,,,,,,,,,,,,,,,,,,,,,,,,,,,,,,,,,,,,,,,,,,,,,,,,,,,,,,,,,,,,,,,,,,,,,,,,,,,,,,,,,,,,,,,,,,,,,,,,,,,,,,,,,,,,,,,,,,,,,,,,,,,,,,,,,,,,,,,,,,,,,,,,,,,,,,,,,,,,,,,,,,,,,,,,,,,,,,,,,,,,,,,,,,,,,,,,,,,,,,,,,,,,,,,,,,,,,,,,,,,,,,,,,,,,,,,,,,,,,,,,,,,,,,,,,,,,,,,,,,,,,,,,,,,,,,,,,,,,,,,,,,,,,,,,,,,,,,,,,,,,,,,,,,,,,,,,,,,,,,,,,,,,,,,,,,,,,,,,,,,,,,,,,,,,,,,,,,,,,,,,,,,,,,,,,,,,,,,,,,,,,,,,,,,,,,,,,,,,,,,,,,,,,,,,,,,,,,,,,,,,,,,,,,,,,,,,,,,,,,,,,,,,,,,,,,,,,,,,,,,,,,,,,,,,,,,,,,,,,,,,,,,,,,,,,,,,,,,,,,,,,,,,,,,,,,,,,,,,,,,,,,,,,,,,,,,,,,,,,,,,,,,,,,,,,,,,,,,,,,,,,,,,,,,,,,,,,,,,,,,,,,,,,,,,,,,,,,,,,,,,,,,,,,,,,,,,,,,,,,,,,,,,,,,,,,,,,,,,,,,,,,,,,,,,,,,,,,,,,,,,,,,,,,,,,,,,,,,,,,,,,,,,,,,,,,,,,,,,,,,,,,,,,,,,,,,,,,,,,,,,,,,,,,,,,,,,,,,,,,,,,,,,,,,,,,,,,,,,,,,,,,,,,,,,,,,,,,,,,,,,,,,,,,,,,,,,,,,,,,,,,,,,,,,,,,,,,,,,,,,,,,,,,,,,,,,,,,,,,,,,,,,,,,,,,,,,,,,,,,,,,,,,,,,,,,,,,,,,,,,,,,,,,,,,,,,,,,,,,,,,,,,,,,,,,,,,,,,,,,,,,,,,,,,,,,,,,,,,,,,,,,,,,,,,,,,,,,,,,,,,,,,,,,,,,,,,,,,,,,,,,,,,,,,,,,,,,,,,,,,,,,,,,,,,,,,,,,,,,,,,,,,,,,,,,,,,,,,,,,,,,,,,,,,,,,,,,,,,,,,,,,,,,,,,,,,,,,,,,,,,,,,,,,,,,,,,,,,,,,,,,,,,,,,,,,,,,,,,,,,,,,,,,,,,,,,,,,,,,,,,,,,,,,,,,,,,,,,,,,,,,,,,,,,,,,,,,,,,,,,,,,,,,,,,,,,,,,,,,,,,,,,,,,,,,,,,,,,,,,,,,,,,,,,,,,,,,,,,,,,,,,,,,,,,,,,,,,,,,,,,,,,,,,,,,,,,,,,,,,,,,,,,,,,,,,,,,,,,,,,,,,,,,,,,,,,,,,,,,,,,,,,,,,,,,,,,,,,,,,,,,,
,,,,,,,,,,,,,,,,,,,,,,,,,,,,,,,,,,,,,,,,,,,,,,,,,,,,,,,,,,,,,,,,,,,,,,,,,,,,,,,,,,,,,,,,,,,,,,,,,,,,,,,,,,,,,,,,,,,,,,,,,,,,,,,,,,,,,,,,,,,,,,,,,,,,,,,,,,,,,,,,,,,,,,,,,,,,,,,,,,,,,,,,,,,,,,,,,,,,,,,,,,,,,,,,,,,,,,,,,,,,,,,,,,,,,,,,,,,,,,,,,,,,,,,,,,,,,,,,,,,,,,,,,,,,,,,,,,,,,,,,,,,,,,,,,,,,,,,,,,,,,,,,,,,,,,,,,,,,,,,,,,,,,,,,,,,,,,,,,,,,,,,,,,,,,,,,,,,,,,,,,,,,,,,,,,,,,,,,,,,,,,,,,,,,,,,,,,,,,,,,,,,,,,,,,,,,,,,,,,,,,,,,,,,,,,,,,,,,,,,,,,,,,,,,,,,,,,,,,,,,,,,,,,,,,,,,,,,,,,,,,,,,,,,,,,,,,,,,,,,,,,,,,,,,,,,,,,,,,,,,,,,,,,,,,,,,,,,,,,,,,,,,,,,,,,,,,,,,,,,,,,,,,,,,,,,,,,,,,,,,,,,,,,,,,,,,,,,,,,,,,,,,,,,,,,,,,,,,,,,,,,,,,,,,,,,,,,,,,,,,,,,,,,,,,,,,,,,,,,,,,,,,,,,,,,,,,,,,,,,,,,,,,,,,,,,,,,,,,,,,,,,,,,,,,,,,,,,,,,,,,,,,,,,,,,,,,,,,,,,,,,,,,,,,,,,,,,,,,,,,,,,,,,,,,,,,,,,,,,,,,,,,,,,,,,,,,,,,,,,,,,,,,,,,,,,,,,,,,,,,,,,,,,,,,,,,,,,,,,,,,,,,,,,,,,,,,,,,,,,,,,,,,,,,,,,,,,,,,,,,,,,,,,,,,,,,,,,,,,,,,,,,,,,,,,,,,,,,,,,,,,,,,,,,,,,,,,,,,,,,,,,,,,,,,,,,,,,,,,,,,,,,,,,,,,,,,,,,,,,,,,,,,,,,,,,,,,,,,,,,,,,,,,,,,,,,,,,,,,,,,,,,,,,,,,,,,,,,,,,,,,,,,,,,,,,,,,,,,,,,,,,,,,,,,,,,,,,,,,,,,,,,,,,,,,,,,,,,,,,,,,,,,,,,,,,,,,,,,,,,,,,,,,,,,,,,,,,,,,,,,,,,,,,,,,,,,,,,,,,,,,,,,,,,,,,,,,,,,,,,,,,,,,,,,,,,,,,,,,,,,,,,,,,,,,,,,,,,,,,,,,,,,,,,,,,,,,,,,,,,,,,,,,,,,,,,,,,,,,,,,,,,,,,,,,,,,,,,,,,,,,,,,,,,,,,,,,,,,,,,,,,,,,,,,,,,,,,,,,,,,,,,,,,,,,,,,,,,,,,,,,,,,,,,,,,,,,,,,,,,,,,,,,,,,,,,,,,,,,,,,,,,,,,,,,,,,,,,,,,,,,,,,,,,,,,,,,,,,,,,,,,,,,,,,,,,,,,,,,,,,,,,,,,,,,,,,,,,,,,,,,,,,,,,,,,,,,,,,,,,,,,,,,,,,,,,,,,,,,,,,,,,,,,,,,,,,,,,,,,,,,,,,,,,,,,,,,,,,,,,,,,,,,,,,,,,,,,,,,,,,,,,,,,,,,,,,,,,,,,,,,,,,,,,,,,,,,,,,,,,,,,,,,,,,,,,,,,,,,,,,,,,,,,,,,,,,,,,,,,,,,,,,,,,,,,,,,,,,,,,,,,,,,,,,,,,,,,,,,,,,,,,,,,,,,,,,,,,,,,,,,,,,,,,,,,,,,,,,,,,,,,,,,,,,,,,,,,,,,,,,,,,,,,,,,,,,,,,,,,,,,,,,,,,,,,,,,,,,,,,,,,,,,,,,,,,,,,,,,,,,,,,,,,,,,,,,,,,,,,,,,,,,,,,,,,,,,,,,,,,,,,,,,,,,,,,,,,,,,,,,,,,,,,,,,,,,,,,,,,,,,,,,,,,,,,,,,,,,,,,,,,,,,,,,,,,,,,,,,,,,,,,,,,,,,,,,,,,,,,,,,,,,,,,,,,,,,,,,,,,,,,,,,,,,,,,,,,,,,,,,,,,,,,,,,,,,,,,,,,,,,,,,,,,,,,,,,,,,,,,,,,,,,,,,,,,,,,,,,,,,,,,,,,
,,,,,,,,,,,,,,,,,,,,,,,,,,,,,,,,,,,,,,,,,,,,,,,,,,,,,,,,,,,,,,,,,,,,,,,,,,,,,,,,,,,,,,,,,,,,,,,,,,,,,,,,,,,,,,,,,,,,,,,,,,,,,,,,,,,,,,,,,,,,,,,,,,,,,,,,,,,,,,,,,,,,,,,,,,,,,,,,,,,,,,,,,,,,,,,,,,,,,,,,,,,,,,,,,,,,,,,,,,,,,,,,,,,,,,,,,,,,,,,,,,,,,,,,,,,,,,,,,,,,,,,,,,,,,,,,,,,,,,,,,,,,,,,,,,,,,,,,,,,,,,,,,,,,,,,,,,,,,,,,,,,,,,,,,,,,,,,,,,,,,,,,,,,,,,,,,,,,,,,,,,,,,,,,,,,,,,,,,,,,,,,,,,,,,,,,,,,,,,,,,,,,,,,,,,,,,,,,,,,,,,,,,,,,,,,,,,,,,,,,,,,,,,,,,,,,,,,,,,,,,,,,,,,,,,,,,,,,,,,,,,,,,,,,,,,,,,,,,,,,,,,,,,,,,,,,,,,,,,,,,,,,,,,,,,,,,,,,,,,,,,,,,,,,,,,,,,,,,,,,,,,,,,,,,,,,,,,,,,,,,,,,,,,,,,,,,,,,,,,,,,,,,,,,,,,,,,,,,,,,,,,,,,,,,,,,,,,,,,,,,,,,,,,,,,,,,,,,,,,,,,,,,,,,,,,,,,,,,,,,,,,,,,,,,,,,,,,,,,,,,,,,,,,,,,,,,,,,,,,,,,,,,,,,,,,,,,,,,,,,,,,,,,,,,,,,,,,,,,,,,,,,,,,,,,,,,,,,,,,,,,,,,,,,,,,,,,,,,,,,,,,,,,,,,,,,,,,,,,,,,,,,,,,,,,,,,,,,,,,,,,,,,,,,,,,,,,,,,,,,,,,,,,,,,,,,,,,,,,,,,,,,,,,,,,,,,,,,,,,,,,,,,,,,,,,,,,,,,,,,,,,,,,,,,,,,,,,,,,,,,,,,,,,,,,,,,,,,,,,,,,,,,,,,,,,,,,,,,,,,,,,,,,,,,,,,,,,,,,,,,,,,,,,,,,,,,,,,,,,,,,,,,,,,,,,,,,,,,,,,,,,,,,,,,,,,,,,,,,,,,,,,,,,,,,,,,,,,,,,,,,,,,,,,,,,,,,,,,,,,,,,,,,,,,,,,,,,,,,,,,,,,,,,,,,,,,,,,,,,,,,,,,,,,,,,,,,,,,,,,,,,,,,,,,,,,,,,,,,,,,,,,,,,,,,,,,,,,,,,,,,,,,,,,,,,,,,,,,,,,,,,,,,,,,,,,,,,,,,,,,,,,,,,,,,,,,,,,,,,,,,,,,,,,,,,,,,,,,,,,,,,,,,,,,,,,,,,,,,,,,,,,,,,,,,,,,,,,,,,,,,,,,,,,,,,,,,,,,,,,,,,,,,,,,,,,,,,,,,,,,,,,,,,,,,,,,,,,,,,,,,,,,,,,,,,,,,,,,,,,,,,,,,,,,,,,,,,,,,,,,,,,,,,,,,,,,,,,,,,,,,,,,,,,,,,,,,,,,,,,,,,,,,,,,,,,,,,,,,,,,,,,,,,,,,,,,,,,,,,,,,,,,,,,,,,,,,,,,,,,,,,,,,,,,,,,,,,,,,,,,,,,,,,,,,,,,,,,,,,,,,,,,,,,,,,,,,,,,,,,,,,,,,,,,,,,,,,,,,,,,,,,,,,,,,,,,,,,,,,,,,,,,,,,,,,,,,,,,,,,,,,,,,,,,,,,,,,,,,,,,,,,,,,,,,,,,,,,,,,,,,,,,,,,,,,,,,,,,,,,,,,,,,,,,,,,,,,,,,,,,,,,,,,,,,,,,,,,,,,,,,,,,,,,,,,,,,,,,,,,,,,,,,,,,,,,,,,,,,,,,,,,,,,,,,,,,,,,,,,,,,,,,,,,,,,,,,,,,,,,,,,,,,,,,,,,,,,,,,,,,,,,,,,,,,,,,,,,,,,,,,,,,,,,,,,,,,,,,,,,,,,,,,,,,,,,,,,,,,,,,,,,,,,,,,,,,,,,,,,,,,,,,,,,,,,,,,,,,,,,,,,,,,,,,,,,,,,,,,,,,,,,,,,,,,,,,,,,,,,,,,,,,,,,,,,,,,,,,,,,,,,,,,,,,,,,,,,,,,,,,,,,,,,,,,,,,,,,,,,,,,,,,,,
3400,3270,2516,2366,2052,2235,2194,2290,2199,2290,2194,2235,2052,2366,2516,3270,3719,3501,2562,2308,2075,2215,2239,2186,2361,2209,2177,2219,2191,2313,2501,3499,4071,3851,2767,2399,2122,2329,2106,2257,2278,2160,2293,2256,2358,2430,2733,3850,4205,3983,2880,2447,2226,2227,2285,2308,2318,2183,2186,2285,2358,2495,2866,3983,4013,3794,2732,2387,2238,2319,2268,2305,2144,2106,2187,2364,2289,2206,2697,3793,3712,3501,2468,2262,2215,2258,2171,2108,2041,2125,2296,2289,2240,2282,2548,3486,3347,3179,2403,2294,2258,2297,2300,2228,2118,2130,2262,2247,2214,2224,2453,3078,3076,2891,2320,2161,2302,2223,2351,2385,2249,2205,2221,2349,2191,2204,2351,2846,3182,2964,2401,2231,2363,2351,2364,2319,2336,2269,2157,2243,2165,2298,2433,2982,3471,3239,2526,2476,2326,2305,2449,2601,2657,2627,2078,2381,2153,2374,2618,3267,3911,3754,3456,3344,3403,3258,3316,3636,3829,3677,3060,3079,3172,3150,3534,3773,4582,4400,4096,4003,3974,3750,3624,3964,4331,4242,3907,3893,3727,3852,4139,4524,4900,4690,4287,4154,4137,4090,4132,4186,4329,4271,4206,4161,3742,4040,4248,4786,4818,4596,4074,3808,4039,4093,4176,4316,4249,4155,4128,4075,3529,3854,3920,4656,4257,4008,3519,3403,3733,3803,3857,4149,4192,3936,3709,3647,3553,3388,3558,4072,3971,3743,3225,3015,3327,3368,3492,3814,3853,3523,3384,3158,3071,3161,3227,3732,3810,3570,3055,3067,3066,3058,3186,3566,3593,3271,3042,2977,2854,2874,3153,3530,4143,3915,2900,2809,2878,2824,2932,3241,3221,2908,2796,2736,2794,2742,3112,3930,4641,4418,3245,2925,2644,2742,2765,2965,3015,2956,2817,2583,2773,2902,3330,4421,4756,4530,3369,3024,2981,2915,2779,3121,3162,3097,2860,2820,2816,2981,3458,4535,4518,4285,3275,3049,3035,2949,2938,3233,3427,3336,2945,2680,3026,3016,3319,4304,4103,3881,3427,3447,3191,3279,3308,3464,3732,3591,3117,3064,3317,3138,3137,3911,4526,4243,3643,3750,3497,3571,3632,3714,3917,3793,3426,3495,3651,3471,3832,4365,4547,4259,3617,3803,3568,3506,3621,3749,3944,3861,3533,3630,3702,3553,3909,4403,4198,3924,3396,3575,3362,3001,3333,3524,3603,3569,3292,3414,3443,3281,3592,4067,3650,3454,3144,3125,2926,2928,3040,3240,3211,3003,2605,2792,2883,2784,3127,3510,3387,3163,2855,2741,2632,2678,2747,3011,3094,2856,2655,2560,2513,2544,2788,3234,3189,2935,2529,2553,2363,2582,2640,2678,2752,2713,2510,2367,2442,2437,2509,2985,3050,2791,2442,2402,2376,2430,2491,2438,2442,2512,2381,2438,2415,2486,2661,2884,3294,3101,2569,2503,2408,2243,2500,2707,2860,2867,2456,2642,2584,2601,2858,3133,3512,3373,3087,2622,2919,2791,2696,2834,3042,2903,2605,2560,2731,2953,3236,3448,3740,3612,3350,3007,3220,3100,2778,3129,3322,3283,3007,2702,3046,3249,3512,3699,3814,3639,3269,3107,3224,3002,2697,3254,3494,3438,3119,2749,2843,3221,3586,3777,3705,3463,3151,3121,3128,2868,2782,3197,3436,3369,3001,2665,2952,2693,3474,3651,3452,3046,2864,2721,2734,2727,2778,2978,3172,3108,2721,2442,2919,2752,3178,3339,3107,2918,2489,2396,2267,2455,2673,2591,2872,2699,2295,2260,2429,2494,2742,2993,2872,2682,2546,2458,2398,2216,2509,2514,2785,2757,2443,2382,2289,2374,2526,2734,2731,2556,2456,2338,2335,2456,2356,2294,2580,2580,2462,2499,2388,2268,2420,2563,2738,2519,2496,2519,2332,2498,2441,2496,2477,2462,2490,2516,2396,2378,2484,2632,2937,2776,2674,2589,2459,2542,2583,2540,2469,2563,2522,2322,2439,2283,2452,2768,2891,2796,2658,2592,2513,2444,2527,2621,2598,2615,2581,2396,2586,2432,2366,2766,2991,2913,2833,2725,2684,2535,2486,2713,2837,2650,2513,2288,2535,2652,2859,2987,3020,2991,2935,2809,2846,2805,2635,2659,2947,2753,2552,2319,2461,2699,3011,3135,3054,2805,2796,2595,2723,2702,2426,2825,2977,2751,2523,2472,2327,2498,2893,2996,2985,2735,2836,2605,2608,2141,2448,2772,2909,2779,2644,2628,2443,2433,2435,2854,2939,2956,2910,2609,2572,2555,2589,2781,2995,2941,2814,2734,2577,2480,2631,2894,2857,2844,2794,2433,2488,2589,2527,2579,2799,2767,2610,2554,2490,2315,2392,2769,3029,2788,2400,2375,2449,2459,2375,2487,2690,2410,2417,2244,2303,2020,2334,2771,2949,2784,2324,2314,2380,2358,2141,2417,2493,2456,2334,2249,2303,2259,2405,2658,2998,2803,2443,2392,2261,2254,2436,2552,2579,2399,2401,2402,2452,2400,2379,2722,3820,3601,2647,2366,2265,2360,2430,2561,2577,2352,2414,2266,2418,2457,2445,3597,4384,4160,3041,2694,2462,2448,2381,2778,2791,2398,2423,2423,2394,2711,3038,4159,4485,4261,3144,2740,2566,2414,2442,2763,2828,2508,2192,2501,2464,2793,3156,4261,4218,3996,2926,2440,2484,2280,2357,2658,2704,2466,2289,2481,2400,2590,2903,3995,3672,3444,2461,2249,2215,2291,2456,2662,2565,2339,2331,2369,2403,2385,2377,3451,3242,3040,2586,2396,2331,2352,2403,2592,2515,2440,2266,2403,2409,2338,2069,2998,2798,2648,2494,2425,2404,2453,2336,2544,2588,2504,2370,2439,2451,2381,2405,2631,2560,2510,2404,2325,2300,2374,2342,2537,2533,2482,2350,2239,2159,2340,2315,2406,2704,2649,2456,2291,2271,2364,2226,2411,2556,2589,2436,2328,2409,2393,2399,2542,2869,2742,2512,2345,2388,2676,2672,2546,2878,2837,2688,2420,2400,2395,2529,2819,3227,2945,2421,2462,2599,2775,2693,2665,3003,2915,2718,2554,2373,2405,2607,3092,3358,3152,2527,2387,2409,2582,2369,2704,2842,2652,2556,2483,2392,2270,2593,3134,4535,4310,3060,3023,2513,2628,2541,3112,3155,2710,2520,2583,2694,2833,3165,4311,4907,4685,3485,3343,2922,2864,2958,3455,3450,3179,3025,2772,3026,3237,3533,4683,4895,4675,3508,3334,3026,2717,3005,3494,3483,3368,3073,2643,2994,3243,3536,4674,4533,4313,3210,2994,2749,2508,2626,3204,3282,3219,2811,2598,2536,2935,3193,4311,3878,3658,2659,2561,2386,2336,2408,2798,3020,2935,2479,2474,2470,2444,2675,3649,3628,3394,2353,2171,2441,2256,2310,2568,2609,2485,2279,2609,2567,2227,2613,3422,3322,3106,2410,2210,2414,2366,2120,2275,2565,2472,2360,2477,2541,2319,2431,3129,3311,3066,2411,2188,2302,2277,2202,2249,2385,2348,2217,2242,2187,2207,2264,3095,3339,3101,2355,2252,2382,2494,2435,2413,2396,2270,2399,2350,2298,2271,2347,3124,3354,3139,2360,2258,2308,2453,2412,2403,2431,2399,2358,2143,2184,2434,2303,3122,3181,2955,2443,2358,2270,2522,2409,2636,2830,2564,2562,2372,2371,2471,2627,3050,3863,3645,3032,2850,2752,2576,2501,3168,3411,3218,2812,3006,2964,2788,3054,3684,3982,3772,3202,3028,2919,2595,2791,3308,3538,3315,2888,3199,3147,2868,3147,3784,3658,3457,2896,2774,2776,2545,2697,3081,3352,3187,2741,3028,3002,2761,3044,3419,3021,2672,2510,2352,2507,2546,2395,2623,2853,2768,2562,2569,2636,2746,2988,2811,3373,3144,2433,2474,2300,2480,2532,2812,2870,2728,2556,2393,2354,2638,2888,3155,3375,3151,2423,2334,2296,2344,2519,2606,2570,2543,2451,2420,2378,2416,2661,3156,3587,3370,2441,2184,2260,2419,2476,2582,2674,2443,2251,2313,2361,2371,2450,3361,3897,3683,2694,2200,2351,2387,2487,2669,2744,2507,2250,2354,2295,2253,2579,3672,3839,3622,2590,2322,2380,2399,2375,2661,2758,2512,2393,2487,2403,2314,2550,3615,3438,3206,2431,2438,2332,2247,2272,2310,2452,2410,2426,2412,2420,2306,2277,3227,3181,2974,2391,2403,2216,2271,2304,2665,2816,2712,2426,2266,2316,2404,2567,2931,3357,3154,2441,2475,2326,2398,2316,2784,2969,2864,2639,2622,2463,2747,2902,3208,3180,2916,2402,2394,2330,2366,2434,2637,2886,2839,2665,2681,2567,2715,2860,3097,3235,3063,2412,2317,2316,2282,2391,2347,2582,2638,2552,2589,2512,2425,2556,2936,3341,3173,2596,2198,2241,2134,2361,2472,2559,2545,2443,2538,2463,2437,2553,3081,3587,3344,2457,2385,2183,2173,2247,2585,2725,2592,2296,2263,2305,2328,2576,3388,3620,3402,2433,2381,2339,2197,2191,2507,2564,2451,2107,2290,2284,2304,2387,3381,3340,3129,2446,2411,2437,2346,2316,2512,2632,2505,2217,2173,2337,2319,2215,3112,3028,2703,2516,2373,2413,2387,2391,2697,2754,2600,2334,2427,2368,2381,2403,2789,2942,2579,2480,2328,2314,2324,2313,2592,2562,2509,2411,2434,2299,2379,2486,2666,2839,2712,2470,2364,2346,2283,2322,2463,2479,2371,2376,2304,2234,2281,2547,2592,2899,2775,2507,2398,2473,2382,2242,2423,2511,2413,2308,2368,2346,2423,2492,2701,2945,2758,2453,2368,2366,2283,2193,2347,2334,2359,2451,2304,2378,2375,2495,2749,3205,2981,2517,2487,2536,2477,2483,2723,2761,2420,2342,2341,2240,2262,2448,2967,3243,3041,2555,2575,2532,2488,2512,2687,2760,2445,2272,2294,2218,2134,2407,3026,2985,2804,2535,2417,2366,2338,2434,2451,2602,2583,2329,2427,2475,2347,2451,2774,3089,2908,2477,2407,2313,2189,2331,2455,2501,2528,2409,2384,2463,2489,2526,2847,3376,3150,2391,2328,2270,2186,2268,2527,2571,2370,2325,2273,2359,2350,2461,3169,3325,3081,2401,2320,2275,2350,2453,2530,2429,2256,2227,2304,2198,2198,2374,3134,2701,2594,2426,2269,2220,2414,2385,2427,2386,2213,2286,2286,2265,2333,2322,2593,2927,2734,2426,2348,2238,2411,2407,2310,2351,2326,2377,2274,2281,2356,2295,2751,2998,2774,2446,2286,2286,2360,2398,2287,2334,2329,2367,2263,2231,2439,2443,2734,3815,3592,2565,2330,2231,2428,2356,2525,2537,2254,2372,2286,2271,2433,2372,3590,4252,4029,2899,2614,2318,2442,2427,2775,2872,2757,2487,2480,2408,2745,2771,4025,4318,4090,2926,2681,2461,2496,2586,2862,3081,3007,2682,2496,2354,2841,2785,4088,4056,3832,2624,2486,2375,2298,2495,2720,2887,2907,2545,2377,2437,2637,2664,3828,3498,3262,2458,2365,2389,2312,2285,2441,2589,2495,2329,2329,2495,2550,2554,3261,3610,3352,2458,2189,2457,2353,2269,2488,2570,2419,2222,2398,2446,2478,2277,3408,3895,3680,2764,2412,2413,2443,2328,2575,2726,2599,2334,2323,2279,2551,2510,3670,3945,3726,2729,2456,2335,2295,2273,2520,2618,2512,2423,2424,2279,2379,2508,3721,3714,3490,2475,2418,2396,2372,2358,2366,2434,2387,2455,2387,2372,2524,2411,3486,3255,3036,2321,2463,2406,2441,2449,2462,2310,2324,2436,2344,2420,2331,2378,3023,3451,3228,2270,2292,2345,2352,2313,2520,2623,2467,2105,2113,2199,2157,2298,3220,3462,3246,2527,2546,2368,2280,2420,2660,2955,2752,2480,2517,2372,2117,2554,3236,3427,3169,2739,2710,2415,2389,2541,2656,3015,2857,2583,2622,2455,2308,2758,3281,3207,2982,2592,2555,2257,2378,2557,2521,2782,2623,2393,2425,2387,2301,2674,3002,2872,2641,2070,2146,2004,2259,2342,2253,2404,2314,2199,2167,2138,2107,2213,2685,2735,2559,2217,2211,2234,2282,2128,2171,2328,2370,2362,2046,1940,2055,2094,2484,2572,2447,2316,2234,2279,2271,2086,1996,2254,2434,2334,2225,2084,2197,2255,2529,2864,2616,2223,2178,2131,2186,1991,2168,2340,2253,2276,2268,2163,2172,2334,2732,2673,2493,2128,2205,2058,2090,2135,2252,2316,2182,2105,2173,2075,2024,2328,2579,2834,2649,2022,2050,1985,2036,2064,2113,2108,2023,1944,2068,2048,2121,2247,2618,3058,2834,2092,1764,1935,1925,2069,2033,1934,1955,2034,2015,2019,2055,2178,2836,2986,2746,2008,1777,1779,1965,1945,1901,2060,2048,2037,2025,2017,2195,2231,2795,2647,2357,2144,2095,1996,2000,1819,1888,1948,1997,1812,2017,2018,2035,2077,2503
,,,,,,,,,,,,,,,,,,,,,,,,,,,,,,,,,,,,,,,,,,,,,,,,,,,,,,,,,,,,,,,,,,,,,,,,,,,,,,,,,,,,,,,,,,,,,,,,,,,,,,,,,,,,,,,,,,,,,,,,,,,,,,,,,,,,,,,,,,,,,,,,,,,,,,,,,,,,,,,,,,,,,,,,,,,,,,,,,,,,,,,,,,,,,,,,,,,,,,,,,,,,,,,,,,,,,,,,,,,,,,,,,,,,,,,,,,,,,,,,,,,,,,,,,,,,,,,,,,,,,,,,,,,,,,,,,,,,,,,,,,,,,,,,,,,,,,,,,,,,,,,,,,,,,,,,,,,,,,,,,,,,,,,,,,,,,,,,,,,,,,,,,,,,,,,,,,,,,,,,,,,,,,,,,,,,,,,,,,,,,,,,,,,,,,,,,,,,,,,,,,,,,,,,,,,,,,,,,,,,,,,,,,,,,,,,,,,,,,,,,,,,,,,,,,,,,,,,,,,,,,,,,,,,,,,,,,,,,,,,,,,,,,,,,,,,,,,,,,,,,,,,,,,,,,,,,,,,,,,,,,,,,,,,,,,,,,,,,,,,,,,,,,,,,,,,,,,,,,,,,,,,,,,,,,,,,,,,,,,,,,,,,,,,,,,,,,,,,,,,,,,,,,,,,,,,,,,,,,,,,,,,,,,,,,,,,,,,,,,,,,,,,,,,,,,,,,,,,,,,,,,,,,,,,,,,,,,,,,,,,,,,,,,,,,,,,,,,,,,,,,,,,,,,,,,,,,,,,,,,,,,,,,,,,,,,,,,,,,,,,,,,,,,,,,,,,,,,,,,,,,,,,,,,,,,,,,,,,,,,,,,,,,,,,,,,,,,,,,,,,,,,,,,,,,,,,,,,,,,,,,,,,,,,,,,,,,,,,,,,,,,,,,,,,,,,,,,,,,,,,,,,,,,,,,,,,,,,,,,,,,,,,,,,,,,,,,,,,,,,,,,,,,,,,,,,,,,,,,,,,,,,,,,,,,,,,,,,,,,,,,,,,,,,,,,,,,,,,,,,,,,,,,,,,,,,,,,,,,,,,,,,,,,,,,,,,,,,,,,,,,,,,,,,,,,,,,,,,,,,,,,,,,,,,,,,,,,,,,,,,,,,,,,,,,,,,,,,,,,,,,,,,,,,,,,,,,,,,,,,,,,,,,,,,,,,,,,,,,,,,,,,,,,,,,,,,,,,,,,,,,,,,,,,,,,,,,,,,,,,,,,,,,,,,,,,,,,,,,,,,,,,,,,,,,,,,,,,,,,,,,,,,,,,,,,,,,,,,,,,,,,,,,,,,,,,,,,,,,,,,,,,,,,,,,,,,,,,,,,,,,,,,,,,,,,,,,,,,,,,,,,,,,,,,,,,,,,,,,,,,,,,,,,,,,,,,,,,,,,,,,,,,,,,,,,,,,,,,,,,,,,,,,,,,,,,,,,,,,,,,,,,,,,,,,,,,,,,,,,,,,,,,,,,,,,,,,,,,,,,,,,,,,,,,,,,,,,,,,,,,,,,,,,,,,,,,,,,,,,,,,,,,,,,,,,,,,,,,,,,,,,,,,,,,,,,,,,,,,,,,,,,,,,,,,,,,,,,,,,,,,,,,,,,,,,,,,,,,,,,,,,,,,,,,,,,,,,,,,,,,,,,,,,,,,,,,,,,,,,,,,,,,,,,,,,,,,,,,,,,,,,,,,,,,,,,,,,,,,,,,,,,,,,,,,,,,,,,,,,,,,,,,,,,,,,,,,,,,,,,,,,,,,,,,,,,,,,,,,,,,,,,,,,,,,,,,,,,,,,,,,,,,,,,,,,,,,,,,,,,,,,,,,,,,,,,,,,,,,,,,,,,,,,,,,,,,,,,,,,,,,,,,,,,,,,,,,,,,,,,,,,,,,,,,,,,,,,,,,,,,,,,,,,,,,,,,,,,,,,,,,,,,,,,,,,,,,,,,,,,,,,,,,,,,,,,,,,,,,,,,,,,,,,,,,,,,,,,,,,,,,,,,,,,,,,,,,,,,,,,,,,,,,,,,,,,,,,,,,,,,,,,,,,,,,,,,,,,,,,,,,,,,,,,,,,,,,,,,,,,,,,,,,,,,,,,,,,,,,,,,,,,,,,,,,,,,,,,,,,,,,,,,,,,,,,,,,,,,,,,,,,,,,,,,,,,,,,,,,,,,,,,,,,,,,,,,,,,,,,,,,,,,,,,,,,,,,,,,,,,,,,,,,,
,,,,,,,,,,,,,,,,,,,,,,,,,,,,,,,,,,,,,,,,,,,,,,,,,,,,,,,,,,,,,,,,,,,,,,,,,,,,,,,,,,,,,,,,,,,,,,,,,,,,,,,,,,,,,,,,,,,,,,,,,,,,,,,,,,,,,,,,,,,,,,,,,,,,,,,,,,,,,,,,,,,,,,,,,,,,,,,,,,,,,,,,,,,,,,,,,,,,,,,,,,,,,,,,,,,,,,,,,,,,,,,,,,,,,,,,,,,,,,,,,,,,,,,,,,,,,,,,,,,,,,,,,,,,,,,,,,,,,,,,,,,,,,,,,,,,,,,,,,,,,,,,,,,,,,,,,,,,,,,,,,,,,,,,,,,,,,,,,,,,,,,,,,,,,,,,,,,,,,,,,,,,,,,,,,,,,,,,,,,,,,,,,,,,,,,,,,,,,,,,,,,,,,,,,,,,,,,,,,,,,,,,,,,,,,,,,,,,,,,,,,,,,,,,,,,,,,,,,,,,,,,,,,,,,,,,,,,,,,,,,,,,,,,,,,,,,,,,,,,,,,,,,,,,,,,,,,,,,,,,,,,,,,,,,,,,,,,,,,,,,,,,,,,,,,,,,,,,,,,,,,,,,,,,,,,,,,,,,,,,,,,,,,,,,,,,,,,,,,,,,,,,,,,,,,,,,,,,,,,,,,,,,,,,,,,,,,,,,,,,,,,,,,,,,,,,,,,,,,,,,,,,,,,,,,,,,,,,,,,,,,,,,,,,,,,,,,,,,,,,,,,,,,,,,,,,,,,,,,,,,,,,,,,,,,,,,,,,,,,,,,,,,,,,,,,,,,,,,,,,,,,,,,,,,,,,,,,,,,,,,,,,,,,,,,,,,,,,,,,,,,,,,,,,,,,,,,,,,,,,,,,,,,,,,,,,,,,,,,,,,,,,,,,,,,,,,,,,,,,,,,,,,,,,,,,,,,,,,,,,,,,,,,,,,,,,,,,,,,,,,,,,,,,,,,,,,,,,,,,,,,,,,,,,,,,,,,,,,,,,,,,,,,,,,,,,,,,,,,,,,,,,,,,,,,,,,,,,,,,,,,,,,,,,,,,,,,,,,,,,,,,,,,,,,,,,,,,,,,,,,,,,,,,,,,,,,,,,,,,,,,,,,,,,,,,,,,,,,,,,,,,,,,,,,,,,,,,,,,,,,,,,,,,,,,,,,,,,,,,,,,,,,,,,,,,,,,,,,,,,,,,,,,,,,,,,,,,,,,,,,,,,,,,,,,,,,,,,,,,,,,,,,,,,,,,,,,,,,,,,,,,,,,,,,,,,,,,,,,,,,,,,,,,,,,,,,,,,,,,,,,,,,,,,,,,,,,,,,,,,,,,,,,,,,,,,,,,,,,,,,,,,,,,,,,,,,,,,,,,,,,,,,,,,,,,,,,,,,,,,,,,,,,,,,,,,,,,,,,,,,,,,,,,,,,,,,,,,,,,,,,,,,,,,,,,,,,,,,,,,,,,,,,,,,,,,,,,,,,,,,,,,,,,,,,,,,,,,,,,,,,,,,,,,,,,,,,,,,,,,,,,,,,,,,,,,,,,,,,,,,,,,,,,,,,,,,,,,,,,,,,,,,,,,,,,,,,,,,,,,,,,,,,,,,,,,,,,,,,,,,,,,,,,,,,,,,,,,,,,,,,,,,,,,,,,,,,,,,,,,,,,,,,,,,,,,,,,,,,,,,,,,,,,,,,,,,,,,,,,,,,,,,,,,,,,,,,,,,,,,,,,,,,,,,,,,,,,,,,,,,,,,,,,,,,,,,,,,,,,,,,,,,,,,,,,,,,,,,,,,,,,,,,,,,,,,,,,,,,,,,,,,,,,,,,,,,,,,,,,,,,,,,,,,,,,,,,,,,,,,,,,,,,,,,,,,,,,,,,,,,,,,,,,,,,,,,,,,,,,,,,,,,,,,,,,,,,,,,,,,,,,,,,,,,,,,,,,,,,,,,,,,,,,,,,,,,,,,,,,,,,,,,,,,,,,,,,,,,,,,,,,,,,,,,,,,,,,,,,,,,,,,,,,,,,,,,,,,,,,,,,,,,,,,,,,,,,,,,,,,,,,,,,,,,,,,,,,,,,,,,,,,,,,,,,,,,,,,,,,,,,,,,,,,,,,,,,,,,,,,,,,,,,,,,,,,,,,,,,,,,,,,,,,,,,,,,,,,,,,,,,,,,,,,,,,,,,,,,,,,,,,,,,,,,,,,,,,,,,,,,,,,,,,
,,,,,,,,,,,,,,,,,,,,,,,,,,,,,,,,,,,,,,,,,,,,,,,,,,,,,,,,,,,,,,,,,,,,,,,,,,,,,,,,,,,,,,,,,,,,,,,,,,,,,,,,,,,,,,,,,,,,,,,,,,,,,,,,,,,,,,,,,,,,,,,,,,,,,,,,,,,,,,,,,,,,,,,,,,,,,,,,,,,,,,,,,,,,,,,,,,,,,,,,,,,,,,,,,,,,,,,,,,,,,,,,,,,,,,,,,,,,,,,,,,,,,,,,,,,,,,,,,,,,,,,,,,,,,,,,,,,,,,,,,,,,,,,,,,,,,,,,,,,,,,,,,,,,,,,,,,,,,,,,,,,,,,,,,,,,,,,,,,,,,,,,,,,,,,,,,,,,,,,,,,,,,,,,,,,,,,,,,,,,,,,,,,,,,,,,,,,,,,,,,,,,,,,,,,,,,,,,,,,,,,,,,,,,,,,,,,,,,,,,,,,,,,,,,,,,,,,,,,,,,,,,,,,,,,,,,,,,,,,,,,,,,,,,,,,,,,,,,,,,,,,,,,,,,,,,,,,,,,,,,,,,,,,,,,,,,,,,,,,,,,,,,,,,,,,,,,,,,,,,,,,,,,,,,,,,,,,,,,,,,,,,,,,,,,,,,,,,,,,,,,,,,,,,,,,,,,,,,,,,,,,,,,,,,,,,,,,,,,,,,,,,,,,,,,,,,,,,,,,,,,,,,,,,,,,,,,,,,,,,,,,,,,,,,,,,,,,,,,,,,,,,,,,,,,,,,,,,,,,,,,,,,,,,,,,,,,,,,,,,,,,,,,,,,,,,,,,,,,,,,,,,,,,,,,,,,,,,,,,,,,,,,,,,,,,,,,,,,,,,,,,,,,,,,,,,,,,,,,,,,,,,,,,,,,,,,,,,,,,,,,,,,,,,,,,,,,,,,,,,,,,,,,,,,,,,,,,,,,,,,,,,,,,,,,,,,,,,,,,,,,,,,,,,,,,,,,,,,,,,,,,,,,,,,,,,,,,,,,,,,,,,,,,,,,,,,,,,,,,,,,,,,,,,,,,,,,,,,,,,,,,,,,,,,,,,,,,,,,,,,,,,,,,,,,,,,,,,,,,,,,,,,,,,,,,,,,,,,,,,,,,,,,,,,,,,,,,,,,,,,,,,,,,,,,,,,,,,,,,,,,,,,,,,,,,,,,,,,,,,,,,,,,,,,,,,,,,,,,,,,,,,,,,,,,,,,,,,,,,,,,,,,,,,,,,,,,,,,,,,,,,,,,,,,,,,,,,,,,,,,,,,,,,,,,,,,,,,,,,,,,,,,,,,,,,,,,,,,,,,,,,,,,,,,,,,,,,,,,,,,,,,,,,,,,,,,,,,,,,,,,,,,,,,,,,,,,,,,,,,,,,,,,,,,,,,,,,,,,,,,,,,,,,,,,,,,,,,,,,,,,,,,,,,,,,,,,,,,,,,,,,,,,,,,,,,,,,,,,,,,,,,,,,,,,,,,,,,,,,,,,,,,,,,,,,,,,,,,,,,,,,,,,,,,,,,,,,,,,,,,,,,,,,,,,,,,,,,,,,,,,,,,,,,,,,,,,,,,,,,,,,,,,,,,,,,,,,,,,,,,,,,,,,,,,,,,,,,,,,,,,,,,,,,,,,,,,,,,,,,,,,,,,,,,,,,,,,,,,,,,,,,,,,,,,,,,,,,,,,,,,,,,,,,,,,,,,,,,,,,,,,,,,,,,,,,,,,,,,,,,,,,,,,,,,,,,,,,,,,,,,,,,,,,,,,,,,,,,,,,,,,,,,,,,,,,,,,,,,,,,,,,,,,,,,,,,,,,,,,,,,,,,,,,,,,,,,,,,,,,,,,,,,,,,,,,,,,,,,,,,,,,,,,,,,,,,,,,,,,,,,,,,,,,,,,,,,,,,,,,,,,,,,,,,,,,,,,,,,,,,,,,,,,,,,,,,,,,,,,,,,,,,,,,,,,,,,,,,,,,,,,,,,,,,,,,,,,,,,,,,,,,,,,,,,,,,,,,,,,,,,,,,,,,,,,,,,,,,,,,,,,,,,,,,,,,,,,,,,,,,,,,,,,,,,,,,,,,,,,,,,,,,,,,,,,,,,,,,,,,,,,,,,,,,,,,,,,,,,,,,,,,,,,,,,,,,,,,,,,,,,,,,,,,,,,,,,,,,,,,,,,,,,,,,,,,,,,,,,,,,,,,,,,,,,,,,,,,,,,,,,,,,,,
,,,,,,,,,,,,,,,,,,,,,,,,,,,,,,,,,,,,,,,,,,,,,,,,,,,,,,,,,,,,,,,,,,,,,,,,,,,,,,,,,,,,,,,,,,,,,,,,,,,,,,,,,,,,,,,,,,,,,,,,,,,,,,,,,,,,,,,,,,,,,,,,,,,,,,,,,,,,,,,,,,,,,,,,,,,,,,,,,,,,,,,,,,,,,,,,,,,,,,,,,,,,,,,,,,,,,,,,,,,,,,,,,,,,,,,,,,,,,,,,,,,,,,,,,,,,,,,,,,,,,,,,,,,,,,,,,,,,,,,,,,,,,,,,,,,,,,,,,,,,,,,,,,,,,,,,,,,,,,,,,,,,,,,,,,,,,,,,,,,,,,,,,,,,,,,,,,,,,,,,,,,,,,,,,,,,,,,,,,,,,,,,,,,,,,,,,,,,,,,,,,,,,,,,,,,,,,,,,,,,,,,,,,,,,,,,,,,,,,,,,,,,,,,,,,,,,,,,,,,,,,,,,,,,,,,,,,,,,,,,,,,,,,,,,,,,,,,,,,,,,,,,,,,,,,,,,,,,,,,,,,,,,,,,,,,,,,,,,,,,,,,,,,,,,,,,,,,,,,,,,,,,,,,,,,,,,,,,,,,,,,,,,,,,,,,,,,,,,,,,,,,,,,,,,,,,,,,,,,,,,,,,,,,,,,,,,,,,,,,,,,,,,,,,,,,,,,,,,,,,,,,,,,,,,,,,,,,,,,,,,,,,,,,,,,,,,,,,,,,,,,,,,,,,,,,,,,,,,,,,,,,,,,,,,,,,,,,,,,,,,,,,,,,,,,,,,,,,,,,,,,,,,,,,,,,,,,,,,,,,,,,,,,,,,,,,,,,,,,,,,,,,,,,,,,,,,,,,,,,,,,,,,,,,,,,,,,,,,,,,,,,,,,,,,,,,,,,,,,,,,,,,,,,,,,,,,,,,,,,,,,,,,,,,,,,,,,,,,,,,,,,,,,,,,,,,,,,,,,,,,,,,,,,,,,,,,,,,,,,,,,,,,,,,,,,,,,,,,,,,,,,,,,,,,,,,,,,,,,,,,,,,,,,,,,,,,,,,,,,,,,,,,,,,,,,,,,,,,,,,,,,,,,,,,,,,,,,,,,,,,,,,,,,,,,,,,,,,,,,,,,,,,,,,,,,,,,,,,,,,,,,,,,,,,,,,,,,,,,,,,,,,,,,,,,,,,,,,,,,,,,,,,,,,,,,,,,,,,,,,,,,,,,,,,,,,,,,,,,,,,,,,,,,,,,,,,,,,,,,,,,,,,,,,,,,,,,,,,,,,,,,,,,,,,,,,,,,,,,,,,,,,,,,,,,,,,,,,,,,,,,,,,,,,,,,,,,,,,,,,,,,,,,,,,,,,,,,,,,,,,,,,,,,,,,,,,,,,,,,,,,,,,,,,,,,,,,,,,,,,,,,,,,,,,,,,,,,,,,,,,,,,,,,,,,,,,,,,,,,,,,,,,,,,,,,,,,,,,,,,,,,,,,,,,,,,,,,,,,,,,,,,,,,,,,,,,,,,,,,,,,,,,,,,,,,,,,,,,,,,,,,,,,,,,,,,,,,,,,,,,,,,,,,,,,,,,,,,,,,,,,,,,,,,,,,,,,,,,,,,,,,,,,,,,,,,,,,,,,,,,,,,,,,,,,,,,,,,,,,,,,,,,,,,,,,,,,,,,,,,,,,,,,,,,,,,,,,,,,,,,,,,,,,,,,,,,,,,,,,,,,,,,,,,,,,,,,,,,,,,,,,,,,,,,,,,,,,,,,,,,,,,,,,,,,,,,,,,,,,,,,,,,,,,,,,,,,,,,,,,,,,,,,,,,,,,,,,,,,,,,,,,,,,,,,,,,,,,,,,,,,,,,,,,,,,,,,,,,,,,,,,,,,,,,,,,,,,,,,,,,,,,,,,,,,,,,,,,,,,,,,,,,,,,,,,,,,,,,,,,,,,,,,,,,,,,,,,,,,,,,,,,,,,,,,,,,,,,,,,,,,,,,,,,,,,,,,,,,,,,,,,,,,,,,,,,,,,,,,,,,,,,,,,,,,,,,,,,,,,,,,,,,,,,,,,,,,,,,,,,,,,,,,,,,,,,,,,,,,,,,,,,,,,,,,,,,,,,,,,,,,,,,,,,,,,,,,,,,,,,,,,,,,,,,,,,,,,,,,,,,,,,,,,,,,,,,,,,,,,,,,,,,,,,,,,,,,,,,,,,,,,,,,,
,,,,,,,,,,,,,,,,,,,,,,,,,,,,,,,,,,,,,,,,,,,,,,,,,,,,,,,,,,,,,,,,,,,,,,,,,,,,,,,,,,,,,,,,,,,,,,,,,,,,,,,,,,,,,,,,,,,,,,,,,,,,,,,,,,,,,,,,,,,,,,,,,,,,,,,,,,,,,,,,,,,,,,,,,,,,,,,,,,,,,,,,,,,,,,,,,,,,,,,,,,,,,,,,,,,,,,,,,,,,,,,,,,,,,,,,,,,,,,,,,,,,,,,,,,,,,,,,,,,,,,,,,,,,,,,,,,,,,,,,,,,,,,,,,,,,,,,,,,,,,,,,,,,,,,,,,,,,,,,,,,,,,,,,,,,,,,,,,,,,,,,,,,,,,,,,,,,,,,,,,,,,,,,,,,,,,,,,,,,,,,,,,,,,,,,,,,,,,,,,,,,,,,,,,,,,,,,,,,,,,,,,,,,,,,,,,,,,,,,,,,,,,,,,,,,,,,,,,,,,,,,,,,,,,,,,,,,,,,,,,,,,,,,,,,,,,,,,,,,,,,,,,,,,,,,,,,,,,,,,,,,,,,,,,,,,,,,,,,,,,,,,,,,,,,,,,,,,,,,,,,,,,,,,,,,,,,,,,,,,,,,,,,,,,,,,,,,,,,,,,,,,,,,,,,,,,,,,,,,,,,,,,,,,,,,,,,,,,,,,,,,,,,,,,,,,,,,,,,,,,,,,,,,,,,,,,,,,,,,,,,,,,,,,,,,,,,,,,,,,,,,,,,,,,,,,,,,,,,,,,,,,,,,,,,,,,,,,,,,,,,,,,,,,,,,,,,,,,,,,,,,,,,,,,,,,,,,,,,,,,,,,,,,,,,,,,,,,,,,,,,,,,,,,,,,,,,,,,,,,,,,,,,,,,,,,,,,,,,,,,,,,,,,,,,,,,,,,,,,,,,,,,,,,,,,,,,,,,,,,,,,,,,,,,,,,,,,,,,,,,,,,,,,,,,,,,,,,,,,,,,,,,,,,,,,,,,,,,,,,,,,,,,,,,,,,,,,,,,,,,,,,,,,,,,,,,,,,,,,,,,,,,,,,,,,,,,,,,,,,,,,,,,,,,,,,,,,,,,,,,,,,,,,,,,,,,,,,,,,,,,,,,,,,,,,,,,,,,,,,,,,,,,,,,,,,,,,,,,,,,,,,,,,,,,,,,,,,,,,,,,,,,,,,,,,,,,,,,,,,,,,,,,,,,,,,,,,,,,,,,,,,,,,,,,,,,,,,,,,,,,,,,,,,,,,,,,,,,,,,,,,,,,,,,,,,,,,,,,,,,,,,,,,,,,,,,,,,,,,,,,,,,,,,,,,,,,,,,,,,,,,,,,,,,,,,,,,,,,,,,,,,,,,,,,,,,,,,,,,,,,,,,,,,,,,,,,,,,,,,,,,,,,,,,,,,,,,,,,,,,,,,,,,,,,,,,,,,,,,,,,,,,,,,,,,,,,,,,,,,,,,,,,,,,,,,,,,,,,,,,,,,,,,,,,,,,,,,,,,,,,,,,,,,,,,,,,,,,,,,,,,,,,,,,,,,,,,,,,,,,,,,,,,,,,,,,,,,,,,,,,,,,,,,,,,,,,,,,,,,,,,,,,,,,,,,,,,,,,,,,,,,,,,,,,,,,,,,,,,,,,,,,,,,,,,,,,,,,,,,,,,,,,,,,,,,,,,,,,,,,,,,,,,,,,,,,,,,,,,,,,,,,,,,,,,,,,,,,,,,,,,,,,,,,,,,,,,,,,,,,,,,,,,,,,,,,,,,,,,,,,,,,,,,,,,,,,,,,,,,,,,,,,,,,,,,,,,,,,,,,,,,,,,,,,,,,,,,,,,,,,,,,,,,,,,,,,,,,,,,,,,,,,,,,,,,,,,,,,,,,,,,,,,,,,,,,,,,,,,,,,,,,,,,,,,,,,,,,,,,,,,,,,,,,,,,,,,,,,,,,,,,,,,,,,,,,,,,,,,,,,,,,,,,,,,,,,,,,,,,,,,,,,,,,,,,,,,,,,,,,,,,,,,,,,,,,,,,,,,,,,,,,,,,,,,,,,,,,,,,,,,,,,,,,,,,,,,,,,,,,,,,,,,,,,,,,,,,,,,,,,,,,,,,,,,,,,,,,,,,,,,,,,,,,,,,,,,,,,,,,,,,,,,,,,,,,,,,,,,,,,,,,,,,,,,,,,,,,,,,,,,,,,,,,,,,,,,,,,,,,,,,,,,
3375,3298,2534,2415,2417,2490,2467,2301,2312,2301,2467,2490,2417,2415,2534,3298,3719,3492,2437,2361,2329,2502,2421,2309,2234,2298,2230,2270,2279,2524,2530,3503,4072,3851,2715,2534,2237,2252,2309,2231,2294,2170,2151,2260,2251,2483,2657,3849,4206,3984,2852,2589,2347,2285,2426,2339,2229,2251,2217,2298,2347,2512,2781,3982,4014,3794,2707,2472,2362,2404,2364,2228,2106,2139,2109,2227,2213,2460,2654,3791,3713,3496,2475,2322,2275,2442,2382,2306,2263,2081,2218,2231,2198,2391,2497,3484,3229,3124,2472,2285,2234,2352,2295,2320,2399,2207,2165,2345,2230,2340,2393,3098,3070,2820,2375,2247,2100,2257,2062,2276,2363,2349,2399,2364,2338,2288,2265,2832,3207,2994,2342,2341,2410,2345,2365,2244,2324,2327,2317,2355,2357,2293,2227,3006,3481,3245,2376,2523,2405,2287,2485,2535,2848,2739,2403,2394,2403,2317,2469,3277,3876,3652,3112,3091,2971,3155,3371,3000,3751,3713,3223,2963,2702,3233,3422,3633,4488,4284,3673,3791,3643,3425,3954,3897,4386,4338,3980,3919,3618,3505,4034,4318,4839,4609,3951,4165,4080,3637,4090,4112,4487,4462,4218,4199,3964,3567,4270,4662,4777,4539,4028,4156,4081,3937,3966,3976,4145,4227,4097,4091,3909,3793,4216,4609,4269,4005,3853,3815,3746,3790,3778,3637,3638,3758,3573,3621,3444,3552,3900,4169,4017,3781,3384,3308,3337,3504,3532,3580,3431,3361,3100,3248,3145,3361,3600,3812,3854,3665,2965,2841,3005,3118,3236,3281,3307,3206,3018,2734,2967,3177,3350,3608,4140,3919,2836,2601,2686,2789,2953,3025,3061,2953,2780,2557,2807,2921,3043,3913,4641,4417,3222,2883,2838,2663,2844,2983,3084,3018,2581,2596,2798,2913,3316,4417,4756,4530,3324,3047,2876,2565,3105,3227,3291,3208,2755,2691,2966,2932,3478,4534,4522,4297,3042,2921,2842,2746,3072,3261,3486,3453,2928,2912,2886,2932,3311,4301,4016,3798,3389,3055,2937,3075,3255,3351,3521,3520,3150,3319,3508,3494,3334,3750,4413,4260,3867,3417,3202,3278,3377,3539,3742,3737,3462,3709,3939,3942,3834,4042,4422,4277,3854,3276,3292,3367,3268,3507,3646,3768,3532,3743,3982,4004,3924,4030,4032,3883,3421,3022,3109,3133,3040,3334,3473,3428,3288,3404,3670,3718,3638,3655,3442,3230,2775,2693,2567,2559,2780,2968,3228,3107,2784,2704,3024,3075,3089,3248,3384,3195,2682,2717,2495,2405,2600,2881,3034,2934,2488,2550,2636,2423,2826,3181,3139,2940,2474,2582,2497,2453,2338,2612,2558,2579,2463,2514,2481,2376,2373,2914,3139,2948,2465,2492,2490,2458,2548,2726,2778,2579,2440,2389,2474,2268,2423,2935,3281,3086,2591,2645,2621,2599,2653,2758,2935,2836,2485,2497,2453,2460,2618,3068,3456,3374,3083,2878,2610,2513,2616,2781,3012,2941,2617,2427,2649,2519,2901,3053,3653,3582,3336,3084,2797,2317,2648,2682,3079,3110,2521,2698,2810,2638,3238,3355,3838,3635,3221,3032,2602,2614,2808,2895,3323,3275,2733,2828,3066,2805,3218,3635,3796,3633,2847,2645,2759,2830,2862,2957,3220,3259,2961,2748,3131,3086,2860,3552,3444,3322,2855,2471,2816,2731,2725,2873,2951,3033,2913,2632,2889,2923,2793,3201,2881,2789,2495,2387,2568,2353,2450,2587,2728,2641,2575,2387,2511,2555,2567,2688,2834,2690,2268,2307,2371,2360,2389,2535,2697,2658,2430,2281,2482,2582,2449,2619,2763,2576,2319,2295,2214,2327,2389,2462,2601,2410,2304,2288,2466,2477,2422,2525,2847,2680,2279,2325,2270,2359,2427,2386,2534,2527,2231,2467,2455,2415,2353,2663,2876,2747,2446,2378,2382,2552,2496,2613,2754,2710,2370,2342,2189,2339,2560,2790,2999,2773,2413,2294,2467,2552,2509,2732,2894,2728,2338,2238,2291,2384,2640,2801,3053,2907,2576,2469,2384,2495,2646,2497,2787,2687,2457,2310,2288,2354,2653,2813,3186,3109,2468,2509,2363,2384,2728,2619,2872,2802,2542,2293,2388,2214,2445,2757,3054,3003,2611,2453,2358,2344,2567,2491,2834,2835,2526,2366,2405,2258,2496,2732,2867,2753,2579,2475,2390,2296,2495,2564,2724,2777,2494,2347,2608,2495,2684,2817,3012,2987,2632,2459,2331,2415,2715,2774,3036,3023,2629,2517,2685,2495,2762,2820,3003,2996,2727,2416,2168,2408,2691,2862,2982,2905,2565,2430,2573,2339,2654,2759,3018,2747,2566,2227,2161,2300,2472,2671,2644,2412,2299,2160,2338,2324,2363,2853,2960,2709,2289,2235,2314,2219,2141,2361,2547,2345,2354,2294,2397,2363,2345,2712,2979,2808,2384,2423,2328,2341,2252,2449,2447,2434,2369,2415,2447,2407,2424,2697,3837,3614,2509,2506,2316,2498,2501,2559,2457,2319,2303,2370,2392,2415,2587,3621,4390,4166,3068,2637,2427,2493,2503,2634,2658,2549,2237,2361,2250,2756,3051,4165,4488,4265,3166,2707,2526,2503,2440,2618,2726,2545,2356,2540,2297,2819,3153,4265,4222,4000,2921,2475,2476,2364,2370,2666,2728,2336,2369,2350,2242,2502,2934,3998,3669,3453,2553,2361,2294,2319,2135,2500,2586,2350,2202,2238,2271,2338,2503,3436,3253,3032,2443,2413,2209,2271,2269,2398,2378,2467,2325,2263,2385,2370,2476,3051,2747,2590,2345,2434,2334,2399,2396,2381,2620,2547,2352,2397,2494,2388,2420,2606,2628,2568,2286,2174,2316,2358,2389,2356,2519,2377,2424,2554,2510,2310,2194,2428,2711,2556,2447,2345,2301,2403,2468,2621,2610,2469,2464,2529,2367,2253,2408,2571,2899,2701,2714,2497,2376,2604,2799,3004,3101,2874,2543,2432,2401,2449,2560,2729,2990,2823,2716,2476,2378,2684,2732,3088,3186,2917,2551,2293,2284,2355,2491,2849,3346,3144,2556,2341,2368,2619,2632,2896,3052,2805,2428,2284,2301,2293,2426,3118,4532,4310,3173,2778,2475,2640,2348,3113,3249,2909,2468,2580,2692,2743,3186,4309,4905,4685,3551,3097,2992,2779,2937,3525,3606,3050,2772,2784,3007,3118,3570,4684,4894,4672,3542,3003,3035,2698,3104,3589,3664,3337,2837,2749,2969,3115,3582,4676,4530,4304,3205,2559,2791,2688,2947,3346,3426,3251,2735,2604,2542,2813,3221,4307,3880,3655,2572,2343,2554,2541,2681,2912,2921,2881,2562,2474,2487,2505,2701,3661,3617,3389,2371,2357,2450,2354,2448,2477,2444,2420,2525,2568,2587,2434,2509,3388,3310,3082,2180,2292,2362,2394,2268,2465,2464,2381,2411,2538,2600,2415,2414,3103,3311,3112,2470,2343,2373,2348,2372,2492,2550,2389,2332,2300,2428,2349,2353,3088,3335,3126,2391,2373,2409,2355,2414,2521,2533,2395,2403,2270,2332,2265,2269,3118,3333,3119,2400,2318,2445,2262,2408,2402,2482,2302,2231,2358,2403,2400,2377,3129,3071,2887,2492,2312,2353,2192,2462,2281,2822,2851,2573,2659,2765,2657,2497,2794,3787,3602,2894,2640,2469,2338,2777,2632,3245,3267,2881,3141,3293,3130,2913,3525,3915,3723,3055,2694,2707,2555,2879,2866,3363,3304,2878,3272,3435,3278,2959,3671,3593,3403,2842,2666,2575,2517,2722,2787,3197,3109,2513,3047,3230,3075,2800,3388,3264,3004,2426,2325,2354,2398,2586,2322,2783,2784,2509,2419,2568,2272,2656,3120,3390,3176,2536,2401,2224,2434,2567,2427,2693,2730,2524,2413,2441,2668,2765,3163,3425,3208,2485,2378,2390,2289,2298,2397,2565,2511,2324,2275,2323,2613,2615,3205,3599,3389,2468,2327,2217,2262,2202,2264,2343,2442,2359,2310,2217,2390,2464,3371,3899,3679,2621,2313,2277,2232,2309,2467,2501,2426,2368,2364,2250,2455,2497,3673,3839,3613,2439,2467,2346,2383,2375,2703,2761,2542,2481,2551,2465,2438,2451,3613,3451,3206,2382,2550,2534,2323,2275,2596,2686,2555,2339,2551,2503,2468,2563,3238,3223,2981,2630,2502,2443,2417,2398,2514,2538,2443,2425,2455,2564,2653,2674,3049,3321,3156,2593,2409,2366,2365,2446,2527,2875,2768,2519,2611,2874,2956,2900,3105,3127,2969,2267,2417,2407,2395,2348,2538,2911,2867,2586,2576,2867,2972,2940,2926,3315,3094,2482,2358,2543,2527,2293,2421,2473,2547,2348,2388,2543,2647,2656,3143,3359,3135,2399,2356,2454,2518,2397,2405,2471,2371,2425,2348,2182,2306,2444,3151,3569,3352,2433,2443,2199,2396,2440,2405,2534,2460,2334,2351,2391,2431,2532,3352,3624,3403,2372,2440,2307,2358,2352,2448,2420,2374,2285,2316,2413,2388,2446,3407,3346,3092,2385,2325,2356,2302,2359,2402,2386,2480,2252,1964,2252,2452,2360,3141,2998,2795,2399,2304,2305,2231,2344,2408,2480,2585,2418,2324,2415,2284,2261,2748,2852,2725,2286,2222,2339,2226,2364,2283,2587,2518,2364,2376,2333,2143,2234,2553,2759,2675,2486,2248,2255,2193,2284,2201,2601,2489,2289,2340,2346,2311,2263,2547,2843,2738,2520,2353,2174,2371,2323,2473,2524,2363,2377,2253,2360,2341,2243,2594,2912,2677,2397,2190,2288,2277,2263,2361,2604,2502,2369,2407,2287,2303,2153,2650,3280,3067,2351,2352,2309,2432,2451,2680,2900,2654,2318,2335,2408,2243,2335,3067,3295,3067,2209,2438,2450,2461,2378,2682,2862,2627,2315,2318,2430,2367,2307,3096,2990,2781,2415,2381,2323,2328,2310,2463,2538,2576,2255,2342,2380,2412,2470,2856,3077,2851,2334,2351,2377,2197,2359,2256,2386,2437,2362,2449,2397,2342,2397,2900,3353,3116,2285,2226,2287,2333,2265,2360,2388,2407,2295,2242,2330,2250,2470,3155,3272,3013,2336,2328,2349,2309,2233,2364,2401,2280,2309,2306,2230,2300,2373,3068,2804,2654,2378,2429,2377,2258,2331,2406,2393,2358,2406,2447,2382,2382,2393,2587,2942,2696,2484,2419,2357,2239,2303,2267,2363,2363,2208,2428,2434,2365,2354,2775,3021,2748,2355,2319,2187,2185,2225,2087,2299,2326,2225,2421,2495,2487,2300,2806,3817,3600,2567,2310,2284,2304,2278,2408,2583,2263,2376,2414,2388,2498,2456,3595,4253,4033,2946,2571,2327,2507,2428,2606,3024,2889,2375,2437,2321,2699,2749,4026,4320,4098,3027,2533,2224,2471,2421,3011,3260,3079,2426,2460,2368,2702,2831,4091,4064,3850,2819,2403,2180,2336,2331,2927,3173,2936,2371,2351,2366,2350,2722,3841,3513,3288,2417,2434,2476,2464,2340,2387,2617,2395,2533,2353,2294,2126,2559,3302,3541,3363,2347,2418,2411,2449,2248,2489,2509,2403,2427,2282,2297,2435,2437,3371,3911,3679,2448,2474,2449,2385,2320,2518,2654,2393,2284,2340,2395,2505,2743,3705,3958,3725,2532,2399,2237,2236,2316,2483,2534,2366,2333,2472,2483,2409,2798,3749,3724,3496,2421,2417,2271,2358,2444,2465,2341,2390,2289,2390,2447,2344,2577,3512,3254,3022,2258,2362,2259,2295,2406,2346,2374,2364,2337,2269,2284,2300,2309,3045,3446,3232,2480,2176,2349,2339,2316,2432,2508,2399,2322,2399,2458,2215,2145,3222,3461,3258,2513,2423,2416,2354,2464,2506,2859,2821,2331,2554,2714,2586,2524,3229,3413,3184,2579,2520,2450,2397,2498,2496,2915,2840,2445,2574,2822,2701,2740,3212,3167,2965,2491,2361,2338,2380,2425,2390,2625,2652,2370,2504,2660,2499,2620,2953,2891,2737,2198,2310,2293,2297,2266,2295,2144,2284,2287,2189,2252,2234,2274,2677,2693,2540,2165,2372,2263,2091,2070,2228,2172,2110,2203,2098,2207,2264,2266,2501,2448,2280,1986,2284,2278,2077,2122,2130,2280,2292,2118,2050,2192,2297,2217,2265,2810,2613,2181,2177,2230,2282,2286,2186,2304,2227,1974,1972,2161,2250,2190,2600,2699,2558,2282,2164,2102,2223,2102,1823,2048,2071,2036,2116,2216,2110,2022,2478,2792,2611,2129,2116,2012,2113,2062,1928,2073,2125,2108,2049,2074,2019,2005,2508,3057,2825,1996,2060,2108,2134,2152,2113,2126,2155,2048,2078,2071,2061,2078,2828,2981,2734,1920,2050,2039,1887,2055,2048,2047,2002,2101,2001,1998,2025,2091,2780,2689,2478,2126,2156,2108,1942,2002,2000,2211,2153,1881,1954,2038,2148,2206,2487
,,,,,,,,,,,,,,,,,,,,,,,,,,,,,,,,,,,,,,,,,,,,,,,,,,,,,,,,,,,,,,,,,,,,,,,,,,,,,,,,,,,,,,,,,,,,,,,,,,,,,,,,,,,,,,,,,,,,,,,,,,,,,,,,,,,,,,,,,,,,,,,,,,,,,,,,,,,,,,,,,,,,,,,,,,,,,,,,,,,,,,,,,,,,,,,,,,,,,,,,,,,,,,,,,,,,,,,,,,,,,,,,,,,,,,,,,,,,,,,,,,,,,,,,,,,,,,,,,,,,,,,,,,,,,,,,,,,,,,,,,,,,,,,,,,,,,,,,,,,,,,,,,,,,,,,,,,,,,,,,,,,,,,,,,,,,,,,,,,,,,,,,,,,,,,,,,,,,,,,,,,,,,,,,,,,,,,,,,,,,,,,,,,,,,,,,,,,,,,,,,,,,,,,,,,,,,,,,,,,,,,,,,,,,,,,,,,,,,,,,,,,,,,,,,,,,,,,,,,,,,,,,,,,,,,,,,,,,,,,,,,,,,,,,,,,,,,,,,,,,,,,,,,,,,,,,,,,,,,,,,,,,,,,,,,,,,,,,,,,,,,,,,,,,,,,,,,,,,,,,,,,,,,,,,,,,,,,,,,,,,,,,,,,,,,,,,,,,,,,,,,,,,,,,,,,,,,,,,,,,,,,,,,,,,,,,,,,,,,,,,,,,,,,,,,,,,,,,,,,,,,,,,,,,,,,,,,,,,,,,,,,,,,,,,,,,,,,,,,,,,,,,,,,,,,,,,,,,,,,,,,,,,,,,,,,,,,,,,,,,,,,,,,,,,,,,,,,,,,,,,,,,,,,,,,,,,,,,,,,,,,,,,,,,,,,,,,,,,,,,,,,,,,,,,,,,,,,,,,,,,,,,,,,,,,,,,,,,,,,,,,,,,,,,,,,,,,,,,,,,,,,,,,,,,,,,,,,,,,,,,,,,,,,,,,,,,,,,,,,,,,,,,,,,,,,,,,,,,,,,,,,,,,,,,,,,,,,,,,,,,,,,,,,,,,,,,,,,,,,,,,,,,,,,,,,,,,,,,,,,,,,,,,,,,,,,,,,,,,,,,,,,,,,,,,,,,,,,,,,,,,,,,,,,,,,,,,,,,,,,,,,,,,,,,,,,,,,,,,,,,,,,,,,,,,,,,,,,,,,,,,,,,,,,,,,,,,,,,,,,,,,,,,,,,,,,,,,,,,,,,,,,,,,,,,,,,,,,,,,,,,,,,,,,,,,,,,,,,,,,,,,,,,,,,,,,,,,,,,,,,,,,,,,,,,,,,,,,,,,,,,,,,,,,,,,,,,,,,,,,,,,,,,,,,,,,,,,,,,,,,,,,,,,,,,,,,,,,,,,,,,,,,,,,,,,,,,,,,,,,,,,,,,,,,,,,,,,,,,,,,,,,,,,,,,,,,,,,,,,,,,,,,,,,,,,,,,,,,,,,,,,,,,,,,,,,,,,,,,,,,,,,,,,,,,,,,,,,,,,,,,,,,,,,,,,,,,,,,,,,,,,,,,,,,,,,,,,,,,,,,,,,,,,,,,,,,,,,,,,,,,,,,,,,,,,,,,,,,,,,,,,,,,,,,,,,,,,,,,,,,,,,,,,,,,,,,,,,,,,,,,,,,,,,,,,,,,,,,,,,,,,,,,,,,,,,,,,,,,,,,,,,,,,,,,,,,,,,,,,,,,,,,,,,,,,,,,,,,,,,,,,,,,,,,,,,,,,,,,,,,,,,,,,,,,,,,,,,,,,,,,,,,,,,,,,,,,,,,,,,,,,,,,,,,,,,,,,,,,,,,,,,,,,,,,,,,,,,,,,,,,,,,,,,,,,,,,,,,,,,,,,,,,,,,,,,,,,,,,,,,,,,,,,,,,,,,,,,,,,,,,,,,,,,,,,,,,,,,,,,,,,,,,,,,,,,,,,,,,,,,,,,,,,,,,,,,,,,,,,,,,,,,,,,,,,,,,,,,,,,,,,,,,,,,,,,,,,,,,,,,,,,,,,,,,,,,,,,,,,,,,,,,,,,,,,,,,,,,,,,,,,,,,,,,,,,,,,,,,,,,,,,,,,,,,,,,,,,,,,,,,,,,,,,,,,,,,,,,,,,,,,,,,,,,,,,,,,,,,,,,,,,,,,,,,,,,,,,,,,,,,,,,,,,,,,,,,,,,,,,,,,,,,,,,,,,,,,,,,,,,,,,,,,,,,,,,,,,,,,,,,,,,,,
,,,,,,,,,,,,,,,,,,,,,,,,,,,,,,,,,,,,,,,,,,,,,,,,,,,,,,,,,,,,,,,,,,,,,,,,,,,,,,,,,,,,,,,,,,,,,,,,,,,,,,,,,,,,,,,,,,,,,,,,,,,,,,,,,,,,,,,,,,,,,,,,,,,,,,,,,,,,,,,,,,,,,,,,,,,,,,,,,,,,,,,,,,,,,,,,,,,,,,,,,,,,,,,,,,,,,,,,,,,,,,,,,,,,,,,,,,,,,,,,,,,,,,,,,,,,,,,,,,,,,,,,,,,,,,,,,,,,,,,,,,,,,,,,,,,,,,,,,,,,,,,,,,,,,,,,,,,,,,,,,,,,,,,,,,,,,,,,,,,,,,,,,,,,,,,,,,,,,,,,,,,,,,,,,,,,,,,,,,,,,,,,,,,,,,,,,,,,,,,,,,,,,,,,,,,,,,,,,,,,,,,,,,,,,,,,,,,,,,,,,,,,,,,,,,,,,,,,,,,,,,,,,,,,,,,,,,,,,,,,,,,,,,,,,,,,,,,,,,,,,,,,,,,,,,,,,,,,,,,,,,,,,,,,,,,,,,,,,,,,,,,,,,,,,,,,,,,,,,,,,,,,,,,,,,,,,,,,,,,,,,,,,,,,,,,,,,,,,,,,,,,,,,,,,,,,,,,,,,,,,,,,,,,,,,,,,,,,,,,,,,,,,,,,,,,,,,,,,,,,,,,,,,,,,,,,,,,,,,,,,,,,,,,,,,,,,,,,,,,,,,,,,,,,,,,,,,,,,,,,,,,,,,,,,,,,,,,,,,,,,,,,,,,,,,,,,,,,,,,,,,,,,,,,,,,,,,,,,,,,,,,,,,,,,,,,,,,,,,,,,,,,,,,,,,,,,,,,,,,,,,,,,,,,,,,,,,,,,,,,,,,,,,,,,,,,,,,,,,,,,,,,,,,,,,,,,,,,,,,,,,,,,,,,,,,,,,,,,,,,,,,,,,,,,,,,,,,,,,,,,,,,,,,,,,,,,,,,,,,,,,,,,,,,,,,,,,,,,,,,,,,,,,,,,,,,,,,,,,,,,,,,,,,,,,,,,,,,,,,,,,,,,,,,,,,,,,,,,,,,,,,,,,,,,,,,,,,,,,,,,,,,,,,,,,,,,,,,,,,,,,,,,,,,,,,,,,,,,,,,,,,,,,,,,,,,,,,,,,,,,,,,,,,,,,,,,,,,,,,,,,,,,,,,,,,,,,,,,,,,,,,,,,,,,,,,,,,,,,,,,,,,,,,,,,,,,,,,,,,,,,,,,,,,,,,,,,,,,,,,,,,,,,,,,,,,,,,,,,,,,,,,,,,,,,,,,,,,,,,,,,,,,,,,,,,,,,,,,,,,,,,,,,,,,,,,,,,,,,,,,,,,,,,,,,,,,,,,,,,,,,,,,,,,,,,,,,,,,,,,,,,,,,,,,,,,,,,,,,,,,,,,,,,,,,,,,,,,,,,,,,,,,,,,,,,,,,,,,,,,,,,,,,,,,,,,,,,,,,,,,,,,,,,,,,,,,,,,,,,,,,,,,,,,,,,,,,,,,,,,,,,,,,,,,,,,,,,,,,,,,,,,,,,,,,,,,,,,,,,,,,,,,,,,,,,,,,,,,,,,,,,,,,,,,,,,,,,,,,,,,,,,,,,,,,,,,,,,,,,,,,,,,,,,,,,,,,,,,,,,,,,,,,,,,,,,,,,,,,,,,,,,,,,,,,,,,,,,,,,,,,,,,,,,,,,,,,,,,,,,,,,,,,,,,,,,,,,,,,,,,,,,,,,,,,,,,,,,,,,,,,,,,,,,,,,,,,,,,,,,,,,,,,,,,,,,,,,,,,,,,,,,,,,,,,,,,,,,,,,,,,,,,,,,,,,,,,,,,,,,,,,,,,,,,,,,,,,,,,,,,,,,,,,,,,,,,,,,,,,,,,,,,,,,,,,,,,,,,,,,,,,,,,,,,,,,,,,,,,,,,,,,,,,,,,,,,,,,,,,,,,,,,,,,,,,,,,,,,,,,,,,,,,,,,,,,,,,,,,,,,,,,,,,,,,,,,,,,,,,,,,,,,,,,,,,,,,,,,,,,,,,,,,,,,,,,,,,,,,,,,,,,,,,,,,,,,,,,,,,,,,,,,,,,,,,,,,,,,,,,,,,,,,,,,,,,,,,,,,,,,,,,,,,,,,,,,,,,,,,,,,,,,,,,,,,,,,,,,,,,,,,,,,,
,,,,,,,,,,,,,,,,,,,,,,,,,,,,,,,,,,,,,,,,,,,,,,,,,,,,,,,,,,,,,,,,,,,,,,,,,,,,,,,,,,,,,,,,,,,,,,,,,,,,,,,,,,,,,,,,,,,,,,,,,,,,,,,,,,,,,,,,,,,,,,,,,,,,,,,,,,,,,,,,,,,,,,,,,,,,,,,,,,,,,,,,,,,,,,,,,,,,,,,,,,,,,,,,,,,,,,,,,,,,,,,,,,,,,,,,,,,,,,,,,,,,,,,,,,,,,,,,,,,,,,,,,,,,,,,,,,,,,,,,,,,,,,,,,,,,,,,,,,,,,,,,,,,,,,,,,,,,,,,,,,,,,,,,,,,,,,,,,,,,,,,,,,,,,,,,,,,,,,,,,,,,,,,,,,,,,,,,,,,,,,,,,,,,,,,,,,,,,,,,,,,,,,,,,,,,,,,,,,,,,,,,,,,,,,,,,,,,,,,,,,,,,,,,,,,,,,,,,,,,,,,,,,,,,,,,,,,,,,,,,,,,,,,,,,,,,,,,,,,,,,,,,,,,,,,,,,,,,,,,,,,,,,,,,,,,,,,,,,,,,,,,,,,,,,,,,,,,,,,,,,,,,,,,,,,,,,,,,,,,,,,,,,,,,,,,,,,,,,,,,,,,,,,,,,,,,,,,,,,,,,,,,,,,,,,,,,,,,,,,,,,,,,,,,,,,,,,,,,,,,,,,,,,,,,,,,,,,,,,,,,,,,,,,,,,,,,,,,,,,,,,,,,,,,,,,,,,,,,,,,,,,,,,,,,,,,,,,,,,,,,,,,,,,,,,,,,,,,,,,,,,,,,,,,,,,,,,,,,,,,,,,,,,,,,,,,,,,,,,,,,,,,,,,,,,,,,,,,,,,,,,,,,,,,,,,,,,,,,,,,,,,,,,,,,,,,,,,,,,,,,,,,,,,,,,,,,,,,,,,,,,,,,,,,,,,,,,,,,,,,,,,,,,,,,,,,,,,,,,,,,,,,,,,,,,,,,,,,,,,,,,,,,,,,,,,,,,,,,,,,,,,,,,,,,,,,,,,,,,,,,,,,,,,,,,,,,,,,,,,,,,,,,,,,,,,,,,,,,,,,,,,,,,,,,,,,,,,,,,,,,,,,,,,,,,,,,,,,,,,,,,,,,,,,,,,,,,,,,,,,,,,,,,,,,,,,,,,,,,,,,,,,,,,,,,,,,,,,,,,,,,,,,,,,,,,,,,,,,,,,,,,,,,,,,,,,,,,,,,,,,,,,,,,,,,,,,,,,,,,,,,,,,,,,,,,,,,,,,,,,,,,,,,,,,,,,,,,,,,,,,,,,,,,,,,,,,,,,,,,,,,,,,,,,,,,,,,,,,,,,,,,,,,,,,,,,,,,,,,,,,,,,,,,,,,,,,,,,,,,,,,,,,,,,,,,,,,,,,,,,,,,,,,,,,,,,,,,,,,,,,,,,,,,,,,,,,,,,,,,,,,,,,,,,,,,,,,,,,,,,,,,,,,,,,,,,,,,,,,,,,,,,,,,,,,,,,,,,,,,,,,,,,,,,,,,,,,,,,,,,,,,,,,,,,,,,,,,,,,,,,,,,,,,,,,,,,,,,,,,,,,,,,,,,,,,,,,,,,,,,,,,,,,,,,,,,,,,,,,,,,,,,,,,,,,,,,,,,,,,,,,,,,,,,,,,,,,,,,,,,,,,,,,,,,,,,,,,,,,,,,,,,,,,,,,,,,,,,,,,,,,,,,,,,,,,,,,,,,,,,,,,,,,,,,,,,,,,,,,,,,,,,,,,,,,,,,,,,,,,,,,,,,,,,,,,,,,,,,,,,,,,,,,,,,,,,,,,,,,,,,,,,,,,,,,,,,,,,,,,,,,,,,,,,,,,,,,,,,,,,,,,,,,,,,,,,,,,,,,,,,,,,,,,,,,,,,,,,,,,,,,,,,,,,,,,,,,,,,,,,,,,,,,,,,,,,,,,,,,,,,,,,,,,,,,,,,,,,,,,,,,,,,,,,,,,,,,,,,,,,,,,,,,,,,,,,,,,,,,,,,,,,,,,,,,,,,,,,,,,,,,,,,,,,,,,,,,,,,,,,,,,,,,,,,,,,,,,,,,,,,,,,,,,,,,,,,,,,,,,,,,,,,,,,,,,,,,,,,,,,,,,,,,,,,,,,,,,,,,,,,,,,,,,,,,,,,,,,,,,,,,,,,,,,,,,,,,,,,,,,,,,,,,
,,,,,,,,,,,,,,,,,,,,,,,,,,,,,,,,,,,,,,,,,,,,,,,,,,,,,,,,,,,,,,,,,,,,,,,,,,,,,,,,,,,,,,,,,,,,,,,,,,,,,,,,,,,,,,,,,,,,,,,,,,,,,,,,,,,,,,,,,,,,,,,,,,,,,,,,,,,,,,,,,,,,,,,,,,,,,,,,,,,,,,,,,,,,,,,,,,,,,,,,,,,,,,,,,,,,,,,,,,,,,,,,,,,,,,,,,,,,,,,,,,,,,,,,,,,,,,,,,,,,,,,,,,,,,,,,,,,,,,,,,,,,,,,,,,,,,,,,,,,,,,,,,,,,,,,,,,,,,,,,,,,,,,,,,,,,,,,,,,,,,,,,,,,,,,,,,,,,,,,,,,,,,,,,,,,,,,,,,,,,,,,,,,,,,,,,,,,,,,,,,,,,,,,,,,,,,,,,,,,,,,,,,,,,,,,,,,,,,,,,,,,,,,,,,,,,,,,,,,,,,,,,,,,,,,,,,,,,,,,,,,,,,,,,,,,,,,,,,,,,,,,,,,,,,,,,,,,,,,,,,,,,,,,,,,,,,,,,,,,,,,,,,,,,,,,,,,,,,,,,,,,,,,,,,,,,,,,,,,,,,,,,,,,,,,,,,,,,,,,,,,,,,,,,,,,,,,,,,,,,,,,,,,,,,,,,,,,,,,,,,,,,,,,,,,,,,,,,,,,,,,,,,,,,,,,,,,,,,,,,,,,,,,,,,,,,,,,,,,,,,,,,,,,,,,,,,,,,,,,,,,,,,,,,,,,,,,,,,,,,,,,,,,,,,,,,,,,,,,,,,,,,,,,,,,,,,,,,,,,,,,,,,,,,,,,,,,,,,,,,,,,,,,,,,,,,,,,,,,,,,,,,,,,,,,,,,,,,,,,,,,,,,,,,,,,,,,,,,,,,,,,,,,,,,,,,,,,,,,,,,,,,,,,,,,,,,,,,,,,,,,,,,,,,,,,,,,,,,,,,,,,,,,,,,,,,,,,,,,,,,,,,,,,,,,,,,,,,,,,,,,,,,,,,,,,,,,,,,,,,,,,,,,,,,,,,,,,,,,,,,,,,,,,,,,,,,,,,,,,,,,,,,,,,,,,,,,,,,,,,,,,,,,,,,,,,,,,,,,,,,,,,,,,,,,,,,,,,,,,,,,,,,,,,,,,,,,,,,,,,,,,,,,,,,,,,,,,,,,,,,,,,,,,,,,,,,,,,,,,,,,,,,,,,,,,,,,,,,,,,,,,,,,,,,,,,,,,,,,,,,,,,,,,,,,,,,,,,,,,,,,,,,,,,,,,,,,,,,,,,,,,,,,,,,,,,,,,,,,,,,,,,,,,,,,,,,,,,,,,,,,,,,,,,,,,,,,,,,,,,,,,,,,,,,,,,,,,,,,,,,,,,,,,,,,,,,,,,,,,,,,,,,,,,,,,,,,,,,,,,,,,,,,,,,,,,,,,,,,,,,,,,,,,,,,,,,,,,,,,,,,,,,,,,,,,,,,,,,,,,,,,,,,,,,,,,,,,,,,,,,,,,,,,,,,,,,,,,,,,,,,,,,,,,,,,,,,,,,,,,,,,,,,,,,,,,,,,,,,,,,,,,,,,,,,,,,,,,,,,,,,,,,,,,,,,,,,,,,,,,,,,,,,,,,,,,,,,,,,,,,,,,,,,,,,,,,,,,,,,,,,,,,,,,,,,,,,,,,,,,,,,,,,,,,,,,,,,,,,,,,,,,,,,,,,,,,,,,,,,,,,,,,,,,,,,,,,,,,,,,,,,,,,,,,,,,,,,,,,,,,,,,,,,,,,,,,,,,,,,,,,,,,,,,,,,,,,,,,,,,,,,,,,,,,,,,,,,,,,,,,,,,,,,,,,,,,,,,,,,,,,,,,,,,,,,,,,,,,,,,,,,,,,,,,,,,,,,,,,,,,,,,,,,,,,,,,,,,,,,,,,,,,,,,,,,,,,,,,,,,,,,,,,,,,,,,,,,,,,,,,,,,,,,,,,,,,,,,,,,,,,,,,,,,,,,,,,,,,,,,,,,,,,,,,,,,,,,,,,,,,,,,,,,,,,,,,,,,,,,,,,,,,,,,,,,,,,,,,,,,,,,,,,,,,,,,,,,,,,,,,,,,,,,,,,,,,,,,,,,,,,,,,,,,,,,,,,,,,,,,,,,,,,,,,,,,,,,,,,,,,,,,,,,,,,,,,,,,,,,,,,,,,,,
,,,,,,,,,,,,,,,,,,,,,,,,,,,,,,,,,,,,,,,,,,,,,,,,,,,,,,,,,,,,,,,,,,,,,,,,,,,,,,,,,,,,,,,,,,,,,,,,,,,,,,,,,,,,,,,,,,,,,,,,,,,,,,,,,,,,,,,,,,,,,,,,,,,,,,,,,,,,,,,,,,,,,,,,,,,,,,,,,,,,,,,,,,,,,,,,,,,,,,,,,,,,,,,,,,,,,,,,,,,,,,,,,,,,,,,,,,,,,,,,,,,,,,,,,,,,,,,,,,,,,,,,,,,,,,,,,,,,,,,,,,,,,,,,,,,,,,,,,,,,,,,,,,,,,,,,,,,,,,,,,,,,,,,,,,,,,,,,,,,,,,,,,,,,,,,,,,,,,,,,,,,,,,,,,,,,,,,,,,,,,,,,,,,,,,,,,,,,,,,,,,,,,,,,,,,,,,,,,,,,,,,,,,,,,,,,,,,,,,,,,,,,,,,,,,,,,,,,,,,,,,,,,,,,,,,,,,,,,,,,,,,,,,,,,,,,,,,,,,,,,,,,,,,,,,,,,,,,,,,,,,,,,,,,,,,,,,,,,,,,,,,,,,,,,,,,,,,,,,,,,,,,,,,,,,,,,,,,,,,,,,,,,,,,,,,,,,,,,,,,,,,,,,,,,,,,,,,,,,,,,,,,,,,,,,,,,,,,,,,,,,,,,,,,,,,,,,,,,,,,,,,,,,,,,,,,,,,,,,,,,,,,,,,,,,,,,,,,,,,,,,,,,,,,,,,,,,,,,,,,,,,,,,,,,,,,,,,,,,,,,,,,,,,,,,,,,,,,,,,,,,,,,,,,,,,,,,,,,,,,,,,,,,,,,,,,,,,,,,,,,,,,,,,,,,,,,,,,,,,,,,,,,,,,,,,,,,,,,,,,,,,,,,,,,,,,,,,,,,,,,,,,,,,,,,,,,,,,,,,,,,,,,,,,,,,,,,,,,,,,,,,,,,,,,,,,,,,,,,,,,,,,,,,,,,,,,,,,,,,,,,,,,,,,,,,,,,,,,,,,,,,,,,,,,,,,,,,,,,,,,,,,,,,,,,,,,,,,,,,,,,,,,,,,,,,,,,,,,,,,,,,,,,,,,,,,,,,,,,,,,,,,,,,,,,,,,,,,,,,,,,,,,,,,,,,,,,,,,,,,,,,,,,,,,,,,,,,,,,,,,,,,,,,,,,,,,,,,,,,,,,,,,,,,,,,,,,,,,,,,,,,,,,,,,,,,,,,,,,,,,,,,,,,,,,,,,,,,,,,,,,,,,,,,,,,,,,,,,,,,,,,,,,,,,,,,,,,,,,,,,,,,,,,,,,,,,,,,,,,,,,,,,,,,,,,,,,,,,,,,,,,,,,,,,,,,,,,,,,,,,,,,,,,,,,,,,,,,,,,,,,,,,,,,,,,,,,,,,,,,,,,,,,,,,,,,,,,,,,,,,,,,,,,,,,,,,,,,,,,,,,,,,,,,,,,,,,,,,,,,,,,,,,,,,,,,,,,,,,,,,,,,,,,,,,,,,,,,,,,,,,,,,,,,,,,,,,,,,,,,,,,,,,,,,,,,,,,,,,,,,,,,,,,,,,,,,,,,,,,,,,,,,,,,,,,,,,,,,,,,,,,,,,,,,,,,,,,,,,,,,,,,,,,,,,,,,,,,,,,,,,,,,,,,,,,,,,,,,,,,,,,,,,,,,,,,,,,,,,,,,,,,,,,,,,,,,,,,,,,,,,,,,,,,,,,,,,,,,,,,,,,,,,,,,,,,,,,,,,,,,,,,,,,,,,,,,,,,,,,,,,,,,,,,,,,,,,,,,,,,,,,,,,,,,,,,,,,,,,,,,,,,,,,,,,,,,,,,,,,,,,,,,,,,,,,,,,,,,,,,,,,,,,,,,,,,,,,,,,,,,,,,,,,,,,,,,,,,,,,,,,,,,,,,,,,,,,,,,,,,,,,,,,,,,,,,,,,,,,,,,,,,,,,,,,,,,,,,,,,,,,,,,,,,,,,,,,,,,,,,,,,,,,,,,,,,,,,,,,,,,,,,,,,,,,,,,,,,,,,,,,,,,,,,,,,,,,,,,,,,,,,,,,,,,,,,,,,,,,,,,,,,,,,,,,,,,,,,,,,,,,,,,,,,,,,,,,,,,,,,,,,,,,,,,,,,,,,,,,,,,,,,,,,,,,,,,,,,,,,,,,,,,,,,,,,,,,,,,,,,,,,,,,,
3473,3252,2287,2355,2451,2354,2362,2138,2259,2138,2362,2354,2451,2355,2287,3252,3714,3492,2538,2275,2336,2317,2378,2195,2299,2363,2345,2285,2397,2390,2396,3485,4070,3848,2717,2305,2392,2280,2295,2245,2298,2291,2247,2311,2430,2346,2720,3849,4204,3981,2844,2469,2336,2314,2265,2308,2283,2192,2311,2363,2450,2415,2877,3983,4011,3785,2613,2306,2126,2366,2211,2143,2132,2219,2338,2330,2270,2230,2722,3793,3714,3492,2440,2406,2446,2359,2256,2184,2133,2119,2255,2220,2211,2255,2573,3496,3320,3113,2401,2302,2336,2159,2175,2110,2070,2211,2251,2113,2272,2315,2459,3142,3098,2827,2409,2297,2196,2189,2228,2225,2343,2326,2184,2240,2276,2300,2343,2926,3161,2937,2420,2176,2329,2391,2396,2278,2452,2512,2381,2343,2415,2413,2352,2969,3470,3238,2549,2453,2310,2310,2475,2419,2783,2869,2782,2688,2477,2357,2625,3242,3536,3648,3523,2670,3060,2951,3345,3238,3708,3779,3585,3284,3334,3347,3600,3689,4272,4305,4120,3118,3766,3712,3976,3838,4324,4408,4285,4168,4071,3977,4216,4101,4644,4595,4212,3681,3947,3868,4132,4097,4495,4537,4459,4435,4363,4228,4378,4318,4661,4556,3902,3719,3752,3767,3894,4234,4397,4317,4246,4325,4295,4156,4153,4280,4293,4161,3736,3455,3584,3756,3716,4015,4108,3830,3571,3873,3867,3801,3812,4057,3967,3855,3422,3146,3250,3419,3323,3650,3718,3445,3453,3483,3426,3481,3620,3744,3876,3673,3053,3057,3048,3125,2979,3484,3509,3275,3185,3137,3104,3122,3373,3689,4145,3918,2887,2846,2823,2899,2931,3244,3249,2971,2848,2850,2769,2871,3114,3937,4641,4419,3249,2854,2809,2619,2641,2990,2998,2875,2740,2696,2556,2966,3281,4419,4756,4530,3343,2990,2989,2842,2930,3218,3216,3043,2799,2881,2940,2977,3402,4532,4521,4293,3081,2805,2959,3056,3172,3378,3573,3487,3186,3089,3112,2818,3234,4301,4076,3902,3110,3078,3356,3310,3442,3580,3734,3618,3150,3088,2938,3001,3425,3832,4544,4373,3777,3468,3619,3502,3529,3681,3840,3722,3509,3700,3695,3515,3881,4338,4570,4408,3880,3523,3551,3386,3292,3523,3853,3808,3519,3750,3814,3677,3981,4386,4212,4061,3547,3275,3155,2915,2908,3216,3472,3515,3228,3463,3559,3461,3730,4050,3575,3397,2779,2845,2608,2697,2947,3087,3164,2998,2908,2973,2980,2806,3179,3463,3365,3199,2680,2644,2556,2572,2856,2956,2928,2790,2670,2650,2627,2525,2907,3175,3190,3006,2569,2516,2542,2437,2586,2664,2783,2759,2595,2491,2459,2424,2550,2925,3147,2943,2562,2416,2404,2330,2280,2551,2784,2762,2646,2369,2529,2520,2406,2960,3287,3063,2726,2520,2420,2426,2289,2768,2997,3001,2819,2676,2631,2505,2627,3089,3339,2959,2716,2624,2400,2456,2636,2730,3040,3095,2806,2845,2665,2556,2836,3230,3187,3067,3169,2588,2502,2620,2778,2838,3096,3056,2654,2811,2723,2850,3265,3333,3350,3166,2733,2975,2897,2503,2751,2934,3189,3247,2738,2733,2859,2892,3440,3254,3476,3403,3262,3150,3001,2857,2898,2896,3140,3147,2874,2891,2847,3163,3436,3090,3350,3344,3168,3010,2923,2886,2870,2849,2838,2797,2678,2664,2766,3058,3183,3039,3044,2964,2725,2476,2554,2639,2664,2527,2656,2621,2399,2320,2512,2664,2701,2809,2879,2749,2621,2401,2350,2240,2479,2449,2665,2617,2394,2303,2306,2425,2239,2692,2652,2413,2434,2332,2321,2249,2455,2482,2606,2591,2320,2324,2200,2153,2352,2621,2490,2376,2370,2348,2364,2227,2480,2488,2682,2656,2471,2227,2290,2202,2331,2617,2775,2549,2467,2268,2318,2271,2351,2528,2851,2675,2436,2456,2376,2338,2477,2718,2700,2503,2488,2423,2408,2302,2496,2541,2824,2623,2505,2168,2343,2342,2522,2615,2939,2628,2644,2605,2653,2512,2577,2589,2782,2758,2554,2301,2275,2389,2813,2838,3175,2954,2722,2628,2799,2616,2525,2778,2957,2922,2616,2255,2220,2428,2917,3080,3253,3144,2855,2717,2709,2581,2452,2674,2920,2861,2532,2334,2377,2339,2794,3068,3127,3138,2962,2699,2605,2587,2480,2499,2533,2522,2403,2429,2669,2645,2564,2880,3024,3055,2926,2388,2532,2611,2594,2709,2824,2632,2506,2483,2838,2743,2764,2960,3064,3059,2849,2381,2449,2604,2609,2622,2861,2716,2439,2294,2683,2551,2695,2963,3131,2991,2558,2080,2285,2338,2406,2481,2632,2555,2282,2325,2416,2307,2375,2944,3009,2800,2289,2206,2342,2358,2261,2343,2488,2413,2381,2482,2498,2346,2386,2847,2997,2805,2241,2250,2405,2313,2390,2357,2561,2286,2328,2326,2426,2319,2386,2809,3817,3595,2473,2288,2420,2314,2405,2378,2503,2346,2359,2224,2308,2348,2515,3590,4383,4160,3031,2682,2455,2295,2345,2514,2739,2461,2477,2208,2461,2679,2998,4157,4485,4264,3137,2783,2573,2277,2419,2704,2749,2443,2316,2361,2545,2778,3096,4260,4221,4000,2896,2507,2347,2329,2432,2439,2535,2368,2255,2343,2290,2564,2814,3993,3677,3452,2540,2193,2328,2277,2336,2336,2436,2470,2326,2300,2373,2308,2411,3454,3270,3036,2314,2221,2332,2322,2146,2350,2576,2520,2466,2401,2420,2433,2438,3075,2758,2605,2356,2330,2287,2299,2319,2526,2595,2436,2459,2248,2398,2297,2447,2617,2621,2530,2123,2226,2251,2306,2390,2447,2440,2290,2317,2331,2291,2395,2452,2426,2714,2510,2120,2322,2399,2569,2644,2555,2428,2380,2432,2382,2343,2355,2254,2531,2913,2779,2268,2591,2715,2841,2929,3009,2886,2431,2569,2344,2469,2564,2642,2703,3236,3075,2380,2590,2732,2825,2927,3125,3051,2530,2699,2487,2587,2650,2728,2951,3380,3145,2354,2325,2524,2551,2664,2952,2856,2651,2706,2369,2406,2526,2702,3159,4536,4316,3193,2868,2465,2556,2591,3118,3177,2892,2799,2434,2528,2934,3192,4314,4907,4688,3541,3192,2934,2822,2840,3457,3569,3301,2798,2608,3002,3212,3549,4684,4895,4677,3545,3149,2987,2645,2999,3484,3656,3450,2911,2567,3080,3170,3532,4675,4534,4311,3192,2878,2774,2435,2870,3284,3452,3298,2802,2454,2778,2816,3141,4310,3870,3649,2612,2703,2613,2559,2477,2935,3139,3026,2490,2434,2415,2508,2747,3648,3633,3408,2410,2370,2442,2426,2331,2609,2821,2601,2431,2603,2561,2343,2454,3407,3323,3056,2296,2272,2287,2295,2272,2547,2685,2466,2227,2483,2429,2326,2251,3126,3323,3130,2247,2379,2427,2347,2354,2483,2558,2409,2390,2318,2337,2426,2454,3125,3331,3054,2272,2270,2357,2424,2510,2616,2592,2336,2483,2342,2292,2269,2412,3138,3345,3137,2335,2205,2213,2336,2415,2463,2475,2409,2485,2369,2391,2332,2324,3126,3013,2805,2258,2288,2308,2315,2384,2573,2903,2822,2600,2780,2749,2462,2299,2822,3789,3557,2593,2471,2319,2398,2613,3081,3416,3373,3129,3267,3319,3093,2893,3557,3918,3670,2845,2748,2435,2577,2738,3252,3534,3475,3275,3394,3457,3262,3045,3701,3615,3310,2867,2674,2481,2608,2604,3035,3345,3272,3071,3195,3228,3050,2872,3455,3236,3174,2890,2425,2349,2512,2508,2731,2833,2812,2604,2615,2320,2272,2490,3016,3388,3182,2722,2439,2526,2343,2479,2715,2698,2683,2511,2294,2525,2435,2212,3173,3379,3097,2562,2391,2290,2265,2298,2555,2560,2358,2293,2457,2418,2349,2316,3167,3600,3355,2348,2391,2307,2234,2422,2586,2729,2542,2315,2448,2446,2295,2410,3392,3899,3669,2456,2522,2324,2430,2491,2686,2749,2522,2212,2319,2453,2374,2631,3680,3844,3619,2504,2402,2309,2400,2527,2705,2712,2430,2323,2363,2353,2360,2578,3623,3453,3252,2518,2264,2421,2303,2194,2390,2441,2274,2329,2400,2452,2224,2517,3205,3119,2961,2672,2444,2326,2299,2468,2636,2740,2583,2272,2541,2387,2147,2494,2857,3305,3129,2666,2493,2390,2437,2535,2760,2913,2771,2280,2777,2774,2624,2424,3069,3183,2993,2555,2499,2451,2462,2390,2583,2791,2771,2378,2762,2800,2713,2443,3003,3252,3010,2404,2367,2345,2459,2398,2515,2547,2459,2047,2499,2527,2425,2394,3006,3319,3095,2361,2291,2381,2440,2472,2530,2541,2290,2340,2361,2455,2311,2364,3111,3604,3395,2609,2350,2362,2538,2506,2657,2741,2336,2194,2377,2365,2311,2392,3374,3631,3402,2510,2260,2268,2506,2379,2627,2686,2270,2186,2364,2294,2351,2306,3403,3302,3072,2450,2309,2225,2297,2321,2484,2591,2354,2186,2295,2290,2352,2264,3060,3081,2880,2451,2258,2263,2359,2368,2552,2721,2570,2250,2444,2517,2478,2333,2831,2963,2741,2362,2127,2294,2228,2370,2550,2654,2567,2329,2467,2458,2405,2307,2748,2742,2580,2386,2247,2393,2254,2301,2314,2327,2312,2264,2262,2317,2246,2220,2505,2766,2578,2349,2233,2251,2239,2325,2424,2439,2238,1983,2165,2232,2202,2191,2567,2940,2770,2308,2310,2322,2069,2093,2496,2569,2389,2172,2089,2190,2318,2328,2816,3196,2933,2517,2347,2345,2356,2554,2804,2880,2596,2334,2321,2224,2322,2409,3016,3227,3024,2598,2301,2267,2433,2584,2756,2819,2519,2381,2341,2210,2151,2329,3020,2918,2766,2361,2373,2355,2330,2489,2508,2564,2575,2371,2363,2265,2135,2013,2706,3080,2814,2244,2209,2237,2056,2461,2398,2531,2532,2312,2374,2394,2207,2321,2860,3372,3153,2271,2282,2307,2255,2374,2374,2425,2481,2295,2277,2375,2187,2341,3160,3303,3093,2328,2283,2147,2252,2305,2347,2407,2461,2336,2330,2284,2059,2324,3095,2801,2544,2324,2308,2226,2167,2420,2453,2368,2401,2368,2272,2278,2312,2232,2680,2940,2677,2268,2321,2285,2254,2345,2371,2451,2360,2372,2289,2330,2116,2295,2771,3051,2825,2198,2307,2338,2275,2182,2411,2431,2358,2207,2297,2196,2252,2269,2833,3813,3595,2549,2287,2200,2314,2277,2481,2626,2477,2224,2216,2144,2189,2563,3592,4252,4027,2837,2550,2471,2238,2519,2818,2658,2749,2473,2345,2397,2642,2842,4027,4319,4089,2799,2697,2536,2397,2653,2828,3006,2950,2666,2504,2388,2753,2896,4094,4060,3829,2536,2509,2409,2334,2490,2794,2962,2885,2644,2469,2473,2484,2659,3841,3503,3251,2338,2253,2361,2353,2315,2488,2608,2568,2419,2338,2423,2448,2378,3287,3601,3327,2454,2390,2425,2411,2272,2364,2517,2287,2345,2243,2225,2489,2334,3402,3898,3683,2619,2490,2207,2329,2220,2564,2651,2513,2356,2309,2216,2291,2534,3666,3948,3733,2635,2524,2267,2068,2350,2611,2674,2527,2279,2346,2147,2248,2590,3722,3715,3497,2331,2421,2317,2179,2338,2551,2561,2337,2282,2316,2306,2280,2364,3484,3240,3025,2289,2224,2304,2287,2389,2456,2377,2225,2278,2379,2268,2315,2213,2971,3443,3214,2257,2235,2192,2186,2321,2470,2695,2664,2516,2374,2246,2168,2335,3222,3467,3243,2452,2343,2306,2215,2343,2611,2963,2972,2706,2782,2782,2611,2575,3246,3398,3185,2709,2426,2278,2343,2313,2648,3064,3058,2788,2900,2915,2736,2710,3139,3129,2906,2659,2321,2186,2374,2269,2426,2883,2899,2687,2692,2731,2568,2530,2985,2904,2660,2283,2308,2272,2278,2354,2316,2304,2338,2271,2344,2310,2330,2234,2701,2701,2478,2179,2099,2235,2281,2283,2251,2353,2317,2226,1991,2155,2223,2250,2509,2576,2336,2148,2099,2270,2284,2182,2316,2354,2349,2206,2252,2208,2228,2257,2431,2738,2500,2039,2058,2115,2180,2225,2332,2326,2142,2155,2187,2353,2271,2265,2454,2689,2471,1785,2092,2147,2086,2207,2155,2123,2182,2204,2078,2226,2194,2101,2435,2826,2619,2040,2070,2049,2071,2089,1979,2032,2088,2148,2105,2120,2052,1992,2591,3055,2811,1987,1989,2006,1948,2101,2102,2172,2147,2046,2011,2092,1992,1951,2840,2985,2726,2013,2093,2047,2068,2029,2064,2022,2137,2145,1903,1924,2010,2183,2796,2744,2528,2063,2134,2176,2032,1945,2093,2174,2238,2244,2037,2069,2000,2225,2573
,,,,,,,,,,,,,,,,,,,,,,,,,,,,,,,,,,,,,,,,,,,,,,,,,,,,,,,,,,,,,,,,,,,,,,,,,,,,,,,,,,,,,,,,,,,,,,,,,,,,,,,,,,,,,,,,,,,,,,,,,,,,,,,,,,,,,,,,,,,,,,,,,,,,,,,,,,,,,,,,,,,,,,,,,,,,,,,,,,,,,,,,,,,,,,,,,,,,,,,,,,,,,,,,,,,,,,,,,,,,,,,,,,,,,,,,,,,,,,,,,,,,,,,,,,,,,,,,,,,,,,,,,,,,,,,,,,,,,,,,,,,,,,,,,,,,,,,,,,,,,,,,,,,,,,,,,,,,,,,,,,,,,,,,,,,,,,,,,,,,,,,,,,,,,,,,,,,,,,,,,,,,,,,,,,,,,,,,,,,,,,,,,,,,,,,,,,,,,,,,,,,,,,,,,,,,,,,,,,,,,,,,,,,,,,,,,,,,,,,,,,,,,,,,,,,,,,,,,,,,,,,,,,,,,,,,,,,,,,,,,,,,,,,,,,,,,,,,,,,,,,,,,,,,,,,,,,,,,,,,,,,,,,,,,,,,,,,,,,,,,,,,,,,,,,,,,,,,,,,,,,,,,,,,,,,,,,,,,,,,,,,,,,,,,,,,,,,,,,,,,,,,,,,,,,,,,,,,,,,,,,,,,,,,,,,,,,,,,,,,,,,,,,,,,,,,,,,,,,,,,,,,,,,,,,,,,,,,,,,,,,,,,,,,,,,,,,,,,,,,,,,,,,,,,,,,,,,,,,,,,,,,,,,,,,,,,,,,,,,,,,,,,,,,,,,,,,,,,,,,,,,,,,,,,,,,,,,,,,,,,,,,,,,,,,,,,,,,,,,,,,,,,,,,,,,,,,,,,,,,,,,,,,,,,,,,,,,,,,,,,,,,,,,,,,,,,,,,,,,,,,,,,,,,,,,,,,,,,,,,,,,,,,,,,,,,,,,,,,,,,,,,,,,,,,,,,,,,,,,,,,,,,,,,,,,,,,,,,,,,,,,,,,,,,,,,,,,,,,,,,,,,,,,,,,,,,,,,,,,,,,,,,,,,,,,,,,,,,,,,,,,,,,,,,,,,,,,,,,,,,,,,,,,,,,,,,,,,,,,,,,,,,,,,,,,,,,,,,,,,,,,,,,,,,,,,,,,,,,,,,,,,,,,,,,,,,,,,,,,,,,,,,,,,,,,,,,,,,,,,,,,,,,,,,,,,,,,,,,,,,,,,,,,,,,,,,,,,,,,,,,,,,,,,,,,,,,,,,,,,,,,,,,,,,,,,,,,,,,,,,,,,,,,,,,,,,,,,,,,,,,,,,,,,,,,,,,,,,,,,,,,,,,,,,,,,,,,,,,,,,,,,,,,,,,,,,,,,,,,,,,,,,,,,,,,,,,,,,,,,,,,,,,,,,,,,,,,,,,,,,,,,,,,,,,,,,,,,,,,,,,,,,,,,,,,,,,,,,,,,,,,,,,,,,,,,,,,,,,,,,,,,,,,,,,,,,,,,,,,,,,,,,,,,,,,,,,,,,,,,,,,,,,,,,,,,,,,,,,,,,,,,,,,,,,,,,,,,,,,,,,,,,,,,,,,,,,,,,,,,,,,,,,,,,,,,,,,,,,,,,,,,,,,,,,,,,,,,,,,,,,,,,,,,,,,,,,,,,,,,,,,,,,,,,,,,,,,,,,,,,,,,,,,,,,,,,,,,,,,,,,,,,,,,,,,,,,,,,,,,,,,,,,,,,,,,,,,,,,,,,,,,,,,,,,,,,,,,,,,,,,,,,,,,,,,,,,,,,,,,,,,,,,,,,,,,,,,,,,,,,,,,,,,,,,,,,,,,,,,,,,,,,,,,,,,,,,,,,,,,,,,,,,,,,,,,,,,,,,,,,,,,,,,,,,,,,,,,,,,,,,,,,,,,,,,,,,,,,,,,,,,,,,,,,,,,,,,,,,,,,,,,,,,,,,,,,,,,,,,,,,,,,,,,,,,,,,,,,,,,,,,,,,,,,,,,,,,,,,,,,,,,,,,,,,,,,,,,,,,,,,,,,,,,,,,,,,,,,,,,,,,,,,,,,,,,,,,,,,,,,,,,,,,,,,,,,,,,,,,,,,,,,,,,,,,,,,,,,,,,,,,,,,,,,,,,,,,,,,,,,,,,,,,,,,,,,,,,,,,,,,,,,,,,,,,,,,,,,,,,,,,,,,,,,,,,,,,,,,,,,,,,,,,
,,,,,,,,,,,,,,,,,,,,,,,,,,,,,,,,,,,,,,,,,,,,,,,,,,,,,,,,,,,,,,,,,,,,,,,,,,,,,,,,,,,,,,,,,,,,,,,,,,,,,,,,,,,,,,,,,,,,,,,,,,,,,,,,,,,,,,,,,,,,,,,,,,,,,,,,,,,,,,,,,,,,,,,,,,,,,,,,,,,,,,,,,,,,,,,,,,,,,,,,,,,,,,,,,,,,,,,,,,,,,,,,,,,,,,,,,,,,,,,,,,,,,,,,,,,,,,,,,,,,,,,,,,,,,,,,,,,,,,,,,,,,,,,,,,,,,,,,,,,,,,,,,,,,,,,,,,,,,,,,,,,,,,,,,,,,,,,,,,,,,,,,,,,,,,,,,,,,,,,,,,,,,,,,,,,,,,,,,,,,,,,,,,,,,,,,,,,,,,,,,,,,,,,,,,,,,,,,,,,,,,,,,,,,,,,,,,,,,,,,,,,,,,,,,,,,,,,,,,,,,,,,,,,,,,,,,,,,,,,,,,,,,,,,,,,,,,,,,,,,,,,,,,,,,,,,,,,,,,,,,,,,,,,,,,,,,,,,,,,,,,,,,,,,,,,,,,,,,,,,,,,,,,,,,,,,,,,,,,,,,,,,,,,,,,,,,,,,,,,,,,,,,,,,,,,,,,,,,,,,,,,,,,,,,,,,,,,,,,,,,,,,,,,,,,,,,,,,,,,,,,,,,,,,,,,,,,,,,,,,,,,,,,,,,,,,,,,,,,,,,,,,,,,,,,,,,,,,,,,,,,,,,,,,,,,,,,,,,,,,,,,,,,,,,,,,,,,,,,,,,,,,,,,,,,,,,,,,,,,,,,,,,,,,,,,,,,,,,,,,,,,,,,,,,,,,,,,,,,,,,,,,,,,,,,,,,,,,,,,,,,,,,,,,,,,,,,,,,,,,,,,,,,,,,,,,,,,,,,,,,,,,,,,,,,,,,,,,,,,,,,,,,,,,,,,,,,,,,,,,,,,,,,,,,,,,,,,,,,,,,,,,,,,,,,,,,,,,,,,,,,,,,,,,,,,,,,,,,,,,,,,,,,,,,,,,,,,,,,,,,,,,,,,,,,,,,,,,,,,,,,,,,,,,,,,,,,,,,,,,,,,,,,,,,,,,,,,,,,,,,,,,,,,,,,,,,,,,,,,,,,,,,,,,,,,,,,,,,,,,,,,,,,,,,,,,,,,,,,,,,,,,,,,,,,,,,,,,,,,,,,,,,,,,,,,,,,,,,,,,,,,,,,,,,,,,,,,,,,,,,,,,,,,,,,,,,,,,,,,,,,,,,,,,,,,,,,,,,,,,,,,,,,,,,,,,,,,,,,,,,,,,,,,,,,,,,,,,,,,,,,,,,,,,,,,,,,,,,,,,,,,,,,,,,,,,,,,,,,,,,,,,,,,,,,,,,,,,,,,,,,,,,,,,,,,,,,,,,,,,,,,,,,,,,,,,,,,,,,,,,,,,,,,,,,,,,,,,,,,,,,,,,,,,,,,,,,,,,,,,,,,,,,,,,,,,,,,,,,,,,,,,,,,,,,,,,,,,,,,,,,,,,,,,,,,,,,,,,,,,,,,,,,,,,,,,,,,,,,,,,,,,,,,,,,,,,,,,,,,,,,,,,,,,,,,,,,,,,,,,,,,,,,,,,,,,,,,,,,,,,,,,,,,,,,,,,,,,,,,,,,,,,,,,,,,,,,,,,,,,,,,,,,,,,,,,,,,,,,,,,,,,,,,,,,,,,,,,,,,,,,,,,,,,,,,,,,,,,,,,,,,,,,,,,,,,,,,,,,,,,,,,,,,,,,,,,,,,,,,,,,,,,,,,,,,,,,,,,,,,,,,,,,,,,,,,,,,,,,,,,,,,,,,,,,,,,,,,,,,,,,,,,,,,,,,,,,,,,,,,,,,,,,,,,,,,,,,,,,,,,,,,,,,,,,,,,,,,,,,,,,,,,,,,,,,,,,,,,,,,,,,,,,,,,,,,,,,,,,,,,,,,,,,,,,,,,,,,,,,,,,,,,,,,,,,,,,,,,,,,,,,,,,,,,,,,,,,,,,,,,,,,,,,,,,,,,,,,,,,,,,,,,,,,,,,,,,,,,,,,,,,,,,,,,,,,,,,,,,,,,,,,,,,,,,,,,,,,,,,,,,,,,,,,,,,,,,,,,,,,,,,,,,,,,,,,,,,,,,,,,,,,,,,,,,,,,,,,,,,,,,,,,,,
,,,,,,,,,,,,,,,,,,,,,,,,,,,,,,,,,,,,,,,,,,,,,,,,,,,,,,,,,,,,,,,,,,,,,,,,,,,,,,,,,,,,,,,,,,,,,,,,,,,,,,,,,,,,,,,,,,,,,,,,,,,,,,,,,,,,,,,,,,,,,,,,,,,,,,,,,,,,,,,,,,,,,,,,,,,,,,,,,,,,,,,,,,,,,,,,,,,,,,,,,,,,,,,,,,,,,,,,,,,,,,,,,,,,,,,,,,,,,,,,,,,,,,,,,,,,,,,,,,,,,,,,,,,,,,,,,,,,,,,,,,,,,,,,,,,,,,,,,,,,,,,,,,,,,,,,,,,,,,,,,,,,,,,,,,,,,,,,,,,,,,,,,,,,,,,,,,,,,,,,,,,,,,,,,,,,,,,,,,,,,,,,,,,,,,,,,,,,,,,,,,,,,,,,,,,,,,,,,,,,,,,,,,,,,,,,,,,,,,,,,,,,,,,,,,,,,,,,,,,,,,,,,,,,,,,,,,,,,,,,,,,,,,,,,,,,,,,,,,,,,,,,,,,,,,,,,,,,,,,,,,,,,,,,,,,,,,,,,,,,,,,,,,,,,,,,,,,,,,,,,,,,,,,,,,,,,,,,,,,,,,,,,,,,,,,,,,,,,,,,,,,,,,,,,,,,,,,,,,,,,,,,,,,,,,,,,,,,,,,,,,,,,,,,,,,,,,,,,,,,,,,,,,,,,,,,,,,,,,,,,,,,,,,,,,,,,,,,,,,,,,,,,,,,,,,,,,,,,,,,,,,,,,,,,,,,,,,,,,,,,,,,,,,,,,,,,,,,,,,,,,,,,,,,,,,,,,,,,,,,,,,,,,,,,,,,,,,,,,,,,,,,,,,,,,,,,,,,,,,,,,,,,,,,,,,,,,,,,,,,,,,,,,,,,,,,,,,,,,,,,,,,,,,,,,,,,,,,,,,,,,,,,,,,,,,,,,,,,,,,,,,,,,,,,,,,,,,,,,,,,,,,,,,,,,,,,,,,,,,,,,,,,,,,,,,,,,,,,,,,,,,,,,,,,,,,,,,,,,,,,,,,,,,,,,,,,,,,,,,,,,,,,,,,,,,,,,,,,,,,,,,,,,,,,,,,,,,,,,,,,,,,,,,,,,,,,,,,,,,,,,,,,,,,,,,,,,,,,,,,,,,,,,,,,,,,,,,,,,,,,,,,,,,,,,,,,,,,,,,,,,,,,,,,,,,,,,,,,,,,,,,,,,,,,,,,,,,,,,,,,,,,,,,,,,,,,,,,,,,,,,,,,,,,,,,,,,,,,,,,,,,,,,,,,,,,,,,,,,,,,,,,,,,,,,,,,,,,,,,,,,,,,,,,,,,,,,,,,,,,,,,,,,,,,,,,,,,,,,,,,,,,,,,,,,,,,,,,,,,,,,,,,,,,,,,,,,,,,,,,,,,,,,,,,,,,,,,,,,,,,,,,,,,,,,,,,,,,,,,,,,,,,,,,,,,,,,,,,,,,,,,,,,,,,,,,,,,,,,,,,,,,,,,,,,,,,,,,,,,,,,,,,,,,,,,,,,,,,,,,,,,,,,,,,,,,,,,,,,,,,,,,,,,,,,,,,,,,,,,,,,,,,,,,,,,,,,,,,,,,,,,,,,,,,,,,,,,,,,,,,,,,,,,,,,,,,,,,,,,,,,,,,,,,,,,,,,,,,,,,,,,,,,,,,,,,,,,,,,,,,,,,,,,,,,,,,,,,,,,,,,,,,,,,,,,,,,,,,,,,,,,,,,,,,,,,,,,,,,,,,,,,,,,,,,,,,,,,,,,,,,,,,,,,,,,,,,,,,,,,,,,,,,,,,,,,,,,,,,,,,,,,,,,,,,,,,,,,,,,,,,,,,,,,,,,,,,,,,,,,,,,,,,,,,,,,,,,,,,,,,,,,,,,,,,,,,,,,,,,,,,,,,,,,,,,,,,,,,,,,,,,,,,,,,,,,,,,,,,,,,,,,,,,,,,,,,,,,,,,,,,,,,,,,,,,,,,,,,,,,,,,,,,,,,,,,,,,,,,,,,,,,,,,,,,,,,,,,,,,,,,,,,,,,,,,,,,,,,,,,,,,,,,,,,,,,,,,,,,,,,,,,,,,,,,,,,,,,,,,,,,,,,,,,,,,,,,,,,,,,,,,,,,,,,,,,,,,,,,,,,,,,,,,,,,,,,,,,,,,,,,,,,,,,,,,,,,,,,,,,,,,,,,,
,,,,,,,,,,,,,,,,,,,,,,,,,,,,,,,,,,,,,,,,,,,,,,,,,,,,,,,,,,,,,,,,,,,,,,,,,,,,,,,,,,,,,,,,,,,,,,,,,,,,,,,,,,,,,,,,,,,,,,,,,,,,,,,,,,,,,,,,,,,,,,,,,,,,,,,,,,,,,,,,,,,,,,,,,,,,,,,,,,,,,,,,,,,,,,,,,,,,,,,,,,,,,,,,,,,,,,,,,,,,,,,,,,,,,,,,,,,,,,,,,,,,,,,,,,,,,,,,,,,,,,,,,,,,,,,,,,,,,,,,,,,,,,,,,,,,,,,,,,,,,,,,,,,,,,,,,,,,,,,,,,,,,,,,,,,,,,,,,,,,,,,,,,,,,,,,,,,,,,,,,,,,,,,,,,,,,,,,,,,,,,,,,,,,,,,,,,,,,,,,,,,,,,,,,,,,,,,,,,,,,,,,,,,,,,,,,,,,,,,,,,,,,,,,,,,,,,,,,,,,,,,,,,,,,,,,,,,,,,,,,,,,,,,,,,,,,,,,,,,,,,,,,,,,,,,,,,,,,,,,,,,,,,,,,,,,,,,,,,,,,,,,,,,,,,,,,,,,,,,,,,,,,,,,,,,,,,,,,,,,,,,,,,,,,,,,,,,,,,,,,,,,,,,,,,,,,,,,,,,,,,,,,,,,,,,,,,,,,,,,,,,,,,,,,,,,,,,,,,,,,,,,,,,,,,,,,,,,,,,,,,,,,,,,,,,,,,,,,,,,,,,,,,,,,,,,,,,,,,,,,,,,,,,,,,,,,,,,,,,,,,,,,,,,,,,,,,,,,,,,,,,,,,,,,,,,,,,,,,,,,,,,,,,,,,,,,,,,,,,,,,,,,,,,,,,,,,,,,,,,,,,,,,,,,,,,,,,,,,,,,,,,,,,,,,,,,,,,,,,,,,,,,,,,,,,,,,,,,,,,,,,,,,,,,,,,,,,,,,,,,,,,,,,,,,,,,,,,,,,,,,,,,,,,,,,,,,,,,,,,,,,,,,,,,,,,,,,,,,,,,,,,,,,,,,,,,,,,,,,,,,,,,,,,,,,,,,,,,,,,,,,,,,,,,,,,,,,,,,,,,,,,,,,,,,,,,,,,,,,,,,,,,,,,,,,,,,,,,,,,,,,,,,,,,,,,,,,,,,,,,,,,,,,,,,,,,,,,,,,,,,,,,,,,,,,,,,,,,,,,,,,,,,,,,,,,,,,,,,,,,,,,,,,,,,,,,,,,,,,,,,,,,,,,,,,,,,,,,,,,,,,,,,,,,,,,,,,,,,,,,,,,,,,,,,,,,,,,,,,,,,,,,,,,,,,,,,,,,,,,,,,,,,,,,,,,,,,,,,,,,,,,,,,,,,,,,,,,,,,,,,,,,,,,,,,,,,,,,,,,,,,,,,,,,,,,,,,,,,,,,,,,,,,,,,,,,,,,,,,,,,,,,,,,,,,,,,,,,,,,,,,,,,,,,,,,,,,,,,,,,,,,,,,,,,,,,,,,,,,,,,,,,,,,,,,,,,,,,,,,,,,,,,,,,,,,,,,,,,,,,,,,,,,,,,,,,,,,,,,,,,,,,,,,,,,,,,,,,,,,,,,,,,,,,,,,,,,,,,,,,,,,,,,,,,,,,,,,,,,,,,,,,,,,,,,,,,,,,,,,,,,,,,,,,,,,,,,,,,,,,,,,,,,,,,,,,,,,,,,,,,,,,,,,,,,,,,,,,,,,,,,,,,,,,,,,,,,,,,,,,,,,,,,,,,,,,,,,,,,,,,,,,,,,,,,,,,,,,,,,,,,,,,,,,,,,,,,,,,,,,,,,,,,,,,,,,,,,,,,,,,,,,,,,,,,,,,,,,,,,,,,,,,,,,,,,,,,,,,,,,,,,,,,,,,,,,,,,,,,,,,,,,,,,,,,,,,,,,,,,,,,,,,,,,,,,,,,,,,,,,,,,,,,,,,,,,,,,,,,,,,,,,,,,,,,,,,,,,,,,,,,,,,,,,,,,,,,,,,,,,,,,,,,,,,,,,,,,,,,,,,,,,,,,,,,,,,,,,,,,,,,,,,,,,,,,,,,,,,,,,,,,,,,,,,,,,,,,,,,,,,,,,,,,,,,,,,,,,,,,,,,,,,,,,,,,,,,,,,,,,,,,,,,,,,,,,,,,,,,,,,,,,,,,,,,,,,,,,,,,,,,,,,,,,,,,,,,,,,,,,,,,,,,
,,,,,,,,,,,,,,,,,,,,,,,,,,,,,,,,,,,,,,,,,,,,,,,,,,,,,,,,,,,,,,,,,,,,,,,,,,,,,,,,,,,,,,,,,,,,,,,,,,,,,,,,,,,,,,,,,,,,,,,,,,,,,,,,,,,,,,,,,,,,,,,,,,,,,,,,,,,,,,,,,,,,,,,,,,,,,,,,,,,,,,,,,,,,,,,,,,,,,,,,,,,,,,,,,,,,,,,,,,,,,,,,,,,,,,,,,,,,,,,,,,,,,,,,,,,,,,,,,,,,,,,,,,,,,,,,,,,,,,,,,,,,,,,,,,,,,,,,,,,,,,,,,,,,,,,,,,,,,,,,,,,,,,,,,,,,,,,,,,,,,,,,,,,,,,,,,,,,,,,,,,,,,,,,,,,,,,,,,,,,,,,,,,,,,,,,,,,,,,,,,,,,,,,,,,,,,,,,,,,,,,,,,,,,,,,,,,,,,,,,,,,,,,,,,,,,,,,,,,,,,,,,,,,,,,,,,,,,,,,,,,,,,,,,,,,,,,,,,,,,,,,,,,,,,,,,,,,,,,,,,,,,,,,,,,,,,,,,,,,,,,,,,,,,,,,,,,,,,,,,,,,,,,,,,,,,,,,,,,,,,,,,,,,,,,,,,,,,,,,,,,,,,,,,,,,,,,,,,,,,,,,,,,,,,,,,,,,,,,,,,,,,,,,,,,,,,,,,,,,,,,,,,,,,,,,,,,,,,,,,,,,,,,,,,,,,,,,,,,,,,,,,,,,,,,,,,,,,,,,,,,,,,,,,,,,,,,,,,,,,,,,,,,,,,,,,,,,,,,,,,,,,,,,,,,,,,,,,,,,,,,,,,,,,,,,,,,,,,,,,,,,,,,,,,,,,,,,,,,,,,,,,,,,,,,,,,,,,,,,,,,,,,,,,,,,,,,,,,,,,,,,,,,,,,,,,,,,,,,,,,,,,,,,,,,,,,,,,,,,,,,,,,,,,,,,,,,,,,,,,,,,,,,,,,,,,,,,,,,,,,,,,,,,,,,,,,,,,,,,,,,,,,,,,,,,,,,,,,,,,,,,,,,,,,,,,,,,,,,,,,,,,,,,,,,,,,,,,,,,,,,,,,,,,,,,,,,,,,,,,,,,,,,,,,,,,,,,,,,,,,,,,,,,,,,,,,,,,,,,,,,,,,,,,,,,,,,,,,,,,,,,,,,,,,,,,,,,,,,,,,,,,,,,,,,,,,,,,,,,,,,,,,,,,,,,,,,,,,,,,,,,,,,,,,,,,,,,,,,,,,,,,,,,,,,,,,,,,,,,,,,,,,,,,,,,,,,,,,,,,,,,,,,,,,,,,,,,,,,,,,,,,,,,,,,,,,,,,,,,,,,,,,,,,,,,,,,,,,,,,,,,,,,,,,,,,,,,,,,,,,,,,,,,,,,,,,,,,,,,,,,,,,,,,,,,,,,,,,,,,,,,,,,,,,,,,,,,,,,,,,,,,,,,,,,,,,,,,,,,,,,,,,,,,,,,,,,,,,,,,,,,,,,,,,,,,,,,,,,,,,,,,,,,,,,,,,,,,,,,,,,,,,,,,,,,,,,,,,,,,,,,,,,,,,,,,,,,,,,,,,,,,,,,,,,,,,,,,,,,,,,,,,,,,,,,,,,,,,,,,,,,,,,,,,,,,,,,,,,,,,,,,,,,,,,,,,,,,,,,,,,,,,,,,,,,,,,,,,,,,,,,,,,,,,,,,,,,,,,,,,,,,,,,,,,,,,,,,,,,,,,,,,,,,,,,,,,,,,,,,,,,,,,,,,,,,,,,,,,,,,,,,,,,,,,,,,,,,,,,,,,,,,,,,,,,,,,,,,,,,,,,,,,,,,,,,,,,,,,,,,,,,,,,,,,,,,,,,,,,,,,,,,,,,,,,,,,,,,,,,,,,,,,,,,,,,,,,,,,,,,,,,,,,,,,,,,,,,,,,,,,,,,,,,,,,,,,,,,,,,,,,,,,,,,,,,,,,,,,,,,,,,,,,,,,,,,,,,,,,,,,,,,,,,,,,,,,,,,,,,,,,,,,,,,,,,,,,,,,,,,,,,,,,,,,,,,,,,,,,,,,,,,,,,,,,,,,,,,,,,,,,,,,,,,,,,,,,,,,,,,,,,,,,,,,,,,,,,,,,,,,,,,,,,,,,,,,,,,,,,,,,,,,,,,,,,,,,,,,,,,,,,,,,,,,,,,,,,,,,,,,,,,,,
3495,3267,2405,2289,2274,2397,2432,2364,2148,2364,2432,2397,2274,2289,2405,3267,3701,3480,2491,2336,2288,2371,2246,2265,2297,2426,2389,2290,2329,2334,2438,3475,4071,3852,2772,2300,2264,2214,1987,2257,2206,2321,2240,2192,2288,2398,2713,3848,4205,3985,2914,2403,2471,2241,2247,2292,2264,2327,2379,2389,2343,2530,2824,3981,4009,3797,2785,2339,2355,2125,2344,2317,2230,2251,2289,2230,2332,2427,2659,3783,3718,3489,2498,2195,2098,2147,2355,2295,2297,2164,2178,2270,2239,2272,2373,3495,3335,3123,2207,2138,2102,2249,2244,2242,2245,2394,2349,2218,2333,2179,2304,3136,3092,2871,2164,2064,2216,2093,2160,2250,2353,2224,2339,2295,2340,2314,2249,2802,3196,2983,2189,2221,2372,2348,2330,2330,2561,2497,2334,2137,2267,2298,2249,2993,3483,3255,2348,2429,2544,2391,2450,2632,2962,2831,2338,2159,2221,2358,2433,3276,3903,3733,3449,3345,3404,3399,3450,3742,3901,3713,3202,3121,3189,3227,3527,3768,4573,4368,4058,4011,4052,3978,3872,4293,4515,4344,3923,3869,3768,3906,4159,4523,4894,4671,4214,4178,4251,4196,4159,4324,4601,4449,4184,4091,3824,4092,4312,4789,4813,4568,3881,3901,4113,4142,4130,4233,4187,4061,4084,3957,3750,3901,4101,4677,4210,3966,3518,3436,3821,3888,3837,4035,4081,3782,3598,3531,3552,3340,3380,4087,3897,3766,3291,3122,3499,3551,3491,3765,3811,3506,3199,3130,3058,3038,3025,3726,3815,3581,3052,3012,3169,3182,3253,3528,3540,3306,3031,3016,3073,2799,2885,3572,4141,3916,2861,2770,2884,2757,2881,3184,3224,2998,2743,2566,2807,2719,2830,3909,4641,4415,3160,2975,2861,2590,2844,2831,3015,3034,2807,2602,2824,2893,3274,4419,4755,4529,3297,3111,2899,2777,3109,3180,3013,3156,3019,2878,2944,3082,3404,4532,4520,4294,3071,3121,2960,2764,3103,3249,3391,3387,3122,2869,2883,3023,3218,4296,4101,3872,3258,3395,3141,3221,3266,3347,3444,3546,3271,2956,3142,3053,3360,3908,4524,4239,3556,3717,3499,3534,3610,3644,3610,3791,3506,3420,3519,3388,3886,4377,4545,4244,3551,3780,3594,3455,3568,3724,3849,3847,3581,3596,3579,3434,3925,4413,4191,3886,3433,3588,3415,3006,3149,3474,3667,3561,3322,3435,3369,3137,3565,4068,3626,3375,3028,3129,2950,2699,2857,3097,3204,3026,2832,2964,3030,2802,2982,3501,3381,3158,2827,2776,2659,2641,2723,2964,3028,2762,2524,2605,2779,2636,2633,3210,3129,2829,2535,2532,2462,2527,2394,2500,2519,2620,2528,2482,2547,2336,2320,2971,3070,2795,2584,2346,2236,2347,2439,2558,2653,2600,2266,2299,2361,2275,2451,2842,3274,3093,2595,2323,2280,2362,2536,2694,2906,2652,2518,2358,2426,2509,2705,3089,3514,3402,3135,2640,2818,2834,2687,2819,3001,2905,2772,2382,2672,2959,3187,3411,3713,3626,3393,2812,3094,3062,2854,3056,3198,3099,2873,2827,3023,3304,3515,3666,3801,3632,3233,2896,3150,2878,2735,3082,3358,3225,2968,2903,2835,3283,3612,3770,3711,3444,3027,3070,3126,2908,2996,3186,3363,3291,2929,2667,2922,3035,3488,3664,3464,3133,2889,2793,2730,2768,2918,3101,3208,3103,2718,2480,2844,2863,3241,3350,3087,2891,2547,2530,2412,2189,2613,2764,2709,2563,2366,2405,2364,2556,2923,2915,2839,2652,2510,2560,2499,2273,2414,2550,2594,2564,2259,2318,2418,2350,2572,2571,2869,2696,2394,2447,2365,2350,2357,2392,2584,2487,2382,2395,2380,2459,2525,2717,2895,2764,2233,2352,2451,2455,2558,2332,2504,2516,2454,2393,2361,2475,2437,2658,2909,2772,2429,2330,2422,2556,2727,2641,2492,2326,2465,2433,2406,2291,2354,2599,2838,2763,2606,2410,2375,2393,2652,2723,2674,2525,2476,2541,2591,2395,2397,2721,3026,3000,2842,2662,2663,2547,2471,2645,2703,2709,2545,2471,2613,2693,2838,2993,3156,3110,2897,2752,2851,2824,2632,2921,2893,2841,2590,2350,2422,2765,3006,3149,3021,2901,2660,2702,2753,2715,2591,2956,2960,2854,2543,2333,2407,2441,2876,3041,2930,2588,2751,2621,2516,2381,2539,2868,2923,2794,2639,2458,2419,2391,2604,2706,2760,2858,2739,2623,2408,2386,2464,2786,3020,2978,2804,2544,2525,2604,2730,2820,2719,2718,2414,2517,2360,2300,2207,2404,2859,2793,2553,2403,2508,2654,2776,2767,2929,2636,2438,2331,2090,2252,2361,2516,2518,2433,2315,2303,2221,2360,2590,2676,2930,2770,2334,2390,2144,2328,2312,2577,2582,2400,2265,2326,2426,2272,2409,2671,2923,2834,2365,2257,2202,2298,2324,2374,2512,2401,2194,2378,2397,2304,2374,2725,3815,3586,2416,2300,2421,2330,2361,2385,2364,2440,2362,2240,2426,2281,2524,3590,4383,4158,3010,2591,2525,2308,2282,2602,2610,2455,2342,2362,2576,2639,3019,4159,4484,4260,3129,2739,2502,2426,2495,2665,2727,2524,2305,2380,2565,2689,3154,4264,4218,3993,2875,2442,2300,2309,2512,2558,2593,2413,2224,2188,2384,2428,2891,3995,3668,3439,2363,2183,2323,2259,2359,2483,2539,2427,2253,2248,2291,2193,2442,3439,3270,3047,2327,2309,2385,2166,2396,2552,2668,2567,2430,2240,2243,2325,2442,3059,2729,2458,2327,2299,2322,2291,2347,2549,2650,2539,2375,2372,2375,2407,2374,2566,2602,2427,2313,2237,2306,2271,2278,2356,2528,2364,2238,2307,2418,2373,2350,2464,2728,2457,2173,2327,2321,2136,2327,2342,2568,2569,2451,2365,2407,2373,2384,2539,2906,2694,2406,2397,2261,2562,2563,2652,2951,2906,2691,2525,2387,2307,2497,2768,3069,2914,2373,2221,2406,2714,2710,2801,3020,2920,2758,2576,2387,2261,2622,2824,3362,3160,2219,2282,2269,2500,2494,2834,2994,2740,2587,2473,2348,2274,2528,3082,4532,4306,3058,3028,2471,2310,2630,3198,3268,2915,2508,2650,2627,2837,3168,4311,4906,4681,3451,3384,2706,2789,3030,3524,3573,3238,2771,2917,3053,3148,3550,4683,4894,4669,3427,3385,2659,2738,3121,3520,3512,3331,2957,2882,3077,3134,3532,4676,4530,4302,3006,3065,2571,2536,2919,3170,3290,3178,2759,2532,2671,2871,3154,4307,3884,3659,2634,2547,2361,2474,2594,2693,2803,2824,2492,2512,2512,2497,2717,3668,3613,3387,2210,2222,2307,2297,2374,2604,2655,2472,2502,2541,2593,2386,2563,3383,3303,3088,2379,2275,2145,2311,2427,2560,2528,2423,2363,2431,2506,2429,2397,3080,3280,3063,2466,2259,2302,2428,2451,2520,2421,2395,2364,2348,2373,2403,2382,3080,3320,3106,2443,2408,2214,2144,2070,2368,2317,2349,2463,2460,2462,2240,2280,3070,3334,3122,2421,2251,2159,2170,2248,2267,2324,2378,2435,2420,2394,2238,2214,3104,3121,2896,2101,2193,2096,2349,2388,2632,2811,2741,2577,2408,2221,2348,2554,2966,3852,3655,3033,2769,2712,2519,2713,3090,3355,3242,2558,2893,2773,2584,2975,3647,3976,3789,3221,2956,2915,2790,2727,3260,3498,3353,2839,3156,2973,2607,3000,3757,3663,3490,2985,2791,2780,2663,2747,3106,3334,3186,2756,3022,2881,2631,2931,3427,3162,2938,2381,2347,2406,2422,2446,2719,2916,2785,2538,2574,2495,2592,2885,2920,3344,3166,2536,2300,2265,2345,2458,2740,2723,2638,2514,2536,2476,2595,2808,3087,3390,3209,2225,2301,2248,2314,2182,2583,2720,2509,2405,2451,2272,2345,2524,3052,3593,3375,2422,2293,2186,2263,2291,2520,2577,2430,2441,2414,2337,2346,2518,3368,3899,3678,2524,2307,2177,2413,2339,2647,2723,2419,2367,2149,2275,2370,2615,3672,3840,3616,2503,2482,2389,2389,2360,2708,2853,2586,2484,2300,2297,2375,2594,3615,3444,3200,2359,2465,2309,2367,2351,2539,2760,2595,2451,2379,2411,2362,2310,3226,3245,3005,2518,2451,2200,2344,2409,2524,2732,2568,2335,2425,2408,2466,2548,3030,3395,3190,2336,2513,2369,2430,2497,2712,2960,2882,2707,2665,2472,2753,2852,3198,3216,3017,2445,2586,2489,2483,2447,2663,2976,2902,2720,2677,2391,2727,2843,3088,3204,3004,2266,2443,2389,2429,2413,2533,2804,2712,2426,2349,2382,2415,2489,2896,3362,3165,2168,2245,2369,2441,2322,2384,2583,2544,2421,2251,2285,2222,2464,3112,3588,3373,2414,2272,2296,2413,2319,2417,2470,2494,2483,2435,2188,2184,2465,3371,3636,3426,2467,2329,2259,2302,2233,2507,2494,2350,2233,2415,2259,2048,2334,3410,3362,3147,2322,2336,2223,2246,2259,2392,2435,2421,2404,2225,2043,2214,2252,3145,3019,2764,2287,2444,2488,2405,2325,2511,2490,2406,2480,2203,2258,2268,2154,2854,2888,2533,2389,2491,2465,2340,2363,2547,2509,2420,2288,2268,2319,2250,2384,2710,2741,2599,2382,2408,2323,2256,2254,2454,2508,2414,2169,2180,2250,2285,2307,2532,2860,2636,2381,2428,2267,2270,2290,2555,2598,2424,2288,2242,2218,2153,2280,2608,2935,2744,2398,2413,2256,2176,2358,2666,2769,2614,2398,2232,2225,2329,2409,2634,3231,3031,2556,2483,2299,2312,2389,2790,2926,2752,2447,2255,2335,2355,2378,3009,3275,3054,2424,2451,2411,2321,2482,2728,2844,2715,2444,2314,2371,2413,2387,3066,3022,2765,2408,2266,2305,2361,2370,2580,2610,2399,2337,2273,2289,2424,2292,2861,3087,2894,2338,2380,2303,2298,2363,2606,2685,2474,2383,2337,2303,2489,2357,2900,3366,3146,2165,2249,2330,2385,2397,2496,2452,2357,2100,2310,2359,2435,2398,3141,3291,3064,2314,2252,2291,2477,2392,2255,2194,2274,2271,2274,2364,2432,2255,3069,2765,2618,2305,2318,2267,2307,2171,2329,2375,2340,2348,2311,2374,2414,2236,2537,3009,2802,2296,2255,2235,2224,2275,2386,2345,2321,2318,2165,2320,2280,2271,2823,3075,2807,2219,2309,2329,2244,2305,2408,2273,2283,2297,2328,2293,2210,2279,2877,3815,3596,2574,2300,2355,2419,2319,2586,2671,2412,2263,2327,2369,2253,2426,3591,4254,4033,2969,2507,2486,2418,2463,2662,3041,2912,2405,2478,2378,2650,2798,4025,4320,4101,3025,2606,2531,2298,2555,3020,3231,3070,2497,2581,2497,2658,2795,4089,4064,3852,2786,2457,2299,2355,2497,3057,3194,2965,2366,2404,2307,2303,2628,3835,3512,3287,2358,2323,1950,2222,2382,2624,2759,2569,2193,2264,2295,2252,2364,3284,3589,3361,2629,2443,2239,2234,2298,2207,2372,2365,2217,2290,2289,2373,2316,3372,3898,3674,2778,2530,2328,2307,2488,2307,2556,2527,2327,2343,2334,2329,2573,3673,3947,3722,2672,2353,2441,2217,2492,2585,2543,2525,2382,2360,2304,2395,2702,3728,3720,3492,2328,2110,2398,2220,2368,2516,2460,2332,2293,2407,2399,2375,2561,3505,3264,3024,2200,1999,2214,2277,2364,2321,2267,2171,2246,2316,2317,2193,2388,3046,3450,3224,2343,2060,2232,2304,2270,2363,2472,2337,2278,2299,2195,2171,2323,3228,3470,3240,2580,2465,2329,2310,2189,2692,2950,2811,2138,2396,2307,2177,2639,3244,3418,3265,2838,2648,2395,2336,2297,2786,3046,2883,2460,2695,2472,2250,2788,3271,3239,3075,2738,2550,2337,2247,2280,2588,2818,2684,2558,2664,2484,2242,2610,2933,2796,2659,2440,2277,2071,2190,2223,2163,2209,2243,2351,2383,2275,2215,2174,2591,2639,2450,2264,2102,2111,2211,2160,2027,2105,2362,2302,2100,2105,2247,2281,2522,2598,2395,2116,2181,2272,2184,2140,2191,2274,2359,2286,2068,2065,2143,2299,2458,2871,2649,2170,2243,2143,2193,2131,2232,2307,2248,2151,2119,2032,2096,2215,2703,2723,2534,2121,2193,2101,2136,2139,2136,2219,2170,2190,2080,2029,2011,2220,2539,2790,2608,1914,2052,2078,1919,1983,2085,2132,1972,2072,2101,2017,1981,2022,2559,3071,2832,1913,2083,2024,1896,2027,2141,2153,1968,1954,2002,1815,1882,2088,2861,2993,2737,1805,1905,1950,1936,1980,1947,2167,2036,1981,2022,2020,2083,2140,2813,2676,2381,1851,2078,2005,1977,2136,2197,2307,2107,1999,2052,2016,2087,2223,2554
,,,,,,,,,,,,,,,,,,,,,,,,,,,,,,,,,,,,,,,,,,,,,,,,,,,,,,,,,,,,,,,,,,,,,,,,,,,,,,,,,,,,,,,,,,,,,,,,,,,,,,,,,,,,,,,,,,,,,,,,,,,,,,,,,,,,,,,,,,,,,,,,,,,,,,,,,,,,,,,,,,,,,,,,,,,,,,,,,,,,,,,,,,,,,,,,,,,,,,,,,,,,,,,,,,,,,,,,,,,,,,,,,,,,,,,,,,,,,,,,,,,,,,,,,,,,,,,,,,,,,,,,,,,,,,,,,,,,,,,,,,,,,,,,,,,,,,,,,,,,,,,,,,,,,,,,,,,,,,,,,,,,,,,,,,,,,,,,,,,,,,,,,,,,,,,,,,,,,,,,,,,,,,,,,,,,,,,,,,,,,,,,,,,,,,,,,,,,,,,,,,,,,,,,,,,,,,,,,,,,,,,,,,,,,,,,,,,,,,,,,,,,,,,,,,,,,,,,,,,,,,,,,,,,,,,,,,,,,,,,,,,,,,,,,,,,,,,,,,,,,,,,,,,,,,,,,,,,,,,,,,,,,,,,,,,,,,,,,,,,,,,,,,,,,,,,,,,,,,,,,,,,,,,,,,,,,,,,,,,,,,,,,,,,,,,,,,,,,,,,,,,,,,,,,,,,,,,,,,,,,,,,,,,,,,,,,,,,,,,,,,,,,,,,,,,,,,,,,,,,,,,,,,,,,,,,,,,,,,,,,,,,,,,,,,,,,,,,,,,,,,,,,,,,,,,,,,,,,,,,,,,,,,,,,,,,,,,,,,,,,,,,,,,,,,,,,,,,,,,,,,,,,,,,,,,,,,,,,,,,,,,,,,,,,,,,,,,,,,,,,,,,,,,,,,,,,,,,,,,,,,,,,,,,,,,,,,,,,,,,,,,,,,,,,,,,,,,,,,,,,,,,,,,,,,,,,,,,,,,,,,,,,,,,,,,,,,,,,,,,,,,,,,,,,,,,,,,,,,,,,,,,,,,,,,,,,,,,,,,,,,,,,,,,,,,,,,,,,,,,,,,,,,,,,,,,,,,,,,,,,,,,,,,,,,,,,,,,,,,,,,,,,,,,,,,,,,,,,,,,,,,,,,,,,,,,,,,,,,,,,,,,,,,,,,,,,,,,,,,,,,,,,,,,,,,,,,,,,,,,,,,,,,,,,,,,,,,,,,,,,,,,,,,,,,,,,,,,,,,,,,,,,,,,,,,,,,,,,,,,,,,,,,,,,,,,,,,,,,,,,,,,,,,,,,,,,,,,,,,,,,,,,,,,,,,,,,,,,,,,,,,,,,,,,,,,,,,,,,,,,,,,,,,,,,,,,,,,,,,,,,,,,,,,,,,,,,,,,,,,,,,,,,,,,,,,,,,,,,,,,,,,,,,,,,,,,,,,,,,,,,,,,,,,,,,,,,,,,,,,,,,,,,,,,,,,,,,,,,,,,,,,,,,,,,,,,,,,,,,,,,,,,,,,,,,,,,,,,,,,,,,,,,,,,,,,,,,,,,,,,,,,,,,,,,,,,,,,,,,,,,,,,,,,,,,,,,,,,,,,,,,,,,,,,,,,,,,,,,,,,,,,,,,,,,,,,,,,,,,,,,,,,,,,,,,,,,,,,,,,,,,,,,,,,,,,,,,,,,,,,,,,,,,,,,,,,,,,,,,,,,,,,,,,,,,,,,,,,,,,,,,,,,,,,,,,,,,,,,,,,,,,,,,,,,,,,,,,,,,,,,,,,,,,,,,,,,,,,,,,,,,,,,,,,,,,,,,,,,,,,,,,,,,,,,,,,,,,,,,,,,,,,,,,,,,,,,,,,,,,,,,,,,,,,,,,,,,,,,,,,,,,,,,,,,,,,,,,,,,,,,,,,,,,,,,,,,,,,,,,,,,,,,,,,,,,,,,,,,,,,,,,,,,,,,,,,,,,,,,,,,,,,,,,,,,,,,,,,,,,,,,,,,,,,,,,,,,,,,,,,,,,,,,,,,,,,,,,,,,,,,,,,,,,,,,,,,,,,,,,,,,,,,,,,,,,,,,,,,,,,,,,,,,,,,,,,,,,,,,,,,,,,,,,,,,,,,,,,,,,,,,,,,,,,,,,,,,,,,,,,,,,,,,,,,,,,,,,,,,,,,,,,,,,,,,,,,,,,,,,,,,,,,,,,,,,,,,,,,,,,,,,,,,,,,,,,,,,,,,,,,,,,,,,,,,,,,,,,,,,,,,,,,,
,,,,,,,,,,,,,,,,,,,,,,,,,,,,,,,,,,,,,,,,,,,,,,,,,,,,,,,,,,,,,,,,,,,,,,,,,,,,,,,,,,,,,,,,,,,,,,,,,,,,,,,,,,,,,,,,,,,,,,,,,,,,,,,,,,,,,,,,,,,,,,,,,,,,,,,,,,,,,,,,,,,,,,,,,,,,,,,,,,,,,,,,,,,,,,,,,,,,,,,,,,,,,,,,,,,,,,,,,,,,,,,,,,,,,,,,,,,,,,,,,,,,,,,,,,,,,,,,,,,,,,,,,,,,,,,,,,,,,,,,,,,,,,,,,,,,,,,,,,,,,,,,,,,,,,,,,,,,,,,,,,,,,,,,,,,,,,,,,,,,,,,,,,,,,,,,,,,,,,,,,,,,,,,,,,,,,,,,,,,,,,,,,,,,,,,,,,,,,,,,,,,,,,,,,,,,,,,,,,,,,,,,,,,,,,,,,,,,,,,,,,,,,,,,,,,,,,,,,,,,,,,,,,,,,,,,,,,,,,,,,,,,,,,,,,,,,,,,,,,,,,,,,,,,,,,,,,,,,,,,,,,,,,,,,,,,,,,,,,,,,,,,,,,,,,,,,,,,,,,,,,,,,,,,,,,,,,,,,,,,,,,,,,,,,,,,,,,,,,,,,,,,,,,,,,,,,,,,,,,,,,,,,,,,,,,,,,,,,,,,,,,,,,,,,,,,,,,,,,,,,,,,,,,,,,,,,,,,,,,,,,,,,,,,,,,,,,,,,,,,,,,,,,,,,,,,,,,,,,,,,,,,,,,,,,,,,,,,,,,,,,,,,,,,,,,,,,,,,,,,,,,,,,,,,,,,,,,,,,,,,,,,,,,,,,,,,,,,,,,,,,,,,,,,,,,,,,,,,,,,,,,,,,,,,,,,,,,,,,,,,,,,,,,,,,,,,,,,,,,,,,,,,,,,,,,,,,,,,,,,,,,,,,,,,,,,,,,,,,,,,,,,,,,,,,,,,,,,,,,,,,,,,,,,,,,,,,,,,,,,,,,,,,,,,,,,,,,,,,,,,,,,,,,,,,,,,,,,,,,,,,,,,,,,,,,,,,,,,,,,,,,,,,,,,,,,,,,,,,,,,,,,,,,,,,,,,,,,,,,,,,,,,,,,,,,,,,,,,,,,,,,,,,,,,,,,,,,,,,,,,,,,,,,,,,,,,,,,,,,,,,,,,,,,,,,,,,,,,,,,,,,,,,,,,,,,,,,,,,,,,,,,,,,,,,,,,,,,,,,,,,,,,,,,,,,,,,,,,,,,,,,,,,,,,,,,,,,,,,,,,,,,,,,,,,,,,,,,,,,,,,,,,,,,,,,,,,,,,,,,,,,,,,,,,,,,,,,,,,,,,,,,,,,,,,,,,,,,,,,,,,,,,,,,,,,,,,,,,,,,,,,,,,,,,,,,,,,,,,,,,,,,,,,,,,,,,,,,,,,,,,,,,,,,,,,,,,,,,,,,,,,,,,,,,,,,,,,,,,,,,,,,,,,,,,,,,,,,,,,,,,,,,,,,,,,,,,,,,,,,,,,,,,,,,,,,,,,,,,,,,,,,,,,,,,,,,,,,,,,,,,,,,,,,,,,,,,,,,,,,,,,,,,,,,,,,,,,,,,,,,,,,,,,,,,,,,,,,,,,,,,,,,,,,,,,,,,,,,,,,,,,,,,,,,,,,,,,,,,,,,,,,,,,,,,,,,,,,,,,,,,,,,,,,,,,,,,,,,,,,,,,,,,,,,,,,,,,,,,,,,,,,,,,,,,,,,,,,,,,,,,,,,,,,,,,,,,,,,,,,,,,,,,,,,,,,,,,,,,,,,,,,,,,,,,,,,,,,,,,,,,,,,,,,,,,,,,,,,,,,,,,,,,,,,,,,,,,,,,,,,,,,,,,,,,,,,,,,,,,,,,,,,,,,,,,,,,,,,,,,,,,,,,,,,,,,,,,,,,,,,,,,,,,,,,,,,,,,,,,,,,,,,,,,,,,,,,,,,,,,,,,,,,,,,,,,,,,,,,,,,,,,,,,,,,,,,,,,,,,,,,,,,,,,,,,,,,,,,,,,,,,,,,,,,,,,,,,,,,,,,,,,,,,,,,,,,,,,,,,,,,,,,,,,,,,,,,,,,,,,,,,,,,,,,,,,,,,,,,,,,,,,,,,,,,,,,,,,,,,,,,,,,,,,,,,,,,,,,,,,,,,,,,,,,,,,,,,,,,,,,,,,,,,
,,,,,,,,,,,,,,,,,,,,,,,,,,,,,,,,,,,,,,,,,,,,,,,,,,,,,,,,,,,,,,,,,,,,,,,,,,,,,,,,,,,,,,,,,,,,,,,,,,,,,,,,,,,,,,,,,,,,,,,,,,,,,,,,,,,,,,,,,,,,,,,,,,,,,,,,,,,,,,,,,,,,,,,,,,,,,,,,,,,,,,,,,,,,,,,,,,,,,,,,,,,,,,,,,,,,,,,,,,,,,,,,,,,,,,,,,,,,,,,,,,,,,,,,,,,,,,,,,,,,,,,,,,,,,,,,,,,,,,,,,,,,,,,,,,,,,,,,,,,,,,,,,,,,,,,,,,,,,,,,,,,,,,,,,,,,,,,,,,,,,,,,,,,,,,,,,,,,,,,,,,,,,,,,,,,,,,,,,,,,,,,,,,,,,,,,,,,,,,,,,,,,,,,,,,,,,,,,,,,,,,,,,,,,,,,,,,,,,,,,,,,,,,,,,,,,,,,,,,,,,,,,,,,,,,,,,,,,,,,,,,,,,,,,,,,,,,,,,,,,,,,,,,,,,,,,,,,,,,,,,,,,,,,,,,,,,,,,,,,,,,,,,,,,,,,,,,,,,,,,,,,,,,,,,,,,,,,,,,,,,,,,,,,,,,,,,,,,,,,,,,,,,,,,,,,,,,,,,,,,,,,,,,,,,,,,,,,,,,,,,,,,,,,,,,,,,,,,,,,,,,,,,,,,,,,,,,,,,,,,,,,,,,,,,,,,,,,,,,,,,,,,,,,,,,,,,,,,,,,,,,,,,,,,,,,,,,,,,,,,,,,,,,,,,,,,,,,,,,,,,,,,,,,,,,,,,,,,,,,,,,,,,,,,,,,,,,,,,,,,,,,,,,,,,,,,,,,,,,,,,,,,,,,,,,,,,,,,,,,,,,,,,,,,,,,,,,,,,,,,,,,,,,,,,,,,,,,,,,,,,,,,,,,,,,,,,,,,,,,,,,,,,,,,,,,,,,,,,,,,,,,,,,,,,,,,,,,,,,,,,,,,,,,,,,,,,,,,,,,,,,,,,,,,,,,,,,,,,,,,,,,,,,,,,,,,,,,,,,,,,,,,,,,,,,,,,,,,,,,,,,,,,,,,,,,,,,,,,,,,,,,,,,,,,,,,,,,,,,,,,,,,,,,,,,,,,,,,,,,,,,,,,,,,,,,,,,,,,,,,,,,,,,,,,,,,,,,,,,,,,,,,,,,,,,,,,,,,,,,,,,,,,,,,,,,,,,,,,,,,,,,,,,,,,,,,,,,,,,,,,,,,,,,,,,,,,,,,,,,,,,,,,,,,,,,,,,,,,,,,,,,,,,,,,,,,,,,,,,,,,,,,,,,,,,,,,,,,,,,,,,,,,,,,,,,,,,,,,,,,,,,,,,,,,,,,,,,,,,,,,,,,,,,,,,,,,,,,,,,,,,,,,,,,,,,,,,,,,,,,,,,,,,,,,,,,,,,,,,,,,,,,,,,,,,,,,,,,,,,,,,,,,,,,,,,,,,,,,,,,,,,,,,,,,,,,,,,,,,,,,,,,,,,,,,,,,,,,,,,,,,,,,,,,,,,,,,,,,,,,,,,,,,,,,,,,,,,,,,,,,,,,,,,,,,,,,,,,,,,,,,,,,,,,,,,,,,,,,,,,,,,,,,,,,,,,,,,,,,,,,,,,,,,,,,,,,,,,,,,,,,,,,,,,,,,,,,,,,,,,,,,,,,,,,,,,,,,,,,,,,,,,,,,,,,,,,,,,,,,,,,,,,,,,,,,,,,,,,,,,,,,,,,,,,,,,,,,,,,,,,,,,,,,,,,,,,,,,,,,,,,,,,,,,,,,,,,,,,,,,,,,,,,,,,,,,,,,,,,,,,,,,,,,,,,,,,,,,,,,,,,,,,,,,,,,,,,,,,,,,,,,,,,,,,,,,,,,,,,,,,,,,,,,,,,,,,,,,,,,,,,,,,,,,,,,,,,,,,,,,,,,,,,,,,,,,,,,,,,,,,,,,,,,,,,,,,,,,,,,,,,,,,,,,,,,,,,,,,,,,,,,,,,,,,,,,,,,,,,,,,,,,,,,,,,,,,,,,,,,,,,,,,,,,,,,,,,,,,,,,,,,,,,,,,,,,,,,,,,,,,,,,,,,,,,,,,,,,,,,,,,,,,,,,,,,,,,,,,,,,,,,,,,,,,,,,,,,,,,,,,,,,,,,,,,,,,,,,,,,,,,,,,,,
,,,,,,,,,,,,,,,,,,,,,,,,,,,,,,,,,,,,,,,,,,,,,,,,,,,,,,,,,,,,,,,,,,,,,,,,,,,,,,,,,,,,,,,,,,,,,,,,,,,,,,,,,,,,,,,,,,,,,,,,,,,,,,,,,,,,,,,,,,,,,,,,,,,,,,,,,,,,,,,,,,,,,,,,,,,,,,,,,,,,,,,,,,,,,,,,,,,,,,,,,,,,,,,,,,,,,,,,,,,,,,,,,,,,,,,,,,,,,,,,,,,,,,,,,,,,,,,,,,,,,,,,,,,,,,,,,,,,,,,,,,,,,,,,,,,,,,,,,,,,,,,,,,,,,,,,,,,,,,,,,,,,,,,,,,,,,,,,,,,,,,,,,,,,,,,,,,,,,,,,,,,,,,,,,,,,,,,,,,,,,,,,,,,,,,,,,,,,,,,,,,,,,,,,,,,,,,,,,,,,,,,,,,,,,,,,,,,,,,,,,,,,,,,,,,,,,,,,,,,,,,,,,,,,,,,,,,,,,,,,,,,,,,,,,,,,,,,,,,,,,,,,,,,,,,,,,,,,,,,,,,,,,,,,,,,,,,,,,,,,,,,,,,,,,,,,,,,,,,,,,,,,,,,,,,,,,,,,,,,,,,,,,,,,,,,,,,,,,,,,,,,,,,,,,,,,,,,,,,,,,,,,,,,,,,,,,,,,,,,,,,,,,,,,,,,,,,,,,,,,,,,,,,,,,,,,,,,,,,,,,,,,,,,,,,,,,,,,,,,,,,,,,,,,,,,,,,,,,,,,,,,,,,,,,,,,,,,,,,,,,,,,,,,,,,,,,,,,,,,,,,,,,,,,,,,,,,,,,,,,,,,,,,,,,,,,,,,,,,,,,,,,,,,,,,,,,,,,,,,,,,,,,,,,,,,,,,,,,,,,,,,,,,,,,,,,,,,,,,,,,,,,,,,,,,,,,,,,,,,,,,,,,,,,,,,,,,,,,,,,,,,,,,,,,,,,,,,,,,,,,,,,,,,,,,,,,,,,,,,,,,,,,,,,,,,,,,,,,,,,,,,,,,,,,,,,,,,,,,,,,,,,,,,,,,,,,,,,,,,,,,,,,,,,,,,,,,,,,,,,,,,,,,,,,,,,,,,,,,,,,,,,,,,,,,,,,,,,,,,,,,,,,,,,,,,,,,,,,,,,,,,,,,,,,,,,,,,,,,,,,,,,,,,,,,,,,,,,,,,,,,,,,,,,,,,,,,,,,,,,,,,,,,,,,,,,,,,,,,,,,,,,,,,,,,,,,,,,,,,,,,,,,,,,,,,,,,,,,,,,,,,,,,,,,,,,,,,,,,,,,,,,,,,,,,,,,,,,,,,,,,,,,,,,,,,,,,,,,,,,,,,,,,,,,,,,,,,,,,,,,,,,,,,,,,,,,,,,,,,,,,,,,,,,,,,,,,,,,,,,,,,,,,,,,,,,,,,,,,,,,,,,,,,,,,,,,,,,,,,,,,,,,,,,,,,,,,,,,,,,,,,,,,,,,,,,,,,,,,,,,,,,,,,,,,,,,,,,,,,,,,,,,,,,,,,,,,,,,,,,,,,,,,,,,,,,,,,,,,,,,,,,,,,,,,,,,,,,,,,,,,,,,,,,,,,,,,,,,,,,,,,,,,,,,,,,,,,,,,,,,,,,,,,,,,,,,,,,,,,,,,,,,,,,,,,,,,,,,,,,,,,,,,,,,,,,,,,,,,,,,,,,,,,,,,,,,,,,,,,,,,,,,,,,,,,,,,,,,,,,,,,,,,,,,,,,,,,,,,,,,,,,,,,,,,,,,,,,,,,,,,,,,,,,,,,,,,,,,,,,,,,,,,,,,,,,,,,,,,,,,,,,,,,,,,,,,,,,,,,,,,,,,,,,,,,,,,,,,,,,,,,,,,,,,,,,,,,,,,,,,,,,,,,,,,,,,,,,,,,,,,,,,,,,,,,,,,,,,,,,,,,,,,,,,,,,,,,,,,,,,,,,,,,,,,,,,,,,,,,,,,,,,,,,,,,,,,,,,,,,,,,,,,,,,,,,,,,,,,,,,,,,,,,,,,,,,,,,,,,,,,,,,,,,,,,,,,,,,,,,,,,,,,,,,,,,,,,,,,,,,,,,,,,,,,,,,,,,,,,,,,,,,,,,,,,,,,,,,,,,,,,,,,,,,,,,,,,,,,,,,,,,,,,,,,,,,,,,,,,,,,,,,,,,,,,,,,,,,,,,,,,,,,,
,,,,,,,,,,,,,,,,,,,,,,,,,,,,,,,,,,,,,,,,,,,,,,,,,,,,,,,,,,,,,,,,,,,,,,,,,,,,,,,,,,,,,,,,,,,,,,,,,,,,,,,,,,,,,,,,,,,,,,,,,,,,,,,,,,,,,,,,,,,,,,,,,,,,,,,,,,,,,,,,,,,,,,,,,,,,,,,,,,,,,,,,,,,,,,,,,,,,,,,,,,,,,,,,,,,,,,,,,,,,,,,,,,,,,,,,,,,,,,,,,,,,,,,,,,,,,,,,,,,,,,,,,,,,,,,,,,,,,,,,,,,,,,,,,,,,,,,,,,,,,,,,,,,,,,,,,,,,,,,,,,,,,,,,,,,,,,,,,,,,,,,,,,,,,,,,,,,,,,,,,,,,,,,,,,,,,,,,,,,,,,,,,,,,,,,,,,,,,,,,,,,,,,,,,,,,,,,,,,,,,,,,,,,,,,,,,,,,,,,,,,,,,,,,,,,,,,,,,,,,,,,,,,,,,,,,,,,,,,,,,,,,,,,,,,,,,,,,,,,,,,,,,,,,,,,,,,,,,,,,,,,,,,,,,,,,,,,,,,,,,,,,,,,,,,,,,,,,,,,,,,,,,,,,,,,,,,,,,,,,,,,,,,,,,,,,,,,,,,,,,,,,,,,,,,,,,,,,,,,,,,,,,,,,,,,,,,,,,,,,,,,,,,,,,,,,,,,,,,,,,,,,,,,,,,,,,,,,,,,,,,,,,,,,,,,,,,,,,,,,,,,,,,,,,,,,,,,,,,,,,,,,,,,,,,,,,,,,,,,,,,,,,,,,,,,,,,,,,,,,,,,,,,,,,,,,,,,,,,,,,,,,,,,,,,,,,,,,,,,,,,,,,,,,,,,,,,,,,,,,,,,,,,,,,,,,,,,,,,,,,,,,,,,,,,,,,,,,,,,,,,,,,,,,,,,,,,,,,,,,,,,,,,,,,,,,,,,,,,,,,,,,,,,,,,,,,,,,,,,,,,,,,,,,,,,,,,,,,,,,,,,,,,,,,,,,,,,,,,,,,,,,,,,,,,,,,,,,,,,,,,,,,,,,,,,,,,,,,,,,,,,,,,,,,,,,,,,,,,,,,,,,,,,,,,,,,,,,,,,,,,,,,,,,,,,,,,,,,,,,,,,,,,,,,,,,,,,,,,,,,,,,,,,,,,,,,,,,,,,,,,,,,,,,,,,,,,,,,,,,,,,,,,,,,,,,,,,,,,,,,,,,,,,,,,,,,,,,,,,,,,,,,,,,,,,,,,,,,,,,,,,,,,,,,,,,,,,,,,,,,,,,,,,,,,,,,,,,,,,,,,,,,,,,,,,,,,,,,,,,,,,,,,,,,,,,,,,,,,,,,,,,,,,,,,,,,,,,,,,,,,,,,,,,,,,,,,,,,,,,,,,,,,,,,,,,,,,,,,,,,,,,,,,,,,,,,,,,,,,,,,,,,,,,,,,,,,,,,,,,,,,,,,,,,,,,,,,,,,,,,,,,,,,,,,,,,,,,,,,,,,,,,,,,,,,,,,,,,,,,,,,,,,,,,,,,,,,,,,,,,,,,,,,,,,,,,,,,,,,,,,,,,,,,,,,,,,,,,,,,,,,,,,,,,,,,,,,,,,,,,,,,,,,,,,,,,,,,,,,,,,,,,,,,,,,,,,,,,,,,,,,,,,,,,,,,,,,,,,,,,,,,,,,,,,,,,,,,,,,,,,,,,,,,,,,,,,,,,,,,,,,,,,,,,,,,,,,,,,,,,,,,,,,,,,,,,,,,,,,,,,,,,,,,,,,,,,,,,,,,,,,,,,,,,,,,,,,,,,,,,,,,,,,,,,,,,,,,,,,,,,,,,,,,,,,,,,,,,,,,,,,,,,,,,,,,,,,,,,,,,,,,,,,,,,,,,,,,,,,,,,,,,,,,,,,,,,,,,,,,,,,,,,,,,,,,,,,,,,,,,,,,,,,,,,,,,,,,,,,,,,,,,,,,,,,,,,,,,,,,,,,,,,,,,,,,,,,,,,,,,,,,,,,,,,,,,,,,,,,,,,,,,,,,,,,,,,,,,,,,,,,,,,,,,,,,,,,,,,,,,,,,,,,,,,,,,,,,,,,,,,,,,,,,,,,,,,,,,,,,,,,,,,,,,,,,,,,,,,,,,,,,,,,,,,,,,,,,,,,,,,,,,,,,,,,,,,,,,,,,,,,,,,,,,,,,,,,,,,,,,,,,,,,
3501,3291,2427,2425,2401,2339,2342,2407,2287,2407,2342,2339,2401,2425,2427,3291,3710,3480,2457,2297,2319,2330,2272,2294,2320,2389,2411,2399,2376,2478,2427,3486,4069,3848,2710,2418,2366,2398,2334,2287,2192,2244,2266,2478,2249,2332,2670,3849,4205,3979,2811,2542,2372,2423,2297,2230,2298,2227,2185,2453,2314,2516,2788,3981,4012,3791,2632,2382,2409,2319,2293,2143,2286,2216,2176,2305,2322,2425,2712,3792,3711,3492,2522,2285,2398,2357,2261,2220,2294,2285,2301,2327,2375,2213,2544,3489,3335,3152,2255,2284,2281,2291,2159,2263,2299,2389,2210,2352,2409,2208,2330,3085,3040,2841,2376,2291,2169,2128,2129,2154,2280,2320,2224,2261,2385,2344,2279,2855,3156,2941,2235,2277,2292,2291,2111,2065,2323,2376,2375,2407,2230,2254,2300,2924,3476,3245,2558,2536,2364,2304,2216,2199,2617,2670,2520,2545,2407,2270,2475,3260,3905,3664,3245,3072,2866,2907,3257,3213,3567,3648,3246,3039,2903,3181,3298,3673,4497,4282,3863,3888,3786,3529,3800,3735,4210,4281,4000,3905,3463,3302,3992,4335,4847,4598,4127,4226,4148,3775,3746,4050,4369,4421,4232,4183,3724,3750,4293,4692,4787,4528,4112,4191,4128,4002,4037,4105,4271,4290,4079,4083,3851,3898,4282,4641,4287,3951,3848,3837,3810,3837,3824,3843,3994,4012,3657,3587,3581,3647,3994,4202,4032,3696,3368,3361,3399,3449,3475,3562,3614,3549,3465,3379,3124,3359,3663,3877,3909,3653,3017,2957,2964,3070,3318,3408,3275,3167,3058,2984,2965,3168,3425,3774,4149,3924,2904,2746,2822,2864,2939,3148,3041,2802,2544,2756,2709,2874,3160,3929,4642,4417,3192,2933,2724,2605,2865,3028,3049,2896,2718,2709,2590,2872,3315,4422,4757,4528,3259,3091,2883,2884,3072,3179,3253,3119,2881,2751,2673,3063,3448,4535,4522,4295,3015,2950,2830,2769,3179,3247,3551,3470,2914,2943,2744,2896,3313,4306,4040,3836,3343,2847,3063,3143,3325,3284,3746,3668,3148,3347,3564,3490,3199,3831,4432,4272,3843,3165,3305,3365,3437,3480,3873,3800,3418,3732,3980,3933,3753,4057,4439,4303,3841,3126,3299,3287,3382,3495,3819,3784,3470,3780,4021,4000,3920,3997,4056,3932,3420,2837,2986,3039,3182,3237,3437,3463,3243,3473,3711,3734,3690,3534,3434,3300,2622,2823,2630,2744,2962,2925,3162,3075,2879,2819,3087,3144,3173,3197,3398,3174,2694,2683,2543,2621,2807,2896,2984,2818,2582,2524,2750,2765,2842,3164,3181,2955,2657,2493,2218,2505,2562,2593,2800,2740,2411,2270,2346,2513,2443,2990,3150,2968,2556,2498,2346,2351,2357,2555,2600,2625,2405,2400,2423,2469,2378,2943,3248,3013,2639,2576,2466,2436,2623,2685,2860,2856,2646,2554,2566,2656,2840,2981,3459,3402,3070,2845,2597,2519,2573,2700,2958,2942,2722,2621,2617,2692,3109,3023,3685,3615,3396,3138,2699,2588,2603,2612,3114,3139,2597,2618,2806,2820,3282,3325,3850,3674,3289,3131,2425,2878,2931,2836,3272,3300,2906,2839,3102,2811,3008,3619,3798,3646,2824,2654,2834,3019,2963,2927,3115,3213,3014,2744,3189,3165,2888,3543,3437,3326,2931,2549,2848,2872,2757,2962,3078,2983,2880,2513,2973,3032,2950,3217,2994,2851,2574,2544,2720,2658,2650,2705,2737,2735,2658,2445,2570,2659,2581,2833,2883,2632,2531,2458,2469,2526,2622,2573,2699,2728,2479,2464,2448,2511,2344,2743,2886,2764,2577,2382,2261,2390,2408,2448,2615,2455,2208,2405,2386,2439,2481,2755,2693,2610,2599,2409,2201,2367,2531,2495,2543,2372,2258,2361,2437,2460,2622,2647,2956,2656,2548,2549,2402,2320,2370,2587,2775,2662,2416,2384,2398,2517,2563,2754,2994,2750,2450,2523,2404,2318,2544,2706,2876,2779,2504,2392,2337,2485,2416,2803,3025,2937,2607,2548,2325,2423,2648,2739,2907,2736,2437,2312,2417,2376,2463,2711,3186,3111,2653,2459,2346,2438,2539,2783,3022,2857,2520,2347,2477,2405,2403,2756,3096,3000,2460,2354,2297,2352,2347,2727,2916,2778,2454,2258,2479,2447,2544,2796,2856,2652,2626,2443,2430,2392,2477,2380,2671,2722,2370,2406,2543,2342,2705,2794,2922,2899,2663,2286,2495,2547,2536,2551,2936,3001,2498,2540,2543,2498,2808,2868,2845,2917,2648,2344,2451,2545,2539,2730,2910,2929,2446,2304,2429,2460,2746,2909,3097,2922,2508,2236,2390,2462,2466,2535,2690,2626,2384,2237,2255,2393,2549,2937,3039,2838,2355,2403,2436,2288,2363,2426,2441,2505,2313,2370,2166,2269,2464,2829,3017,2743,2382,2376,2390,2321,2398,2559,2549,2402,2336,2273,2298,2272,2337,2835,3838,3622,2608,2431,2417,2317,2360,2628,2726,2589,2399,2159,2354,2315,2525,3612,4388,4166,3076,2659,2459,2304,2379,2783,2892,2679,2436,2218,2476,2546,2998,4160,4487,4266,3177,2741,2453,2508,2497,2795,2870,2668,2350,2482,2500,2744,3096,4259,4222,4002,2919,2370,2383,2471,2390,2619,2763,2523,2283,2450,2354,2494,2852,3994,3686,3467,2446,2446,2419,2330,2255,2380,2433,2400,2283,2269,2342,2411,2507,3462,3285,3090,2413,2459,2346,2332,2387,2280,2411,2432,2220,2247,2334,2228,2316,3061,2780,2622,2399,2412,2348,2172,2390,2465,2565,2468,2311,2416,2136,2256,2274,2620,2573,2427,2216,2420,2350,2314,2385,2487,2485,2374,2405,2387,2245,2268,2430,2539,2566,2379,2231,2281,2230,2132,2327,2467,2453,2173,2379,2384,2307,2316,2378,2435,2785,2756,2632,2527,2217,2506,2643,2957,3076,2846,2468,2430,2422,2413,2503,2837,3148,2523,2681,2584,2363,2582,2684,3106,3204,2921,2491,2360,2313,2428,2600,3075,3385,3192,2483,2468,2251,2478,2365,2988,3096,2818,2489,2301,2286,2392,2284,3142,4534,4313,3181,2831,2587,2585,2589,3180,3275,2918,2527,2354,2519,2838,3160,4310,4905,4687,3569,3140,3015,2826,2950,3532,3662,3418,2777,2404,2965,3193,3537,4682,4894,4675,3561,3127,3037,2834,2962,3575,3750,3552,2910,2510,2931,3199,3505,4672,4533,4314,3220,2824,2664,2643,2830,3350,3542,3370,2810,2615,2630,2878,3077,4304,3877,3655,2716,2335,2429,2610,2739,3027,3208,3062,2551,2416,2502,2427,2649,3655,3628,3400,2317,2466,2419,2415,2444,2691,2832,2639,2336,2526,2551,2444,2546,3405,3292,3107,2375,2444,2367,2267,2320,2546,2565,2400,2250,2520,2438,2379,2384,3043,3319,3118,2382,2366,2322,2406,2260,2501,2577,2451,2285,2180,2166,2319,2373,3079,3300,3073,2382,2350,2400,2467,2328,2385,2539,2417,2154,2333,2254,2279,2343,3066,3337,3145,2461,2296,2471,2474,2350,2329,2418,2387,2232,2278,2341,2319,2353,3087,3050,2833,2371,2075,2316,2310,2408,2338,2775,2766,2371,2540,2719,2473,2279,2811,3806,3606,2835,2550,2391,2424,2750,2826,3245,3160,2692,3085,3255,3078,2778,3570,3937,3725,3040,2764,2660,2505,2846,2992,3303,3235,2708,3213,3400,3254,2836,3709,3631,3412,2939,2755,2656,2466,2655,2940,3129,2936,2565,2980,3221,3106,2698,3440,3212,2977,2688,2541,2370,2393,2596,2604,2758,2802,2636,2509,2731,2640,2832,3085,3380,3104,2482,2400,2332,2344,2488,2476,2552,2701,2683,2301,2451,2660,2869,3185,3410,3157,2429,2356,2388,2413,2359,2432,2312,2650,2623,2332,2380,2525,2682,3253,3602,3392,2549,2371,2305,2366,2370,2497,2655,2629,2480,2389,2342,2210,2574,3379,3902,3684,2695,2367,2289,2415,2266,2535,2509,2494,2303,2293,2353,2380,2675,3684,3846,3627,2544,2247,2275,2267,2366,2588,2635,2505,2475,2349,2325,2195,2640,3628,3462,3238,2286,2386,2341,2259,2337,2391,2582,2561,2571,2464,2364,2314,2516,3265,3110,2868,2299,2333,2300,2393,2345,2630,2825,2702,2428,2522,2560,2660,2624,3001,3293,3105,2522,2216,2336,2484,2356,2617,2974,2895,2418,2580,2822,2926,2857,3099,3115,2930,2527,2404,2459,2550,2320,2541,2940,2868,2492,2590,2792,2908,2851,2849,3334,3128,2570,2396,2389,2411,2367,2370,2690,2629,2520,2485,2506,2589,2614,3138,3343,3104,2512,2273,2333,2228,2325,2411,2636,2568,2413,2384,2333,2284,2414,3138,3573,3354,2310,2107,2240,2139,2337,2585,2741,2610,2382,2336,2336,2340,2399,3352,3634,3427,2333,2286,2366,2151,2465,2674,2694,2375,2302,2325,2159,2316,2362,3387,3324,3124,2411,2438,2200,2183,2426,2496,2612,2465,2391,2347,2166,2266,2402,3067,3083,2883,2400,2341,2324,2281,2455,2452,2769,2589,2463,2397,2344,2580,2616,2832,2948,2714,2278,2255,2318,2409,2457,2297,2586,2477,2437,2478,2370,2587,2647,2699,2811,2680,2367,2454,2391,2305,2349,2361,2592,2562,2370,2444,2434,2353,2396,2563,2845,2762,2410,2425,2216,2097,2293,2373,2446,2415,2166,2355,2392,2484,2401,2545,2854,2687,2453,2287,2369,2304,2381,2498,2745,2624,2187,2267,2341,2435,2451,2703,3231,3031,2465,2296,2292,2545,2576,2751,3057,2873,2330,2349,2399,2317,2406,3011,3267,3059,2480,2340,2304,2489,2518,2668,2988,2829,2347,2358,2401,2247,2375,3035,2971,2825,2350,2159,2425,2425,2404,2431,2744,2654,2177,2214,2169,2270,2214,2812,3083,2847,2262,2204,2403,2358,2310,2191,2555,2488,2262,2159,2140,2256,2411,2906,3363,3134,2418,2244,2297,2252,2341,2232,2431,2312,2381,2283,2295,2227,2411,3148,3289,3078,2482,2200,2310,2376,2368,2185,2327,2441,2349,2169,2216,2143,2288,3066,2623,2510,2375,2254,2208,2317,2387,2181,2282,2463,2403,2298,2265,2286,2224,2463,2866,2681,2258,2305,2305,2224,2304,2264,2415,2425,2353,2226,2250,2142,2207,2607,3033,2860,2402,2294,2366,2312,2168,2308,2296,2317,2226,2278,2341,2246,2304,2788,3811,3590,2413,2319,2330,2325,2443,2523,2464,2245,2165,2348,2398,2403,2234,3580,4254,4031,2933,2539,2314,2407,2560,2748,2797,2710,2273,2285,2436,2542,2800,4027,4319,4097,3033,2546,2417,2427,2544,2837,2943,2898,2546,2349,2509,2505,2940,4093,4062,3845,2869,2433,2427,2362,2560,2932,2892,2830,2542,2326,2438,2433,2820,3842,3512,3287,2509,2407,2370,2328,2480,2621,2563,2500,2337,2322,2352,2252,2530,3298,3569,3397,2442,2224,2403,2262,2395,2469,2480,2264,2015,2232,2250,2327,2433,3361,3907,3674,2470,2283,2432,2388,2373,2591,2688,2455,2171,2356,2375,2415,2591,3693,3954,3723,2452,2288,2207,2424,2483,2490,2502,2383,2387,2457,2541,2381,2747,3739,3724,3499,2411,2362,2169,2311,2456,2385,2336,2395,2299,2298,2362,2149,2580,3506,3261,3057,2410,2319,2222,2285,2338,2315,2474,2459,2277,2149,2179,2153,2132,3023,3435,3198,2379,2269,2208,2329,2292,2214,2656,2633,2400,2403,2365,2237,2252,3211,3464,3254,2428,2370,2321,2285,2247,2334,2874,2834,2484,2597,2633,2392,2427,3242,3397,3152,2534,2579,2468,2240,2488,2522,2895,2825,2478,2618,2676,2567,2674,3208,3140,2898,2518,2590,2471,2189,2402,2382,2718,2679,2417,2493,2567,2352,2515,2940,2885,2705,2404,2379,2202,2187,2302,2193,2318,2456,2367,2267,2250,2224,2284,2648,2708,2498,2310,2185,2107,2153,2153,2216,2213,2307,2353,2210,2144,2334,2302,2529,2615,2346,2295,2256,2182,2077,2179,2136,2290,2307,2247,2178,2267,2247,2248,2476,2801,2507,2216,2002,2075,2044,2190,2060,2357,2309,2218,2222,2293,2137,2219,2621,2720,2578,2243,2025,1966,2080,2192,2116,2305,2236,2212,2039,2152,2185,2135,2520,2841,2645,2076,2088,2048,2025,2123,2106,2007,2094,2154,2117,2074,2102,2130,2622,3059,2834,1997,2006,1958,2142,2129,2112,2069,1971,1937,1897,2052,2164,2031,2838,2965,2721,1966,1922,1993,2134,2160,2048,1991,1986,1964,1939,1872,1948,2054,2755,2640,2438,1976,2009,2015,2069,2053,1957,2130,2091,2060,2068,1963,2102,2138,2460
,,,,,,,,,,,,,,,,,,,,,,,,,,,,,,,,,,,,,,,,,,,,,,,,,,,,,,,,,,,,,,,,,,,,,,,,,,,,,,,,,,,,,,,,,,,,,,,,,,,,,,,,,,,,,,,,,,,,,,,,,,,,,,,,,,,,,,,,,,,,,,,,,,,,,,,,,,,,,,,,,,,,,,,,,,,,,,,,,,,,,,,,,,,,,,,,,,,,,,,,,,,,,,,,,,,,,,,,,,,,,,,,,,,,,,,,,,,,,,,,,,,,,,,,,,,,,,,,,,,,,,,,,,,,,,,,,,,,,,,,,,,,,,,,,,,,,,,,,,,,,,,,,,,,,,,,,,,,,,,,,,,,,,,,,,,,,,,,,,,,,,,,,,,,,,,,,,,,,,,,,,,,,,,,,,,,,,,,,,,,,,,,,,,,,,,,,,,,,,,,,,,,,,,,,,,,,,,,,,,,,,,,,,,,,,,,,,,,,,,,,,,,,,,,,,,,,,,,,,,,,,,,,,,,,,,,,,,,,,,,,,,,,,,,,,,,,,,,,,,,,,,,,,,,,,,,,,,,,,,,,,,,,,,,,,,,,,,,,,,,,,,,,,,,,,,,,,,,,,,,,,,,,,,,,,,,,,,,,,,,,,,,,,,,,,,,,,,,,,,,,,,,,,,,,,,,,,,,,,,,,,,,,,,,,,,,,,,,,,,,,,,,,,,,,,,,,,,,,,,,,,,,,,,,,,,,,,,,,,,,,,,,,,,,,,,,,,,,,,,,,,,,,,,,,,,,,,,,,,,,,,,,,,,,,,,,,,,,,,,,,,,,,,,,,,,,,,,,,,,,,,,,,,,,,,,,,,,,,,,,,,,,,,,,,,,,,,,,,,,,,,,,,,,,,,,,,,,,,,,,,,,,,,,,,,,,,,,,,,,,,,,,,,,,,,,,,,,,,,,,,,,,,,,,,,,,,,,,,,,,,,,,,,,,,,,,,,,,,,,,,,,,,,,,,,,,,,,,,,,,,,,,,,,,,,,,,,,,,,,,,,,,,,,,,,,,,,,,,,,,,,,,,,,,,,,,,,,,,,,,,,,,,,,,,,,,,,,,,,,,,,,,,,,,,,,,,,,,,,,,,,,,,,,,,,,,,,,,,,,,,,,,,,,,,,,,,,,,,,,,,,,,,,,,,,,,,,,,,,,,,,,,,,,,,,,,,,,,,,,,,,,,,,,,,,,,,,,,,,,,,,,,,,,,,,,,,,,,,,,,,,,,,,,,,,,,,,,,,,,,,,,,,,,,,,,,,,,,,,,,,,,,,,,,,,,,,,,,,,,,,,,,,,,,,,,,,,,,,,,,,,,,,,,,,,,,,,,,,,,,,,,,,,,,,,,,,,,,,,,,,,,,,,,,,,,,,,,,,,,,,,,,,,,,,,,,,,,,,,,,,,,,,,,,,,,,,,,,,,,,,,,,,,,,,,,,,,,,,,,,,,,,,,,,,,,,,,,,,,,,,,,,,,,,,,,,,,,,,,,,,,,,,,,,,,,,,,,,,,,,,,,,,,,,,,,,,,,,,,,,,,,,,,,,,,,,,,,,,,,,,,,,,,,,,,,,,,,,,,,,,,,,,,,,,,,,,,,,,,,,,,,,,,,,,,,,,,,,,,,,,,,,,,,,,,,,,,,,,,,,,,,,,,,,,,,,,,,,,,,,,,,,,,,,,,,,,,,,,,,,,,,,,,,,,,,,,,,,,,,,,,,,,,,,,,,,,,,,,,,,,,,,,,,,,,,,,,,,,,,,,,,,,,,,,,,,,,,,,,,,,,,,,,,,,,,,,,,,,,,,,,,,,,,,,,,,,,,,,,,,,,,,,,,,,,,,,,,,,,,,,,,,,,,,,,,,,,,,,,,,,,,,,,,,,,,,,,,,,,,,,,,,,,,,,,,,,,,,,,,,,,,,,,,,,,,,,,,,,,,,,,,,,,,,,,,,,,,,,,,,,,,,,,,,,,,,,,,,,,,,,,,,,,,,,,,,,,,,,,,,,,,,,,,,,,,,,,,,,,,,,,,,,,,,,,,,,,,,,,,,,,,,,,,,,,,,,,,,,,,,,,,,,,,,,,,,,,,,,,,,,,,,,,,,,,,,,,,,,,,,,,,,,,,,,,,,,,,,,,,,,,,,,,,,,,,,,,,,,,,,,,,,,,,,,,,,,,,,,,,,,,,,,,,,,,,,,,,,,,,,,,,,,,,,,,,,,,,,,,,,,,,,,,,
,,,,,,,,,,,,,,,,,,,,,,,,,,,,,,,,,,,,,,,,,,,,,,,,,,,,,,,,,,,,,,,,,,,,,,,,,,,,,,,,,,,,,,,,,,,,,,,,,,,,,,,,,,,,,,,,,,,,,,,,,,,,,,,,,,,,,,,,,,,,,,,,,,,,,,,,,,,,,,,,,,,,,,,,,,,,,,,,,,,,,,,,,,,,,,,,,,,,,,,,,,,,,,,,,,,,,,,,,,,,,,,,,,,,,,,,,,,,,,,,,,,,,,,,,,,,,,,,,,,,,,,,,,,,,,,,,,,,,,,,,,,,,,,,,,,,,,,,,,,,,,,,,,,,,,,,,,,,,,,,,,,,,,,,,,,,,,,,,,,,,,,,,,,,,,,,,,,,,,,,,,,,,,,,,,,,,,,,,,,,,,,,,,,,,,,,,,,,,,,,,,,,,,,,,,,,,,,,,,,,,,,,,,,,,,,,,,,,,,,,,,,,,,,,,,,,,,,,,,,,,,,,,,,,,,,,,,,,,,,,,,,,,,,,,,,,,,,,,,,,,,,,,,,,,,,,,,,,,,,,,,,,,,,,,,,,,,,,,,,,,,,,,,,,,,,,,,,,,,,,,,,,,,,,,,,,,,,,,,,,,,,,,,,,,,,,,,,,,,,,,,,,,,,,,,,,,,,,,,,,,,,,,,,,,,,,,,,,,,,,,,,,,,,,,,,,,,,,,,,,,,,,,,,,,,,,,,,,,,,,,,,,,,,,,,,,,,,,,,,,,,,,,,,,,,,,,,,,,,,,,,,,,,,,,,,,,,,,,,,,,,,,,,,,,,,,,,,,,,,,,,,,,,,,,,,,,,,,,,,,,,,,,,,,,,,,,,,,,,,,,,,,,,,,,,,,,,,,,,,,,,,,,,,,,,,,,,,,,,,,,,,,,,,,,,,,,,,,,,,,,,,,,,,,,,,,,,,,,,,,,,,,,,,,,,,,,,,,,,,,,,,,,,,,,,,,,,,,,,,,,,,,,,,,,,,,,,,,,,,,,,,,,,,,,,,,,,,,,,,,,,,,,,,,,,,,,,,,,,,,,,,,,,,,,,,,,,,,,,,,,,,,,,,,,,,,,,,,,,,,,,,,,,,,,,,,,,,,,,,,,,,,,,,,,,,,,,,,,,,,,,,,,,,,,,,,,,,,,,,,,,,,,,,,,,,,,,,,,,,,,,,,,,,,,,,,,,,,,,,,,,,,,,,,,,,,,,,,,,,,,,,,,,,,,,,,,,,,,,,,,,,,,,,,,,,,,,,,,,,,,,,,,,,,,,,,,,,,,,,,,,,,,,,,,,,,,,,,,,,,,,,,,,,,,,,,,,,,,,,,,,,,,,,,,,,,,,,,,,,,,,,,,,,,,,,,,,,,,,,,,,,,,,,,,,,,,,,,,,,,,,,,,,,,,,,,,,,,,,,,,,,,,,,,,,,,,,,,,,,,,,,,,,,,,,,,,,,,,,,,,,,,,,,,,,,,,,,,,,,,,,,,,,,,,,,,,,,,,,,,,,,,,,,,,,,,,,,,,,,,,,,,,,,,,,,,,,,,,,,,,,,,,,,,,,,,,,,,,,,,,,,,,,,,,,,,,,,,,,,,,,,,,,,,,,,,,,,,,,,,,,,,,,,,,,,,,,,,,,,,,,,,,,,,,,,,,,,,,,,,,,,,,,,,,,,,,,,,,,,,,,,,,,,,,,,,,,,,,,,,,,,,,,,,,,,,,,,,,,,,,,,,,,,,,,,,,,,,,,,,,,,,,,,,,,,,,,,,,,,,,,,,,,,,,,,,,,,,,,,,,,,,,,,,,,,,,,,,,,,,,,,,,,,,,,,,,,,,,,,,,,,,,,,,,,,,,,,,,,,,,,,,,,,,,,,,,,,,,,,,,,,,,,,,,,,,,,,,,,,,,,,,,,,,,,,,,,,,,,,,,,,,,,,,,,,,,,,,,,,,,,,,,,,,,,,,,,,,,,,,,,,,,,,,,,,,,,,,,,,,,,,,,,,,,,,,,,,,,,,,,,,,,,,,,,,,,,,,,,,,,,,,,,,,,,,,,,,,,,,,,,,,,,,,,,,,,,,,,,,,,,,,,,,,,,,,,,,,,,,,,,,,,,,,,,,,,,,,,,,,,,,,,,,,,,,,,,,,,,,,,,,,,,,,,,,,,,,,,,,,,,,,,,,,,,,,,,,,,,,,,,,,,,,,,,,,,,,,,,,,,,,,,,,
,,,,,,,,,,,,,,,,,,,,,,,,,,,,,,,,,,,,,,,,,,,,,,,,,,,,,,,,,,,,,,,,,,,,,,,,,,,,,,,,,,,,,,,,,,,,,,,,,,,,,,,,,,,,,,,,,,,,,,,,,,,,,,,,,,,,,,,,,,,,,,,,,,,,,,,,,,,,,,,,,,,,,,,,,,,,,,,,,,,,,,,,,,,,,,,,,,,,,,,,,,,,,,,,,,,,,,,,,,,,,,,,,,,,,,,,,,,,,,,,,,,,,,,,,,,,,,,,,,,,,,,,,,,,,,,,,,,,,,,,,,,,,,,,,,,,,,,,,,,,,,,,,,,,,,,,,,,,,,,,,,,,,,,,,,,,,,,,,,,,,,,,,,,,,,,,,,,,,,,,,,,,,,,,,,,,,,,,,,,,,,,,,,,,,,,,,,,,,,,,,,,,,,,,,,,,,,,,,,,,,,,,,,,,,,,,,,,,,,,,,,,,,,,,,,,,,,,,,,,,,,,,,,,,,,,,,,,,,,,,,,,,,,,,,,,,,,,,,,,,,,,,,,,,,,,,,,,,,,,,,,,,,,,,,,,,,,,,,,,,,,,,,,,,,,,,,,,,,,,,,,,,,,,,,,,,,,,,,,,,,,,,,,,,,,,,,,,,,,,,,,,,,,,,,,,,,,,,,,,,,,,,,,,,,,,,,,,,,,,,,,,,,,,,,,,,,,,,,,,,,,,,,,,,,,,,,,,,,,,,,,,,,,,,,,,,,,,,,,,,,,,,,,,,,,,,,,,,,,,,,,,,,,,,,,,,,,,,,,,,,,,,,,,,,,,,,,,,,,,,,,,,,,,,,,,,,,,,,,,,,,,,,,,,,,,,,,,,,,,,,,,,,,,,,,,,,,,,,,,,,,,,,,,,,,,,,,,,,,,,,,,,,,,,,,,,,,,,,,,,,,,,,,,,,,,,,,,,,,,,,,,,,,,,,,,,,,,,,,,,,,,,,,,,,,,,,,,,,,,,,,,,,,,,,,,,,,,,,,,,,,,,,,,,,,,,,,,,,,,,,,,,,,,,,,,,,,,,,,,,,,,,,,,,,,,,,,,,,,,,,,,,,,,,,,,,,,,,,,,,,,,,,,,,,,,,,,,,,,,,,,,,,,,,,,,,,,,,,,,,,,,,,,,,,,,,,,,,,,,,,,,,,,,,,,,,,,,,,,,,,,,,,,,,,,,,,,,,,,,,,,,,,,,,,,,,,,,,,,,,,,,,,,,,,,,,,,,,,,,,,,,,,,,,,,,,,,,,,,,,,,,,,,,,,,,,,,,,,,,,,,,,,,,,,,,,,,,,,,,,,,,,,,,,,,,,,,,,,,,,,,,,,,,,,,,,,,,,,,,,,,,,,,,,,,,,,,,,,,,,,,,,,,,,,,,,,,,,,,,,,,,,,,,,,,,,,,,,,,,,,,,,,,,,,,,,,,,,,,,,,,,,,,,,,,,,,,,,,,,,,,,,,,,,,,,,,,,,,,,,,,,,,,,,,,,,,,,,,,,,,,,,,,,,,,,,,,,,,,,,,,,,,,,,,,,,,,,,,,,,,,,,,,,,,,,,,,,,,,,,,,,,,,,,,,,,,,,,,,,,,,,,,,,,,,,,,,,,,,,,,,,,,,,,,,,,,,,,,,,,,,,,,,,,,,,,,,,,,,,,,,,,,,,,,,,,,,,,,,,,,,,,,,,,,,,,,,,,,,,,,,,,,,,,,,,,,,,,,,,,,,,,,,,,,,,,,,,,,,,,,,,,,,,,,,,,,,,,,,,,,,,,,,,,,,,,,,,,,,,,,,,,,,,,,,,,,,,,,,,,,,,,,,,,,,,,,,,,,,,,,,,,,,,,,,,,,,,,,,,,,,,,,,,,,,,,,,,,,,,,,,,,,,,,,,,,,,,,,,,,,,,,,,,,,,,,,,,,,,,,,,,,,,,,,,,,,,,,,,,,,,,,,,,,,,,,,,,,,,,,,,,,,,,,,,,,,,,,,,,,,,,,,,,,,,,,,,,,,,,,,,,,,,,,,,,,,,,,,,,,,,,,,,,,,,,,,,,,,,,,,,,,,,,,,,,,,,,,,,,,,,,,,,,,,,,,,,,,,,,,,,,,,,,,,,,,,,,,,,,,,,,,,,,,,,,,,,,,,,,,,,,,,,,,,,,,,,,,,,,,,,,,,,,,,,,,,,,,,,,,,,,,,,,,,,,,,,,,,,,,,,,,,,,
,,,,,,,,,,,,,,,,,,,,,,,,,,,,,,,,,,,,,,,,,,,,,,,,,,,,,,,,,,,,,,,,,,,,,,,,,,,,,,,,,,,,,,,,,,,,,,,,,,,,,,,,,,,,,,,,,,,,,,,,,,,,,,,,,,,,,,,,,,,,,,,,,,,,,,,,,,,,,,,,,,,,,,,,,,,,,,,,,,,,,,,,,,,,,,,,,,,,,,,,,,,,,,,,,,,,,,,,,,,,,,,,,,,,,,,,,,,,,,,,,,,,,,,,,,,,,,,,,,,,,,,,,,,,,,,,,,,,,,,,,,,,,,,,,,,,,,,,,,,,,,,,,,,,,,,,,,,,,,,,,,,,,,,,,,,,,,,,,,,,,,,,,,,,,,,,,,,,,,,,,,,,,,,,,,,,,,,,,,,,,,,,,,,,,,,,,,,,,,,,,,,,,,,,,,,,,,,,,,,,,,,,,,,,,,,,,,,,,,,,,,,,,,,,,,,,,,,,,,,,,,,,,,,,,,,,,,,,,,,,,,,,,,,,,,,,,,,,,,,,,,,,,,,,,,,,,,,,,,,,,,,,,,,,,,,,,,,,,,,,,,,,,,,,,,,,,,,,,,,,,,,,,,,,,,,,,,,,,,,,,,,,,,,,,,,,,,,,,,,,,,,,,,,,,,,,,,,,,,,,,,,,,,,,,,,,,,,,,,,,,,,,,,,,,,,,,,,,,,,,,,,,,,,,,,,,,,,,,,,,,,,,,,,,,,,,,,,,,,,,,,,,,,,,,,,,,,,,,,,,,,,,,,,,,,,,,,,,,,,,,,,,,,,,,,,,,,,,,,,,,,,,,,,,,,,,,,,,,,,,,,,,,,,,,,,,,,,,,,,,,,,,,,,,,,,,,,,,,,,,,,,,,,,,,,,,,,,,,,,,,,,,,,,,,,,,,,,,,,,,,,,,,,,,,,,,,,,,,,,,,,,,,,,,,,,,,,,,,,,,,,,,,,,,,,,,,,,,,,,,,,,,,,,,,,,,,,,,,,,,,,,,,,,,,,,,,,,,,,,,,,,,,,,,,,,,,,,,,,,,,,,,,,,,,,,,,,,,,,,,,,,,,,,,,,,,,,,,,,,,,,,,,,,,,,,,,,,,,,,,,,,,,,,,,,,,,,,,,,,,,,,,,,,,,,,,,,,,,,,,,,,,,,,,,,,,,,,,,,,,,,,,,,,,,,,,,,,,,,,,,,,,,,,,,,,,,,,,,,,,,,,,,,,,,,,,,,,,,,,,,,,,,,,,,,,,,,,,,,,,,,,,,,,,,,,,,,,,,,,,,,,,,,,,,,,,,,,,,,,,,,,,,,,,,,,,,,,,,,,,,,,,,,,,,,,,,,,,,,,,,,,,,,,,,,,,,,,,,,,,,,,,,,,,,,,,,,,,,,,,,,,,,,,,,,,,,,,,,,,,,,,,,,,,,,,,,,,,,,,,,,,,,,,,,,,,,,,,,,,,,,,,,,,,,,,,,,,,,,,,,,,,,,,,,,,,,,,,,,,,,,,,,,,,,,,,,,,,,,,,,,,,,,,,,,,,,,,,,,,,,,,,,,,,,,,,,,,,,,,,,,,,,,,,,,,,,,,,,,,,,,,,,,,,,,,,,,,,,,,,,,,,,,,,,,,,,,,,,,,,,,,,,,,,,,,,,,,,,,,,,,,,,,,,,,,,,,,,,,,,,,,,,,,,,,,,,,,,,,,,,,,,,,,,,,,,,,,,,,,,,,,,,,,,,,,,,,,,,,,,,,,,,,,,,,,,,,,,,,,,,,,,,,,,,,,,,,,,,,,,,,,,,,,,,,,,,,,,,,,,,,,,,,,,,,,,,,,,,,,,,,,,,,,,,,,,,,,,,,,,,,,,,,,,,,,,,,,,,,,,,,,,,,,,,,,,,,,,,,,,,,,,,,,,,,,,,,,,,,,,,,,,,,,,,,,,,,,,,,,,,,,,,,,,,,,,,,,,,,,,,,,,,,,,,,,,,,,,,,,,,,,,,,,,,,,,,,,,,,,,,,,,,,,,,,,,,,,,,,,,,,,,,,,,,,,,,,,,,,,,,,,,,,,,,,,,,,,,,,,,,,,,,,,,,,,,,,,,,,,,,,,,,,,,,,,,,,,,,,,,,,,,,,,,,,,,,,,,,,,,,,,,,,,,,,,,,,,,,,,,,,,,,,,,,,,,,,,,,,,,,,,,,,,,,,,,,,,,,,,,,,,,,,,
,,,,,,,,,,,,,,,,,,,,,,,,,,,,,,,,,,,,,,,,,,,,,,,,,,,,,,,,,,,,,,,,,,,,,,,,,,,,,,,,,,,,,,,,,,,,,,,,,,,,,,,,,,,,,,,,,,,,,,,,,,,,,,,,,,,,,,,,,,,,,,,,,,,,,,,,,,,,,,,,,,,,,,,,,,,,,,,,,,,,,,,,,,,,,,,,,,,,,,,,,,,,,,,,,,,,,,,,,,,,,,,,,,,,,,,,,,,,,,,,,,,,,,,,,,,,,,,,,,,,,,,,,,,,,,,,,,,,,,,,,,,,,,,,,,,,,,,,,,,,,,,,,,,,,,,,,,,,,,,,,,,,,,,,,,,,,,,,,,,,,,,,,,,,,,,,,,,,,,,,,,,,,,,,,,,,,,,,,,,,,,,,,,,,,,,,,,,,,,,,,,,,,,,,,,,,,,,,,,,,,,,,,,,,,,,,,,,,,,,,,,,,,,,,,,,,,,,,,,,,,,,,,,,,,,,,,,,,,,,,,,,,,,,,,,,,,,,,,,,,,,,,,,,,,,,,,,,,,,,,,,,,,,,,,,,,,,,,,,,,,,,,,,,,,,,,,,,,,,,,,,,,,,,,,,,,,,,,,,,,,,,,,,,,,,,,,,,,,,,,,,,,,,,,,,,,,,,,,,,,,,,,,,,,,,,,,,,,,,,,,,,,,,,,,,,,,,,,,,,,,,,,,,,,,,,,,,,,,,,,,,,,,,,,,,,,,,,,,,,,,,,,,,,,,,,,,,,,,,,,,,,,,,,,,,,,,,,,,,,,,,,,,,,,,,,,,,,,,,,,,,,,,,,,,,,,,,,,,,,,,,,,,,,,,,,,,,,,,,,,,,,,,,,,,,,,,,,,,,,,,,,,,,,,,,,,,,,,,,,,,,,,,,,,,,,,,,,,,,,,,,,,,,,,,,,,,,,,,,,,,,,,,,,,,,,,,,,,,,,,,,,,,,,,,,,,,,,,,,,,,,,,,,,,,,,,,,,,,,,,,,,,,,,,,,,,,,,,,,,,,,,,,,,,,,,,,,,,,,,,,,,,,,,,,,,,,,,,,,,,,,,,,,,,,,,,,,,,,,,,,,,,,,,,,,,,,,,,,,,,,,,,,,,,,,,,,,,,,,,,,,,,,,,,,,,,,,,,,,,,,,,,,,,,,,,,,,,,,,,,,,,,,,,,,,,,,,,,,,,,,,,,,,,,,,,,,,,,,,,,,,,,,,,,,,,,,,,,,,,,,,,,,,,,,,,,,,,,,,,,,,,,,,,,,,,,,,,,,,,,,,,,,,,,,,,,,,,,,,,,,,,,,,,,,,,,,,,,,,,,,,,,,,,,,,,,,,,,,,,,,,,,,,,,,,,,,,,,,,,,,,,,,,,,,,,,,,,,,,,,,,,,,,,,,,,,,,,,,,,,,,,,,,,,,,,,,,,,,,,,,,,,,,,,,,,,,,,,,,,,,,,,,,,,,,,,,,,,,,,,,,,,,,,,,,,,,,,,,,,,,,,,,,,,,,,,,,,,,,,,,,,,,,,,,,,,,,,,,,,,,,,,,,,,,,,,,,,,,,,,,,,,,,,,,,,,,,,,,,,,,,,,,,,,,,,,,,,,,,,,,,,,,,,,,,,,,,,,,,,,,,,,,,,,,,,,,,,,,,,,,,,,,,,,,,,,,,,,,,,,,,,,,,,,,,,,,,,,,,,,,,,,,,,,,,,,,,,,,,,,,,,,,,,,,,,,,,,,,,,,,,,,,,,,,,,,,,,,,,,,,,,,,,,,,,,,,,,,,,,,,,,,,,,,,,,,,,,,,,,,,,,,,,,,,,,,,,,,,,,,,,,,,,,,,,,,,,,,,,,,,,,,,,,,,,,,,,,,,,,,,,,,,,,,,,,,,,,,,,,,,,,,,,,,,,,,,,,,,,,,,,,,,,,,,,,,,,,,,,,,,,,,,,,,,,,,,,,,,,,,,,,,,,,,,,,,,,,,,,,,,,,,,,,,,,,,,,,,,,,,,,,,,,,,,,,,,,,,,,,,,,,,,,,,,,,,,,,,,,,,,,,,,,,,,,,,,,,,,,,,,,,,,,,,,,,,,,,,,,,,,,,,,,,,,,,,,,,,,,,,,,,,,,,,,,,,,,,,,,,,,,,,,,,,,,,,,,,,,,,,,,,,,,,,,,,,,,,,,,,,,,,,,,,,,,,,,,,,,,,,,,,,,,,
3433,3255,2388,2397,2271,2393,2440,2424,2263,2424,2440,2393,2271,2397,2388,3255,3699,3469,2441,2260,2319,2368,2418,2437,2359,2446,2424,2377,2304,2336,2418,3479,4074,3853,2726,2457,2312,2267,2126,2272,2112,2320,2423,2277,2246,2487,2711,3852,4207,3985,2856,2560,2321,2248,2376,2125,2136,2093,2290,2289,2183,2532,2840,3984,4013,3795,2715,2409,2317,2358,2400,2344,2402,2337,1916,2334,2321,2392,2670,3792,3718,3495,2542,2367,2360,2373,2353,2314,2349,2343,2293,2284,2100,2201,2448,3491,3307,3109,2398,2249,2275,2404,2316,2233,2227,2251,2293,2266,2268,2350,2503,3124,3115,2926,2385,2243,2190,2373,2259,2221,2254,2401,2214,2154,2339,2316,2312,2839,3186,2958,2247,2207,2277,2358,2408,2342,2438,2498,2398,2336,2376,2356,2390,2982,3474,3255,2503,2186,2382,2205,2495,2696,2928,2923,2778,2710,2549,2338,2556,3248,3544,3593,3489,2810,3002,2821,3000,3543,3863,3824,3551,3298,3317,3224,3596,3717,4270,4285,4102,3186,3668,3510,3769,4194,4477,4465,4287,4199,4126,3907,4224,4092,4637,4595,4174,3345,3867,3699,3997,4338,4591,4598,4494,4469,4404,4178,4387,4189,4653,4557,3895,3675,3681,3689,3826,4136,4322,4297,4313,4355,4310,4115,4197,4300,4248,4154,3738,3507,3474,3651,3717,3768,3972,3978,3654,3871,3848,3793,3886,4042,3984,3898,3283,3002,3191,3344,3384,3417,3716,3692,3491,3473,3410,3507,3649,3656,3869,3721,3133,2925,2977,3003,3133,3307,3483,3470,3212,3169,3048,3206,3375,3607,4140,3916,2890,2755,2647,2704,2883,3085,3183,3053,2985,2959,2854,2927,3100,3916,4640,4418,3217,2975,2747,2587,2782,2920,3023,3085,2807,2800,2824,2837,3273,4415,4753,4529,3332,3042,2939,2779,3048,3251,3066,3147,2939,2860,2938,2858,3404,4527,4515,4293,3161,2824,2983,2913,3145,3206,3376,3500,3256,3103,3064,2867,3188,4288,4078,3875,3018,3031,3309,3227,3411,3521,3461,3602,3394,3125,3009,3120,3447,3877,4529,4360,3731,3334,3580,3507,3573,3547,3518,3786,3655,3738,3744,3598,3916,4320,4549,4387,3824,3425,3543,3469,3384,3524,3795,3846,3659,3809,3851,3766,4009,4368,4181,4013,3478,3191,3211,3076,2931,3417,3661,3574,3312,3538,3595,3542,3757,4036,3505,3353,2647,2821,2710,2582,2747,3190,3288,3043,2736,3038,3071,2968,3183,3372,3342,3142,2560,2449,2471,2421,2765,3007,2905,2901,2665,2711,2692,2761,2978,2999,3144,2956,2514,2543,2545,2384,2629,2617,2733,2698,2362,2436,2478,2636,2560,2922,3152,3020,2754,2514,2488,2451,2440,2546,2855,2786,2573,2456,2368,2219,2449,2955,3259,3079,2813,2483,2429,2545,2490,2752,3070,3068,2904,2723,2558,2360,2696,3077,3306,3051,2742,2397,2568,2710,2790,2965,3129,3101,2937,2840,2574,2562,2974,3169,3093,3100,3161,2712,2698,2712,2814,2956,3072,3032,2849,2836,2555,2917,3312,3308,3391,3261,2925,2915,2829,2561,2873,2705,3130,3116,2884,2876,2715,2994,3435,3174,3512,3426,3161,2977,2765,2379,2873,3105,3236,3147,2872,3009,2783,3207,3372,2844,3310,3293,3068,2868,2581,2361,2765,3067,3184,3088,2896,2764,2869,3040,3056,2768,2956,2873,2526,2416,2315,2327,2300,2568,2751,2707,2573,2548,2678,2595,2393,2702,2813,2797,2489,2401,2208,2306,2357,2378,2570,2476,2478,2385,2466,2472,2225,2564,2711,2553,2456,2304,2271,2241,2329,2431,2500,2494,2409,2440,2430,2317,2337,2483,2627,2545,2395,2345,2264,2265,2439,2395,2498,2487,2366,2245,2357,2323,2350,2488,2750,2683,2507,2421,2364,2381,2541,2559,2767,2700,2448,2343,2446,2364,2405,2505,2724,2694,2511,2343,2310,2379,2541,2632,2853,2739,2556,2394,2457,2452,2614,2572,2881,2691,2512,2480,2599,2604,2525,2632,2712,2699,2621,2417,2272,2556,2891,2858,3112,2892,2753,2417,2772,2664,2463,2625,2611,2714,2658,2555,2430,2603,2983,3075,3199,3119,2822,2208,2666,2597,2409,2684,2547,2693,2646,2519,2435,2549,2867,3073,3198,3178,2890,2403,2408,2486,2411,2507,2536,2551,2478,2443,2557,2433,2579,2880,3133,3129,2957,2530,2477,2571,2597,2646,2923,2772,2540,2542,2644,2561,2666,2952,3082,3004,2888,2404,2406,2606,2593,2710,2963,2800,2623,2570,2535,2482,2610,2856,3027,2866,2546,2293,2355,2425,2581,2630,2718,2633,2467,2273,2483,2405,2388,2824,2987,2742,2173,2270,2358,2252,2435,2384,2511,2464,2454,2277,2377,2338,2276,2817,3000,2766,2158,2198,2337,2430,2431,2476,2549,2374,2407,2300,2398,2419,2318,2722,3826,3603,2492,2370,2371,2537,2514,2465,2611,2470,2248,2258,2313,2390,2653,3613,4386,4163,3047,2688,2478,2489,2270,2624,2692,2527,2302,2396,2498,2643,3061,4163,4488,4264,3149,2757,2521,2431,2352,2695,2781,2629,2364,2448,2523,2777,3134,4265,4223,3999,2830,2600,2341,2271,2396,2560,2675,2548,2379,2328,2356,2546,2842,3998,3682,3467,2527,2376,2506,2396,2304,2289,2447,2444,2436,2423,2291,2305,2545,3458,3283,3064,2143,2344,2442,2312,2282,2333,2493,2526,2474,2457,2362,2256,2306,3076,2758,2606,2335,2251,2282,2352,2283,2400,2607,2612,2591,2394,2297,2261,2325,2605,2677,2556,2479,2362,2374,2455,2261,2070,2437,2547,2483,2423,2300,2146,2315,2470,2770,2591,2476,2490,2365,2485,2485,2419,2290,2401,2449,2208,2403,2479,2408,2619,2864,2784,2506,2714,2596,2768,2906,2985,2777,2633,2588,2402,2551,2647,2750,2825,3189,3022,2471,2702,2668,2710,2928,3121,3030,2669,2571,2556,2560,2621,2831,3037,3396,3184,2333,2434,2445,2519,2739,3021,2991,2765,2660,2625,2539,2526,2672,3194,4535,4313,3191,2797,2432,2685,2690,3155,3230,2983,2731,2665,2550,2860,3158,4313,4908,4686,3541,3150,2862,2928,2812,3455,3562,3248,2932,2962,2765,3190,3567,4686,4897,4672,3494,3177,2869,2844,2882,3432,3531,3360,2995,3009,2700,3155,3576,4678,4531,4301,3002,2885,2572,2464,2617,3119,3299,3187,2827,2708,2473,2781,3243,4313,3882,3659,2648,2528,2499,2429,2370,2629,2889,2763,2454,2448,2438,2395,2728,3666,3614,3386,2390,2502,2535,2340,2306,2450,2538,2522,2517,2611,2640,2358,2555,3393,3311,3046,2403,2440,2537,2461,2294,2465,2604,2463,2359,2483,2490,2410,2431,3130,3326,3083,2403,2354,2466,2369,2218,2425,2550,2297,2193,2100,2300,2405,2451,3124,3313,3102,2437,2202,2349,2316,2342,2519,2506,2359,2318,2345,2387,2436,2271,3040,3310,3094,2447,2363,2356,2327,2476,2539,2532,2446,2360,2355,2411,2456,2223,3074,3063,2925,2529,2428,2330,2180,2412,2658,2885,2904,2673,2731,2680,2559,2340,2723,3769,3569,2640,2489,2477,2405,2615,2996,3399,3418,3235,3281,3299,3007,2961,3486,3894,3687,2648,2628,2600,2602,2849,3209,3530,3534,3369,3423,3445,3176,3161,3623,3526,3379,2811,2573,2390,2511,2729,3047,3322,3326,3169,3212,3225,2982,3030,3416,3323,3204,2808,2347,2368,2633,2609,2663,2902,2956,2764,2656,2548,2438,2531,3097,3398,3204,2608,2349,2275,2472,2552,2738,2817,2809,2564,2379,2245,2252,2477,3182,3400,3160,2444,2333,2312,2136,2314,2586,2752,2550,2480,2465,2425,2387,2400,3172,3592,3371,2503,2293,2335,2290,2318,2427,2492,2199,2378,2448,2470,2368,2417,3375,3896,3673,2605,2302,2362,2405,2419,2673,2707,2220,2345,2428,2445,2422,2567,3674,3837,3609,2457,2330,2092,2372,2559,2772,2806,2531,2452,2444,2336,2398,2460,3616,3451,3233,2201,2222,2324,2216,2385,2590,2737,2670,2577,2414,2250,2206,2328,3216,3203,3012,2372,2386,2389,2407,2369,2438,2637,2658,2571,2443,2498,2322,2284,2958,3356,3119,2540,2582,2516,2415,2542,2616,2853,2672,2416,2753,2818,2667,2395,3111,3204,3018,2556,2609,2559,2407,2534,2667,2883,2774,2206,2755,2833,2706,2337,2989,3219,2925,2440,2367,2454,2407,2393,2493,2664,2517,2194,2470,2512,2506,2481,3004,3339,3136,2522,2170,2267,2345,2343,2397,2414,2433,2307,2327,2251,2398,2325,3124,3602,3390,2683,2359,2373,2266,2207,2390,2401,2411,2363,2431,2352,2207,2316,3384,3651,3422,2588,2387,2417,2355,2390,2305,2441,2486,2337,2391,2338,2285,2520,3444,3315,3098,2331,2387,2385,2391,2484,2520,2515,2420,2330,2298,2482,2465,2436,3092,2984,2692,2234,2209,2344,2342,2494,2650,2598,2543,2454,2381,2547,2578,2493,2589,2851,2580,2264,2207,2386,2359,2265,2483,2458,2346,2440,2482,2548,2483,2471,2659,2702,2456,2301,2185,2381,2437,2260,2246,2232,2321,2354,2440,2484,2419,2461,2650,2725,2317,2307,2352,2391,2412,2225,2335,2343,2372,2336,2459,2491,2411,2398,2620,2870,2725,2303,2328,2339,2364,2323,2498,2515,2352,2416,2434,2334,2352,2321,2670,3249,3031,2406,2318,2358,2400,2638,2808,2751,2673,2441,2389,2310,2215,2372,3042,3287,3097,2503,2402,2416,2307,2597,2772,2740,2666,2478,2361,2294,2276,2381,3070,3020,2875,2475,2459,2393,2158,2371,2444,2312,2398,2361,2281,2344,2329,2432,2831,3091,2847,2293,2222,2312,2150,2313,2231,2488,2609,2498,2456,2532,2411,2445,2903,3366,3132,2314,2313,2367,2264,2401,2415,2485,2556,2508,2479,2519,2383,2404,3153,3297,3080,2421,2275,2346,2321,2487,2550,2517,2425,2366,2303,2226,2283,2385,3062,2607,2376,2382,2351,2426,2476,2460,2516,2533,2484,2284,2150,2307,2289,2318,2529,2910,2659,2221,2349,2372,2529,2337,2298,2398,2174,2215,2099,2337,2401,2358,2721,3043,2812,2226,2407,2354,2400,2316,2314,2306,2284,2192,2333,2313,2382,2409,2836,3817,3601,2533,2392,2398,2321,2397,2496,2582,2405,2266,2422,2418,2307,2489,3593,4256,4034,2935,2474,2447,2251,2479,2669,2975,2859,2524,2458,2602,2522,2848,4028,4322,4101,3032,2492,2558,2391,2532,3033,3154,2972,2583,2433,2702,2546,2917,4094,4067,3854,2837,2436,2396,2502,2589,2982,3080,2809,2342,2381,2561,2509,2723,3841,3517,3292,2568,2270,2341,2445,2438,2426,2548,2257,2293,2239,2411,2406,2464,3273,3596,3408,2606,2244,2375,2350,2372,2412,2473,2429,2221,2293,2313,2430,2368,3336,3895,3677,2595,2392,2358,2239,2392,2529,2637,2524,2408,2511,2357,2501,2528,3669,3947,3727,2604,2403,2409,2391,2468,2520,2522,2511,2360,2497,2501,2549,2567,3722,3717,3498,2448,2205,2382,2296,2541,2474,2350,2324,2334,2379,2459,2437,2438,3489,3255,3026,2280,2301,2201,2266,2466,2477,2307,2386,2356,2360,2508,2402,2480,3063,3451,3223,2508,2248,2232,2279,2361,2510,2532,2629,2460,2524,2579,2474,2289,3228,3466,3241,2507,2317,2347,2321,2376,2607,2980,3029,2821,2817,2870,2699,2578,3254,3419,3215,2605,2252,2432,2293,2431,2715,3104,3122,2922,2894,2967,2814,2717,3188,3137,2898,2438,2342,2297,2152,2398,2540,2850,2860,2651,2695,2777,2641,2606,2963,2937,2711,2152,2249,2126,2231,2337,2182,2362,2274,2248,2217,2302,2296,2319,2724,2783,2607,2120,2130,2204,2239,2245,2127,2132,2157,2151,2282,2272,2304,2196,2593,2571,2416,2201,2093,2236,2305,2182,2047,2248,2271,2273,2289,2386,2351,2193,2359,2757,2557,2108,2059,2096,2186,2138,2155,2383,2340,2218,2304,2398,2338,2036,2522,2640,2545,2202,2198,2221,2140,2188,2141,2267,2217,2171,2233,2265,2216,2120,2467,2802,2559,2231,2176,2196,2049,2051,2110,2228,2150,2045,2035,2016,2117,2162,2591,3065,2832,2074,2125,2116,2131,2026,2090,2136,2173,2018,2019,1940,1965,2166,2865,2999,2774,1981,2037,2015,2115,2248,2278,2246,2191,2150,2142,2058,2062,2133,2803,2641,2401,2116,2029,1908,2012,2113,2252,2357,2229,2122,2042,2014,2035,2098,2426
,,,,,,,,,,,,,,,,,,,,,,,,,,,,,,,,,,,,,,,,,,,,,,,,,,,,,,,,,,,,,,,,,,,,,,,,,,,,,,,,,,,,,,,,,,,,,,,,,,,,,,,,,,,,,,,,,,,,,,,,,,,,,,,,,,,,,,,,,,,,,,,,,,,,,,,,,,,,,,,,,,,,,,,,,,,,,,,,,,,,,,,,,,,,,,,,,,,,,,,,,,,,,,,,,,,,,,,,,,,,,,,,,,,,,,,,,,,,,,,,,,,,,,,,,,,,,,,,,,,,,,,,,,,,,,,,,,,,,,,,,,,,,,,,,,,,,,,,,,,,,,,,,,,,,,,,,,,,,,,,,,,,,,,,,,,,,,,,,,,,,,,,,,,,,,,,,,,,,,,,,,,,,,,,,,,,,,,,,,,,,,,,,,,,,,,,,,,,,,,,,,,,,,,,,,,,,,,,,,,,,,,,,,,,,,,,,,,,,,,,,,,,,,,,,,,,,,,,,,,,,,,,,,,,,,,,,,,,,,,,,,,,,,,,,,,,,,,,,,,,,,,,,,,,,,,,,,,,,,,,,,,,,,,,,,,,,,,,,,,,,,,,,,,,,,,,,,,,,,,,,,,,,,,,,,,,,,,,,,,,,,,,,,,,,,,,,,,,,,,,,,,,,,,,,,,,,,,,,,,,,,,,,,,,,,,,,,,,,,,,,,,,,,,,,,,,,,,,,,,,,,,,,,,,,,,,,,,,,,,,,,,,,,,,,,,,,,,,,,,,,,,,,,,,,,,,,,,,,,,,,,,,,,,,,,,,,,,,,,,,,,,,,,,,,,,,,,,,,,,,,,,,,,,,,,,,,,,,,,,,,,,,,,,,,,,,,,,,,,,,,,,,,,,,,,,,,,,,,,,,,,,,,,,,,,,,,,,,,,,,,,,,,,,,,,,,,,,,,,,,,,,,,,,,,,,,,,,,,,,,,,,,,,,,,,,,,,,,,,,,,,,,,,,,,,,,,,,,,,,,,,,,,,,,,,,,,,,,,,,,,,,,,,,,,,,,,,,,,,,,,,,,,,,,,,,,,,,,,,,,,,,,,,,,,,,,,,,,,,,,,,,,,,,,,,,,,,,,,,,,,,,,,,,,,,,,,,,,,,,,,,,,,,,,,,,,,,,,,,,,,,,,,,,,,,,,,,,,,,,,,,,,,,,,,,,,,,,,,,,,,,,,,,,,,,,,,,,,,,,,,,,,,,,,,,,,,,,,,,,,,,,,,,,,,,,,,,,,,,,,,,,,,,,,,,,,,,,,,,,,,,,,,,,,,,,,,,,,,,,,,,,,,,,,,,,,,,,,,,,,,,,,,,,,,,,,,,,,,,,,,,,,,,,,,,,,,,,,,,,,,,,,,,,,,,,,,,,,,,,,,,,,,,,,,,,,,,,,,,,,,,,,,,,,,,,,,,,,,,,,,,,,,,,,,,,,,,,,,,,,,,,,,,,,,,,,,,,,,,,,,,,,,,,,,,,,,,,,,,,,,,,,,,,,,,,,,,,,,,,,,,,,,,,,,,,,,,,,,,,,,,,,,,,,,,,,,,,,,,,,,,,,,,,,,,,,,,,,,,,,,,,,,,,,,,,,,,,,,,,,,,,,,,,,,,,,,,,,,,,,,,,,,,,,,,,,,,,,,,,,,,,,,,,,,,,,,,,,,,,,,,,,,,,,,,,,,,,,,,,,,,,,,,,,,,,,,,,,,,,,,,,,,,,,,,,,,,,,,,,,,,,,,,,,,,,,,,,,,,,,,,,,,,,,,,,,,,,,,,,,,,,,,,,,,,,,,,,,,,,,,,,,,,,,,,,,,,,,,,,,,,,,,,,,,,,,,,,,,,,,,,,,,,,,,,,,,,,,,,,,,,,,,,,,,,,,,,,,,,,,,,,,,,,,,,,,,,,,,,,,,,,,,,,,,,,,,,,,,,,,,,,,,,,,,,,,,,,,,,,,,,,,,,,,,,,,,,,,,,,,,,,,,,,,,,,,,,,,,,,,,,,,,,,,,,,,,,,,,,,,,,,,,,,,,,,,,,,,,,,,,,,,,,,,,,,,,,,,,,,,,,,,,,,,,,,,,,,,,,,,,,,,,,,,,,,,,,,,,,,,,,,,,,,,,,,,,,,,,,,,,,,,,,,,,,,,,,,,,,,,,,,,,,,,,,,,,,,,,,,,,,,,,,,,,,,,,,,,,,,,,,,,,,,,,,,,,,,,,,,,,,,,,,,
,,,,,,,,,,,,,,,,,,,,,,,,,,,,,,,,,,,,,,,,,,,,,,,,,,,,,,,,,,,,,,,,,,,,,,,,,,,,,,,,,,,,,,,,,,,,,,,,,,,,,,,,,,,,,,,,,,,,,,,,,,,,,,,,,,,,,,,,,,,,,,,,,,,,,,,,,,,,,,,,,,,,,,,,,,,,,,,,,,,,,,,,,,,,,,,,,,,,,,,,,,,,,,,,,,,,,,,,,,,,,,,,,,,,,,,,,,,,,,,,,,,,,,,,,,,,,,,,,,,,,,,,,,,,,,,,,,,,,,,,,,,,,,,,,,,,,,,,,,,,,,,,,,,,,,,,,,,,,,,,,,,,,,,,,,,,,,,,,,,,,,,,,,,,,,,,,,,,,,,,,,,,,,,,,,,,,,,,,,,,,,,,,,,,,,,,,,,,,,,,,,,,,,,,,,,,,,,,,,,,,,,,,,,,,,,,,,,,,,,,,,,,,,,,,,,,,,,,,,,,,,,,,,,,,,,,,,,,,,,,,,,,,,,,,,,,,,,,,,,,,,,,,,,,,,,,,,,,,,,,,,,,,,,,,,,,,,,,,,,,,,,,,,,,,,,,,,,,,,,,,,,,,,,,,,,,,,,,,,,,,,,,,,,,,,,,,,,,,,,,,,,,,,,,,,,,,,,,,,,,,,,,,,,,,,,,,,,,,,,,,,,,,,,,,,,,,,,,,,,,,,,,,,,,,,,,,,,,,,,,,,,,,,,,,,,,,,,,,,,,,,,,,,,,,,,,,,,,,,,,,,,,,,,,,,,,,,,,,,,,,,,,,,,,,,,,,,,,,,,,,,,,,,,,,,,,,,,,,,,,,,,,,,,,,,,,,,,,,,,,,,,,,,,,,,,,,,,,,,,,,,,,,,,,,,,,,,,,,,,,,,,,,,,,,,,,,,,,,,,,,,,,,,,,,,,,,,,,,,,,,,,,,,,,,,,,,,,,,,,,,,,,,,,,,,,,,,,,,,,,,,,,,,,,,,,,,,,,,,,,,,,,,,,,,,,,,,,,,,,,,,,,,,,,,,,,,,,,,,,,,,,,,,,,,,,,,,,,,,,,,,,,,,,,,,,,,,,,,,,,,,,,,,,,,,,,,,,,,,,,,,,,,,,,,,,,,,,,,,,,,,,,,,,,,,,,,,,,,,,,,,,,,,,,,,,,,,,,,,,,,,,,,,,,,,,,,,,,,,,,,,,,,,,,,,,,,,,,,,,,,,,,,,,,,,,,,,,,,,,,,,,,,,,,,,,,,,,,,,,,,,,,,,,,,,,,,,,,,,,,,,,,,,,,,,,,,,,,,,,,,,,,,,,,,,,,,,,,,,,,,,,,,,,,,,,,,,,,,,,,,,,,,,,,,,,,,,,,,,,,,,,,,,,,,,,,,,,,,,,,,,,,,,,,,,,,,,,,,,,,,,,,,,,,,,,,,,,,,,,,,,,,,,,,,,,,,,,,,,,,,,,,,,,,,,,,,,,,,,,,,,,,,,,,,,,,,,,,,,,,,,,,,,,,,,,,,,,,,,,,,,,,,,,,,,,,,,,,,,,,,,,,,,,,,,,,,,,,,,,,,,,,,,,,,,,,,,,,,,,,,,,,,,,,,,,,,,,,,,,,,,,,,,,,,,,,,,,,,,,,,,,,,,,,,,,,,,,,,,,,,,,,,,,,,,,,,,,,,,,,,,,,,,,,,,,,,,,,,,,,,,,,,,,,,,,,,,,,,,,,,,,,,,,,,,,,,,,,,,,,,,,,,,,,,,,,,,,,,,,,,,,,,,,,,,,,,,,,,,,,,,,,,,,,,,,,,,,,,,,,,,,,,,,,,,,,,,,,,,,,,,,,,,,,,,,,,,,,,,,,,,,,,,,,,,,,,,,,,,,,,,,,,,,,,,,,,,,,,,,,,,,,,,,,,,,,,,,,,,,,,,,,,,,,,,,,,,,,,,,,,,,,,,,,,,,,,,,,,,,,,,,,,,,,,,,,,,,,,,,,,,,,,,,,,,,,,,,,,,,,,,,,,,,,,,,,,,,,,,,,,,,,,,,,,,,,,,,,,,,,,,,,,,,,,,,,,,,,,,,,,,,,,,,,,,,,,,,,,,,,,,,,,,,,,,,,,,,,,,,,,,,,,,,,,,,,,,,,,,,,,,,,,,,,,,,,,,,,,,,,,,,,,,,,,,,,,,,,,,,,,,,,,,,,,,,,,,,,,,,,,,,,,,,
,,,,,,,,,,,,,,,,,,,,,,,,,,,,,,,,,,,,,,,,,,,,,,,,,,,,,,,,,,,,,,,,,,,,,,,,,,,,,,,,,,,,,,,,,,,,,,,,,,,,,,,,,,,,,,,,,,,,,,,,,,,,,,,,,,,,,,,,,,,,,,,,,,,,,,,,,,,,,,,,,,,,,,,,,,,,,,,,,,,,,,,,,,,,,,,,,,,,,,,,,,,,,,,,,,,,,,,,,,,,,,,,,,,,,,,,,,,,,,,,,,,,,,,,,,,,,,,,,,,,,,,,,,,,,,,,,,,,,,,,,,,,,,,,,,,,,,,,,,,,,,,,,,,,,,,,,,,,,,,,,,,,,,,,,,,,,,,,,,,,,,,,,,,,,,,,,,,,,,,,,,,,,,,,,,,,,,,,,,,,,,,,,,,,,,,,,,,,,,,,,,,,,,,,,,,,,,,,,,,,,,,,,,,,,,,,,,,,,,,,,,,,,,,,,,,,,,,,,,,,,,,,,,,,,,,,,,,,,,,,,,,,,,,,,,,,,,,,,,,,,,,,,,,,,,,,,,,,,,,,,,,,,,,,,,,,,,,,,,,,,,,,,,,,,,,,,,,,,,,,,,,,,,,,,,,,,,,,,,,,,,,,,,,,,,,,,,,,,,,,,,,,,,,,,,,,,,,,,,,,,,,,,,,,,,,,,,,,,,,,,,,,,,,,,,,,,,,,,,,,,,,,,,,,,,,,,,,,,,,,,,,,,,,,,,,,,,,,,,,,,,,,,,,,,,,,,,,,,,,,,,,,,,,,,,,,,,,,,,,,,,,,,,,,,,,,,,,,,,,,,,,,,,,,,,,,,,,,,,,,,,,,,,,,,,,,,,,,,,,,,,,,,,,,,,,,,,,,,,,,,,,,,,,,,,,,,,,,,,,,,,,,,,,,,,,,,,,,,,,,,,,,,,,,,,,,,,,,,,,,,,,,,,,,,,,,,,,,,,,,,,,,,,,,,,,,,,,,,,,,,,,,,,,,,,,,,,,,,,,,,,,,,,,,,,,,,,,,,,,,,,,,,,,,,,,,,,,,,,,,,,,,,,,,,,,,,,,,,,,,,,,,,,,,,,,,,,,,,,,,,,,,,,,,,,,,,,,,,,,,,,,,,,,,,,,,,,,,,,,,,,,,,,,,,,,,,,,,,,,,,,,,,,,,,,,,,,,,,,,,,,,,,,,,,,,,,,,,,,,,,,,,,,,,,,,,,,,,,,,,,,,,,,,,,,,,,,,,,,,,,,,,,,,,,,,,,,,,,,,,,,,,,,,,,,,,,,,,,,,,,,,,,,,,,,,,,,,,,,,,,,,,,,,,,,,,,,,,,,,,,,,,,,,,,,,,,,,,,,,,,,,,,,,,,,,,,,,,,,,,,,,,,,,,,,,,,,,,,,,,,,,,,,,,,,,,,,,,,,,,,,,,,,,,,,,,,,,,,,,,,,,,,,,,,,,,,,,,,,,,,,,,,,,,,,,,,,,,,,,,,,,,,,,,,,,,,,,,,,,,,,,,,,,,,,,,,,,,,,,,,,,,,,,,,,,,,,,,,,,,,,,,,,,,,,,,,,,,,,,,,,,,,,,,,,,,,,,,,,,,,,,,,,,,,,,,,,,,,,,,,,,,,,,,,,,,,,,,,,,,,,,,,,,,,,,,,,,,,,,,,,,,,,,,,,,,,,,,,,,,,,,,,,,,,,,,,,,,,,,,,,,,,,,,,,,,,,,,,,,,,,,,,,,,,,,,,,,,,,,,,,,,,,,,,,,,,,,,,,,,,,,,,,,,,,,,,,,,,,,,,,,,,,,,,,,,,,,,,,,,,,,,,,,,,,,,,,,,,,,,,,,,,,,,,,,,,,,,,,,,,,,,,,,,,,,,,,,,,,,,,,,,,,,,,,,,,,,,,,,,,,,,,,,,,,,,,,,,,,,,,,,,,,,,,,,,,,,,,,,,,,,,,,,,,,,,,,,,,,,,,,,,,,,,,,,,,,,,,,,,,,,,,,,,,,,,,,,,,,,,,,,,,,,,,,,,,,,,,,,,,,,,,,,,,,,,,,,,,,,,,,,,,,,,,,,,,,,,,,,,,,,,,,,,,,,,,,,,,,,,,,,,,,,,,,,,,,,,,,,,,,,,,,,,,,,,,,,,,,,,,,,,,,,,,,,,,,,,,,,,,,,,,,,,,,,,,,,,,,,,,,,,,,,,,,,,,,,,,,,,,,,,,,,
,,,,,,,,,,,,,,,,,,,,,,,,,,,,,,,,,,,,,,,,,,,,,,,,,,,,,,,,,,,,,,,,,,,,,,,,,,,,,,,,,,,,,,,,,,,,,,,,,,,,,,,,,,,,,,,,,,,,,,,,,,,,,,,,,,,,,,,,,,,,,,,,,,,,,,,,,,,,,,,,,,,,,,,,,,,,,,,,,,,,,,,,,,,,,,,,,,,,,,,,,,,,,,,,,,,,,,,,,,,,,,,,,,,,,,,,,,,,,,,,,,,,,,,,,,,,,,,,,,,,,,,,,,,,,,,,,,,,,,,,,,,,,,,,,,,,,,,,,,,,,,,,,,,,,,,,,,,,,,,,,,,,,,,,,,,,,,,,,,,,,,,,,,,,,,,,,,,,,,,,,,,,,,,,,,,,,,,,,,,,,,,,,,,,,,,,,,,,,,,,,,,,,,,,,,,,,,,,,,,,,,,,,,,,,,,,,,,,,,,,,,,,,,,,,,,,,,,,,,,,,,,,,,,,,,,,,,,,,,,,,,,,,,,,,,,,,,,,,,,,,,,,,,,,,,,,,,,,,,,,,,,,,,,,,,,,,,,,,,,,,,,,,,,,,,,,,,,,,,,,,,,,,,,,,,,,,,,,,,,,,,,,,,,,,,,,,,,,,,,,,,,,,,,,,,,,,,,,,,,,,,,,,,,,,,,,,,,,,,,,,,,,,,,,,,,,,,,,,,,,,,,,,,,,,,,,,,,,,,,,,,,,,,,,,,,,,,,,,,,,,,,,,,,,,,,,,,,,,,,,,,,,,,,,,,,,,,,,,,,,,,,,,,,,,,,,,,,,,,,,,,,,,,,,,,,,,,,,,,,,,,,,,,,,,,,,,,,,,,,,,,,,,,,,,,,,,,,,,,,,,,,,,,,,,,,,,,,,,,,,,,,,,,,,,,,,,,,,,,,,,,,,,,,,,,,,,,,,,,,,,,,,,,,,,,,,,,,,,,,,,,,,,,,,,,,,,,,,,,,,,,,,,,,,,,,,,,,,,,,,,,,,,,,,,,,,,,,,,,,,,,,,,,,,,,,,,,,,,,,,,,,,,,,,,,,,,,,,,,,,,,,,,,,,,,,,,,,,,,,,,,,,,,,,,,,,,,,,,,,,,,,,,,,,,,,,,,,,,,,,,,,,,,,,,,,,,,,,,,,,,,,,,,,,,,,,,,,,,,,,,,,,,,,,,,,,,,,,,,,,,,,,,,,,,,,,,,,,,,,,,,,,,,,,,,,,,,,,,,,,,,,,,,,,,,,,,,,,,,,,,,,,,,,,,,,,,,,,,,,,,,,,,,,,,,,,,,,,,,,,,,,,,,,,,,,,,,,,,,,,,,,,,,,,,,,,,,,,,,,,,,,,,,,,,,,,,,,,,,,,,,,,,,,,,,,,,,,,,,,,,,,,,,,,,,,,,,,,,,,,,,,,,,,,,,,,,,,,,,,,,,,,,,,,,,,,,,,,,,,,,,,,,,,,,,,,,,,,,,,,,,,,,,,,,,,,,,,,,,,,,,,,,,,,,,,,,,,,,,,,,,,,,,,,,,,,,,,,,,,,,,,,,,,,,,,,,,,,,,,,,,,,,,,,,,,,,,,,,,,,,,,,,,,,,,,,,,,,,,,,,,,,,,,,,,,,,,,,,,,,,,,,,,,,,,,,,,,,,,,,,,,,,,,,,,,,,,,,,,,,,,,,,,,,,,,,,,,,,,,,,,,,,,,,,,,,,,,,,,,,,,,,,,,,,,,,,,,,,,,,,,,,,,,,,,,,,,,,,,,,,,,,,,,,,,,,,,,,,,,,,,,,,,,,,,,,,,,,,,,,,,,,,,,,,,,,,,,,,,,,,,,,,,,,,,,,,,,,,,,,,,,,,,,,,,,,,,,,,,,,,,,,,,,,,,,,,,,,,,,,,,,,,,,,,,,,,,,,,,,,,,,,,,,,,,,,,,,,,,,,,,,,,,,,,,,,,,,,,,,,,,,,,,,,,,,,,,,,,,,,,,,,,,,,,,,,,,,,,,,,,,,,,,,,,,,,,,,,,,,,,,,,,,,,,,,,,,,,,,,,,,,,,,,,,,,,,,,,,,,,,,,,,,,,,,,,,,,,,,,,,,,,,,,,,,,,,,,,,,,,,,,,,,,,,,,,,,,,,,,,,,,,,,,,,,,,,,,,,,,,,,,,,,,,,,,,,,,,,,,,,,,,,,,,,,,,,,,,,,,,,,,,,,,
,,,,,,,,,,,,,,,,,,,,,,,,,,,,,,,,,,,,,,,,,,,,,,,,,,,,,,,,,,,,,,,,,,,,,,,,,,,,,,,,,,,,,,,,,,,,,,,,,,,,,,,,,,,,,,,,,,,,,,,,,,,,,,,,,,,,,,,,,,,,,,,,,,,,,,,,,,,,,,,,,,,,,,,,,,,,,,,,,,,,,,,,,,,,,,,,,,,,,,,,,,,,,,,,,,,,,,,,,,,,,,,,,,,,,,,,,,,,,,,,,,,,,,,,,,,,,,,,,,,,,,,,,,,,,,,,,,,,,,,,,,,,,,,,,,,,,,,,,,,,,,,,,,,,,,,,,,,,,,,,,,,,,,,,,,,,,,,,,,,,,,,,,,,,,,,,,,,,,,,,,,,,,,,,,,,,,,,,,,,,,,,,,,,,,,,,,,,,,,,,,,,,,,,,,,,,,,,,,,,,,,,,,,,,,,,,,,,,,,,,,,,,,,,,,,,,,,,,,,,,,,,,,,,,,,,,,,,,,,,,,,,,,,,,,,,,,,,,,,,,,,,,,,,,,,,,,,,,,,,,,,,,,,,,,,,,,,,,,,,,,,,,,,,,,,,,,,,,,,,,,,,,,,,,,,,,,,,,,,,,,,,,,,,,,,,,,,,,,,,,,,,,,,,,,,,,,,,,,,,,,,,,,,,,,,,,,,,,,,,,,,,,,,,,,,,,,,,,,,,,,,,,,,,,,,,,,,,,,,,,,,,,,,,,,,,,,,,,,,,,,,,,,,,,,,,,,,,,,,,,,,,,,,,,,,,,,,,,,,,,,,,,,,,,,,,,,,,,,,,,,,,,,,,,,,,,,,,,,,,,,,,,,,,,,,,,,,,,,,,,,,,,,,,,,,,,,,,,,,,,,,,,,,,,,,,,,,,,,,,,,,,,,,,,,,,,,,,,,,,,,,,,,,,,,,,,,,,,,,,,,,,,,,,,,,,,,,,,,,,,,,,,,,,,,,,,,,,,,,,,,,,,,,,,,,,,,,,,,,,,,,,,,,,,,,,,,,,,,,,,,,,,,,,,,,,,,,,,,,,,,,,,,,,,,,,,,,,,,,,,,,,,,,,,,,,,,,,,,,,,,,,,,,,,,,,,,,,,,,,,,,,,,,,,,,,,,,,,,,,,,,,,,,,,,,,,,,,,,,,,,,,,,,,,,,,,,,,,,,,,,,,,,,,,,,,,,,,,,,,,,,,,,,,,,,,,,,,,,,,,,,,,,,,,,,,,,,,,,,,,,,,,,,,,,,,,,,,,,,,,,,,,,,,,,,,,,,,,,,,,,,,,,,,,,,,,,,,,,,,,,,,,,,,,,,,,,,,,,,,,,,,,,,,,,,,,,,,,,,,,,,,,,,,,,,,,,,,,,,,,,,,,,,,,,,,,,,,,,,,,,,,,,,,,,,,,,,,,,,,,,,,,,,,,,,,,,,,,,,,,,,,,,,,,,,,,,,,,,,,,,,,,,,,,,,,,,,,,,,,,,,,,,,,,,,,,,,,,,,,,,,,,,,,,,,,,,,,,,,,,,,,,,,,,,,,,,,,,,,,,,,,,,,,,,,,,,,,,,,,,,,,,,,,,,,,,,,,,,,,,,,,,,,,,,,,,,,,,,,,,,,,,,,,,,,,,,,,,,,,,,,,,,,,,,,,,,,,,,,,,,,,,,,,,,,,,,,,,,,,,,,,,,,,,,,,,,,,,,,,,,,,,,,,,,,,,,,,,,,,,,,,,,,,,,,,,,,,,,,,,,,,,,,,,,,,,,,,,,,,,,,,,,,,,,,,,,,,,,,,,,,,,,,,,,,,,,,,,,,,,,,,,,,,,,,,,,,,,,,,,,,,,,,,,,,,,,,,,,,,,,,,,,,,,,,,,,,,,,,,,,,,,,,,,,,,,,,,,,,,,,,,,,,,,,,,,,,,,,,,,,,,,,,,,,,,,,,,,,,,,,,,,,,,,,,,,,,,,,,,,,,,,,,,,,,,,,,,,,,,,,,,,,,,,,,,,,,,,,,,,,,,,,,,,,,,,,,,,,,,,,,,,,,,,,,,,,,,,,,,,,,,,,,,,,,,,,,,,,,,,,,,,,,,,,,,,,,,,,,,,,,,,,,,,,,,,,,,,,,,,,,,,,,,,,,,,,,,,,,,,,,,,,,,,,,,,,,,,,,,,,,,,,,,,,,,,,,,,,,,,,,,,,,,,,,,,,,,,,,,,,,,,,,,
3507,3305,2495,2302,2235,2282,2309,2274,2253,2274,2309,2282,2235,2302,2495,3305,3712,3481,2448,2369,2231,2316,2387,2374,2293,2337,2257,2074,2241,2282,2476,3492,4074,3852,2710,2522,2289,2341,2222,2242,2259,2356,2248,2143,2316,2475,2763,3850,4206,3982,2830,2541,2385,2206,2374,2331,2165,2290,2370,2238,2303,2529,2857,3982,4008,3785,2551,2360,2313,2199,2287,2271,2198,2208,2268,2120,2215,2387,2689,3789,3719,3498,2486,2309,2376,2187,2285,2244,2282,2361,2107,2179,2256,2214,2477,3500,3283,3081,2177,2223,2198,2184,2170,2352,2401,2305,2151,2190,2292,2220,2296,3136,3098,2842,2239,2228,2204,2251,2171,2325,2391,2235,2226,2171,2172,2203,2251,2898,3170,2952,2226,2260,2341,2353,2325,2284,2379,2276,2165,2288,2186,2248,2352,2907,3476,3240,2354,2344,2541,2575,2594,2554,2663,2631,2394,2467,2349,2477,2628,3262,3917,3751,3497,3152,3175,2977,3198,3486,3747,3668,3119,2950,3191,3330,3591,3818,4572,4398,4024,3884,3936,3878,3910,4086,4338,4264,3929,3866,3846,3958,4208,4525,4892,4677,4124,4054,4163,4200,4263,4406,4490,4377,4205,4132,3972,4095,4341,4789,4809,4573,3731,3786,4050,4154,4211,4386,4423,4132,4071,4007,3621,3814,4069,4665,4226,3916,3628,3186,3760,3850,3856,4022,4114,3790,3447,3419,3281,3225,3389,4086,3938,3677,3248,3088,3338,3454,3479,3596,3694,3365,3226,3046,3024,2992,3216,3797,3810,3471,3070,3040,3146,3041,3268,3327,3384,3283,2954,2886,2916,2969,3148,3656,4150,3925,2991,2743,2778,2665,2922,3066,2960,2877,2579,2705,2837,2843,2958,3929,4643,4419,3218,2954,2884,2826,2993,3060,2946,2816,2332,2633,2804,3043,3284,4423,4758,4531,3365,3034,3074,2976,3072,3136,3208,3076,2824,2788,2873,3062,3418,4536,4526,4298,3182,3148,3134,3006,3129,3218,3555,3399,2829,2763,3010,2981,3293,4305,4128,3872,3332,3465,3264,3207,3400,3378,3737,3576,2869,2814,3154,2988,3218,3970,4538,4254,3652,3753,3457,3477,3650,3545,3912,3798,3383,3324,3441,3180,3839,4393,4559,4273,3662,3810,3568,3364,3572,3668,3894,3832,3501,3511,3488,3176,3884,4422,4208,3948,3414,3603,3408,2978,3156,3425,3570,3489,3266,3356,3269,3005,3517,4068,3603,3423,3084,3136,2909,2696,2762,2964,3035,3004,2853,2827,2815,2732,2952,3446,3374,3125,2943,2792,2575,2528,2628,2652,2764,2718,2559,2552,2487,2532,2753,3183,3154,2903,2753,2593,2322,2381,2390,2405,2745,2714,2326,2447,2316,2311,2422,2973,3110,2864,2390,2448,2362,2241,2365,2591,2738,2609,2369,2406,2297,2371,2583,2907,3311,3122,2667,2448,2350,2332,2520,2848,3039,2889,2538,2554,2501,2640,2667,3129,3526,3377,3168,2765,2680,2806,2630,2926,3039,2880,2647,2376,2600,2876,3188,3436,3697,3613,3440,2978,2975,3066,2896,2944,3217,3165,2974,2925,3033,3267,3501,3652,3767,3606,3327,2627,3041,2886,2635,3076,3408,3361,3112,2993,2977,3308,3591,3746,3668,3314,3040,2966,3067,2763,2911,2901,3350,3309,3063,2797,2728,3202,3517,3652,3426,2954,2923,2783,2723,2682,2801,2888,3124,3066,2828,2556,2782,3045,3304,3359,3018,2747,2631,2468,2378,2407,2585,2670,2775,2639,2528,2315,2478,2736,2991,3028,2820,2567,2518,2353,2259,2325,2503,2472,2556,2527,2460,2283,2243,2407,2503,2585,2793,2512,2312,2346,2368,2386,2391,2331,2426,2452,2421,2404,2201,2239,2368,2708,2857,2716,2318,2384,2361,2360,2419,2447,2507,2438,2359,2454,2301,2302,2257,2690,2881,2747,2476,2374,2436,2322,2458,2613,2567,2521,2405,2275,2348,2440,2432,2607,2903,2797,2560,2465,2474,2396,2307,2756,2748,2599,2321,2324,2241,2399,2522,2687,3076,2993,2771,2557,2671,2622,2500,2650,2773,2635,2437,2275,2362,2500,2809,3033,3189,3055,2839,2725,2853,2808,2489,2899,3066,2772,2330,2330,2346,2463,2944,3174,3105,2703,2481,2652,2714,2690,2430,2887,3029,2743,2312,2396,2475,2484,2796,3049,2986,2753,2805,2677,2555,2439,2253,2786,2925,2771,2582,2522,2478,2520,2642,2656,2867,2776,2876,2663,2600,2440,2325,2757,3022,2987,2824,2715,2507,2502,2727,2761,2993,2902,2694,2535,2504,2292,2330,2488,2841,2833,2726,2626,2467,2316,2494,2734,3112,2893,2373,2324,2320,2316,2321,2542,2670,2590,2213,2296,2197,2215,2257,2861,2966,2777,2362,2271,2228,2318,2147,2436,2500,2351,2375,2370,2256,2123,2137,2691,3020,2793,2297,2214,2291,2358,2397,2362,2400,2451,2456,2346,2235,2265,2310,2787,3838,3622,2566,2269,2341,2392,2244,2246,2354,2393,2251,2308,2360,2300,2519,3615,4388,4166,3080,2574,2524,2344,2436,2715,2698,2471,2100,2389,2476,2680,3012,4160,4487,4267,3185,2642,2702,2345,2642,2818,2768,2617,2418,2386,2518,2784,3099,4260,4221,4002,2910,2474,2556,2419,2599,2672,2708,2419,2448,2292,2323,2525,2808,3991,3677,3450,2442,2375,2377,2319,2285,2572,2542,2392,2276,2190,2335,2310,2498,3446,3275,3056,2328,2205,2282,2304,2406,2471,2603,2519,2287,2177,2336,2407,2351,3035,2647,2512,2421,2297,2296,2251,2328,2332,2598,2479,2303,2299,2257,2418,2239,2513,2568,2463,2432,2396,2384,2325,2166,2307,2494,2344,2202,2262,2293,2365,2397,2437,2810,2616,2338,2443,2371,2421,2416,2432,2597,2482,2335,2372,2361,2307,2307,2595,2879,2642,2577,2533,2586,2675,2661,2627,2947,2826,2672,2528,2378,2264,2486,2726,3201,2944,2613,2452,2571,2709,2650,2657,2991,2846,2782,2560,2289,2351,2459,2999,3387,3157,2466,2393,2463,2621,2395,2748,2864,2558,2616,2344,2234,2343,2499,3173,4535,4312,3121,2963,2576,2354,2640,3157,3259,2940,2615,2594,2656,2807,3188,4315,4906,4684,3475,3344,2670,2806,2894,3548,3668,3401,2972,2959,2996,3170,3546,4684,4894,4673,3440,3358,2656,2789,2937,3604,3756,3531,2954,3037,2999,3163,3523,4674,4534,4310,3039,3061,2512,2477,2788,3379,3535,3313,2753,2805,2653,2890,3156,4308,3873,3655,2627,2627,2356,2304,2523,3097,3255,3061,2525,2323,2427,2563,2734,3645,3619,3388,2277,2429,2291,2400,2243,2744,2879,2700,2515,2435,2548,2509,2528,3394,3313,3076,2282,2368,2388,2510,2376,2423,2573,2449,2436,2517,2460,2423,2460,3091,3323,3087,2252,2364,2360,2440,2402,2419,2382,2357,2384,2410,2344,2209,2341,3119,3327,3076,2358,2413,2319,2389,2304,2378,2466,2349,2310,2237,2241,2219,2309,3118,3366,3174,2559,2373,2338,2409,2345,2401,2378,2323,2261,2309,2216,2329,2289,3143,3137,2914,2348,2288,2296,2345,2393,2754,2934,2723,2439,2455,2481,2418,2481,3003,3866,3649,3029,2840,2547,2488,2552,3121,3397,3235,2645,2865,2692,2578,3045,3699,3996,3778,3197,3003,2842,2782,2768,3203,3480,3324,2955,3126,2730,2523,3200,3823,3690,3476,2943,2787,2733,2701,2778,2957,3235,3069,2899,3023,2648,2454,3015,3515,3085,2789,2570,2549,2355,2308,2397,2596,2782,2671,2577,2622,2559,2557,2807,2891,3343,3111,2611,2528,2315,2274,2339,2623,2643,2512,2445,2463,2346,2485,2681,3112,3366,3163,2471,2277,2278,2090,2273,2402,2396,2410,2271,2342,2258,2365,2397,3100,3597,3361,2381,2293,2059,2381,2321,2358,2587,2596,2377,2402,2285,2389,2531,3392,3900,3680,2613,2379,2220,2284,2243,2539,2678,2528,2427,2454,2403,2407,2689,3683,3844,3630,2626,2371,2364,2418,2114,2657,2726,2292,2293,2511,2378,2359,2586,3621,3458,3252,2293,2464,2411,2375,2288,2460,2542,2487,2356,2507,2257,2371,2347,3224,3120,2857,2451,2315,2295,2376,2204,2644,2815,2683,2425,2255,2323,2498,2664,2853,3339,3041,2552,2334,2422,2428,2315,2770,2927,2898,2678,2549,2312,2695,2965,3275,3266,2933,2442,2441,2564,2421,2422,2508,2763,2813,2675,2629,2266,2667,2938,3204,3219,3057,2377,2371,2498,2395,2243,2447,2466,2425,2386,2365,2327,2377,2607,2877,3321,3145,2522,2439,2402,2244,2341,2520,2457,2389,2381,2338,2487,2356,2479,3075,3589,3352,2436,2267,2272,2199,2356,2572,2653,2512,2286,2327,2460,2475,2492,3373,3624,3418,2365,2123,2158,2210,2420,2553,2644,2473,2165,2330,2375,2489,2414,3377,3337,3137,2507,2359,2246,2314,2338,2566,2642,2491,2355,2362,2342,2307,2307,3114,3096,2881,2345,2413,2362,2279,2355,2734,2824,2549,2434,2285,2132,2329,2176,2884,2932,2666,2220,2297,2244,2281,2354,2637,2713,2429,2398,2285,2285,2363,2344,2607,2773,2611,2211,2299,2314,2334,2389,2449,2514,2456,2303,2308,2247,2061,2469,2643,2736,2536,2320,2278,2410,2356,2374,2377,2464,2367,2249,2286,2268,2344,2532,2684,2872,2773,2377,2177,2206,2363,2415,2467,2620,2492,2370,2277,2244,2427,2577,2698,3251,3058,2281,2337,2481,2525,2542,2862,3020,2757,2357,2310,2106,2252,2402,3009,3278,3073,2528,2417,2499,2482,2360,2812,2979,2686,2362,2340,2350,2189,2415,3055,2986,2837,2444,2463,2405,2348,2373,2526,2703,2588,2443,2407,2402,2293,2084,2744,3091,2858,2391,2448,2390,2303,2268,2448,2593,2478,2234,2352,2412,2357,2303,2891,3375,3149,2210,2315,2333,2304,2229,2446,2575,2402,2294,2178,2392,2408,2347,3149,3313,3100,2382,2381,2215,2218,2150,2322,2249,2416,2395,2315,2354,2417,2340,3079,2774,2630,2443,2452,2363,2218,2295,2332,2437,2321,2339,2291,2253,2271,2310,2517,2890,2668,2351,2397,2387,2279,2270,2412,2375,2317,2294,2290,2208,2338,2215,2669,3048,2869,2416,2322,2393,2332,2399,2246,2313,2364,2380,2299,2170,2342,2278,2822,3813,3595,2607,2214,2369,2336,2375,2566,2670,2430,2293,2223,2033,2421,2346,3589,4253,4033,2951,2307,2553,2289,2591,2725,2739,2617,2446,2245,2476,2609,2788,4027,4320,4096,2958,2574,2534,2359,2624,2878,2998,2842,2684,2315,2599,2719,2845,4091,4060,3839,2649,2413,2416,2352,2518,2937,2978,2817,2603,2390,2381,2500,2699,3835,3495,3255,2363,2335,2286,2308,2424,2576,2543,2376,2353,2372,2308,2276,2381,3269,3586,3387,2591,2382,2379,2280,2337,2349,2436,2374,2245,2402,2215,2288,2420,3373,3899,3675,2710,2406,2312,2272,2304,2563,2701,2604,2363,2522,2354,2466,2610,3678,3949,3723,2548,2476,2262,2356,2463,2551,2572,2529,2298,2531,2434,2444,2605,3728,3726,3501,2390,2444,2232,2426,2407,2354,2437,2202,2216,2396,2426,2362,2441,3500,3279,3073,2308,2216,2222,2418,2302,2322,2404,2328,2204,2156,2288,2216,2427,3037,3446,3219,2333,2359,2289,2302,2324,2359,2574,2505,2288,2272,2301,2307,2476,3220,3462,3244,2483,2220,2094,2192,2316,2705,2968,2884,2544,2577,2277,2287,2548,3227,3389,3199,2700,2536,2293,2320,2509,2799,2996,2867,2633,2706,2448,2442,2728,3280,3212,2988,2562,2512,2248,2402,2490,2660,2856,2716,2485,2557,2314,2308,2644,3064,2889,2714,2404,2303,2307,2392,2343,2363,2437,2328,2077,2090,2054,2168,2312,2625,2719,2474,2267,2165,2282,2381,2351,2241,2201,2248,1986,2066,2051,2124,2053,2509,2648,2351,2134,2171,2237,2254,2296,2262,2227,2253,1978,2001,2009,2098,2253,2529,2862,2576,2003,2265,2192,2100,2106,2204,2215,2208,2100,2144,1991,2177,2304,2741,2747,2550,2154,2131,2004,2019,2182,2146,2142,2240,2165,2105,1982,2106,2184,2611,2739,2446,2152,2100,1897,1952,2043,2075,1980,2064,2155,2070,2028,2074,2038,2541,3047,2819,2087,2010,2093,2011,1955,1971,2079,2143,2070,2050,2144,2064,2044,2819,2985,2764,1919,1987,2003,1946,1979,2072,2140,2082,2030,2074,2017,1859,2056,2764,2670,2400,1943,2112,2050,1953,1866,2046,2089,2022,1947,1950,1941,2102,2146,2528
,,,,,,,,,,,,,,,,,,,,,,,,,,,,,,,,,,,,,,,,,,,,,,,,,,,,,,,,,,,,,,,,,,,,,,,,,,,,,,,,,,,,,,,,,,,,,,,,,,,,,,,,,,,,,,,,,,,,,,,,,,,,,,,,,,,,,,,,,,,,,,,,,,,,,,,,,,,,,,,,,,,,,,,,,,,,,,,,,,,,,,,,,,,,,,,,,,,,,,,,,,,,,,,,,,,,,,,,,,,,,,,,,,,,,,,,,,,,,,,,,,,,,,,,,,,,,,,,,,,,,,,,,,,,,,,,,,,,,,,,,,,,,,,,,,,,,,,,,,,,,,,,,,,,,,,,,,,,,,,,,,,,,,,,,,,,,,,,,,,,,,,,,,,,,,,,,,,,,,,,,,,,,,,,,,,,,,,,,,,,,,,,,,,,,,,,,,,,,,,,,,,,,,,,,,,,,,,,,,,,,,,,,,,,,,,,,,,,,,,,,,,,,,,,,,,,,,,,,,,,,,,,,,,,,,,,,,,,,,,,,,,,,,,,,,,,,,,,,,,,,,,,,,,,,,,,,,,,,,,,,,,,,,,,,,,,,,,,,,,,,,,,,,,,,,,,,,,,,,,,,,,,,,,,,,,,,,,,,,,,,,,,,,,,,,,,,,,,,,,,,,,,,,,,,,,,,,,,,,,,,,,,,,,,,,,,,,,,,,,,,,,,,,,,,,,,,,,,,,,,,,,,,,,,,,,,,,,,,,,,,,,,,,,,,,,,,,,,,,,,,,,,,,,,,,,,,,,,,,,,,,,,,,,,,,,,,,,,,,,,,,,,,,,,,,,,,,,,,,,,,,,,,,,,,,,,,,,,,,,,,,,,,,,,,,,,,,,,,,,,,,,,,,,,,,,,,,,,,,,,,,,,,,,,,,,,,,,,,,,,,,,,,,,,,,,,,,,,,,,,,,,,,,,,,,,,,,,,,,,,,,,,,,,,,,,,,,,,,,,,,,,,,,,,,,,,,,,,,,,,,,,,,,,,,,,,,,,,,,,,,,,,,,,,,,,,,,,,,,,,,,,,,,,,,,,,,,,,,,,,,,,,,,,,,,,,,,,,,,,,,,,,,,,,,,,,,,,,,,,,,,,,,,,,,,,,,,,,,,,,,,,,,,,,,,,,,,,,,,,,,,,,,,,,,,,,,,,,,,,,,,,,,,,,,,,,,,,,,,,,,,,,,,,,,,,,,,,,,,,,,,,,,,,,,,,,,,,,,,,,,,,,,,,,,,,,,,,,,,,,,,,,,,,,,,,,,,,,,,,,,,,,,,,,,,,,,,,,,,,,,,,,,,,,,,,,,,,,,,,,,,,,,,,,,,,,,,,,,,,,,,,,,,,,,,,,,,,,,,,,,,,,,,,,,,,,,,,,,,,,,,,,,,,,,,,,,,,,,,,,,,,,,,,,,,,,,,,,,,,,,,,,,,,,,,,,,,,,,,,,,,,,,,,,,,,,,,,,,,,,,,,,,,,,,,,,,,,,,,,,,,,,,,,,,,,,,,,,,,,,,,,,,,,,,,,,,,,,,,,,,,,,,,,,,,,,,,,,,,,,,,,,,,,,,,,,,,,,,,,,,,,,,,,,,,,,,,,,,,,,,,,,,,,,,,,,,,,,,,,,,,,,,,,,,,,,,,,,,,,,,,,,,,,,,,,,,,,,,,,,,,,,,,,,,,,,,,,,,,,,,,,,,,,,,,,,,,,,,,,,,,,,,,,,,,,,,,,,,,,,,,,,,,,,,,,,,,,,,,,,,,,,,,,,,,,,,,,,,,,,,,,,,,,,,,,,,,,,,,,,,,,,,,,,,,,,,,,,,,,,,,,,,,,,,,,,,,,,,,,,,,,,,,,,,,,,,,,,,,,,,,,,,,,,,,,,,,,,,,,,,,,,,,,,,,,,,,,,,,,,,,,,,,,,,,,,,,,,,,,,,,,,,,,,,,,,,,,,,,,,,,,,,,,,,,,,,,,,,,,,,,,,,,,,,,,,,,,,,,,,,,,,,,,,,,,,,,,,,,,,,,,,,,,,,,,,,,,,,,,,,,,,,,,,,,,,,,,,,,,,,,,,,,,,,,,,,,,,,,,,,,,,,,,,,,,,,,,,,,,,,,,,,,,,,,,,,,,,,,,,,,,,,,,,,,,,,,,,,,,,,,,,,,,,,,,,,,,,,,,,,,,,,,,,,,,,,,,,,,,,,,,,,,,,,,,,,,,,,,,,,,,,,,,
,,,,,,,,,,,,,,,,,,,,,,,,,,,,,,,,,,,,,,,,,,,,,,,,,,,,,,,,,,,,,,,,,,,,,,,,,,,,,,,,,,,,,,,,,,,,,,,,,,,,,,,,,,,,,,,,,,,,,,,,,,,,,,,,,,,,,,,,,,,,,,,,,,,,,,,,,,,,,,,,,,,,,,,,,,,,,,,,,,,,,,,,,,,,,,,,,,,,,,,,,,,,,,,,,,,,,,,,,,,,,,,,,,,,,,,,,,,,,,,,,,,,,,,,,,,,,,,,,,,,,,,,,,,,,,,,,,,,,,,,,,,,,,,,,,,,,,,,,,,,,,,,,,,,,,,,,,,,,,,,,,,,,,,,,,,,,,,,,,,,,,,,,,,,,,,,,,,,,,,,,,,,,,,,,,,,,,,,,,,,,,,,,,,,,,,,,,,,,,,,,,,,,,,,,,,,,,,,,,,,,,,,,,,,,,,,,,,,,,,,,,,,,,,,,,,,,,,,,,,,,,,,,,,,,,,,,,,,,,,,,,,,,,,,,,,,,,,,,,,,,,,,,,,,,,,,,,,,,,,,,,,,,,,,,,,,,,,,,,,,,,,,,,,,,,,,,,,,,,,,,,,,,,,,,,,,,,,,,,,,,,,,,,,,,,,,,,,,,,,,,,,,,,,,,,,,,,,,,,,,,,,,,,,,,,,,,,,,,,,,,,,,,,,,,,,,,,,,,,,,,,,,,,,,,,,,,,,,,,,,,,,,,,,,,,,,,,,,,,,,,,,,,,,,,,,,,,,,,,,,,,,,,,,,,,,,,,,,,,,,,,,,,,,,,,,,,,,,,,,,,,,,,,,,,,,,,,,,,,,,,,,,,,,,,,,,,,,,,,,,,,,,,,,,,,,,,,,,,,,,,,,,,,,,,,,,,,,,,,,,,,,,,,,,,,,,,,,,,,,,,,,,,,,,,,,,,,,,,,,,,,,,,,,,,,,,,,,,,,,,,,,,,,,,,,,,,,,,,,,,,,,,,,,,,,,,,,,,,,,,,,,,,,,,,,,,,,,,,,,,,,,,,,,,,,,,,,,,,,,,,,,,,,,,,,,,,,,,,,,,,,,,,,,,,,,,,,,,,,,,,,,,,,,,,,,,,,,,,,,,,,,,,,,,,,,,,,,,,,,,,,,,,,,,,,,,,,,,,,,,,,,,,,,,,,,,,,,,,,,,,,,,,,,,,,,,,,,,,,,,,,,,,,,,,,,,,,,,,,,,,,,,,,,,,,,,,,,,,,,,,,,,,,,,,,,,,,,,,,,,,,,,,,,,,,,,,,,,,,,,,,,,,,,,,,,,,,,,,,,,,,,,,,,,,,,,,,,,,,,,,,,,,,,,,,,,,,,,,,,,,,,,,,,,,,,,,,,,,,,,,,,,,,,,,,,,,,,,,,,,,,,,,,,,,,,,,,,,,,,,,,,,,,,,,,,,,,,,,,,,,,,,,,,,,,,,,,,,,,,,,,,,,,,,,,,,,,,,,,,,,,,,,,,,,,,,,,,,,,,,,,,,,,,,,,,,,,,,,,,,,,,,,,,,,,,,,,,,,,,,,,,,,,,,,,,,,,,,,,,,,,,,,,,,,,,,,,,,,,,,,,,,,,,,,,,,,,,,,,,,,,,,,,,,,,,,,,,,,,,,,,,,,,,,,,,,,,,,,,,,,,,,,,,,,,,,,,,,,,,,,,,,,,,,,,,,,,,,,,,,,,,,,,,,,,,,,,,,,,,,,,,,,,,,,,,,,,,,,,,,,,,,,,,,,,,,,,,,,,,,,,,,,,,,,,,,,,,,,,,,,,,,,,,,,,,,,,,,,,,,,,,,,,,,,,,,,,,,,,,,,,,,,,,,,,,,,,,,,,,,,,,,,,,,,,,,,,,,,,,,,,,,,,,,,,,,,,,,,,,,,,,,,,,,,,,,,,,,,,,,,,,,,,,,,,,,,,,,,,,,,,,,,,,,,,,,,,,,,,,,,,,,,,,,,,,,,,,,,,,,,,,,,,,,,,,,,,,,,,,,,,,,,,,,,,,,,,,,,,,,,,,,,,,,,,,,,,,,,,,,,,,,,,,,,,,,,,,,,,,,,,,,,,,,,,,,,,,,,,,,,,,,,,,,,,,,,,,,,,,,,,,,,,,,,,,,,,,,,,,,,,,,,,,,,,,,,,,,,,,,,,,,,,,,,,,,,,,,,,,,,,,,,,,,,,,,,,,,,,,,,,,,,,,
,,,,,,,,,,,,,,,,,,,,,,,,,,,,,,,,,,,,,,,,,,,,,,,,,,,,,,,,,,,,,,,,,,,,,,,,,,,,,,,,,,,,,,,,,,,,,,,,,,,,,,,,,,,,,,,,,,,,,,,,,,,,,,,,,,,,,,,,,,,,,,,,,,,,,,,,,,,,,,,,,,,,,,,,,,,,,,,,,,,,,,,,,,,,,,,,,,,,,,,,,,,,,,,,,,,,,,,,,,,,,,,,,,,,,,,,,,,,,,,,,,,,,,,,,,,,,,,,,,,,,,,,,,,,,,,,,,,,,,,,,,,,,,,,,,,,,,,,,,,,,,,,,,,,,,,,,,,,,,,,,,,,,,,,,,,,,,,,,,,,,,,,,,,,,,,,,,,,,,,,,,,,,,,,,,,,,,,,,,,,,,,,,,,,,,,,,,,,,,,,,,,,,,,,,,,,,,,,,,,,,,,,,,,,,,,,,,,,,,,,,,,,,,,,,,,,,,,,,,,,,,,,,,,,,,,,,,,,,,,,,,,,,,,,,,,,,,,,,,,,,,,,,,,,,,,,,,,,,,,,,,,,,,,,,,,,,,,,,,,,,,,,,,,,,,,,,,,,,,,,,,,,,,,,,,,,,,,,,,,,,,,,,,,,,,,,,,,,,,,,,,,,,,,,,,,,,,,,,,,,,,,,,,,,,,,,,,,,,,,,,,,,,,,,,,,,,,,,,,,,,,,,,,,,,,,,,,,,,,,,,,,,,,,,,,,,,,,,,,,,,,,,,,,,,,,,,,,,,,,,,,,,,,,,,,,,,,,,,,,,,,,,,,,,,,,,,,,,,,,,,,,,,,,,,,,,,,,,,,,,,,,,,,,,,,,,,,,,,,,,,,,,,,,,,,,,,,,,,,,,,,,,,,,,,,,,,,,,,,,,,,,,,,,,,,,,,,,,,,,,,,,,,,,,,,,,,,,,,,,,,,,,,,,,,,,,,,,,,,,,,,,,,,,,,,,,,,,,,,,,,,,,,,,,,,,,,,,,,,,,,,,,,,,,,,,,,,,,,,,,,,,,,,,,,,,,,,,,,,,,,,,,,,,,,,,,,,,,,,,,,,,,,,,,,,,,,,,,,,,,,,,,,,,,,,,,,,,,,,,,,,,,,,,,,,,,,,,,,,,,,,,,,,,,,,,,,,,,,,,,,,,,,,,,,,,,,,,,,,,,,,,,,,,,,,,,,,,,,,,,,,,,,,,,,,,,,,,,,,,,,,,,,,,,,,,,,,,,,,,,,,,,,,,,,,,,,,,,,,,,,,,,,,,,,,,,,,,,,,,,,,,,,,,,,,,,,,,,,,,,,,,,,,,,,,,,,,,,,,,,,,,,,,,,,,,,,,,,,,,,,,,,,,,,,,,,,,,,,,,,,,,,,,,,,,,,,,,,,,,,,,,,,,,,,,,,,,,,,,,,,,,,,,,,,,,,,,,,,,,,,,,,,,,,,,,,,,,,,,,,,,,,,,,,,,,,,,,,,,,,,,,,,,,,,,,,,,,,,,,,,,,,,,,,,,,,,,,,,,,,,,,,,,,,,,,,,,,,,,,,,,,,,,,,,,,,,,,,,,,,,,,,,,,,,,,,,,,,,,,,,,,,,,,,,,,,,,,,,,,,,,,,,,,,,,,,,,,,,,,,,,,,,,,,,,,,,,,,,,,,,,,,,,,,,,,,,,,,,,,,,,,,,,,,,,,,,,,,,,,,,,,,,,,,,,,,,,,,,,,,,,,,,,,,,,,,,,,,,,,,,,,,,,,,,,,,,,,,,,,,,,,,,,,,,,,,,,,,,,,,,,,,,,,,,,,,,,,,,,,,,,,,,,,,,,,,,,,,,,,,,,,,,,,,,,,,,,,,,,,,,,,,,,,,,,,,,,,,,,,,,,,,,,,,,,,,,,,,,,,,,,,,,,,,,,,,,,,,,,,,,,,,,,,,,,,,,,,,,,,,,,,,,,,,,,,,,,,,,,,,,,,,,,,,,,,,,,,,,,,,,,,,,,,,,,,,,,,,,,,,,,,,,,,,,,,,,,,,,,,,,,,,,,,,,,,,,,,,,,,,,,,,,,,,,,,,,,,,,,,,,,,,,,,,,,,,,,,,,,,,,,,,,,,,,,,,,,,,,,,,,,,,,,,,,,,,,,,,,,,,,,,,,,,,,,,,,,,,,,,,,,,,,,,,,,,,,,,,,,,,,,,,,,,,,,,,,,,,,,,,,,,,,,,
,,,,,,,,,,,,,,,,,,,,,,,,,,,,,,,,,,,,,,,,,,,,,,,,,,,,,,,,,,,,,,,,,,,,,,,,,,,,,,,,,,,,,,,,,,,,,,,,,,,,,,,,,,,,,,,,,,,,,,,,,,,,,,,,,,,,,,,,,,,,,,,,,,,,,,,,,,,,,,,,,,,,,,,,,,,,,,,,,,,,,,,,,,,,,,,,,,,,,,,,,,,,,,,,,,,,,,,,,,,,,,,,,,,,,,,,,,,,,,,,,,,,,,,,,,,,,,,,,,,,,,,,,,,,,,,,,,,,,,,,,,,,,,,,,,,,,,,,,,,,,,,,,,,,,,,,,,,,,,,,,,,,,,,,,,,,,,,,,,,,,,,,,,,,,,,,,,,,,,,,,,,,,,,,,,,,,,,,,,,,,,,,,,,,,,,,,,,,,,,,,,,,,,,,,,,,,,,,,,,,,,,,,,,,,,,,,,,,,,,,,,,,,,,,,,,,,,,,,,,,,,,,,,,,,,,,,,,,,,,,,,,,,,,,,,,,,,,,,,,,,,,,,,,,,,,,,,,,,,,,,,,,,,,,,,,,,,,,,,,,,,,,,,,,,,,,,,,,,,,,,,,,,,,,,,,,,,,,,,,,,,,,,,,,,,,,,,,,,,,,,,,,,,,,,,,,,,,,,,,,,,,,,,,,,,,,,,,,,,,,,,,,,,,,,,,,,,,,,,,,,,,,,,,,,,,,,,,,,,,,,,,,,,,,,,,,,,,,,,,,,,,,,,,,,,,,,,,,,,,,,,,,,,,,,,,,,,,,,,,,,,,,,,,,,,,,,,,,,,,,,,,,,,,,,,,,,,,,,,,,,,,,,,,,,,,,,,,,,,,,,,,,,,,,,,,,,,,,,,,,,,,,,,,,,,,,,,,,,,,,,,,,,,,,,,,,,,,,,,,,,,,,,,,,,,,,,,,,,,,,,,,,,,,,,,,,,,,,,,,,,,,,,,,,,,,,,,,,,,,,,,,,,,,,,,,,,,,,,,,,,,,,,,,,,,,,,,,,,,,,,,,,,,,,,,,,,,,,,,,,,,,,,,,,,,,,,,,,,,,,,,,,,,,,,,,,,,,,,,,,,,,,,,,,,,,,,,,,,,,,,,,,,,,,,,,,,,,,,,,,,,,,,,,,,,,,,,,,,,,,,,,,,,,,,,,,,,,,,,,,,,,,,,,,,,,,,,,,,,,,,,,,,,,,,,,,,,,,,,,,,,,,,,,,,,,,,,,,,,,,,,,,,,,,,,,,,,,,,,,,,,,,,,,,,,,,,,,,,,,,,,,,,,,,,,,,,,,,,,,,,,,,,,,,,,,,,,,,,,,,,,,,,,,,,,,,,,,,,,,,,,,,,,,,,,,,,,,,,,,,,,,,,,,,,,,,,,,,,,,,,,,,,,,,,,,,,,,,,,,,,,,,,,,,,,,,,,,,,,,,,,,,,,,,,,,,,,,,,,,,,,,,,,,,,,,,,,,,,,,,,,,,,,,,,,,,,,,,,,,,,,,,,,,,,,,,,,,,,,,,,,,,,,,,,,,,,,,,,,,,,,,,,,,,,,,,,,,,,,,,,,,,,,,,,,,,,,,,,,,,,,,,,,,,,,,,,,,,,,,,,,,,,,,,,,,,,,,,,,,,,,,,,,,,,,,,,,,,,,,,,,,,,,,,,,,,,,,,,,,,,,,,,,,,,,,,,,,,,,,,,,,,,,,,,,,,,,,,,,,,,,,,,,,,,,,,,,,,,,,,,,,,,,,,,,,,,,,,,,,,,,,,,,,,,,,,,,,,,,,,,,,,,,,,,,,,,,,,,,,,,,,,,,,,,,,,,,,,,,,,,,,,,,,,,,,,,,,,,,,,,,,,,,,,,,,,,,,,,,,,,,,,,,,,,,,,,,,,,,,,,,,,,,,,,,,,,,,,,,,,,,,,,,,,,,,,,,,,,,,,,,,,,,,,,,,,,,,,,,,,,,,,,,,,,,,,,,,,,,,,,,,,,,,,,,,,,,,,,,,,,,,,,,,,,,,,,,,,,,,,,,,,,,,,,,,,,,,,,,,,,,,,,,,,,,,,,,,,,,,,,,,,,,,,,,,,,,,,,,,,,,,,,,,,,,,,,,,,,,,,,,,,,,,,,,,,,,,,,,,,,,,,,,,,,,,,,,,,,,,,,,,,,,,,,,,,,,,,,,,,,,,,,,,,,,,,,,,,,,,,,,,,,,,
,,,,,,,,,,,,,,,,,,,,,,,,,,,,,,,,,,,,,,,,,,,,,,,,,,,,,,,,,,,,,,,,,,,,,,,,,,,,,,,,,,,,,,,,,,,,,,,,,,,,,,,,,,,,,,,,,,,,,,,,,,,,,,,,,,,,,,,,,,,,,,,,,,,,,,,,,,,,,,,,,,,,,,,,,,,,,,,,,,,,,,,,,,,,,,,,,,,,,,,,,,,,,,,,,,,,,,,,,,,,,,,,,,,,,,,,,,,,,,,,,,,,,,,,,,,,,,,,,,,,,,,,,,,,,,,,,,,,,,,,,,,,,,,,,,,,,,,,,,,,,,,,,,,,,,,,,,,,,,,,,,,,,,,,,,,,,,,,,,,,,,,,,,,,,,,,,,,,,,,,,,,,,,,,,,,,,,,,,,,,,,,,,,,,,,,,,,,,,,,,,,,,,,,,,,,,,,,,,,,,,,,,,,,,,,,,,,,,,,,,,,,,,,,,,,,,,,,,,,,,,,,,,,,,,,,,,,,,,,,,,,,,,,,,,,,,,,,,,,,,,,,,,,,,,,,,,,,,,,,,,,,,,,,,,,,,,,,,,,,,,,,,,,,,,,,,,,,,,,,,,,,,,,,,,,,,,,,,,,,,,,,,,,,,,,,,,,,,,,,,,,,,,,,,,,,,,,,,,,,,,,,,,,,,,,,,,,,,,,,,,,,,,,,,,,,,,,,,,,,,,,,,,,,,,,,,,,,,,,,,,,,,,,,,,,,,,,,,,,,,,,,,,,,,,,,,,,,,,,,,,,,,,,,,,,,,,,,,,,,,,,,,,,,,,,,,,,,,,,,,,,,,,,,,,,,,,,,,,,,,,,,,,,,,,,,,,,,,,,,,,,,,,,,,,,,,,,,,,,,,,,,,,,,,,,,,,,,,,,,,,,,,,,,,,,,,,,,,,,,,,,,,,,,,,,,,,,,,,,,,,,,,,,,,,,,,,,,,,,,,,,,,,,,,,,,,,,,,,,,,,,,,,,,,,,,,,,,,,,,,,,,,,,,,,,,,,,,,,,,,,,,,,,,,,,,,,,,,,,,,,,,,,,,,,,,,,,,,,,,,,,,,,,,,,,,,,,,,,,,,,,,,,,,,,,,,,,,,,,,,,,,,,,,,,,,,,,,,,,,,,,,,,,,,,,,,,,,,,,,,,,,,,,,,,,,,,,,,,,,,,,,,,,,,,,,,,,,,,,,,,,,,,,,,,,,,,,,,,,,,,,,,,,,,,,,,,,,,,,,,,,,,,,,,,,,,,,,,,,,,,,,,,,,,,,,,,,,,,,,,,,,,,,,,,,,,,,,,,,,,,,,,,,,,,,,,,,,,,,,,,,,,,,,,,,,,,,,,,,,,,,,,,,,,,,,,,,,,,,,,,,,,,,,,,,,,,,,,,,,,,,,,,,,,,,,,,,,,,,,,,,,,,,,,,,,,,,,,,,,,,,,,,,,,,,,,,,,,,,,,,,,,,,,,,,,,,,,,,,,,,,,,,,,,,,,,,,,,,,,,,,,,,,,,,,,,,,,,,,,,,,,,,,,,,,,,,,,,,,,,,,,,,,,,,,,,,,,,,,,,,,,,,,,,,,,,,,,,,,,,,,,,,,,,,,,,,,,,,,,,,,,,,,,,,,,,,,,,,,,,,,,,,,,,,,,,,,,,,,,,,,,,,,,,,,,,,,,,,,,,,,,,,,,,,,,,,,,,,,,,,,,,,,,,,,,,,,,,,,,,,,,,,,,,,,,,,,,,,,,,,,,,,,,,,,,,,,,,,,,,,,,,,,,,,,,,,,,,,,,,,,,,,,,,,,,,,,,,,,,,,,,,,,,,,,,,,,,,,,,,,,,,,,,,,,,,,,,,,,,,,,,,,,,,,,,,,,,,,,,,,,,,,,,,,,,,,,,,,,,,,,,,,,,,,,,,,,,,,,,,,,,,,,,,,,,,,,,,,,,,,,,,,,,,,,,,,,,,,,,,,,,,,,,,,,,,,,,,,,,,,,,,,,,,,,,,,,,,,,,,,,,,,,,,,,,,,,,,,,,,,,,,,,,,,,,,,,,,,,,,,,,,,,,,,,,,,,,,,,,,,,,,,,,,,,,,,,,,,,,,,,,,,,,,,,,,,,,,,,,,,,,,,,,,,,,,,,,,,,,,,,,,,,,,,,,,,,,,,,,,,,,,,,,,,,,,,,,,,,,,,,,,,,,,,,,,,,,,,,,,,,,,,,,
3529,3317,2473,2232,2393,2291,2290,2302,2267,2302,2290,2291,2393,2232,2473,3317,3726,3500,2464,2296,2376,2349,2265,2360,2230,2296,2263,2316,2148,2337,2521,3503,4072,3853,2763,2354,2322,2393,2197,2147,2254,2341,2213,2253,2312,2285,2713,3849,4205,3983,2862,2426,2427,2179,2296,2176,2218,2197,2167,2335,2331,2298,2870,3982,4012,3790,2669,2295,2453,2399,2348,2236,2204,2253,2180,2260,2282,2360,2697,3793,3718,3492,2400,2199,2360,2356,2241,2254,2330,2072,2242,2239,2317,2323,2362,3492,3335,3105,2287,2255,2272,2303,2216,2368,2415,2265,2195,2102,2172,2179,2170,3120,3075,2861,2303,2256,2281,2251,2137,2204,2381,2398,2138,2243,2362,2207,2195,2839,3170,2944,2279,2340,2311,2206,2222,2105,2408,2330,2271,2361,2353,2230,2334,2905,3475,3260,2403,2457,2270,2379,2285,2614,2868,2791,2477,2364,2369,2365,2422,3234,3898,3671,3324,3117,2939,2965,3405,2694,3762,3712,3213,3133,2972,3140,3111,3637,4520,4253,3920,3870,3711,3340,3909,3892,4351,4315,4016,3899,3620,3342,3910,4348,4861,4569,4154,4210,4152,3941,3966,4239,4411,4413,4291,4160,3908,3829,4283,4701,4793,4501,4127,4188,4173,4088,3947,4212,4007,4151,4218,4050,3771,3958,4309,4655,4242,3992,3878,3864,3894,3899,3705,3924,3801,3803,3823,3593,3492,3702,4040,4219,4019,3772,3431,3444,3489,3536,3315,3685,3724,3392,3268,3291,3116,3364,3658,3857,3874,3649,2985,3068,3041,3015,3208,3496,3592,3386,2923,2728,2748,3106,3323,3708,4141,3917,2849,2431,2748,2810,2828,3126,3268,3122,2816,2683,2578,2883,3064,3916,4641,4416,3152,2994,2617,2713,2875,2884,3078,2964,2718,2561,2743,2808,3295,4417,4754,4529,3273,3141,2813,2795,2947,3062,2939,2974,2764,2688,2797,2962,3401,4529,4516,4295,3133,2997,2748,2726,2897,3072,3306,3306,2768,2867,2624,2879,3166,4286,4027,3789,3294,2756,3159,3111,3321,3024,3435,3406,3117,3325,3522,3425,3236,3780,4426,4228,3839,3360,3407,3387,3572,3320,3488,3629,3341,3683,3979,3903,3685,4098,4433,4249,3856,3355,3414,3405,3538,3248,3810,3780,3463,3694,4025,3974,3856,4079,4042,3831,3489,2970,3110,3163,3272,3256,3653,3551,3181,3355,3722,3716,3643,3679,3466,3227,2748,2663,2722,2804,2944,2967,3253,3075,2831,2879,3096,3160,3189,3308,3398,3190,2598,2647,2535,2450,2612,2885,3060,2792,2467,2527,2737,2792,2828,3181,3153,2891,2510,2491,2394,2570,2470,2488,2646,2605,2508,2566,2428,2301,2524,2975,3110,2918,2489,2430,2393,2529,2463,2597,2606,2562,2491,2442,2418,2423,2411,2918,3253,3054,2640,2636,2575,2489,2477,2659,2748,2650,2575,2547,2559,2520,2798,2991,3438,3415,3160,2892,2430,2557,2490,2678,2866,2800,2682,2549,2526,2731,3150,3027,3717,3661,3464,3211,2609,2575,2684,2745,3092,3070,2665,2595,2671,2790,3341,3429,3889,3723,3404,3183,2407,2435,2831,2798,3270,3249,2716,2706,3012,2970,3077,3638,3814,3669,3043,2625,2892,2808,2835,2882,3303,3192,2850,2773,3142,3196,3138,3501,3452,3345,2867,2742,2880,2684,2735,2902,3154,2953,2650,2554,2983,3070,3052,3156,3048,2886,2657,2614,2585,2437,2416,2700,2781,2641,2193,2355,2566,2714,2701,2757,2780,2587,2481,2478,2366,2282,2240,2556,2689,2545,2467,2556,2514,2546,2490,2689,2749,2640,2428,2482,2354,2287,2229,2500,2531,2355,2425,2440,2462,2451,2344,2580,2772,2602,2478,2462,2404,2280,2301,2489,2602,2489,2330,2341,2422,2378,2296,2620,2924,2734,2462,2372,2294,2364,2376,2581,2632,2509,2332,2490,2502,2349,2457,2731,2825,2836,2689,2514,2378,2495,2630,2765,2823,2576,2480,2517,2427,2396,2339,2634,3045,3029,2876,2714,2272,2416,2619,2678,2829,2634,2431,2479,2389,2432,2536,2520,3177,3170,2889,2699,2200,2333,2419,2755,2884,2706,2221,2387,2475,2532,2594,2717,3044,3064,2737,2254,2313,2413,2454,2721,2852,2697,2278,2479,2533,2583,2592,2682,2852,2921,2716,2515,2517,2403,2516,2503,2743,2644,2428,2479,2508,2375,2628,2751,3021,3065,2751,2554,2580,2514,2534,2526,3012,2975,2564,2623,2567,2398,2641,2878,2934,2897,2659,2478,2416,2351,2526,2560,2995,2946,2533,2318,2531,2433,2610,2834,2855,2573,2312,2236,2266,2176,2185,2396,2673,2563,2386,2286,2466,2370,2440,2734,2944,2780,2436,2264,2234,2248,2224,2429,2539,2249,2105,2176,2318,2326,2227,2732,3087,2915,2403,2348,2319,2321,2325,2374,2520,2179,2131,2356,2270,2329,2173,2826,3825,3603,2563,2428,2341,2292,2210,2470,2498,2306,2157,2298,2341,2351,2418,3606,4386,4160,3017,2657,2283,2456,2439,2616,2668,2440,2102,2272,2448,2668,3052,4163,4488,4261,3137,2715,2409,2486,2540,2711,2845,2629,2043,2372,2553,2751,3160,4264,4221,3996,2853,2466,2214,2405,2467,2483,2704,2571,2256,2087,2483,2508,2908,4000,3681,3454,2431,2354,2354,2403,2293,2330,2478,2437,2369,2285,2458,2332,2528,3460,3280,3048,2355,2402,2292,2397,2389,2367,2459,2493,2307,2325,2464,2397,2273,3076,2848,2715,2305,2423,2389,2230,2233,2396,2610,2575,2386,2185,2419,2353,2251,2605,2684,2523,2150,2415,2398,2275,2336,2395,2542,2484,2361,2361,2260,2260,2171,2443,2711,2487,2291,2345,2380,2473,2559,2256,2483,2463,2463,2304,2401,2218,2337,2596,2767,2495,2598,2280,2343,2638,2729,2811,2960,2774,2555,2363,2408,2374,2382,2616,3100,2749,2650,2463,2435,2635,2611,2983,3121,2822,2521,2378,2384,2403,2354,2946,3338,3173,2578,2391,2292,2551,2552,2835,3007,2739,2314,2389,2409,2249,2389,3032,4533,4313,3224,2747,2606,2484,2356,3116,3223,2865,2492,2613,2571,2783,3204,4310,4906,4685,3569,3148,2956,2763,2941,3484,3567,3203,2812,2658,2982,3189,3562,4685,4895,4674,3545,3156,2957,2756,2944,3487,3558,3309,2971,2691,2964,3208,3517,4674,4529,4304,3162,2841,2664,2651,2589,3149,3293,3158,2808,2547,2639,2878,3059,4304,3885,3669,2594,2494,2432,2665,2335,2562,2857,2788,2548,2520,2491,2561,2685,3660,3624,3403,2535,2339,2405,2559,2300,2603,2761,2611,2463,2665,2586,2324,2491,3389,3290,3064,2365,2330,2319,2460,2439,2520,2664,2473,2323,2576,2454,2278,2249,3069,3324,3097,2514,2398,2366,2338,2347,2458,2375,2221,2286,2388,2411,2390,2192,3110,3323,3106,2424,2383,2309,2335,2329,2485,2464,2237,2352,2350,2239,2430,2301,3097,3337,3132,2421,2351,2292,2235,2323,2383,2436,2168,2157,2317,2307,2457,2507,3119,3083,2898,2436,2328,2208,2294,2529,2331,2659,2825,2512,2503,2692,2476,2469,2765,3792,3598,2840,2503,2403,2507,2874,2780,3253,3286,2942,3097,3255,3067,2934,3516,3916,3716,2993,2673,2680,2652,2968,2996,3443,3283,2973,3253,3411,3236,3049,3657,3597,3388,2799,2685,2698,2665,2754,2889,3306,3177,2573,3034,3229,3069,2836,3376,3266,3026,2518,2423,2453,2524,2372,2324,2773,2701,2457,2573,2650,2488,2795,3175,3387,3163,2608,2615,2512,2414,2344,2523,2725,2723,2449,2500,2487,2750,2904,3227,3416,3200,2505,2538,2402,2446,2430,2365,2633,2565,2262,2354,2271,2606,2745,3222,3594,3385,2524,2356,2284,2365,2413,2447,2517,2348,2217,2198,2226,2394,2529,3371,3898,3683,2642,2301,2213,2362,2413,2608,2815,2548,2359,2252,2228,2214,2637,3671,3836,3616,2556,2362,2128,2365,2458,2689,2864,2591,2369,2198,2186,2331,2609,3611,3445,3206,2507,2471,2391,2391,2477,2504,2650,2625,2575,2494,2368,2247,2248,3240,3241,3040,2647,2572,2397,2346,2443,2559,2593,2491,2548,2594,2405,2635,2708,3054,3376,3186,2629,2463,2448,2366,2461,2787,2769,2644,2269,2447,2853,2991,2954,3132,3174,3008,2462,2390,2385,2391,2496,2695,2915,2825,2515,2302,2869,2959,2915,2899,3290,3047,2414,2403,2404,2085,2296,2485,2769,2676,2447,2259,2556,2541,2572,3131,3331,3065,2540,2315,2356,2255,2257,2479,2613,2443,2377,2368,2286,2363,2406,3126,3587,3346,2535,2452,2373,2257,2275,2491,2543,2515,2433,2438,2376,2324,2449,3370,3644,3418,2376,2421,2275,2187,2251,2394,2566,2497,2298,2400,2380,2232,2534,3421,3304,3073,2374,2383,2355,2422,2417,2310,2548,2455,2378,2375,2383,2160,2306,3072,3002,2740,2419,2354,2279,2476,2569,2398,2533,2561,2435,2412,2298,2213,2311,2771,2790,2610,2400,2305,2205,2382,2451,2338,2655,2637,2433,2450,2228,2232,2355,2533,2611,2414,2321,2296,2309,2295,2406,2186,2472,2488,2323,2358,2329,2370,2394,2382,2741,2540,2398,2398,2213,2262,2295,2211,2431,2241,2229,2302,2347,2462,2309,2468,2832,2663,2370,2286,2270,2346,2246,2263,2451,2261,2404,2388,2350,2249,2310,2642,3258,3036,2283,2242,2374,2502,2441,2591,2745,2537,2343,2334,2241,2253,2324,3036,3290,3061,2250,2239,2311,2505,2491,2532,2606,2496,2444,2421,2382,2352,2276,3060,3036,2826,2287,2085,2310,2363,2288,1947,2459,2608,2502,2452,2400,2395,2290,2841,3102,2904,2328,2223,2228,2335,2266,2259,2538,2583,2513,2411,2459,2393,2357,2846,3375,3156,2410,2399,2238,2296,2311,2297,2539,2527,2490,2406,2381,2335,2363,3139,3312,3094,2176,2252,2291,2410,2384,2307,2541,2477,2483,2420,2306,2340,2300,3085,2685,2544,2267,2208,2309,2418,2345,2309,2339,2461,2548,2391,2218,2320,2340,2410,2959,2749,2280,2250,2286,2315,2310,2358,2279,2333,2437,2289,2172,2364,2364,2772,3021,2796,2244,2243,2192,2065,2313,2382,2298,2205,2308,2247,2217,2189,2254,2803,3815,3595,2508,2275,2293,2261,2380,2628,2685,2533,2272,2363,2372,2321,2487,3591,4254,4032,2954,2401,2388,2299,2507,2817,3029,2886,2372,2232,2430,2585,2732,4025,4320,4098,3004,2434,2521,2416,2433,2891,3161,3002,2393,2267,2395,2628,2878,4092,4062,3849,2806,2312,2440,2449,2336,2974,3138,2893,2366,2282,2321,2410,2701,3837,3518,3309,2417,2271,2249,2423,2406,2494,2749,2386,2427,2421,2478,2394,2297,3280,3574,3393,2482,2420,2236,2297,2394,2435,2607,2521,2399,2282,2430,2462,2442,3367,3909,3669,2348,2460,2268,2286,2337,2520,2674,2593,2322,2303,2444,2459,2711,3701,3951,3719,2349,2322,2244,2287,2201,2383,2498,2395,2353,2253,2459,2572,2660,3737,3714,3485,2407,2231,2199,2351,2203,2177,2232,2352,2329,2342,2312,2446,2394,3490,3251,3034,2251,2267,2312,2318,2295,2289,2332,2322,2405,2326,2273,2180,2365,3019,3445,3213,2377,2275,2247,2273,2170,2180,2450,2484,2376,2316,2301,2194,2320,3214,3462,3231,2420,2222,2293,2269,2355,2287,2857,2851,2562,2506,2625,2352,2554,3244,3436,3213,2405,2362,2455,2128,2429,2444,2939,2914,2619,2484,2776,2508,2660,3213,3183,2939,2406,2468,2424,2220,2428,2194,2694,2695,2413,2462,2606,2389,2587,2934,2879,2663,2188,2177,2155,2258,2280,2278,2306,2228,2229,2328,2255,2173,2326,2722,2732,2502,2077,2105,2117,2077,2229,2304,2181,2145,2189,2111,2249,2180,2150,2531,2607,2366,2069,2027,1988,2007,2276,2263,2227,2161,2226,2238,2255,2207,2175,2519,2818,2604,2220,2139,2050,2087,2259,2247,2339,2364,2286,2210,2202,2116,2215,2626,2691,2501,2058,2159,2129,2092,2125,2072,2302,2321,2182,2113,2148,2153,2176,2513,2827,2416,2143,2091,1914,1947,2024,2106,2140,2119,2071,2009,2022,1975,2023,2659,3060,2842,2068,1885,1941,1977,2132,2055,2141,2058,2076,1830,1955,1970,2073,2818,2970,2748,1967,1887,1912,1838,1960,2025,2116,2030,2002,1941,1973,2075,1976,2742,2646,2430,1991,1980,2030,2019,2032,2135,2240,2171,2048,1813,2074,2058,2129,2452
,,,,,,,,,,,,,,,,,,,,,,,,,,,,,,,,,,,,,,,,,,,,,,,,,,,,,,,,,,,,,,,,,,,,,,,,,,,,,,,,,,,,,,,,,,,,,,,,,,,,,,,,,,,,,,,,,,,,,,,,,,,,,,,,,,,,,,,,,,,,,,,,,,,,,,,,,,,,,,,,,,,,,,,,,,,,,,,,,,,,,,,,,,,,,,,,,,,,,,,,,,,,,,,,,,,,,,,,,,,,,,,,,,,,,,,,,,,,,,,,,,,,,,,,,,,,,,,,,,,,,,,,,,,,,,,,,,,,,,,,,,,,,,,,,,,,,,,,,,,,,,,,,,,,,,,,,,,,,,,,,,,,,,,,,,,,,,,,,,,,,,,,,,,,,,,,,,,,,,,,,,,,,,,,,,,,,,,,,,,,,,,,,,,,,,,,,,,,,,,,,,,,,,,,,,,,,,,,,,,,,,,,,,,,,,,,,,,,,,,,,,,,,,,,,,,,,,,,,,,,,,,,,,,,,,,,,,,,,,,,,,,,,,,,,,,,,,,,,,,,,,,,,,,,,,,,,,,,,,,,,,,,,,,,,,,,,,,,,,,,,,,,,,,,,,,,,,,,,,,,,,,,,,,,,,,,,,,,,,,,,,,,,,,,,,,,,,,,,,,,,,,,,,,,,,,,,,,,,,,,,,,,,,,,,,,,,,,,,,,,,,,,,,,,,,,,,,,,,,,,,,,,,,,,,,,,,,,,,,,,,,,,,,,,,,,,,,,,,,,,,,,,,,,,,,,,,,,,,,,,,,,,,,,,,,,,,,,,,,,,,,,,,,,,,,,,,,,,,,,,,,,,,,,,,,,,,,,,,,,,,,,,,,,,,,,,,,,,,,,,,,,,,,,,,,,,,,,,,,,,,,,,,,,,,,,,,,,,,,,,,,,,,,,,,,,,,,,,,,,,,,,,,,,,,,,,,,,,,,,,,,,,,,,,,,,,,,,,,,,,,,,,,,,,,,,,,,,,,,,,,,,,,,,,,,,,,,,,,,,,,,,,,,,,,,,,,,,,,,,,,,,,,,,,,,,,,,,,,,,,,,,,,,,,,,,,,,,,,,,,,,,,,,,,,,,,,,,,,,,,,,,,,,,,,,,,,,,,,,,,,,,,,,,,,,,,,,,,,,,,,,,,,,,,,,,,,,,,,,,,,,,,,,,,,,,,,,,,,,,,,,,,,,,,,,,,,,,,,,,,,,,,,,,,,,,,,,,,,,,,,,,,,,,,,,,,,,,,,,,,,,,,,,,,,,,,,,,,,,,,,,,,,,,,,,,,,,,,,,,,,,,,,,,,,,,,,,,,,,,,,,,,,,,,,,,,,,,,,,,,,,,,,,,,,,,,,,,,,,,,,,,,,,,,,,,,,,,,,,,,,,,,,,,,,,,,,,,,,,,,,,,,,,,,,,,,,,,,,,,,,,,,,,,,,,,,,,,,,,,,,,,,,,,,,,,,,,,,,,,,,,,,,,,,,,,,,,,,,,,,,,,,,,,,,,,,,,,,,,,,,,,,,,,,,,,,,,,,,,,,,,,,,,,,,,,,,,,,,,,,,,,,,,,,,,,,,,,,,,,,,,,,,,,,,,,,,,,,,,,,,,,,,,,,,,,,,,,,,,,,,,,,,,,,,,,,,,,,,,,,,,,,,,,,,,,,,,,,,,,,,,,,,,,,,,,,,,,,,,,,,,,,,,,,,,,,,,,,,,,,,,,,,,,,,,,,,,,,,,,,,,,,,,,,,,,,,,,,,,,,,,,,,,,,,,,,,,,,,,,,,,,,,,,,,,,,,,,,,,,,,,,,,,,,,,,,,,,,,,,,,,,,,,,,,,,,,,,,,,,,,,,,,,,,,,,,,,,,,,,,,,,,,,,,,,,,,,,,,,,,,,,,,,,,,,,,,,,,,,,,,,,,,,,,,,,,,,,,,,,,,,,,,,,,,,,,,,,,,,,,,,,,,,,,,,,,,,,,,,,,,,,,,,,,,,,,,,,,,,,,,,,,,,,,,,,,,,,,,,,,,,,,,,,,,,,,,,,,,,,,,,,,,,,,,,,,,,,,,,,,,,,,,,,,,,,,,,,,,,,,,,,,,,,,,,,,,,,,,,,,,,,,,,,,,,,,,,,,,,,,,,,,,,,,,,,,,,,,,,,,,,,,,,,,,,,,,,,,,,,,,,,,,,,,,,,,,,,,,,,,,,,,,,,,,,,,,,,,,,,,,,,,,,,
,,,,,,,,,,,,,,,,,,,,,,,,,,,,,,,,,,,,,,,,,,,,,,,,,,,,,,,,,,,,,,,,,,,,,,,,,,,,,,,,,,,,,,,,,,,,,,,,,,,,,,,,,,,,,,,,,,,,,,,,,,,,,,,,,,,,,,,,,,,,,,,,,,,,,,,,,,,,,,,,,,,,,,,,,,,,,,,,,,,,,,,,,,,,,,,,,,,,,,,,,,,,,,,,,,,,,,,,,,,,,,,,,,,,,,,,,,,,,,,,,,,,,,,,,,,,,,,,,,,,,,,,,,,,,,,,,,,,,,,,,,,,,,,,,,,,,,,,,,,,,,,,,,,,,,,,,,,,,,,,,,,,,,,,,,,,,,,,,,,,,,,,,,,,,,,,,,,,,,,,,,,,,,,,,,,,,,,,,,,,,,,,,,,,,,,,,,,,,,,,,,,,,,,,,,,,,,,,,,,,,,,,,,,,,,,,,,,,,,,,,,,,,,,,,,,,,,,,,,,,,,,,,,,,,,,,,,,,,,,,,,,,,,,,,,,,,,,,,,,,,,,,,,,,,,,,,,,,,,,,,,,,,,,,,,,,,,,,,,,,,,,,,,,,,,,,,,,,,,,,,,,,,,,,,,,,,,,,,,,,,,,,,,,,,,,,,,,,,,,,,,,,,,,,,,,,,,,,,,,,,,,,,,,,,,,,,,,,,,,,,,,,,,,,,,,,,,,,,,,,,,,,,,,,,,,,,,,,,,,,,,,,,,,,,,,,,,,,,,,,,,,,,,,,,,,,,,,,,,,,,,,,,,,,,,,,,,,,,,,,,,,,,,,,,,,,,,,,,,,,,,,,,,,,,,,,,,,,,,,,,,,,,,,,,,,,,,,,,,,,,,,,,,,,,,,,,,,,,,,,,,,,,,,,,,,,,,,,,,,,,,,,,,,,,,,,,,,,,,,,,,,,,,,,,,,,,,,,,,,,,,,,,,,,,,,,,,,,,,,,,,,,,,,,,,,,,,,,,,,,,,,,,,,,,,,,,,,,,,,,,,,,,,,,,,,,,,,,,,,,,,,,,,,,,,,,,,,,,,,,,,,,,,,,,,,,,,,,,,,,,,,,,,,,,,,,,,,,,,,,,,,,,,,,,,,,,,,,,,,,,,,,,,,,,,,,,,,,,,,,,,,,,,,,,,,,,,,,,,,,,,,,,,,,,,,,,,,,,,,,,,,,,,,,,,,,,,,,,,,,,,,,,,,,,,,,,,,,,,,,,,,,,,,,,,,,,,,,,,,,,,,,,,,,,,,,,,,,,,,,,,,,,,,,,,,,,,,,,,,,,,,,,,,,,,,,,,,,,,,,,,,,,,,,,,,,,,,,,,,,,,,,,,,,,,,,,,,,,,,,,,,,,,,,,,,,,,,,,,,,,,,,,,,,,,,,,,,,,,,,,,,,,,,,,,,,,,,,,,,,,,,,,,,,,,,,,,,,,,,,,,,,,,,,,,,,,,,,,,,,,,,,,,,,,,,,,,,,,,,,,,,,,,,,,,,,,,,,,,,,,,,,,,,,,,,,,,,,,,,,,,,,,,,,,,,,,,,,,,,,,,,,,,,,,,,,,,,,,,,,,,,,,,,,,,,,,,,,,,,,,,,,,,,,,,,,,,,,,,,,,,,,,,,,,,,,,,,,,,,,,,,,,,,,,,,,,,,,,,,,,,,,,,,,,,,,,,,,,,,,,,,,,,,,,,,,,,,,,,,,,,,,,,,,,,,,,,,,,,,,,,,,,,,,,,,,,,,,,,,,,,,,,,,,,,,,,,,,,,,,,,,,,,,,,,,,,,,,,,,,,,,,,,,,,,,,,,,,,,,,,,,,,,,,,,,,,,,,,,,,,,,,,,,,,,,,,,,,,,,,,,,,,,,,,,,,,,,,,,,,,,,,,,,,,,,,,,,,,,,,,,,,,,,,,,,,,,,,,,,,,,,,,,,,,,,,,,,,,,,,,,,,,,,,,,,,,,,,,,,,,,,,,,,,,,,,,,,,,,,,,,,,,,,,,,,,,,,,,,,,,,,,,,,,,,,,,,,,,,,,,,,,,,,,,,,,,,,,,,,,,,,,,,,,,,,,,,,,,,,,,,,,,,,,,,,,,,,,,,,,,,,,,,,,,,,,,,,,,,,,,,,,,,,,,,,,,,,,,,,,,,,,,,,,,,,,,,,,,,,,,,,,,,,,,,,,,,,,,,,,,,,,,,,,,,,,,,,,,,,,,,,,,,,
,,,,,,,,,,,,,,,,,,,,,,,,,,,,,,,,,,,,,,,,,,,,,,,,,,,,,,,,,,,,,,,,,,,,,,,,,,,,,,,,,,,,,,,,,,,,,,,,,,,,,,,,,,,,,,,,,,,,,,,,,,,,,,,,,,,,,,,,,,,,,,,,,,,,,,,,,,,,,,,,,,,,,,,,,,,,,,,,,,,,,,,,,,,,,,,,,,,,,,,,,,,,,,,,,,,,,,,,,,,,,,,,,,,,,,,,,,,,,,,,,,,,,,,,,,,,,,,,,,,,,,,,,,,,,,,,,,,,,,,,,,,,,,,,,,,,,,,,,,,,,,,,,,,,,,,,,,,,,,,,,,,,,,,,,,,,,,,,,,,,,,,,,,,,,,,,,,,,,,,,,,,,,,,,,,,,,,,,,,,,,,,,,,,,,,,,,,,,,,,,,,,,,,,,,,,,,,,,,,,,,,,,,,,,,,,,,,,,,,,,,,,,,,,,,,,,,,,,,,,,,,,,,,,,,,,,,,,,,,,,,,,,,,,,,,,,,,,,,,,,,,,,,,,,,,,,,,,,,,,,,,,,,,,,,,,,,,,,,,,,,,,,,,,,,,,,,,,,,,,,,,,,,,,,,,,,,,,,,,,,,,,,,,,,,,,,,,,,,,,,,,,,,,,,,,,,,,,,,,,,,,,,,,,,,,,,,,,,,,,,,,,,,,,,,,,,,,,,,,,,,,,,,,,,,,,,,,,,,,,,,,,,,,,,,,,,,,,,,,,,,,,,,,,,,,,,,,,,,,,,,,,,,,,,,,,,,,,,,,,,,,,,,,,,,,,,,,,,,,,,,,,,,,,,,,,,,,,,,,,,,,,,,,,,,,,,,,,,,,,,,,,,,,,,,,,,,,,,,,,,,,,,,,,,,,,,,,,,,,,,,,,,,,,,,,,,,,,,,,,,,,,,,,,,,,,,,,,,,,,,,,,,,,,,,,,,,,,,,,,,,,,,,,,,,,,,,,,,,,,,,,,,,,,,,,,,,,,,,,,,,,,,,,,,,,,,,,,,,,,,,,,,,,,,,,,,,,,,,,,,,,,,,,,,,,,,,,,,,,,,,,,,,,,,,,,,,,,,,,,,,,,,,,,,,,,,,,,,,,,,,,,,,,,,,,,,,,,,,,,,,,,,,,,,,,,,,,,,,,,,,,,,,,,,,,,,,,,,,,,,,,,,,,,,,,,,,,,,,,,,,,,,,,,,,,,,,,,,,,,,,,,,,,,,,,,,,,,,,,,,,,,,,,,,,,,,,,,,,,,,,,,,,,,,,,,,,,,,,,,,,,,,,,,,,,,,,,,,,,,,,,,,,,,,,,,,,,,,,,,,,,,,,,,,,,,,,,,,,,,,,,,,,,,,,,,,,,,,,,,,,,,,,,,,,,,,,,,,,,,,,,,,,,,,,,,,,,,,,,,,,,,,,,,,,,,,,,,,,,,,,,,,,,,,,,,,,,,,,,,,,,,,,,,,,,,,,,,,,,,,,,,,,,,,,,,,,,,,,,,,,,,,,,,,,,,,,,,,,,,,,,,,,,,,,,,,,,,,,,,,,,,,,,,,,,,,,,,,,,,,,,,,,,,,,,,,,,,,,,,,,,,,,,,,,,,,,,,,,,,,,,,,,,,,,,,,,,,,,,,,,,,,,,,,,,,,,,,,,,,,,,,,,,,,,,,,,,,,,,,,,,,,,,,,,,,,,,,,,,,,,,,,,,,,,,,,,,,,,,,,,,,,,,,,,,,,,,,,,,,,,,,,,,,,,,,,,,,,,,,,,,,,,,,,,,,,,,,,,,,,,,,,,,,,,,,,,,,,,,,,,,,,,,,,,,,,,,,,,,,,,,,,,,,,,,,,,,,,,,,,,,,,,,,,,,,,,,,,,,,,,,,,,,,,,,,,,,,,,,,,,,,,,,,,,,,,,,,,,,,,,,,,,,,,,,,,,,,,,,,,,,,,,,,,,,,,,,,,,,,,,,,,,,,,,,,,,,,,,,,,,,,,,,,,,,,,,,,,,,,,,,,,,,,,,,,,,,,,,,,,,,,,,,,,,,,,,,,,,,,,,,,,,,,,,,,,,,,,,,,,,,,,,,,,,,,,,,,,,,,,,,,,,,,,,,,,,,,,,,,,,,,,,,,,,,,,,,,,,,,,,,,,,,,,,,,,,,,,,,,,,,,,,,,,,,,,,,,,,,,,,,,,,,,,,,,,,,,,,,,,,,,,,,,
,,,,,,,,,,,,,,,,,,,,,,,,,,,,,,,,,,,,,,,,,,,,,,,,,,,,,,,,,,,,,,,,,,,,,,,,,,,,,,,,,,,,,,,,,,,,,,,,,,,,,,,,,,,,,,,,,,,,,,,,,,,,,,,,,,,,,,,,,,,,,,,,,,,,,,,,,,,,,,,,,,,,,,,,,,,,,,,,,,,,,,,,,,,,,,,,,,,,,,,,,,,,,,,,,,,,,,,,,,,,,,,,,,,,,,,,,,,,,,,,,,,,,,,,,,,,,,,,,,,,,,,,,,,,,,,,,,,,,,,,,,,,,,,,,,,,,,,,,,,,,,,,,,,,,,,,,,,,,,,,,,,,,,,,,,,,,,,,,,,,,,,,,,,,,,,,,,,,,,,,,,,,,,,,,,,,,,,,,,,,,,,,,,,,,,,,,,,,,,,,,,,,,,,,,,,,,,,,,,,,,,,,,,,,,,,,,,,,,,,,,,,,,,,,,,,,,,,,,,,,,,,,,,,,,,,,,,,,,,,,,,,,,,,,,,,,,,,,,,,,,,,,,,,,,,,,,,,,,,,,,,,,,,,,,,,,,,,,,,,,,,,,,,,,,,,,,,,,,,,,,,,,,,,,,,,,,,,,,,,,,,,,,,,,,,,,,,,,,,,,,,,,,,,,,,,,,,,,,,,,,,,,,,,,,,,,,,,,,,,,,,,,,,,,,,,,,,,,,,,,,,,,,,,,,,,,,,,,,,,,,,,,,,,,,,,,,,,,,,,,,,,,,,,,,,,,,,,,,,,,,,,,,,,,,,,,,,,,,,,,,,,,,,,,,,,,,,,,,,,,,,,,,,,,,,,,,,,,,,,,,,,,,,,,,,,,,,,,,,,,,,,,,,,,,,,,,,,,,,,,,,,,,,,,,,,,,,,,,,,,,,,,,,,,,,,,,,,,,,,,,,,,,,,,,,,,,,,,,,,,,,,,,,,,,,,,,,,,,,,,,,,,,,,,,,,,,,,,,,,,,,,,,,,,,,,,,,,,,,,,,,,,,,,,,,,,,,,,,,,,,,,,,,,,,,,,,,,,,,,,,,,,,,,,,,,,,,,,,,,,,,,,,,,,,,,,,,,,,,,,,,,,,,,,,,,,,,,,,,,,,,,,,,,,,,,,,,,,,,,,,,,,,,,,,,,,,,,,,,,,,,,,,,,,,,,,,,,,,,,,,,,,,,,,,,,,,,,,,,,,,,,,,,,,,,,,,,,,,,,,,,,,,,,,,,,,,,,,,,,,,,,,,,,,,,,,,,,,,,,,,,,,,,,,,,,,,,,,,,,,,,,,,,,,,,,,,,,,,,,,,,,,,,,,,,,,,,,,,,,,,,,,,,,,,,,,,,,,,,,,,,,,,,,,,,,,,,,,,,,,,,,,,,,,,,,,,,,,,,,,,,,,,,,,,,,,,,,,,,,,,,,,,,,,,,,,,,,,,,,,,,,,,,,,,,,,,,,,,,,,,,,,,,,,,,,,,,,,,,,,,,,,,,,,,,,,,,,,,,,,,,,,,,,,,,,,,,,,,,,,,,,,,,,,,,,,,,,,,,,,,,,,,,,,,,,,,,,,,,,,,,,,,,,,,,,,,,,,,,,,,,,,,,,,,,,,,,,,,,,,,,,,,,,,,,,,,,,,,,,,,,,,,,,,,,,,,,,,,,,,,,,,,,,,,,,,,,,,,,,,,,,,,,,,,,,,,,,,,,,,,,,,,,,,,,,,,,,,,,,,,,,,,,,,,,,,,,,,,,,,,,,,,,,,,,,,,,,,,,,,,,,,,,,,,,,,,,,,,,,,,,,,,,,,,,,,,,,,,,,,,,,,,,,,,,,,,,,,,,,,,,,,,,,,,,,,,,,,,,,,,,,,,,,,,,,,,,,,,,,,,,,,,,,,,,,,,,,,,,,,,,,,,,,,,,,,,,,,,,,,,,,,,,,,,,,,,,,,,,,,,,,,,,,,,,,,,,,,,,,,,,,,,,,,,,,,,,,,,,,,,,,,,,,,,,,,,,,,,,,,,,,,,,,,,,,,,,,,,,,,,,,,,,,,,,,,,,,,,,,,,,,,,,,,,,,,,,,,,,,,,,,,,,,,,,,,,,,,,,,,,,,,,,,,,,,,,,,,,,,,,,,,,,,,,,,,,,,,,,,,,,,,,,,,,,,,,,,,,,,,,,,,,,,,,,,,,,,,,,,,,,,,,,,,,,,,,,,,,,,,,,,,,,,
,,,,,,,,,,,,,,,,,,,,,,,,,,,,,,,,,,,,,,,,,,,,,,,,,,,,,,,,,,,,,,,,,,,,,,,,,,,,,,,,,,,,,,,,,,,,,,,,,,,,,,,,,,,,,,,,,,,,,,,,,,,,,,,,,,,,,,,,,,,,,,,,,,,,,,,,,,,,,,,,,,,,,,,,,,,,,,,,,,,,,,,,,,,,,,,,,,,,,,,,,,,,,,,,,,,,,,,,,,,,,,,,,,,,,,,,,,,,,,,,,,,,,,,,,,,,,,,,,,,,,,,,,,,,,,,,,,,,,,,,,,,,,,,,,,,,,,,,,,,,,,,,,,,,,,,,,,,,,,,,,,,,,,,,,,,,,,,,,,,,,,,,,,,,,,,,,,,,,,,,,,,,,,,,,,,,,,,,,,,,,,,,,,,,,,,,,,,,,,,,,,,,,,,,,,,,,,,,,,,,,,,,,,,,,,,,,,,,,,,,,,,,,,,,,,,,,,,,,,,,,,,,,,,,,,,,,,,,,,,,,,,,,,,,,,,,,,,,,,,,,,,,,,,,,,,,,,,,,,,,,,,,,,,,,,,,,,,,,,,,,,,,,,,,,,,,,,,,,,,,,,,,,,,,,,,,,,,,,,,,,,,,,,,,,,,,,,,,,,,,,,,,,,,,,,,,,,,,,,,,,,,,,,,,,,,,,,,,,,,,,,,,,,,,,,,,,,,,,,,,,,,,,,,,,,,,,,,,,,,,,,,,,,,,,,,,,,,,,,,,,,,,,,,,,,,,,,,,,,,,,,,,,,,,,,,,,,,,,,,,,,,,,,,,,,,,,,,,,,,,,,,,,,,,,,,,,,,,,,,,,,,,,,,,,,,,,,,,,,,,,,,,,,,,,,,,,,,,,,,,,,,,,,,,,,,,,,,,,,,,,,,,,,,,,,,,,,,,,,,,,,,,,,,,,,,,,,,,,,,,,,,,,,,,,,,,,,,,,,,,,,,,,,,,,,,,,,,,,,,,,,,,,,,,,,,,,,,,,,,,,,,,,,,,,,,,,,,,,,,,,,,,,,,,,,,,,,,,,,,,,,,,,,,,,,,,,,,,,,,,,,,,,,,,,,,,,,,,,,,,,,,,,,,,,,,,,,,,,,,,,,,,,,,,,,,,,,,,,,,,,,,,,,,,,,,,,,,,,,,,,,,,,,,,,,,,,,,,,,,,,,,,,,,,,,,,,,,,,,,,,,,,,,,,,,,,,,,,,,,,,,,,,,,,,,,,,,,,,,,,,,,,,,,,,,,,,,,,,,,,,,,,,,,,,,,,,,,,,,,,,,,,,,,,,,,,,,,,,,,,,,,,,,,,,,,,,,,,,,,,,,,,,,,,,,,,,,,,,,,,,,,,,,,,,,,,,,,,,,,,,,,,,,,,,,,,,,,,,,,,,,,,,,,,,,,,,,,,,,,,,,,,,,,,,,,,,,,,,,,,,,,,,,,,,,,,,,,,,,,,,,,,,,,,,,,,,,,,,,,,,,,,,,,,,,,,,,,,,,,,,,,,,,,,,,,,,,,,,,,,,,,,,,,,,,,,,,,,,,,,,,,,,,,,,,,,,,,,,,,,,,,,,,,,,,,,,,,,,,,,,,,,,,,,,,,,,,,,,,,,,,,,,,,,,,,,,,,,,,,,,,,,,,,,,,,,,,,,,,,,,,,,,,,,,,,,,,,,,,,,,,,,,,,,,,,,,,,,,,,,,,,,,,,,,,,,,,,,,,,,,,,,,,,,,,,,,,,,,,,,,,,,,,,,,,,,,,,,,,,,,,,,,,,,,,,,,,,,,,,,,,,,,,,,,,,,,,,,,,,,,,,,,,,,,,,,,,,,,,,,,,,,,,,,,,,,,,,,,,,,,,,,,,,,,,,,,,,,,,,,,,,,,,,,,,,,,,,,,,,,,,,,,,,,,,,,,,,,,,,,,,,,,,,,,,,,,,,,,,,,,,,,,,,,,,,,,,,,,,,,,,,,,,,,,,,,,,,,,,,,,,,,,,,,,,,,,,,,,,,,,,,,,,,,,,,,,,,,,,,,,,,,,,,,,,,,,,,,,,,,,,,,,,,,,,,,,,,,,,,,,,,,,,,,,,,,,,,,,,,,,,,,,,,,,,,,,,,,,,,,,,,,,,,,,,,,,,,,,,,,,,,,,,,,,,,,,,,,,,,,,,,,,,,,,,,,,,,,,,,,,,,,,,,,,,,,,,,,,,,,,,,,,,,
3489,3279,2476,2330,2358,2379,2336,2140,1875,2140,2336,2379,2358,2330,2476,3279,3708,3473,2432,2381,2332,2254,2277,2120,2196,2292,2282,2358,2221,2420,2551,3489,4072,3851,2736,2381,2370,2293,2176,2162,2328,2398,2304,2252,2300,2389,2750,3852,4205,3983,2873,2403,2252,2272,2343,2294,2161,2348,2374,2269,2367,2521,2878,3983,4012,3792,2704,2310,2268,2228,2326,2279,2192,2255,2248,2055,2265,2430,2720,3793,3709,3481,2454,2270,2183,2138,2209,2257,2319,2225,2276,2300,2057,2197,2435,3480,3274,3122,2270,2225,2297,2149,2190,2297,2340,2465,2370,2290,2166,2082,2182,3097,3095,2865,2282,2320,2343,2246,2405,2411,2347,2218,2178,2220,2161,2030,2107,2908,3200,3002,2244,2355,2400,2323,2386,2304,2443,2365,2366,2426,2310,2196,2307,2970,3481,3269,2411,2303,2456,2325,2303,2368,2792,2823,2716,2682,2572,2226,2600,3254,3643,3535,3452,2886,3151,3012,3279,3064,3692,3792,3629,3413,3344,3080,3577,3693,4246,4182,4063,3352,3823,3617,3818,3926,4373,4427,4312,4240,4127,3744,4208,4029,4645,4529,4175,3498,3985,3781,3928,4224,4574,4570,4493,4498,4401,4057,4371,4292,4676,4534,3809,3448,3751,3679,3875,4243,4467,4375,4295,4384,4316,4023,4156,4363,4295,4171,3744,3354,3232,3564,3738,3945,4105,3968,3665,3909,3884,3718,3824,4085,3949,3869,3423,3161,3156,3305,3267,3580,3716,3579,3434,3535,3419,3408,3606,3720,3872,3638,3125,3020,2996,2963,3066,3339,3464,3440,3168,3134,2961,3064,3335,3687,4151,3932,2886,2892,2830,2804,2873,3147,3140,3017,2924,2923,2777,2721,3130,3930,4643,4420,3244,2922,2809,2507,2687,2963,2835,2926,2843,2779,2848,2873,3301,4422,4757,4530,3346,2990,3011,2589,2862,3063,3268,3084,2866,2826,2877,2883,3410,4534,4524,4298,3178,2854,2866,2970,3101,3180,3587,3486,2991,3102,3096,2983,3258,4305,4068,3889,3077,3012,3210,3196,3396,3373,3700,3579,3106,3104,2984,3293,3470,3827,4525,4377,3810,3474,3553,3414,3490,3522,3816,3733,3343,3711,3745,3680,3909,4291,4542,4408,3904,3540,3514,3370,3370,3489,3849,3764,3392,3790,3863,3804,3990,4325,4163,4043,3569,3265,3102,2873,3028,3385,3577,3337,3219,3520,3590,3552,3717,3964,3483,3321,2754,2834,2693,2672,2831,3090,3022,2835,2957,3042,2752,2914,3153,3328,3362,3166,2522,2584,2680,2604,2756,2934,2795,2864,2756,2772,2604,2769,2938,3117,3113,2848,2392,2412,2571,2484,2543,2688,2802,2783,2565,2560,2552,2512,2575,2936,3141,2898,2404,2257,2352,2284,2389,2443,2755,2811,2629,2453,2435,2435,2545,2965,3268,2934,2574,2501,2302,2290,2520,2721,3050,3049,2883,2814,2667,2512,2737,3057,3302,2908,2845,2454,2512,2525,2639,2831,3100,3082,2927,2915,2617,2463,2883,3184,3161,3107,3166,2735,2672,2511,2719,2848,3070,3112,2816,2858,2650,2494,3249,3315,3342,3203,2642,2878,2891,2588,2870,2869,3299,3304,2912,2800,2596,2929,3418,3268,3469,3488,3267,2993,2888,2666,2851,2940,3162,3173,2944,2811,2953,3133,3348,3071,3318,3381,3145,2808,2609,2586,2800,2925,2826,2814,2813,2536,2838,3007,3022,2779,3034,3018,2591,2363,2362,2500,2517,2693,2622,2728,2585,2407,2476,2568,2421,2698,2877,2751,2527,2425,2350,2254,2343,2321,2575,2734,2460,2400,2376,2431,2534,2690,2912,2721,2330,2161,2327,2289,2236,2509,2658,2587,2445,2265,2179,2256,2516,2747,2801,2516,2248,2345,2335,2330,2269,2461,2654,2529,2357,2305,2316,2169,2439,2615,2841,2579,2404,2414,2371,2347,2277,2527,2752,2631,2272,2293,2444,2247,2373,2656,2802,2664,2523,2394,2377,2282,2512,2650,2723,2647,2334,2454,2519,2409,2618,2458,2893,2847,2747,2492,2373,2288,2411,2616,2653,2644,2339,2390,2427,2418,2840,2851,3156,3062,2849,2516,2623,2354,2575,2804,2912,2866,2504,2319,2379,2351,2957,3042,3193,3133,2807,2288,2511,2335,2584,2802,2884,2868,2664,2351,2427,2564,2779,2972,3113,3104,2806,2506,2403,2301,2508,2676,2754,2684,2578,2318,2476,2354,2362,2794,3108,3092,2777,2310,2548,2614,2554,2664,2710,2559,2403,2602,2661,2446,2771,2988,3137,3094,2788,2407,2465,2595,2565,2486,2779,2705,2352,2512,2519,2364,2676,2953,3134,3005,2524,2296,2278,2477,2520,2409,2713,2573,2397,2399,2323,2374,2479,2911,3015,2804,2241,2378,2189,2473,2415,2415,2574,2446,2470,2414,2430,2445,2449,2824,2997,2730,2332,2291,2248,2411,2178,2297,2440,2405,2467,2385,2418,2225,2236,2813,3823,3600,2516,2375,2349,2318,2417,2380,2476,2380,2384,2420,2509,2337,2571,3601,4385,4161,3022,2678,2261,2325,2428,2642,2748,2338,2329,2386,2509,2598,3038,4158,4486,4264,3144,2728,2544,2289,2562,2746,2758,2428,2316,2348,2610,2692,3107,4260,4222,4001,2908,2494,2483,2438,2591,2680,2696,2363,2392,2333,2467,2524,2747,3993,3682,3464,2438,2311,2439,2428,2420,2466,2487,2369,2488,2440,2383,2333,2331,3438,3290,3087,2330,2221,2425,2403,2416,2404,2516,2428,2467,2462,2423,2314,2249,3030,2664,2563,2291,2257,2336,2353,2378,2382,2483,2468,2349,2349,2332,2090,2217,2439,2609,2596,2384,2335,1984,2250,2286,2400,2415,2277,2160,2319,2342,2328,2317,2401,2786,2518,2245,2386,2416,2380,2477,2416,2288,2314,2385,2429,2286,2316,2245,2623,2940,2789,2459,2463,2549,2786,2927,3030,2914,2548,2634,2573,2492,2404,2611,2851,3244,3084,2589,2386,2629,2795,2958,3146,3086,2654,2726,2597,2377,2492,2780,3068,3392,3126,2486,2378,2474,2555,2618,2948,2975,2746,2701,2559,2466,2464,2697,3192,4537,4316,3219,2720,2658,2457,2689,3160,3286,3026,2833,2765,2611,2847,3192,4314,4908,4687,3546,3161,2948,2734,3026,3541,3686,3463,2847,2732,2869,3150,3565,4684,4895,4674,3501,3191,2980,2602,3018,3567,3758,3576,2919,2747,2888,3113,3547,4675,4533,4309,3091,2921,2676,2413,2620,3303,3531,3386,2865,2557,2526,2757,3182,4309,3874,3663,2718,2545,2255,2337,2497,3037,3217,3048,2576,2466,2444,2431,2742,3637,3632,3411,2442,2494,2356,2286,2269,2562,2767,2601,2450,2613,2580,2284,2414,3401,3335,3132,2365,2418,2431,2406,2283,2426,2417,2437,2334,2518,2502,2320,2372,3106,3356,3151,2399,2329,2432,2395,2262,2413,2471,2422,2281,2252,2281,2230,2364,3124,3352,3134,2389,2394,2456,2320,2269,2484,2468,2336,2354,2378,2384,2369,2294,3128,3338,3123,2368,2404,2366,2311,2306,2288,2429,2484,2355,2195,2310,2289,2331,3109,3024,2872,2381,2417,2366,2305,2353,2455,2930,2900,2653,2747,2738,2574,2510,2777,3779,3564,2592,2280,2391,2395,2786,2842,3405,3418,3279,3316,3327,3028,2941,3521,3907,3673,2726,2699,2406,2262,2954,3097,3456,3497,3407,3456,3474,3211,3090,3669,3617,3319,2846,2676,2438,2386,2788,2875,3247,3266,3210,3250,3249,3019,2941,3457,3303,3176,2835,2510,2330,2382,2469,2634,2884,2773,2651,2616,2508,2466,2515,3098,3390,3207,2664,2346,2347,2458,2529,2696,2627,2645,2563,2345,2409,2405,2371,3162,3380,3148,2441,2351,2283,2333,2375,2472,2607,2428,2242,2257,2332,2296,2446,3159,3587,3365,2490,2318,2275,2236,2329,2409,2671,2570,2410,2461,2376,2430,2310,3369,3894,3669,2507,2414,2251,2183,2541,2629,2517,2453,2362,2315,2402,2416,2530,3672,3841,3621,2514,2393,2256,2231,2522,2697,2589,2363,2285,2304,2411,2465,2474,3616,3448,3249,2367,2164,2253,2261,2320,2470,2531,2569,2377,2313,2255,2234,2429,3200,3131,2963,2506,2447,2330,2270,2514,2455,2631,2566,2481,2565,2573,2486,2532,2852,3305,3028,2493,2409,2379,2348,2493,2680,2819,2781,2493,2747,2829,2735,2434,3096,3148,2993,2516,2285,2391,2506,2541,2621,2823,2767,2525,2646,2794,2712,2521,2996,3264,3002,2472,2232,2205,2358,2385,2452,2536,2381,2448,2301,2491,2330,2504,3047,3331,3110,2382,2159,2292,2114,2309,2417,2497,2305,2387,2248,2282,2399,2348,3100,3588,3378,2593,2213,2197,2273,2359,2616,2671,2393,2457,2390,2405,2455,2304,3355,3646,3420,2517,2348,2302,2215,2308,2649,2688,2437,2408,2374,2325,2294,2202,3424,3347,3126,2321,2350,2390,2293,2338,2516,2721,2640,2300,2260,2336,2372,2226,3112,3109,2944,2323,2188,2295,2226,2336,2626,2843,2647,2393,2332,2409,2381,2415,2882,2975,2796,2309,2210,2251,2221,2199,2604,2708,2503,2347,2360,2285,2346,2395,2775,2738,2504,2269,2351,2426,2365,2067,2165,2241,2299,2267,2192,2250,2373,2372,2607,2789,2495,2368,2328,2424,2441,2214,2370,2313,2192,2292,2132,2345,2354,2310,2628,2901,2736,2365,2250,2276,2135,2238,2432,2535,2194,2337,2377,2386,2315,2321,2739,3174,2980,2505,2449,2452,2522,2531,2804,2921,2564,2412,2369,2431,2349,2417,2980,3222,3023,2539,2436,2449,2574,2637,2805,2898,2553,2379,2285,2390,2346,2355,2993,2920,2725,2295,2296,2356,2483,2509,2531,2697,2572,2502,2442,2320,2355,2234,2718,3084,2825,2222,2396,2355,2488,2398,2454,2653,2647,2567,2469,2421,2441,2316,2901,3371,3127,2137,2216,2208,2276,2180,2242,2522,2493,2399,2352,2341,2365,2288,3153,3303,3078,2242,2088,2201,2299,2296,2371,2507,2424,2223,2224,2211,2262,2242,3075,2725,2576,2246,2253,2230,2268,2303,2462,2512,2406,2249,2263,2390,2238,2307,2619,2819,2651,2320,2329,2364,2359,2258,2323,2189,2263,2309,2367,2435,2363,2387,2566,3032,2775,2404,2386,2256,2357,2355,2275,2291,2260,2329,2434,2360,2392,2260,2810,3812,3592,2579,2443,2182,2330,2330,2518,2585,2349,2375,2306,2298,2219,2222,3585,4254,4028,2889,2474,2435,2421,2463,2735,2775,2624,2309,2206,2448,2628,2754,4028,4321,4094,2946,2605,2473,2478,2537,2925,2989,2721,2528,2378,2509,2703,2828,4094,4065,3842,2749,2435,2375,2405,2450,2963,2981,2655,2534,2316,2471,2518,2600,3839,3507,3291,2482,2197,2376,2432,2180,2534,2532,2395,2362,2379,2389,2368,2313,3257,3615,3386,2383,2323,2394,2261,2343,2369,2423,2433,2433,2326,2315,2265,2460,3410,3895,3678,2603,2330,2331,2404,2308,2427,2694,2570,2502,2463,2428,2316,2586,3663,3948,3726,2582,2378,2285,2457,2378,2348,2588,2401,2539,2565,2520,2365,2584,3724,3720,3490,2319,2295,2216,2217,2384,2451,2437,2423,2449,2504,2497,2269,2479,3503,3259,3013,2384,2289,2336,2416,2357,2431,2455,2470,2297,2449,2408,2189,2371,3050,3462,3248,2399,2361,2323,2449,2393,2310,2659,2599,2354,2468,2503,2440,2375,3225,3476,3249,2505,2339,2317,2420,2369,2626,2972,2992,2794,2787,2779,2732,2513,3247,3394,3189,2697,2468,2394,2463,2298,2735,3046,3046,2920,2928,2921,2741,2765,3154,3105,2838,2503,2328,2172,2383,2192,2526,2841,2778,2753,2744,2714,2497,2650,2972,2931,2710,2216,2248,2213,2228,2032,2109,2360,2382,2333,2147,2130,2298,2336,2708,2694,2409,2226,2155,2204,2157,2213,2231,2288,2188,2101,2069,2134,2239,2096,2539,2511,2480,2188,2147,2041,2213,2283,2172,2288,2177,2306,2272,2170,2052,2110,2263,2777,2558,2232,2161,2056,2105,2095,2192,2400,2374,2299,2361,2229,1918,2067,2370,2672,2520,1983,2013,1898,2180,2249,2084,2249,2194,2203,2213,2131,1966,2173,2364,2776,2549,1979,2032,2066,2124,2000,2062,2073,2129,2124,2131,2080,1997,1949,2581,3056,2827,2017,1960,1947,1991,2033,2047,2180,2029,1988,1992,1911,1895,2070,2842,2982,2750,2060,2090,2036,1988,2056,1979,2162,2135,2085,1976,1927,1929,1967,2764,2683,2435,2006,2019,2112,2083,1978,2082,2154,2200,2132,2008,1963,2002,2078,2496
,,,,,,,,,,,,,,,,,,,,,,,,,,,,,,,,,,,,,,,,,,,,,,,,,,,,,,,,,,,,,,,,,,,,,,,,,,,,,,,,,,,,,,,,,,,,,,,,,,,,,,,,,,,,,,,,,,,,,,,,,,,,,,,,,,,,,,,,,,,,,,,,,,,,,,,,,,,,,,,,,,,,,,,,,,,,,,,,,,,,,,,,,,,,,,,,,,,,,,,,,,,,,,,,,,,,,,,,,,,,,,,,,,,,,,,,,,,,,,,,,,,,,,,,,,,,,,,,,,,,,,,,,,,,,,,,,,,,,,,,,,,,,,,,,,,,,,,,,,,,,,,,,,,,,,,,,,,,,,,,,,,,,,,,,,,,,,,,,,,,,,,,,,,,,,,,,,,,,,,,,,,,,,,,,,,,,,,,,,,,,,,,,,,,,,,,,,,,,,,,,,,,,,,,,,,,,,,,,,,,,,,,,,,,,,,,,,,,,,,,,,,,,,,,,,,,,,,,,,,,,,,,,,,,,,,,,,,,,,,,,,,,,,,,,,,,,,,,,,,,,,,,,,,,,,,,,,,,,,,,,,,,,,,,,,,,,,,,,,,,,,,,,,,,,,,,,,,,,,,,,,,,,,,,,,,,,,,,,,,,,,,,,,,,,,,,,,,,,,,,,,,,,,,,,,,,,,,,,,,,,,,,,,,,,,,,,,,,,,,,,,,,,,,,,,,,,,,,,,,,,,,,,,,,,,,,,,,,,,,,,,,,,,,,,,,,,,,,,,,,,,,,,,,,,,,,,,,,,,,,,,,,,,,,,,,,,,,,,,,,,,,,,,,,,,,,,,,,,,,,,,,,,,,,,,,,,,,,,,,,,,,,,,,,,,,,,,,,,,,,,,,,,,,,,,,,,,,,,,,,,,,,,,,,,,,,,,,,,,,,,,,,,,,,,,,,,,,,,,,,,,,,,,,,,,,,,,,,,,,,,,,,,,,,,,,,,,,,,,,,,,,,,,,,,,,,,,,,,,,,,,,,,,,,,,,,,,,,,,,,,,,,,,,,,,,,,,,,,,,,,,,,,,,,,,,,,,,,,,,,,,,,,,,,,,,,,,,,,,,,,,,,,,,,,,,,,,,,,,,,,,,,,,,,,,,,,,,,,,,,,,,,,,,,,,,,,,,,,,,,,,,,,,,,,,,,,,,,,,,,,,,,,,,,,,,,,,,,,,,,,,,,,,,,,,,,,,,,,,,,,,,,,,,,,,,,,,,,,,,,,,,,,,,,,,,,,,,,,,,,,,,,,,,,,,,,,,,,,,,,,,,,,,,,,,,,,,,,,,,,,,,,,,,,,,,,,,,,,,,,,,,,,,,,,,,,,,,,,,,,,,,,,,,,,,,,,,,,,,,,,,,,,,,,,,,,,,,,,,,,,,,,,,,,,,,,,,,,,,,,,,,,,,,,,,,,,,,,,,,,,,,,,,,,,,,,,,,,,,,,,,,,,,,,,,,,,,,,,,,,,,,,,,,,,,,,,,,,,,,,,,,,,,,,,,,,,,,,,,,,,,,,,,,,,,,,,,,,,,,,,,,,,,,,,,,,,,,,,,,,,,,,,,,,,,,,,,,,,,,,,,,,,,,,,,,,,,,,,,,,,,,,,,,,,,,,,,,,,,,,,,,,,,,,,,,,,,,,,,,,,,,,,,,,,,,,,,,,,,,,,,,,,,,,,,,,,,,,,,,,,,,,,,,,,,,,,,,,,,,,,,,,,,,,,,,,,,,,,,,,,,,,,,,,,,,,,,,,,,,,,,,,,,,,,,,,,,,,,,,,,,,,,,,,,,,,,,,,,,,,,,,,,,,,,,,,,,,,,,,,,,,,,,,,,,,,,,,,,,,,,,,,,,,,,,,,,,,,,,,,,,,,,,,,,,,,,,,,,,,,,,,,,,,,,,,,,,,,,,,,,,,,,,,,,,,,,,,,,,,,,,,,,,,,,,,,,,,,,,,,,,,,,,,,,,,,,,,,,,,,,,,,,,,,,,,,,,,,,,,,,,,,,,,,,,,,,,,,,,,,,,,,,,,,,,,,,,,,,,,,,,,,,,,,,,,,,,,,,,,,,,,,,,,,,,,,,,,,,,,,,,,,,,,,,,,,,,,,,,,,,,,,,,,,,,,,,,,,,,,,,,,,,,,,,,,,,,,,,,,,,,,,,,,,,,,,,,,,,,,,,,,,,,,,,,,,,,,,,,,,,,,,,,,,,,,,,,,,,,,,,,,,,,,
,,,,,,,,,,,,,,,,,,,,,,,,,,,,,,,,,,,,,,,,,,,,,,,,,,,,,,,,,,,,,,,,,,,,,,,,,,,,,,,,,,,,,,,,,,,,,,,,,,,,,,,,,,,,,,,,,,,,,,,,,,,,,,,,,,,,,,,,,,,,,,,,,,,,,,,,,,,,,,,,,,,,,,,,,,,,,,,,,,,,,,,,,,,,,,,,,,,,,,,,,,,,,,,,,,,,,,,,,,,,,,,,,,,,,,,,,,,,,,,,,,,,,,,,,,,,,,,,,,,,,,,,,,,,,,,,,,,,,,,,,,,,,,,,,,,,,,,,,,,,,,,,,,,,,,,,,,,,,,,,,,,,,,,,,,,,,,,,,,,,,,,,,,,,,,,,,,,,,,,,,,,,,,,,,,,,,,,,,,,,,,,,,,,,,,,,,,,,,,,,,,,,,,,,,,,,,,,,,,,,,,,,,,,,,,,,,,,,,,,,,,,,,,,,,,,,,,,,,,,,,,,,,,,,,,,,,,,,,,,,,,,,,,,,,,,,,,,,,,,,,,,,,,,,,,,,,,,,,,,,,,,,,,,,,,,,,,,,,,,,,,,,,,,,,,,,,,,,,,,,,,,,,,,,,,,,,,,,,,,,,,,,,,,,,,,,,,,,,,,,,,,,,,,,,,,,,,,,,,,,,,,,,,,,,,,,,,,,,,,,,,,,,,,,,,,,,,,,,,,,,,,,,,,,,,,,,,,,,,,,,,,,,,,,,,,,,,,,,,,,,,,,,,,,,,,,,,,,,,,,,,,,,,,,,,,,,,,,,,,,,,,,,,,,,,,,,,,,,,,,,,,,,,,,,,,,,,,,,,,,,,,,,,,,,,,,,,,,,,,,,,,,,,,,,,,,,,,,,,,,,,,,,,,,,,,,,,,,,,,,,,,,,,,,,,,,,,,,,,,,,,,,,,,,,,,,,,,,,,,,,,,,,,,,,,,,,,,,,,,,,,,,,,,,,,,,,,,,,,,,,,,,,,,,,,,,,,,,,,,,,,,,,,,,,,,,,,,,,,,,,,,,,,,,,,,,,,,,,,,,,,,,,,,,,,,,,,,,,,,,,,,,,,,,,,,,,,,,,,,,,,,,,,,,,,,,,,,,,,,,,,,,,,,,,,,,,,,,,,,,,,,,,,,,,,,,,,,,,,,,,,,,,,,,,,,,,,,,,,,,,,,,,,,,,,,,,,,,,,,,,,,,,,,,,,,,,,,,,,,,,,,,,,,,,,,,,,,,,,,,,,,,,,,,,,,,,,,,,,,,,,,,,,,,,,,,,,,,,,,,,,,,,,,,,,,,,,,,,,,,,,,,,,,,,,,,,,,,,,,,,,,,,,,,,,,,,,,,,,,,,,,,,,,,,,,,,,,,,,,,,,,,,,,,,,,,,,,,,,,,,,,,,,,,,,,,,,,,,,,,,,,,,,,,,,,,,,,,,,,,,,,,,,,,,,,,,,,,,,,,,,,,,,,,,,,,,,,,,,,,,,,,,,,,,,,,,,,,,,,,,,,,,,,,,,,,,,,,,,,,,,,,,,,,,,,,,,,,,,,,,,,,,,,,,,,,,,,,,,,,,,,,,,,,,,,,,,,,,,,,,,,,,,,,,,,,,,,,,,,,,,,,,,,,,,,,,,,,,,,,,,,,,,,,,,,,,,,,,,,,,,,,,,,,,,,,,,,,,,,,,,,,,,,,,,,,,,,,,,,,,,,,,,,,,,,,,,,,,,,,,,,,,,,,,,,,,,,,,,,,,,,,,,,,,,,,,,,,,,,,,,,,,,,,,,,,,,,,,,,,,,,,,,,,,,,,,,,,,,,,,,,,,,,,,,,,,,,,,,,,,,,,,,,,,,,,,,,,,,,,,,,,,,,,,,,,,,,,,,,,,,,,,,,,,,,,,,,,,,,,,,,,,,,,,,,,,,,,,,,,,,,,,,,,,,,,,,,,,,,,,,,,,,,,,,,,,,,,,,,,,,,,,,,,,,,,,,,,,,,,,,,,,,,,,,,,,,,,,,,,,,,,,,,,,,,,,,,,,,,,,,,,,,,,,,,,,,,,,,,,,,,,,,,,,,,,,,,,,,,,,,,,,,,,,,,,,,,,,,,,,,,,,,,,,,,,,,,,,,,,,,,,,,,,,,,,,,,,,,,,,,,,,,,,,,,,,,,,,,,,,,,,,,,,,,,,,,,,,,,,,,,,,,,,,,,,,,,,,,,,,,,,,,,
,,,,,,,,,,,,,,,,,,,,,,,,,,,,,,,,,,,,,,,,,,,,,,,,,,,,,,,,,,,,,,,,,,,,,,,,,,,,,,,,,,,,,,,,,,,,,,,,,,,,,,,,,,,,,,,,,,,,,,,,,,,,,,,,,,,,,,,,,,,,,,,,,,,,,,,,,,,,,,,,,,,,,,,,,,,,,,,,,,,,,,,,,,,,,,,,,,,,,,,,,,,,,,,,,,,,,,,,,,,,,,,,,,,,,,,,,,,,,,,,,,,,,,,,,,,,,,,,,,,,,,,,,,,,,,,,,,,,,,,,,,,,,,,,,,,,,,,,,,,,,,,,,,,,,,,,,,,,,,,,,,,,,,,,,,,,,,,,,,,,,,,,,,,,,,,,,,,,,,,,,,,,,,,,,,,,,,,,,,,,,,,,,,,,,,,,,,,,,,,,,,,,,,,,,,,,,,,,,,,,,,,,,,,,,,,,,,,,,,,,,,,,,,,,,,,,,,,,,,,,,,,,,,,,,,,,,,,,,,,,,,,,,,,,,,,,,,,,,,,,,,,,,,,,,,,,,,,,,,,,,,,,,,,,,,,,,,,,,,,,,,,,,,,,,,,,,,,,,,,,,,,,,,,,,,,,,,,,,,,,,,,,,,,,,,,,,,,,,,,,,,,,,,,,,,,,,,,,,,,,,,,,,,,,,,,,,,,,,,,,,,,,,,,,,,,,,,,,,,,,,,,,,,,,,,,,,,,,,,,,,,,,,,,,,,,,,,,,,,,,,,,,,,,,,,,,,,,,,,,,,,,,,,,,,,,,,,,,,,,,,,,,,,,,,,,,,,,,,,,,,,,,,,,,,,,,,,,,,,,,,,,,,,,,,,,,,,,,,,,,,,,,,,,,,,,,,,,,,,,,,,,,,,,,,,,,,,,,,,,,,,,,,,,,,,,,,,,,,,,,,,,,,,,,,,,,,,,,,,,,,,,,,,,,,,,,,,,,,,,,,,,,,,,,,,,,,,,,,,,,,,,,,,,,,,,,,,,,,,,,,,,,,,,,,,,,,,,,,,,,,,,,,,,,,,,,,,,,,,,,,,,,,,,,,,,,,,,,,,,,,,,,,,,,,,,,,,,,,,,,,,,,,,,,,,,,,,,,,,,,,,,,,,,,,,,,,,,,,,,,,,,,,,,,,,,,,,,,,,,,,,,,,,,,,,,,,,,,,,,,,,,,,,,,,,,,,,,,,,,,,,,,,,,,,,,,,,,,,,,,,,,,,,,,,,,,,,,,,,,,,,,,,,,,,,,,,,,,,,,,,,,,,,,,,,,,,,,,,,,,,,,,,,,,,,,,,,,,,,,,,,,,,,,,,,,,,,,,,,,,,,,,,,,,,,,,,,,,,,,,,,,,,,,,,,,,,,,,,,,,,,,,,,,,,,,,,,,,,,,,,,,,,,,,,,,,,,,,,,,,,,,,,,,,,,,,,,,,,,,,,,,,,,,,,,,,,,,,,,,,,,,,,,,,,,,,,,,,,,,,,,,,,,,,,,,,,,,,,,,,,,,,,,,,,,,,,,,,,,,,,,,,,,,,,,,,,,,,,,,,,,,,,,,,,,,,,,,,,,,,,,,,,,,,,,,,,,,,,,,,,,,,,,,,,,,,,,,,,,,,,,,,,,,,,,,,,,,,,,,,,,,,,,,,,,,,,,,,,,,,,,,,,,,,,,,,,,,,,,,,,,,,,,,,,,,,,,,,,,,,,,,,,,,,,,,,,,,,,,,,,,,,,,,,,,,,,,,,,,,,,,,,,,,,,,,,,,,,,,,,,,,,,,,,,,,,,,,,,,,,,,,,,,,,,,,,,,,,,,,,,,,,,,,,,,,,,,,,,,,,,,,,,,,,,,,,,,,,,,,,,,,,,,,,,,,,,,,,,,,,,,,,,,,,,,,,,,,,,,,,,,,,,,,,,,,,,,,,,,,,,,,,,,,,,,,,,,,,,,,,,,,,,,,,,,,,,,,,,,,,,,,,,,,,,,,,,,,,,,,,,,,,,,,,,,,,,,,,,,,,,,,,,,,,,,,,,,,,,,,,,,,,,,,,,,,,,,,,,,,,,,,,,,,,,,,,,,,,,,,,,,,,,,,,,,,,,,,,,,,,,,,,,,,,,,,,,,,,,,,,,,,,,,,,,,,,,,,,,,,,,,,,,,,,,,,,,,,,,,,,,,,,,,,,,,,,,,,,,,,,,,,,,,,,,,,,,,,,,,,,,,,,,,,
,,,,,,,,,,,,,,,,,,,,,,,,,,,,,,,,,,,,,,,,,,,,,,,,,,,,,,,,,,,,,,,,,,,,,,,,,,,,,,,,,,,,,,,,,,,,,,,,,,,,,,,,,,,,,,,,,,,,,,,,,,,,,,,,,,,,,,,,,,,,,,,,,,,,,,,,,,,,,,,,,,,,,,,,,,,,,,,,,,,,,,,,,,,,,,,,,,,,,,,,,,,,,,,,,,,,,,,,,,,,,,,,,,,,,,,,,,,,,,,,,,,,,,,,,,,,,,,,,,,,,,,,,,,,,,,,,,,,,,,,,,,,,,,,,,,,,,,,,,,,,,,,,,,,,,,,,,,,,,,,,,,,,,,,,,,,,,,,,,,,,,,,,,,,,,,,,,,,,,,,,,,,,,,,,,,,,,,,,,,,,,,,,,,,,,,,,,,,,,,,,,,,,,,,,,,,,,,,,,,,,,,,,,,,,,,,,,,,,,,,,,,,,,,,,,,,,,,,,,,,,,,,,,,,,,,,,,,,,,,,,,,,,,,,,,,,,,,,,,,,,,,,,,,,,,,,,,,,,,,,,,,,,,,,,,,,,,,,,,,,,,,,,,,,,,,,,,,,,,,,,,,,,,,,,,,,,,,,,,,,,,,,,,,,,,,,,,,,,,,,,,,,,,,,,,,,,,,,,,,,,,,,,,,,,,,,,,,,,,,,,,,,,,,,,,,,,,,,,,,,,,,,,,,,,,,,,,,,,,,,,,,,,,,,,,,,,,,,,,,,,,,,,,,,,,,,,,,,,,,,,,,,,,,,,,,,,,,,,,,,,,,,,,,,,,,,,,,,,,,,,,,,,,,,,,,,,,,,,,,,,,,,,,,,,,,,,,,,,,,,,,,,,,,,,,,,,,,,,,,,,,,,,,,,,,,,,,,,,,,,,,,,,,,,,,,,,,,,,,,,,,,,,,,,,,,,,,,,,,,,,,,,,,,,,,,,,,,,,,,,,,,,,,,,,,,,,,,,,,,,,,,,,,,,,,,,,,,,,,,,,,,,,,,,,,,,,,,,,,,,,,,,,,,,,,,,,,,,,,,,,,,,,,,,,,,,,,,,,,,,,,,,,,,,,,,,,,,,,,,,,,,,,,,,,,,,,,,,,,,,,,,,,,,,,,,,,,,,,,,,,,,,,,,,,,,,,,,,,,,,,,,,,,,,,,,,,,,,,,,,,,,,,,,,,,,,,,,,,,,,,,,,,,,,,,,,,,,,,,,,,,,,,,,,,,,,,,,,,,,,,,,,,,,,,,,,,,,,,,,,,,,,,,,,,,,,,,,,,,,,,,,,,,,,,,,,,,,,,,,,,,,,,,,,,,,,,,,,,,,,,,,,,,,,,,,,,,,,,,,,,,,,,,,,,,,,,,,,,,,,,,,,,,,,,,,,,,,,,,,,,,,,,,,,,,,,,,,,,,,,,,,,,,,,,,,,,,,,,,,,,,,,,,,,,,,,,,,,,,,,,,,,,,,,,,,,,,,,,,,,,,,,,,,,,,,,,,,,,,,,,,,,,,,,,,,,,,,,,,,,,,,,,,,,,,,,,,,,,,,,,,,,,,,,,,,,,,,,,,,,,,,,,,,,,,,,,,,,,,,,,,,,,,,,,,,,,,,,,,,,,,,,,,,,,,,,,,,,,,,,,,,,,,,,,,,,,,,,,,,,,,,,,,,,,,,,,,,,,,,,,,,,,,,,,,,,,,,,,,,,,,,,,,,,,,,,,,,,,,,,,,,,,,,,,,,,,,,,,,,,,,,,,,,,,,,,,,,,,,,,,,,,,,,,,,,,,,,,,,,,,,,,,,,,,,,,,,,,,,,,,,,,,,,,,,,,,,,,,,,,,,,,,,,,,,,,,,,,,,,,,,,,,,,,,,,,,,,,,,,,,,,,,,,,,,,,,,,,,,,,,,,,,,,,,,,,,,,,,,,,,,,,,,,,,,,,,,,,,,,,,,,,,,,,,,,,,,,,,,,,,,,,,,,,,,,,,,,,,,,,,,,,,,,,,,,,,,,,,,,,,,,,,,,,,,,,,,,,,,,,,,,,,,,,,,,,,,,,,,,,,,,,,,,,,,,,,,,,,,,,,,,,,,,,,,,,,,,,,,,,,,,,,,,,,,,,,,,,,,,,,,,,,,,,,,,,,,,,,,,,,,,,,,,,,,,,,,,,,,,,,,,,,,,,,,,,,,,,,,,,,,,,,,,,,,,,,,,,,,,,,,,,,,,
,,,,,,,,,,,,,,,,,,,,,,,,,,,,,,,,,,,,,,,,,,,,,,,,,,,,,,,,,,,,,,,,,,,,,,,,,,,,,,,,,,,,,,,,,,,,,,,,,,,,,,,,,,,,,,,,,,,,,,,,,,,,,,,,,,,,,,,,,,,,,,,,,,,,,,,,,,,,,,,,,,,,,,,,,,,,,,,,,,,,,,,,,,,,,,,,,,,,,,,,,,,,,,,,,,,,,,,,,,,,,,,,,,,,,,,,,,,,,,,,,,,,,,,,,,,,,,,,,,,,,,,,,,,,,,,,,,,,,,,,,,,,,,,,,,,,,,,,,,,,,,,,,,,,,,,,,,,,,,,,,,,,,,,,,,,,,,,,,,,,,,,,,,,,,,,,,,,,,,,,,,,,,,,,,,,,,,,,,,,,,,,,,,,,,,,,,,,,,,,,,,,,,,,,,,,,,,,,,,,,,,,,,,,,,,,,,,,,,,,,,,,,,,,,,,,,,,,,,,,,,,,,,,,,,,,,,,,,,,,,,,,,,,,,,,,,,,,,,,,,,,,,,,,,,,,,,,,,,,,,,,,,,,,,,,,,,,,,,,,,,,,,,,,,,,,,,,,,,,,,,,,,,,,,,,,,,,,,,,,,,,,,,,,,,,,,,,,,,,,,,,,,,,,,,,,,,,,,,,,,,,,,,,,,,,,,,,,,,,,,,,,,,,,,,,,,,,,,,,,,,,,,,,,,,,,,,,,,,,,,,,,,,,,,,,,,,,,,,,,,,,,,,,,,,,,,,,,,,,,,,,,,,,,,,,,,,,,,,,,,,,,,,,,,,,,,,,,,,,,,,,,,,,,,,,,,,,,,,,,,,,,,,,,,,,,,,,,,,,,,,,,,,,,,,,,,,,,,,,,,,,,,,,,,,,,,,,,,,,,,,,,,,,,,,,,,,,,,,,,,,,,,,,,,,,,,,,,,,,,,,,,,,,,,,,,,,,,,,,,,,,,,,,,,,,,,,,,,,,,,,,,,,,,,,,,,,,,,,,,,,,,,,,,,,,,,,,,,,,,,,,,,,,,,,,,,,,,,,,,,,,,,,,,,,,,,,,,,,,,,,,,,,,,,,,,,,,,,,,,,,,,,,,,,,,,,,,,,,,,,,,,,,,,,,,,,,,,,,,,,,,,,,,,,,,,,,,,,,,,,,,,,,,,,,,,,,,,,,,,,,,,,,,,,,,,,,,,,,,,,,,,,,,,,,,,,,,,,,,,,,,,,,,,,,,,,,,,,,,,,,,,,,,,,,,,,,,,,,,,,,,,,,,,,,,,,,,,,,,,,,,,,,,,,,,,,,,,,,,,,,,,,,,,,,,,,,,,,,,,,,,,,,,,,,,,,,,,,,,,,,,,,,,,,,,,,,,,,,,,,,,,,,,,,,,,,,,,,,,,,,,,,,,,,,,,,,,,,,,,,,,,,,,,,,,,,,,,,,,,,,,,,,,,,,,,,,,,,,,,,,,,,,,,,,,,,,,,,,,,,,,,,,,,,,,,,,,,,,,,,,,,,,,,,,,,,,,,,,,,,,,,,,,,,,,,,,,,,,,,,,,,,,,,,,,,,,,,,,,,,,,,,,,,,,,,,,,,,,,,,,,,,,,,,,,,,,,,,,,,,,,,,,,,,,,,,,,,,,,,,,,,,,,,,,,,,,,,,,,,,,,,,,,,,,,,,,,,,,,,,,,,,,,,,,,,,,,,,,,,,,,,,,,,,,,,,,,,,,,,,,,,,,,,,,,,,,,,,,,,,,,,,,,,,,,,,,,,,,,,,,,,,,,,,,,,,,,,,,,,,,,,,,,,,,,,,,,,,,,,,,,,,,,,,,,,,,,,,,,,,,,,,,,,,,,,,,,,,,,,,,,,,,,,,,,,,,,,,,,,,,,,,,,,,,,,,,,,,,,,,,,,,,,,,,,,,,,,,,,,,,,,,,,,,,,,,,,,,,,,,,,,,,,,,,,,,,,,,,,,,,,,,,,,,,,,,,,,,,,,,,,,,,,,,,,,,,,,,,,,,,,,,,,,,,,,,,,,,,,,,,,,,,,,,,,,,,,,,,,,,,,,,,,,,,,,,,,,,,,,,,,,,,,,,,,,,,,,,,,,,,,,,,,,,,,,,,,,,,,,,,,,,,,,,,,,,,,,,,,,,,,,,,,,,,,,,,,,,,,,,,,,,,,,,,,,,,,,,,,,,,,,,,,,,,,,,,,,,,,,,,,,,,,,
3461,3243,2459,2315,2299,2147,2280,2398,2292,2398,2280,2147,2299,2315,2459,3243,3706,3483,2381,2302,2225,2260,2229,2188,2387,2467,2274,2021,2408,2121,2512,3481,4073,3855,2731,2494,2164,2221,2137,2157,2322,2422,2283,2213,2408,2312,2748,3849,4205,3984,2865,2516,2192,2307,2351,2269,2149,2360,2384,2375,2429,2470,2843,3981,4012,3794,2677,2414,2418,2289,2378,2295,2161,2318,2399,2287,2343,2416,2705,3790,3714,3488,2469,2255,2335,2192,2199,2124,2178,2304,2154,2156,2278,2427,2395,3487,3328,3020,2434,2226,2372,2274,2269,2360,2293,2258,2298,2264,2050,2367,2423,3138,3099,2908,2265,2258,2353,2255,2207,2314,2218,2359,2314,2316,2157,2310,2341,2868,3203,2988,2325,2325,2354,2301,2285,2183,2428,2238,2254,2299,2290,2217,2326,2967,3481,3259,2403,2494,2480,2410,2277,2504,2917,2773,2253,2345,2452,2504,2660,3263,3895,3718,3437,3128,3362,3300,3373,3700,3914,3737,3149,2994,3291,3415,3620,3821,4539,4340,3964,3898,4024,3937,3893,4202,4500,4351,3882,3825,3925,4031,4252,4520,4875,4654,4084,4101,4238,4211,4170,4248,4561,4446,4137,4079,4087,4166,4413,4789,4803,4564,3907,3876,4124,4169,4110,4137,4216,3992,4013,3920,3877,3865,4201,4681,4228,3976,3655,3319,3815,3886,3782,3985,4060,3726,3463,3330,3549,3421,3357,4074,3807,3767,3340,3126,3492,3529,3392,3740,3827,3545,3224,2971,3151,3208,3318,3724,3804,3567,3171,3169,3106,3126,3167,3548,3574,3338,3120,2928,3053,3037,3126,3550,4140,3920,2993,2905,2850,2687,2910,3222,3219,2942,2860,2571,2593,2923,3032,3908,4641,4418,3255,2947,2744,2685,2742,2962,2987,2872,2823,2586,2681,2906,3283,4417,4755,4531,3399,3063,2925,2922,3041,3143,3094,3066,3009,2741,2869,2955,3368,4530,4518,4296,3224,3024,2969,2876,3094,3200,3381,3357,3036,2762,2846,2758,3233,4289,4120,3883,3200,3390,3148,3142,3257,3263,3592,3555,3107,2735,2942,2931,3319,3956,4540,4236,3651,3723,3409,3428,3556,3650,3822,3784,3486,3189,3282,3172,3861,4410,4560,4233,3673,3772,3461,3300,3499,3776,3954,3850,3580,3440,3287,3077,3906,4441,4206,3878,3365,3566,3327,2863,3039,3519,3721,3558,3296,3293,3066,2755,3546,4092,3659,3409,2906,3109,2928,2676,2797,3070,3166,2790,2720,2716,2841,2710,2923,3532,3420,3197,2761,2704,2663,2569,2584,2945,3008,2823,2573,2588,2642,2472,2682,3266,3116,2866,2514,2354,2562,2485,2487,2492,2656,2707,2541,2430,2439,2309,2517,2990,3104,2933,2529,2349,2590,2504,2363,2461,2746,2704,2565,2486,2460,2369,2439,2897,3286,3120,2714,2517,2484,2458,2515,2649,2926,2723,2668,2543,2326,2630,2606,3083,3465,3335,3150,2676,2497,2835,2613,2779,2925,2804,2762,2546,2652,3009,3208,3398,3677,3611,3453,3022,2782,3085,2892,2912,3135,3106,3001,2905,2970,3342,3542,3650,3775,3629,3393,2792,2916,2880,2650,2997,3309,3275,2961,2946,2870,3330,3627,3760,3694,3396,3032,2937,2970,2712,2807,3152,3375,3190,2858,2763,2637,3213,3531,3692,3472,3050,2887,2725,2576,2584,2829,3068,3177,2795,2712,2460,2716,3041,3300,3434,3066,2903,2656,2535,2397,2269,2309,2704,2723,2727,2442,2252,2346,2699,2889,3031,2867,2656,2438,2266,2437,2294,2532,2317,2719,2686,2374,2105,2230,2451,2352,2720,2783,2596,2453,2382,2370,2238,2431,2418,2515,2551,2371,2259,2262,2330,2450,2716,2802,2506,2342,2240,2272,2328,2360,2509,2539,2502,2442,2409,2251,2285,2272,2587,2883,2721,2456,2282,2209,2210,2402,2540,2645,2604,2442,2291,2339,2431,2421,2658,2726,2682,2662,2428,2236,2293,2500,2689,2554,2480,2366,2175,2439,2535,2435,2575,2990,2902,2902,2540,2405,2565,2671,2618,2741,2495,2366,2202,2321,2581,2774,2979,3122,3051,2949,2571,2719,2809,2742,2829,2837,2669,2336,2388,2384,2730,3010,3159,3052,2753,2558,2582,2674,2635,2653,2835,2753,2737,2348,2350,2348,2509,2914,3102,3023,2696,2744,2613,2519,2350,2502,2776,2818,2812,2440,2422,2459,2564,2547,2818,2913,2766,2794,2646,2620,2460,2424,2792,3007,2947,2666,2568,2575,2607,2642,2722,2916,2685,2710,2582,2629,2588,2428,2473,2832,2677,2438,2460,2467,2394,2630,2692,2976,2677,2359,2443,2574,2568,2385,2346,2363,2415,2288,2238,2421,2384,2357,2733,2946,2765,2445,2416,2472,2486,2272,2403,2418,2306,2428,2418,2452,2367,2326,2691,3000,2804,2400,2394,2285,2270,2433,2604,2506,2408,2388,2418,2345,2391,2436,2792,3823,3601,2559,2350,2294,2252,2563,2688,2495,2469,2455,2402,2369,2370,2632,3600,4385,4161,3024,2551,2566,2278,2507,2605,2683,2517,2326,2447,2474,2665,3036,4162,4486,4261,3122,2717,2616,2396,2637,2730,2821,2608,2207,2496,2473,2757,3163,4265,4221,3993,2827,2490,2426,2289,2618,2613,2642,2499,2178,2321,2441,2525,2915,4000,3670,3441,2510,2483,2418,2382,2335,2491,2604,2417,2251,2247,2410,2449,2596,3447,3238,2998,2491,2315,2441,2395,2366,2400,2446,2157,2214,2392,2255,2338,2324,2998,2799,2695,2441,2400,2440,2383,2293,2505,2559,2312,2122,2392,2352,2296,2287,2630,2564,2479,2376,2393,2476,2496,2438,2450,2424,2440,2369,2380,2356,2094,2289,2549,2677,2608,2435,2372,2431,2451,2486,2540,2531,2536,2521,2391,2274,2031,2289,2546,2738,2539,2541,2552,2541,2542,2618,2657,2817,2844,2774,2513,2324,2111,2505,2742,3145,2941,2577,2587,2665,2730,2729,2685,2950,2806,2790,2520,2437,2380,2654,2975,3365,3169,2397,2403,2484,2517,2464,2795,2965,2722,2406,2394,2368,2396,2600,3101,4534,4310,3106,2908,2691,2610,2587,3146,3231,2948,2561,2646,2717,2795,3194,4313,4907,4685,3504,3335,2988,2937,2950,3473,3535,3261,2785,3012,3052,3193,3563,4686,4897,4674,3498,3375,2997,2920,2971,3473,3541,3363,2921,2975,3007,3240,3523,4676,4530,4308,3140,3132,2720,2580,2672,3153,3308,3206,2692,2438,2606,2952,3074,4306,3878,3640,2573,2686,2512,2489,2409,2631,2912,2868,2602,2504,2334,2509,2755,3667,3618,3391,2449,2504,2378,2319,2389,2630,2614,2351,2487,2631,2577,2278,2469,3373,3304,3068,2197,2319,2441,2437,2336,2444,2394,2373,2368,2462,2450,2359,2364,3098,3334,3105,2390,2489,2430,2372,2315,2217,2418,2434,2349,2419,2419,2340,2405,3113,3298,3060,2265,2408,2375,2415,2366,2310,2463,2451,2442,2375,2343,2232,2424,3073,3334,3114,2299,2326,2366,2449,2321,2301,2416,2359,2441,2484,2413,2296,2362,3113,3147,2938,2466,2312,2403,2421,2378,2637,2860,2733,2520,2527,2453,2530,2488,3011,3856,3643,3052,2814,2726,2740,2589,3087,3393,3252,2712,2880,2593,2606,3025,3682,3977,3775,3209,2983,2816,2850,2795,3267,3514,3381,2957,3115,2706,2613,3065,3792,3661,3468,2952,2770,2606,2675,2718,3129,3368,3222,2807,2945,2521,2481,2930,3462,3091,2810,2529,2346,2364,2406,2371,2669,2920,2917,2587,2484,2459,2572,2844,2823,3343,3139,2641,2442,2341,2288,2465,2831,2724,2787,2573,2483,2440,2584,2743,3120,3390,3222,2503,2383,2421,2339,2385,2656,2720,2571,2547,2443,2313,2377,2567,3128,3581,3359,2401,2310,2333,2373,2336,2404,2598,2474,2426,2291,2278,2339,2381,3354,3898,3681,2591,2424,2045,2280,2374,2617,2800,2605,2422,2267,2291,2378,2588,3672,3840,3620,2531,2374,2294,2451,2531,2766,2901,2666,2256,2165,2338,2431,2619,3620,3446,3209,2270,2408,2277,2418,2460,2573,2747,2588,2304,2322,2345,2287,2465,3231,3205,2940,2424,2493,2358,2240,2394,2539,2694,2673,2430,2304,2323,2423,2607,3026,3398,3136,2379,2487,2219,2342,2519,2570,2887,2827,2588,2522,2438,2664,2955,3238,3255,2910,2428,2554,2382,2405,2531,2621,2928,2780,2521,2528,2503,2583,2947,3210,3188,3012,2347,2377,2352,2327,2305,2582,2685,2532,2235,2163,2418,2314,2718,2887,3354,3157,2411,2336,2400,2358,2395,2447,2541,2472,2350,2204,2374,2293,2625,3132,3593,3347,2335,2345,2222,2325,2285,2401,2608,2571,2501,2476,2368,2480,2536,3387,3634,3403,2499,2313,2309,2379,2339,2362,2290,2455,2494,2427,2399,2464,2419,3411,3362,3147,2472,2447,2450,2419,2363,2363,2442,2353,2343,2407,2274,2284,2383,3145,3060,2817,2473,2519,2322,2318,2291,2540,2612,2571,2269,2403,2282,2322,2345,2876,2916,2706,2399,2478,2237,2363,2327,2623,2710,2543,2310,2237,2350,2378,2441,2745,2824,2653,2403,2396,2187,2306,2304,2405,2505,2363,2315,2335,2240,2371,2415,2695,2870,2743,2371,2290,2193,2195,2187,2388,2374,2226,2270,2207,2324,2361,2515,2658,2903,2720,2177,2244,2226,2385,2348,2488,2558,2426,2450,2414,2316,2399,2568,2610,3244,3037,2605,2540,2406,2539,2488,2606,2679,2568,2354,2359,2199,2388,2323,2996,3285,3067,2640,2569,2485,2478,2350,2459,2546,2490,2291,2270,2262,2336,2369,3065,2976,2785,2515,2455,2370,2345,2369,2496,2417,2370,2204,2352,2230,2245,2436,2826,3099,2878,2507,2487,2188,2264,2400,2570,2507,2426,2234,2259,2170,2354,2371,2817,3385,3164,2389,2379,2353,2344,2315,2490,2417,2326,2118,2149,2186,2358,2148,3158,3328,3107,2380,2326,2396,2440,2308,2313,2442,2361,2212,2358,2212,2229,2178,3105,2802,2617,2498,2371,2429,2360,2206,2319,2444,2418,2302,2357,2134,2223,2173,2598,2876,2749,2443,2281,2389,2329,2339,2459,2372,2296,2360,2343,2268,2266,2192,2684,3045,2861,2319,2245,2388,2369,2353,2413,2271,2307,2357,2327,2297,2263,2288,2843,3814,3594,2560,2255,2385,2334,2275,2531,2662,2536,2292,2187,2094,2328,2455,3586,4254,4034,2992,2441,2502,2149,2326,2788,3040,2867,2482,2302,2363,2562,2788,4024,4320,4101,3049,2554,2407,2391,2545,2952,3200,3047,2557,2377,2635,2613,2837,4090,4065,3852,2819,2408,2436,2360,2596,3007,3154,2985,2420,2345,2491,2507,2683,3836,3520,3314,2418,2386,2355,2307,2230,2415,2687,2618,2412,2382,2428,2332,2434,3290,3587,3359,2468,2277,2264,2243,2112,2312,2419,2349,2289,2356,2331,2489,2443,3374,3891,3653,2521,2564,2178,2114,2211,2552,2692,2519,2443,2451,2404,2490,2570,3670,3944,3710,2466,2562,2299,2344,2334,2653,2717,2553,2579,2497,2423,2415,2625,3725,3720,3489,2397,2424,2354,2419,2373,2407,2538,2342,2509,2327,2323,2141,2386,3497,3274,3055,2332,2333,2358,2313,2402,2204,2331,2327,2258,2260,2323,2150,2264,3029,3443,3226,2314,2248,2393,2327,2354,2306,2554,2369,2254,2242,2337,2117,2230,3219,3467,3244,2605,2445,2372,2358,2241,2669,2944,2788,2354,2493,2460,2284,2545,3254,3408,3208,2783,2579,2443,2328,2346,2694,3046,2904,2597,2649,2507,2410,2784,3275,3221,2987,2590,2476,2397,2226,2398,2586,2738,2673,2465,2506,2313,2413,2609,2988,2878,2645,2229,2301,2266,2291,2361,2346,2463,2390,2156,2173,2164,2330,2282,2724,2653,2596,2268,2145,2274,2336,2287,2281,2256,2208,2166,2087,2197,2189,2204,2527,2546,2313,2211,2186,2215,2214,2196,2208,2274,2247,2195,2272,2391,2252,2278,2574,2854,2558,2239,2145,2166,2122,2289,2339,2271,2237,2162,2273,2361,2133,2163,2745,2653,2437,2174,2066,2109,2222,2336,2336,2187,2038,2064,2144,2118,2091,2166,2585,2843,2605,1972,1974,1959,1990,2055,2120,2164,2075,2083,2022,1925,2103,2193,2611,3063,2842,2053,1947,1995,2003,2018,1959,2088,2062,1955,1979,2072,2135,2017,2833,2997,2766,2022,2033,1997,1995,2071,1952,2167,2015,2048,1953,2131,2132,2190,2778,2700,2426,1956,2037,2150,1999,2000,2251,2224,2052,1959,2004,2012,2033,2139,2536
,,,,,,,,,,,,,,,,,,,,,,,,,,,,,,,,,,,,,,,,,,,,,,,,,,,,,,,,,,,,,,,,,,,,,,,,,,,,,,,,,,,,,,,,,,,,,,,,,,,,,,,,,,,,,,,,,,,,,,,,,,,,,,,,,,,,,,,,,,,,,,,,,,,,,,,,,,,,,,,,,,,,,,,,,,,,,,,,,,,,,,,,,,,,,,,,,,,,,,,,,,,,,,,,,,,,,,,,,,,,,,,,,,,,,,,,,,,,,,,,,,,,,,,,,,,,,,,,,,,,,,,,,,,,,,,,,,,,,,,,,,,,,,,,,,,,,,,,,,,,,,,,,,,,,,,,,,,,,,,,,,,,,,,,,,,,,,,,,,,,,,,,,,,,,,,,,,,,,,,,,,,,,,,,,,,,,,,,,,,,,,,,,,,,,,,,,,,,,,,,,,,,,,,,,,,,,,,,,,,,,,,,,,,,,,,,,,,,,,,,,,,,,,,,,,,,,,,,,,,,,,,,,,,,,,,,,,,,,,,,,,,,,,,,,,,,,,,,,,,,,,,,,,,,,,,,,,,,,,,,,,,,,,,,,,,,,,,,,,,,,,,,,,,,,,,,,,,,,,,,,,,,,,,,,,,,,,,,,,,,,,,,,,,,,,,,,,,,,,,,,,,,,,,,,,,,,,,,,,,,,,,,,,,,,,,,,,,,,,,,,,,,,,,,,,,,,,,,,,,,,,,,,,,,,,,,,,,,,,,,,,,,,,,,,,,,,,,,,,,,,,,,,,,,,,,,,,,,,,,,,,,,,,,,,,,,,,,,,,,,,,,,,,,,,,,,,,,,,,,,,,,,,,,,,,,,,,,,,,,,,,,,,,,,,,,,,,,,,,,,,,,,,,,,,,,,,,,,,,,,,,,,,,,,,,,,,,,,,,,,,,,,,,,,,,,,,,,,,,,,,,,,,,,,,,,,,,,,,,,,,,,,,,,,,,,,,,,,,,,,,,,,,,,,,,,,,,,,,,,,,,,,,,,,,,,,,,,,,,,,,,,,,,,,,,,,,,,,,,,,,,,,,,,,,,,,,,,,,,,,,,,,,,,,,,,,,,,,,,,,,,,,,,,,,,,,,,,,,,,,,,,,,,,,,,,,,,,,,,,,,,,,,,,,,,,,,,,,,,,,,,,,,,,,,,,,,,,,,,,,,,,,,,,,,,,,,,,,,,,,,,,,,,,,,,,,,,,,,,,,,,,,,,,,,,,,,,,,,,,,,,,,,,,,,,,,,,,,,,,,,,,,,,,,,,,,,,,,,,,,,,,,,,,,,,,,,,,,,,,,,,,,,,,,,,,,,,,,,,,,,,,,,,,,,,,,,,,,,,,,,,,,,,,,,,,,,,,,,,,,,,,,,,,,,,,,,,,,,,,,,,,,,,,,,,,,,,,,,,,,,,,,,,,,,,,,,,,,,,,,,,,,,,,,,,,,,,,,,,,,,,,,,,,,,,,,,,,,,,,,,,,,,,,,,,,,,,,,,,,,,,,,,,,,,,,,,,,,,,,,,,,,,,,,,,,,,,,,,,,,,,,,,,,,,,,,,,,,,,,,,,,,,,,,,,,,,,,,,,,,,,,,,,,,,,,,,,,,,,,,,,,,,,,,,,,,,,,,,,,,,,,,,,,,,,,,,,,,,,,,,,,,,,,,,,,,,,,,,,,,,,,,,,,,,,,,,,,,,,,,,,,,,,,,,,,,,,,,,,,,,,,,,,,,,,,,,,,,,,,,,,,,,,,,,,,,,,,,,,,,,,,,,,,,,,,,,,,,,,,,,,,,,,,,,,,,,,,,,,,,,,,,,,,,,,,,,,,,,,,,,,,,,,,,,,,,,,,,,,,,,,,,,,,,,,,,,,,,,,,,,,,,,,,,,,,,,,,,,,,,,,,,,,,,,,,,,,,,,,,,,,,,,,,,,,,,,,,,,,,,,,,,,,,,,,,,,,,,,,,,,,,,,,,,,,,,,,,,,,,,,,,,,,,,,,,,,,,,,,,,,,,,,,,,,,,,,,,,,,,,,,,,,,,,,,,,,,,,,,,,,,,,,,,,,,,,,,,,,,,,,,,,,,,,,,,,,,,,,,,,,,,,,,,,,,,,,,,,,,,,,,,,,,,,,,,,,,,,,,,,,,,,,,,,,,,,,,,,,,,,,,,,,,,,,,,,,,,,,,,,,,,,,,,,,,,,,,,,,,,,,,,,,,,,,,,,,,,,,,,,,,,,,,,
,,,,,,,,,,,,,,,,,,,,,,,,,,,,,,,,,,,,,,,,,,,,,,,,,,,,,,,,,,,,,,,,,,,,,,,,,,,,,,,,,,,,,,,,,,,,,,,,,,,,,,,,,,,,,,,,,,,,,,,,,,,,,,,,,,,,,,,,,,,,,,,,,,,,,,,,,,,,,,,,,,,,,,,,,,,,,,,,,,,,,,,,,,,,,,,,,,,,,,,,,,,,,,,,,,,,,,,,,,,,,,,,,,,,,,,,,,,,,,,,,,,,,,,,,,,,,,,,,,,,,,,,,,,,,,,,,,,,,,,,,,,,,,,,,,,,,,,,,,,,,,,,,,,,,,,,,,,,,,,,,,,,,,,,,,,,,,,,,,,,,,,,,,,,,,,,,,,,,,,,,,,,,,,,,,,,,,,,,,,,,,,,,,,,,,,,,,,,,,,,,,,,,,,,,,,,,,,,,,,,,,,,,,,,,,,,,,,,,,,,,,,,,,,,,,,,,,,,,,,,,,,,,,,,,,,,,,,,,,,,,,,,,,,,,,,,,,,,,,,,,,,,,,,,,,,,,,,,,,,,,,,,,,,,,,,,,,,,,,,,,,,,,,,,,,,,,,,,,,,,,,,,,,,,,,,,,,,,,,,,,,,,,,,,,,,,,,,,,,,,,,,,,,,,,,,,,,,,,,,,,,,,,,,,,,,,,,,,,,,,,,,,,,,,,,,,,,,,,,,,,,,,,,,,,,,,,,,,,,,,,,,,,,,,,,,,,,,,,,,,,,,,,,,,,,,,,,,,,,,,,,,,,,,,,,,,,,,,,,,,,,,,,,,,,,,,,,,,,,,,,,,,,,,,,,,,,,,,,,,,,,,,,,,,,,,,,,,,,,,,,,,,,,,,,,,,,,,,,,,,,,,,,,,,,,,,,,,,,,,,,,,,,,,,,,,,,,,,,,,,,,,,,,,,,,,,,,,,,,,,,,,,,,,,,,,,,,,,,,,,,,,,,,,,,,,,,,,,,,,,,,,,,,,,,,,,,,,,,,,,,,,,,,,,,,,,,,,,,,,,,,,,,,,,,,,,,,,,,,,,,,,,,,,,,,,,,,,,,,,,,,,,,,,,,,,,,,,,,,,,,,,,,,,,,,,,,,,,,,,,,,,,,,,,,,,,,,,,,,,,,,,,,,,,,,,,,,,,,,,,,,,,,,,,,,,,,,,,,,,,,,,,,,,,,,,,,,,,,,,,,,,,,,,,,,,,,,,,,,,,,,,,,,,,,,,,,,,,,,,,,,,,,,,,,,,,,,,,,,,,,,,,,,,,,,,,,,,,,,,,,,,,,,,,,,,,,,,,,,,,,,,,,,,,,,,,,,,,,,,,,,,,,,,,,,,,,,,,,,,,,,,,,,,,,,,,,,,,,,,,,,,,,,,,,,,,,,,,,,,,,,,,,,,,,,,,,,,,,,,,,,,,,,,,,,,,,,,,,,,,,,,,,,,,,,,,,,,,,,,,,,,,,,,,,,,,,,,,,,,,,,,,,,,,,,,,,,,,,,,,,,,,,,,,,,,,,,,,,,,,,,,,,,,,,,,,,,,,,,,,,,,,,,,,,,,,,,,,,,,,,,,,,,,,,,,,,,,,,,,,,,,,,,,,,,,,,,,,,,,,,,,,,,,,,,,,,,,,,,,,,,,,,,,,,,,,,,,,,,,,,,,,,,,,,,,,,,,,,,,,,,,,,,,,,,,,,,,,,,,,,,,,,,,,,,,,,,,,,,,,,,,,,,,,,,,,,,,,,,,,,,,,,,,,,,,,,,,,,,,,,,,,,,,,,,,,,,,,,,,,,,,,,,,,,,,,,,,,,,,,,,,,,,,,,,,,,,,,,,,,,,,,,,,,,,,,,,,,,,,,,,,,,,,,,,,,,,,,,,,,,,,,,,,,,,,,,,,,,,,,,,,,,,,,,,,,,,,,,,,,,,,,,,,,,,,,,,,,,,,,,,,,,,,,,,,,,,,,,,,,,,,,,,,,,,,,,,,,,,,,,,,,,,,,,,,,,,,,,,,,,,,,,,,,,,,,,,,,,,,,,,,,,,,,,,,,,,,,,,,,,,,,,,,,,,,,,,,,,,,,,,,,,,,,,,,,,,,,,,,,,,,,,,,,,,,,,,,,,,,,,,,,,,,,,,,,,,,,,,,,,,,,,,,,,,,,,,,,,,,,,,,,,,,,,,,,,,,,,,,,,,,,,,,,,,,,,,,,,,,,,,,,,,,
,,,,,,,,,,,,,,,,,,,,,,,,,,,,,,,,,,,,,,,,,,,,,,,,,,,,,,,,,,,,,,,,,,,,,,,,,,,,,,,,,,,,,,,,,,,,,,,,,,,,,,,,,,,,,,,,,,,,,,,,,,,,,,,,,,,,,,,,,,,,,,,,,,,,,,,,,,,,,,,,,,,,,,,,,,,,,,,,,,,,,,,,,,,,,,,,,,,,,,,,,,,,,,,,,,,,,,,,,,,,,,,,,,,,,,,,,,,,,,,,,,,,,,,,,,,,,,,,,,,,,,,,,,,,,,,,,,,,,,,,,,,,,,,,,,,,,,,,,,,,,,,,,,,,,,,,,,,,,,,,,,,,,,,,,,,,,,,,,,,,,,,,,,,,,,,,,,,,,,,,,,,,,,,,,,,,,,,,,,,,,,,,,,,,,,,,,,,,,,,,,,,,,,,,,,,,,,,,,,,,,,,,,,,,,,,,,,,,,,,,,,,,,,,,,,,,,,,,,,,,,,,,,,,,,,,,,,,,,,,,,,,,,,,,,,,,,,,,,,,,,,,,,,,,,,,,,,,,,,,,,,,,,,,,,,,,,,,,,,,,,,,,,,,,,,,,,,,,,,,,,,,,,,,,,,,,,,,,,,,,,,,,,,,,,,,,,,,,,,,,,,,,,,,,,,,,,,,,,,,,,,,,,,,,,,,,,,,,,,,,,,,,,,,,,,,,,,,,,,,,,,,,,,,,,,,,,,,,,,,,,,,,,,,,,,,,,,,,,,,,,,,,,,,,,,,,,,,,,,,,,,,,,,,,,,,,,,,,,,,,,,,,,,,,,,,,,,,,,,,,,,,,,,,,,,,,,,,,,,,,,,,,,,,,,,,,,,,,,,,,,,,,,,,,,,,,,,,,,,,,,,,,,,,,,,,,,,,,,,,,,,,,,,,,,,,,,,,,,,,,,,,,,,,,,,,,,,,,,,,,,,,,,,,,,,,,,,,,,,,,,,,,,,,,,,,,,,,,,,,,,,,,,,,,,,,,,,,,,,,,,,,,,,,,,,,,,,,,,,,,,,,,,,,,,,,,,,,,,,,,,,,,,,,,,,,,,,,,,,,,,,,,,,,,,,,,,,,,,,,,,,,,,,,,,,,,,,,,,,,,,,,,,,,,,,,,,,,,,,,,,,,,,,,,,,,,,,,,,,,,,,,,,,,,,,,,,,,,,,,,,,,,,,,,,,,,,,,,,,,,,,,,,,,,,,,,,,,,,,,,,,,,,,,,,,,,,,,,,,,,,,,,,,,,,,,,,,,,,,,,,,,,,,,,,,,,,,,,,,,,,,,,,,,,,,,,,,,,,,,,,,,,,,,,,,,,,,,,,,,,,,,,,,,,,,,,,,,,,,,,,,,,,,,,,,,,,,,,,,,,,,,,,,,,,,,,,,,,,,,,,,,,,,,,,,,,,,,,,,,,,,,,,,,,,,,,,,,,,,,,,,,,,,,,,,,,,,,,,,,,,,,,,,,,,,,,,,,,,,,,,,,,,,,,,,,,,,,,,,,,,,,,,,,,,,,,,,,,,,,,,,,,,,,,,,,,,,,,,,,,,,,,,,,,,,,,,,,,,,,,,,,,,,,,,,,,,,,,,,,,,,,,,,,,,,,,,,,,,,,,,,,,,,,,,,,,,,,,,,,,,,,,,,,,,,,,,,,,,,,,,,,,,,,,,,,,,,,,,,,,,,,,,,,,,,,,,,,,,,,,,,,,,,,,,,,,,,,,,,,,,,,,,,,,,,,,,,,,,,,,,,,,,,,,,,,,,,,,,,,,,,,,,,,,,,,,,,,,,,,,,,,,,,,,,,,,,,,,,,,,,,,,,,,,,,,,,,,,,,,,,,,,,,,,,,,,,,,,,,,,,,,,,,,,,,,,,,,,,,,,,,,,,,,,,,,,,,,,,,,,,,,,,,,,,,,,,,,,,,,,,,,,,,,,,,,,,,,,,,,,,,,,,,,,,,,,,,,,,,,,,,,,,,,,,,,,,,,,,,,,,,,,,,,,,,,,,,,,,,,,,,,,,,,,,,,,,,,,,,,,,,,,,,,,,,,,,,,,,,,,,,,,,,,,,,,,,,,,,,,,,,,,,,,,,,,,,,,,,,,,,,,,,,,,,,,,,,,,,,,,,,,,,,,,,,,,,,,,,,,,,,,,,,,,,,,,,,,,,,,,,,,,,,,,,,,,,,,,,,,,,,,,,,,,,,,,,,,,,,,,,,,,,,,
,,,,,,,,,,,,,,,,,,,,,,,,,,,,,,,,,,,,,,,,,,,,,,,,,,,,,,,,,,,,,,,,,,,,,,,,,,,,,,,,,,,,,,,,,,,,,,,,,,,,,,,,,,,,,,,,,,,,,,,,,,,,,,,,,,,,,,,,,,,,,,,,,,,,,,,,,,,,,,,,,,,,,,,,,,,,,,,,,,,,,,,,,,,,,,,,,,,,,,,,,,,,,,,,,,,,,,,,,,,,,,,,,,,,,,,,,,,,,,,,,,,,,,,,,,,,,,,,,,,,,,,,,,,,,,,,,,,,,,,,,,,,,,,,,,,,,,,,,,,,,,,,,,,,,,,,,,,,,,,,,,,,,,,,,,,,,,,,,,,,,,,,,,,,,,,,,,,,,,,,,,,,,,,,,,,,,,,,,,,,,,,,,,,,,,,,,,,,,,,,,,,,,,,,,,,,,,,,,,,,,,,,,,,,,,,,,,,,,,,,,,,,,,,,,,,,,,,,,,,,,,,,,,,,,,,,,,,,,,,,,,,,,,,,,,,,,,,,,,,,,,,,,,,,,,,,,,,,,,,,,,,,,,,,,,,,,,,,,,,,,,,,,,,,,,,,,,,,,,,,,,,,,,,,,,,,,,,,,,,,,,,,,,,,,,,,,,,,,,,,,,,,,,,,,,,,,,,,,,,,,,,,,,,,,,,,,,,,,,,,,,,,,,,,,,,,,,,,,,,,,,,,,,,,,,,,,,,,,,,,,,,,,,,,,,,,,,,,,,,,,,,,,,,,,,,,,,,,,,,,,,,,,,,,,,,,,,,,,,,,,,,,,,,,,,,,,,,,,,,,,,,,,,,,,,,,,,,,,,,,,,,,,,,,,,,,,,,,,,,,,,,,,,,,,,,,,,,,,,,,,,,,,,,,,,,,,,,,,,,,,,,,,,,,,,,,,,,,,,,,,,,,,,,,,,,,,,,,,,,,,,,,,,,,,,,,,,,,,,,,,,,,,,,,,,,,,,,,,,,,,,,,,,,,,,,,,,,,,,,,,,,,,,,,,,,,,,,,,,,,,,,,,,,,,,,,,,,,,,,,,,,,,,,,,,,,,,,,,,,,,,,,,,,,,,,,,,,,,,,,,,,,,,,,,,,,,,,,,,,,,,,,,,,,,,,,,,,,,,,,,,,,,,,,,,,,,,,,,,,,,,,,,,,,,,,,,,,,,,,,,,,,,,,,,,,,,,,,,,,,,,,,,,,,,,,,,,,,,,,,,,,,,,,,,,,,,,,,,,,,,,,,,,,,,,,,,,,,,,,,,,,,,,,,,,,,,,,,,,,,,,,,,,,,,,,,,,,,,,,,,,,,,,,,,,,,,,,,,,,,,,,,,,,,,,,,,,,,,,,,,,,,,,,,,,,,,,,,,,,,,,,,,,,,,,,,,,,,,,,,,,,,,,,,,,,,,,,,,,,,,,,,,,,,,,,,,,,,,,,,,,,,,,,,,,,,,,,,,,,,,,,,,,,,,,,,,,,,,,,,,,,,,,,,,,,,,,,,,,,,,,,,,,,,,,,,,,,,,,,,,,,,,,,,,,,,,,,,,,,,,,,,,,,,,,,,,,,,,,,,,,,,,,,,,,,,,,,,,,,,,,,,,,,,,,,,,,,,,,,,,,,,,,,,,,,,,,,,,,,,,,,,,,,,,,,,,,,,,,,,,,,,,,,,,,,,,,,,,,,,,,,,,,,,,,,,,,,,,,,,,,,,,,,,,,,,,,,,,,,,,,,,,,,,,,,,,,,,,,,,,,,,,,,,,,,,,,,,,,,,,,,,,,,,,,,,,,,,,,,,,,,,,,,,,,,,,,,,,,,,,,,,,,,,,,,,,,,,,,,,,,,,,,,,,,,,,,,,,,,,,,,,,,,,,,,,,,,,,,,,,,,,,,,,,,,,,,,,,,,,,,,,,,,,,,,,,,,,,,,,,,,,,,,,,,,,,,,,,,,,,,,,,,,,,,,,,,,,,,,,,,,,,,,,,,,,,,,,,,,,,,,,,,,,,,,,,,,,,,,,,,,,,,,,,,,,,,,,,,,,,,,,,,,,,,,,,,,,,,,,,,,,,,,,,,,,,,,,,,,,,,,,,,,,,,,,,,,,,,,,,,,,,,,,,,,,,,,,,,,,,,,,,,,,,,,,,,,,,,,,,,,,,,,,,,,,,,,,,,,,,,,,,,,,,,,,,,,,,,,,,,,,,,,,,,,,,,,,,,,,,,,,,,,
,,,,,,,,,,,,,,,,,,,,,,,,,,,,,,,,,,,,,,,,,,,,,,,,,,,,,,,,,,,,,,,,,,,,,,,,,,,,,,,,,,,,,,,,,,,,,,,,,,,,,,,,,,,,,,,,,,,,,,,,,,,,,,,,,,,,,,,,,,,,,,,,,,,,,,,,,,,,,,,,,,,,,,,,,,,,,,,,,,,,,,,,,,,,,,,,,,,,,,,,,,,,,,,,,,,,,,,,,,,,,,,,,,,,,,,,,,,,,,,,,,,,,,,,,,,,,,,,,,,,,,,,,,,,,,,,,,,,,,,,,,,,,,,,,,,,,,,,,,,,,,,,,,,,,,,,,,,,,,,,,,,,,,,,,,,,,,,,,,,,,,,,,,,,,,,,,,,,,,,,,,,,,,,,,,,,,,,,,,,,,,,,,,,,,,,,,,,,,,,,,,,,,,,,,,,,,,,,,,,,,,,,,,,,,,,,,,,,,,,,,,,,,,,,,,,,,,,,,,,,,,,,,,,,,,,,,,,,,,,,,,,,,,,,,,,,,,,,,,,,,,,,,,,,,,,,,,,,,,,,,,,,,,,,,,,,,,,,,,,,,,,,,,,,,,,,,,,,,,,,,,,,,,,,,,,,,,,,,,,,,,,,,,,,,,,,,,,,,,,,,,,,,,,,,,,,,,,,,,,,,,,,,,,,,,,,,,,,,,,,,,,,,,,,,,,,,,,,,,,,,,,,,,,,,,,,,,,,,,,,,,,,,,,,,,,,,,,,,,,,,,,,,,,,,,,,,,,,,,,,,,,,,,,,,,,,,,,,,,,,,,,,,,,,,,,,,,,,,,,,,,,,,,,,,,,,,,,,,,,,,,,,,,,,,,,,,,,,,,,,,,,,,,,,,,,,,,,,,,,,,,,,,,,,,,,,,,,,,,,,,,,,,,,,,,,,,,,,,,,,,,,,,,,,,,,,,,,,,,,,,,,,,,,,,,,,,,,,,,,,,,,,,,,,,,,,,,,,,,,,,,,,,,,,,,,,,,,,,,,,,,,,,,,,,,,,,,,,,,,,,,,,,,,,,,,,,,,,,,,,,,,,,,,,,,,,,,,,,,,,,,,,,,,,,,,,,,,,,,,,,,,,,,,,,,,,,,,,,,,,,,,,,,,,,,,,,,,,,,,,,,,,,,,,,,,,,,,,,,,,,,,,,,,,,,,,,,,,,,,,,,,,,,,,,,,,,,,,,,,,,,,,,,,,,,,,,,,,,,,,,,,,,,,,,,,,,,,,,,,,,,,,,,,,,,,,,,,,,,,,,,,,,,,,,,,,,,,,,,,,,,,,,,,,,,,,,,,,,,,,,,,,,,,,,,,,,,,,,,,,,,,,,,,,,,,,,,,,,,,,,,,,,,,,,,,,,,,,,,,,,,,,,,,,,,,,,,,,,,,,,,,,,,,,,,,,,,,,,,,,,,,,,,,,,,,,,,,,,,,,,,,,,,,,,,,,,,,,,,,,,,,,,,,,,,,,,,,,,,,,,,,,,,,,,,,,,,,,,,,,,,,,,,,,,,,,,,,,,,,,,,,,,,,,,,,,,,,,,,,,,,,,,,,,,,,,,,,,,,,,,,,,,,,,,,,,,,,,,,,,,,,,,,,,,,,,,,,,,,,,,,,,,,,,,,,,,,,,,,,,,,,,,,,,,,,,,,,,,,,,,,,,,,,,,,,,,,,,,,,,,,,,,,,,,,,,,,,,,,,,,,,,,,,,,,,,,,,,,,,,,,,,,,,,,,,,,,,,,,,,,,,,,,,,,,,,,,,,,,,,,,,,,,,,,,,,,,,,,,,,,,,,,,,,,,,,,,,,,,,,,,,,,,,,,,,,,,,,,,,,,,,,,,,,,,,,,,,,,,,,,,,,,,,,,,,,,,,,,,,,,,,,,,,,,,,,,,,,,,,,,,,,,,,,,,,,,,,,,,,,,,,,,,,,,,,,,,,,,,,,,,,,,,,,,,,,,,,,,,,,,,,,,,,,,,,,,,,,,,,,,,,,,,,,,,,,,,,,,,,,,,,,,,,,,,,,,,,,,,,,,,,,,,,,,,,,,,,,,,,,,,,,,,,,,,,,,,,,,,,,,,,,,,,,,,,,,,,,,,,,,,,,,,,,,,,,,,,,,,,,,,,,,,,,,,,,,,,,,,,,,,,,,,,,,,,,,,,,,,,,,,,,,,,,,,,,,,,,,,,,,,,,,,,,,,,,,,,,,,,,,,,,,,,
3399,3241,2542,2379,2264,2278,2356,2347,2008,2347,2356,2278,2264,2379,2542,3241,3710,3476,2456,2396,2210,2305,2335,2297,2188,2299,2392,2363,2163,2232,2503,3489,4072,3851,2767,2450,2328,2365,2215,2136,2306,2394,2249,2240,2395,2330,2757,3853,4205,3982,2861,2521,2365,2268,2151,2181,2239,2374,2334,2226,2467,2365,2882,3985,4014,3791,2692,2409,2349,2250,2188,2288,2211,2341,2369,2186,2229,2298,2642,3793,3715,3486,2457,2223,2284,2208,2162,2210,2047,2242,2339,2197,2371,2316,2387,3490,3333,3122,2279,2250,2283,2366,2267,2310,2279,2112,2219,2193,2370,2279,2288,3114,3027,2734,2249,2331,2377,2301,2191,2221,2201,2175,2316,2280,2400,2312,2260,2809,3182,2980,2406,2369,2375,2270,2312,2256,2351,2445,2417,2294,2241,2330,2413,2973,3473,3234,2498,2453,2381,2349,2379,2428,2515,2559,2498,2475,2304,2440,2614,3275,3919,3685,3450,3165,2955,3028,3356,3039,3588,3628,3145,3108,3006,3080,2810,3673,4537,4287,4072,3965,3769,3373,3882,3791,4217,4278,3973,3853,3657,3167,3789,4347,4879,4582,4290,4278,4180,4021,3935,4160,4367,4440,4244,4104,3904,3921,4248,4719,4808,4503,4203,4239,4215,4117,4015,4146,4272,4307,4149,3981,3846,4045,4302,4675,4300,3936,3858,3901,3956,3912,3719,3799,3987,4007,3660,3489,3508,3821,4048,4248,4041,3686,3363,3443,3535,3547,3428,3527,3601,3479,3350,3333,2989,3428,3686,3943,3917,3664,2963,3007,3094,3127,3315,3374,3315,3207,3094,2917,2902,3066,3434,3787,4151,3929,2874,2675,2823,2815,3055,3194,3095,2912,2733,2653,2527,2891,3112,3927,4643,4417,3172,2953,2663,2436,2936,3062,3033,2879,2616,2701,2736,2896,3322,4422,4757,4529,3243,3113,2820,2809,3087,3201,3241,3069,2775,2824,2861,2984,3458,4538,4524,4297,3009,2962,2751,2871,3207,3295,3553,3442,2756,2892,2728,2738,3254,4307,4043,3759,3319,2958,3157,2989,3282,3432,3749,3642,3147,3292,3575,3513,3332,3792,4449,4236,3751,3369,3402,3295,3484,3546,3881,3746,3251,3681,4001,3898,3490,4146,4457,4271,3784,3395,3382,3238,3483,3514,3840,3719,3124,3731,4045,3948,3746,4104,4079,3892,3453,3032,3058,2906,3247,3233,3502,3423,3182,3439,3735,3679,3623,3713,3449,3276,2729,2613,2538,2829,2973,2848,3087,3032,2835,2781,3060,3064,3193,3277,3419,3172,2572,2532,2493,2688,2797,2763,2872,2735,2423,2572,2708,2565,2786,3208,3148,2943,2478,2473,2315,2519,2498,2392,2722,2690,2414,2437,2552,2569,2534,2938,3138,2972,2545,2342,2427,2431,2234,2534,2662,2671,2497,2431,2556,2548,2415,2896,3277,3067,2556,2515,2470,2454,2510,2658,2880,2823,2599,2575,2565,2646,2787,3028,3461,3439,3176,2943,2412,2489,2559,2653,2859,2859,2586,2534,2466,2737,3157,3087,3705,3670,3502,3236,2620,2582,2770,2755,3105,3143,2580,2637,2658,2877,3340,3306,3863,3726,3468,3198,2885,2633,2874,2944,3301,3302,2653,3010,3086,3105,3194,3554,3799,3667,3114,2519,3033,2910,2862,2911,3172,3248,2757,2993,3216,3325,3268,3464,3478,3358,2909,2828,2894,2726,2776,2805,2930,2988,2643,2668,3036,3157,3111,3202,3068,2984,2738,2753,2577,2436,2507,2473,2622,2643,2444,2312,2586,2636,2608,2851,2870,2819,2538,2586,2340,2290,2251,2385,2692,2529,2309,2298,2526,2455,2454,2791,2867,2638,2348,2358,2360,2440,2373,2350,2524,2315,2312,2391,2421,2422,2323,2675,2843,2577,2363,2435,2445,2440,2519,2578,2587,2483,2434,2325,2280,2390,2454,2813,2913,2762,2545,2442,2340,2390,2537,2717,2915,2812,2588,2381,2329,2368,2500,2892,2953,2786,2704,2505,2339,2189,2436,2762,2892,2764,2593,2493,2099,2426,2549,2782,3076,3074,2932,2630,2233,2404,2710,2779,2857,2643,2528,2408,2336,2332,2712,2704,3132,3194,3020,2734,2374,2356,2644,2877,3038,2855,2532,2403,2528,2574,2737,2763,2966,3019,2789,2397,2436,2346,2187,2711,2957,2860,2452,2401,2506,2661,2764,2816,2697,2626,2702,2393,2373,2373,2259,2544,2823,2788,2521,2383,2333,2476,2755,2847,2700,2802,2793,2584,2355,2511,2491,2617,2980,3001,2672,2355,2160,2463,2770,2741,2896,2915,2733,2565,2324,2341,2556,2767,2894,2906,2546,2255,2381,2435,2715,2825,3041,2889,2510,2451,2383,2413,2492,2606,2631,2571,2321,2270,2288,2308,2498,2865,2914,2732,2273,2330,2291,2432,2334,2364,2493,2550,2278,2094,2263,2239,2315,2743,3020,2835,2335,2251,2365,2457,2385,2374,2483,2528,2456,2360,2346,2214,2337,2804,3818,3600,2554,2336,2395,2426,2180,2479,2562,2412,2423,2422,2333,2321,2421,3598,4384,4163,3054,2624,2518,2416,2481,2743,2856,2712,2470,2322,2488,2667,3005,4158,4486,4264,3135,2788,2635,2488,2572,2786,2815,2689,2365,2320,2524,2769,3098,4260,4222,3999,2860,2559,2469,2464,2544,2746,2715,2542,2408,2414,2479,2510,2827,3994,3686,3455,2334,2441,2247,2431,2376,2256,2423,2284,2353,2425,2405,2314,2544,3467,3270,3046,2348,2441,2325,2361,2344,2406,2457,2458,2347,2248,2386,2332,2444,3062,2815,2703,2387,2368,2219,2269,2296,2406,2451,2461,2266,2290,2204,2415,2385,2649,2443,2500,2387,2368,2380,2159,2321,2463,2466,2357,2256,2305,2290,2449,2259,2421,2615,2533,2414,2406,2416,2288,2421,2391,2412,2257,2395,2465,2331,2289,2272,2292,2850,2781,2700,2522,2466,2453,2654,2856,3018,2825,2500,2462,2419,2478,2426,2725,3133,2779,2676,2568,2407,2499,2693,3032,3164,2898,2444,2364,2395,2476,2462,3014,3393,3191,2531,2373,2471,2461,2548,2935,3077,2789,2363,2384,2380,2418,2327,3161,4534,4315,3210,2858,2641,2348,2534,3192,3294,2964,2493,2614,2462,2787,3194,4310,4905,4687,3584,3166,3060,2583,2961,3565,3688,3424,2750,2896,2728,3189,3550,4683,4894,4675,3576,3150,3065,2646,2980,3605,3769,3559,2936,2955,2732,3201,3524,4672,4531,4314,3230,2842,2762,2637,2840,3359,3552,3371,2811,2699,2475,2821,3156,4303,3879,3661,2684,2487,2399,2533,2751,3099,3237,3078,2527,2421,2507,2573,2712,3652,3621,3395,2386,2410,2328,2370,2543,2767,2848,2630,2251,2607,2641,2473,2559,3405,3314,3146,2284,2276,2360,2416,2435,2589,2595,2475,2354,2561,2530,2296,2310,3073,3338,3136,2404,2350,2411,2374,2328,2457,2527,2461,2309,2524,2488,2232,2438,3142,3354,3153,2397,2341,2363,2437,2270,2440,2391,2399,2452,2535,2466,2405,2458,3132,3337,3144,2471,2331,2357,2442,2279,2414,2479,2415,2456,2489,2494,2474,2397,3100,3101,2898,2494,2382,2267,2425,2362,2618,2812,2789,2464,2483,2655,2528,2278,2859,3825,3604,2604,2608,2378,2485,2553,2903,3205,3193,2765,3031,3217,2999,2596,3594,3953,3714,2909,2736,2660,2566,2657,3045,3277,3214,2808,3192,3363,3124,2779,3730,3643,3391,2872,2735,2635,2585,2559,2939,3047,3042,2734,2966,3185,3007,2682,3450,3207,2937,2613,2514,2454,2258,2595,2635,2764,2828,2657,2647,2731,2680,2870,3104,3393,3148,2400,2410,2475,2598,2630,2538,2582,2696,2595,2595,2636,2793,2927,3243,3395,3139,2367,2298,2395,2448,2538,2487,2278,2571,2260,2384,2385,2520,2756,3222,3601,3388,2530,2405,2351,2329,2437,2468,2630,2533,2358,2421,2379,2426,2620,3391,3897,3679,2711,2394,2406,2278,2269,2615,2701,2549,2371,2463,2454,2355,2720,3676,3844,3628,2647,2373,2326,2301,2275,2514,2567,2269,2450,2427,2311,2221,2626,3618,3469,3248,2366,2462,2261,2116,2364,2169,2482,2421,2397,2356,2258,2276,2223,3256,3174,2931,2387,2454,2449,2223,2246,2486,2757,2654,2346,2485,2566,2622,2517,3002,3293,3072,2569,2317,2332,2422,2389,2586,2909,2811,2273,2595,2879,2951,2891,3093,3128,2928,2535,2344,2398,2358,2455,2564,2889,2774,2380,2504,2868,2941,2869,2956,3315,3117,2590,2307,2185,2357,2379,2423,2595,2538,2361,2223,2508,2530,2590,3130,3351,3131,2548,2328,1908,2307,2409,2352,2390,2430,2391,2318,2134,2346,2293,3129,3578,3366,2547,2270,2188,2283,2309,2358,2460,2509,2276,2149,2178,2189,2410,3357,3639,3441,2585,2199,2248,2324,2211,2500,2494,2530,2398,2391,2287,2152,2432,3396,3386,3189,2518,2377,2326,2302,2296,2582,2695,2579,2362,2466,2243,2338,2331,3161,3098,2887,2405,2410,2362,2195,2316,2649,2887,2746,2482,2353,2152,2441,2648,2791,2975,2718,2304,2333,2321,2221,2261,2458,2710,2562,2475,2473,2299,2420,2557,2752,2882,2682,2260,2034,2200,2248,2285,2361,2354,2306,2379,2458,2380,2280,2454,2705,2902,2706,2407,2266,2307,2242,2238,2468,2296,2301,2346,2354,2308,2250,2325,2672,2920,2785,2426,2332,2346,2227,2327,2314,2545,2591,2482,2414,2434,2288,2396,2671,3211,3032,2393,2243,2209,2342,2444,2603,2957,2833,2592,2498,2473,2361,2399,2930,3240,3040,2351,2376,2362,2244,2437,2655,2947,2812,2512,2438,2435,2395,2277,2981,2972,2787,2212,2328,2253,2342,2210,2397,2677,2578,2472,2380,2345,2356,2420,2731,3066,2841,2297,2324,2222,2280,2362,2525,2599,2525,2366,2291,2382,2275,2453,2871,3358,3139,2311,2407,2327,2356,2386,2451,2497,2518,2478,2457,2376,2275,2328,3120,3293,3085,2346,2508,2427,2257,2298,2227,2552,2482,2338,2398,2505,2231,2321,3048,2724,2562,2474,2444,2446,2329,2220,2268,2479,2495,2270,2249,2474,2371,2417,2577,2945,2719,2355,2319,2342,2235,2272,2389,2424,2366,2246,2306,2446,2453,2531,2659,3047,2850,2242,2275,2287,2292,2301,2342,2340,2418,2352,2385,2458,2477,2476,2826,3815,3596,2595,2192,2329,2183,2172,2471,2458,2318,2451,2255,2457,2493,2482,3589,4256,4034,2973,2270,2456,2107,2564,2706,2820,2726,2532,2297,2452,2743,2762,4030,4321,4099,3020,2394,2514,2281,2668,2940,2997,2888,2665,2223,2446,2734,2875,4095,4066,3850,2836,2399,2406,2119,2532,2938,2973,2861,2599,2308,2459,2437,2681,3841,3517,3313,2578,2244,2136,2218,2313,2550,2544,2508,2368,2187,2319,2274,2426,3283,3552,3377,2552,2249,2237,2326,2237,2467,2492,2298,2252,2102,2357,2430,2468,3368,3913,3678,2498,2426,2356,2281,2396,2512,2677,2538,2395,2247,2369,2526,2764,3703,3960,3731,2426,2392,2350,2228,2204,2292,2499,2486,2338,2423,2224,2336,2763,3746,3727,3502,2290,2378,2309,2369,2277,2258,2382,2392,2321,2299,2324,2267,2572,3510,3281,3049,2253,2342,2295,2337,2384,2178,2435,2344,2330,2297,2360,2284,2311,3071,3447,3206,2455,2343,2383,2344,2341,2452,2583,2532,2431,2307,2315,2317,2393,3229,3463,3229,2526,2432,2406,2404,2432,2481,2846,2843,2517,2330,2568,2361,2469,3231,3412,3182,2503,2339,2398,2361,2495,2467,2882,2939,2613,2529,2734,2611,2743,3197,3183,2948,2452,2197,2360,2230,2470,2285,2642,2745,2429,2519,2618,2506,2657,2972,2893,2732,2334,2323,2333,2274,2318,2189,2162,2195,2372,2381,2295,2195,2370,2704,2741,2529,2263,2191,2171,2142,2191,2224,2240,2117,2210,2331,2192,2080,2234,2572,2616,2343,2243,2261,2119,2051,2148,2143,2217,2150,2102,2221,2223,2174,2251,2436,2858,2612,2099,2169,2198,2139,2135,2124,2060,2170,2187,2238,2070,2076,2213,2662,2715,2367,2026,2027,2022,2131,2179,2281,1933,2059,2096,2128,2157,2054,2114,2575,2806,2619,2079,1910,2132,2107,1946,2167,2179,1937,2019,1936,2049,1970,2020,2563,3056,2832,2044,2119,2173,2220,2123,2172,2249,2104,2137,2144,2139,2115,2039,2814,2976,2727,2065,2178,2166,2134,1974,2042,2143,2029,1914,1956,2140,2138,1996,2757,2655,2404,2129,2101,2054,1976,2081,2108,2232,2186,2019,2026,2016,2144,2056,2450
,,,,,,,,,,,,,,,,,,,,,,,,,,,,,,,,,,,,,,,,,,,,,,,,,,,,,,,,,,,,,,,,,,,,,,,,,,,,,,,,,,,,,,,,,,,,,,,,,,,,,,,,,,,,,,,,,,,,,,,,,,,,,,,,,,,,,,,,,,,,,,,,,,,,,,,,,,,,,,,,,,,,,,,,,,,,,,,,,,,,,,,,,,,,,,,,,,,,,,,,,,,,,,,,,,,,,,,,,,,,,,,,,,,,,,,,,,,,,,,,,,,,,,,,,,,,,,,,,,,,,,,,,,,,,,,,,,,,,,,,,,,,,,,,,,,,,,,,,,,,,,,,,,,,,,,,,,,,,,,,,,,,,,,,,,,,,,,,,,,,,,,,,,,,,,,,,,,,,,,,,,,,,,,,,,,,,,,,,,,,,,,,,,,,,,,,,,,,,,,,,,,,,,,,,,,,,,,,,,,,,,,,,,,,,,,,,,,,,,,,,,,,,,,,,,,,,,,,,,,,,,,,,,,,,,,,,,,,,,,,,,,,,,,,,,,,,,,,,,,,,,,,,,,,,,,,,,,,,,,,,,,,,,,,,,,,,,,,,,,,,,,,,,,,,,,,,,,,,,,,,,,,,,,,,,,,,,,,,,,,,,,,,,,,,,,,,,,,,,,,,,,,,,,,,,,,,,,,,,,,,,,,,,,,,,,,,,,,,,,,,,,,,,,,,,,,,,,,,,,,,,,,,,,,,,,,,,,,,,,,,,,,,,,,,,,,,,,,,,,,,,,,,,,,,,,,,,,,,,,,,,,,,,,,,,,,,,,,,,,,,,,,,,,,,,,,,,,,,,,,,,,,,,,,,,,,,,,,,,,,,,,,,,,,,,,,,,,,,,,,,,,,,,,,,,,,,,,,,,,,,,,,,,,,,,,,,,,,,,,,,,,,,,,,,,,,,,,,,,,,,,,,,,,,,,,,,,,,,,,,,,,,,,,,,,,,,,,,,,,,,,,,,,,,,,,,,,,,,,,,,,,,,,,,,,,,,,,,,,,,,,,,,,,,,,,,,,,,,,,,,,,,,,,,,,,,,,,,,,,,,,,,,,,,,,,,,,,,,,,,,,,,,,,,,,,,,,,,,,,,,,,,,,,,,,,,,,,,,,,,,,,,,,,,,,,,,,,,,,,,,,,,,,,,,,,,,,,,,,,,,,,,,,,,,,,,,,,,,,,,,,,,,,,,,,,,,,,,,,,,,,,,,,,,,,,,,,,,,,,,,,,,,,,,,,,,,,,,,,,,,,,,,,,,,,,,,,,,,,,,,,,,,,,,,,,,,,,,,,,,,,,,,,,,,,,,,,,,,,,,,,,,,,,,,,,,,,,,,,,,,,,,,,,,,,,,,,,,,,,,,,,,,,,,,,,,,,,,,,,,,,,,,,,,,,,,,,,,,,,,,,,,,,,,,,,,,,,,,,,,,,,,,,,,,,,,,,,,,,,,,,,,,,,,,,,,,,,,,,,,,,,,,,,,,,,,,,,,,,,,,,,,,,,,,,,,,,,,,,,,,,,,,,,,,,,,,,,,,,,,,,,,,,,,,,,,,,,,,,,,,,,,,,,,,,,,,,,,,,,,,,,,,,,,,,,,,,,,,,,,,,,,,,,,,,,,,,,,,,,,,,,,,,,,,,,,,,,,,,,,,,,,,,,,,,,,,,,,,,,,,,,,,,,,,,,,,,,,,,,,,,,,,,,,,,,,,,,,,,,,,,,,,,,,,,,,,,,,,,,,,,,,,,,,,,,,,,,,,,,,,,,,,,,,,,,,,,,,,,,,,,,,,,,,,,,,,,,,,,,,,,,,,,,,,,,,,,,,,,,,,,,,,,,,,,,,,,,,,,,,,,,,,,,,,,,,,,,,,,,,,,,,,,,,,,,,,,,,,,,,,,,,,,,,,,,,,,,,,,,,,,,,,,,,,,,,,,,,,,,,,,,,,,,,,,,,,,,,,,,,,,,,,,,,,,,,,,,,,,,,,,,,,,,,,,,,,,,,,,,,,,,,,,,,,,,,,,,,,,,,,,,,,,,,,,,,,,,,,,,,,,,,,,,,,,,,,,,,,,,,,,,,,,,,,,,,,,,,,,,,,,,,,,,,,,,,,,,,,,,,,,,,,,,,,,,,,,,,,,,,,,,,,,,,,,,,,,,,,,,,,,,,,,,,,,,,,,,,,,,,,,,,,,,,,,,,,,,,,,,,,,,,,,,,,,,,,,,,,,,,,,,,,,,
,,,,,,,,,,,,,,,,,,,,,,,,,,,,,,,,,,,,,,,,,,,,,,,,,,,,,,,,,,,,,,,,,,,,,,,,,,,,,,,,,,,,,,,,,,,,,,,,,,,,,,,,,,,,,,,,,,,,,,,,,,,,,,,,,,,,,,,,,,,,,,,,,,,,,,,,,,,,,,,,,,,,,,,,,,,,,,,,,,,,,,,,,,,,,,,,,,,,,,,,,,,,,,,,,,,,,,,,,,,,,,,,,,,,,,,,,,,,,,,,,,,,,,,,,,,,,,,,,,,,,,,,,,,,,,,,,,,,,,,,,,,,,,,,,,,,,,,,,,,,,,,,,,,,,,,,,,,,,,,,,,,,,,,,,,,,,,,,,,,,,,,,,,,,,,,,,,,,,,,,,,,,,,,,,,,,,,,,,,,,,,,,,,,,,,,,,,,,,,,,,,,,,,,,,,,,,,,,,,,,,,,,,,,,,,,,,,,,,,,,,,,,,,,,,,,,,,,,,,,,,,,,,,,,,,,,,,,,,,,,,,,,,,,,,,,,,,,,,,,,,,,,,,,,,,,,,,,,,,,,,,,,,,,,,,,,,,,,,,,,,,,,,,,,,,,,,,,,,,,,,,,,,,,,,,,,,,,,,,,,,,,,,,,,,,,,,,,,,,,,,,,,,,,,,,,,,,,,,,,,,,,,,,,,,,,,,,,,,,,,,,,,,,,,,,,,,,,,,,,,,,,,,,,,,,,,,,,,,,,,,,,,,,,,,,,,,,,,,,,,,,,,,,,,,,,,,,,,,,,,,,,,,,,,,,,,,,,,,,,,,,,,,,,,,,,,,,,,,,,,,,,,,,,,,,,,,,,,,,,,,,,,,,,,,,,,,,,,,,,,,,,,,,,,,,,,,,,,,,,,,,,,,,,,,,,,,,,,,,,,,,,,,,,,,,,,,,,,,,,,,,,,,,,,,,,,,,,,,,,,,,,,,,,,,,,,,,,,,,,,,,,,,,,,,,,,,,,,,,,,,,,,,,,,,,,,,,,,,,,,,,,,,,,,,,,,,,,,,,,,,,,,,,,,,,,,,,,,,,,,,,,,,,,,,,,,,,,,,,,,,,,,,,,,,,,,,,,,,,,,,,,,,,,,,,,,,,,,,,,,,,,,,,,,,,,,,,,,,,,,,,,,,,,,,,,,,,,,,,,,,,,,,,,,,,,,,,,,,,,,,,,,,,,,,,,,,,,,,,,,,,,,,,,,,,,,,,,,,,,,,,,,,,,,,,,,,,,,,,,,,,,,,,,,,,,,,,,,,,,,,,,,,,,,,,,,,,,,,,,,,,,,,,,,,,,,,,,,,,,,,,,,,,,,,,,,,,,,,,,,,,,,,,,,,,,,,,,,,,,,,,,,,,,,,,,,,,,,,,,,,,,,,,,,,,,,,,,,,,,,,,,,,,,,,,,,,,,,,,,,,,,,,,,,,,,,,,,,,,,,,,,,,,,,,,,,,,,,,,,,,,,,,,,,,,,,,,,,,,,,,,,,,,,,,,,,,,,,,,,,,,,,,,,,,,,,,,,,,,,,,,,,,,,,,,,,,,,,,,,,,,,,,,,,,,,,,,,,,,,,,,,,,,,,,,,,,,,,,,,,,,,,,,,,,,,,,,,,,,,,,,,,,,,,,,,,,,,,,,,,,,,,,,,,,,,,,,,,,,,,,,,,,,,,,,,,,,,,,,,,,,,,,,,,,,,,,,,,,,,,,,,,,,,,,,,,,,,,,,,,,,,,,,,,,,,,,,,,,,,,,,,,,,,,,,,,,,,,,,,,,,,,,,,,,,,,,,,,,,,,,,,,,,,,,,,,,,,,,,,,,,,,,,,,,,,,,,,,,,,,,,,,,,,,,,,,,,,,,,,,,,,,,,,,,,,,,,,,,,,,,,,,,,,,,,,,,,,,,,,,,,,,,,,,,,,,,,,,,,,,,,,,,,,,,,,,,,,,,,,,,,,,,,,,,,,,,,,,,,,,,,,,,,,,,,,,,,,,,,,,,,,,,,,,,,,,,,,,,,,,,,,,,,,,,,,,,,,,,,,,,,,,,,,,,,,,,,,,,,,,,,,,,,,,,,,,,,,,,,,,,,,,,,,,,,,,,,,,,,,,,,,,,,,,,,,,,,,,,,,,,,,,,,,,,,,,,,,,,,,,,,,,,,,,,,,,,,,,,,,,,,,,,,,,,,,,,,,,,,,,,,,,,,,,,,,,,,,,,,,,,,,,,,,
,,,,,,,,,,,,,,,,,,,,,,,,,,,,,,,,,,,,,,,,,,,,,,,,,,,,,,,,,,,,,,,,,,,,,,,,,,,,,,,,,,,,,,,,,,,,,,,,,,,,,,,,,,,,,,,,,,,,,,,,,,,,,,,,,,,,,,,,,,,,,,,,,,,,,,,,,,,,,,,,,,,,,,,,,,,,,,,,,,,,,,,,,,,,,,,,,,,,,,,,,,,,,,,,,,,,,,,,,,,,,,,,,,,,,,,,,,,,,,,,,,,,,,,,,,,,,,,,,,,,,,,,,,,,,,,,,,,,,,,,,,,,,,,,,,,,,,,,,,,,,,,,,,,,,,,,,,,,,,,,,,,,,,,,,,,,,,,,,,,,,,,,,,,,,,,,,,,,,,,,,,,,,,,,,,,,,,,,,,,,,,,,,,,,,,,,,,,,,,,,,,,,,,,,,,,,,,,,,,,,,,,,,,,,,,,,,,,,,,,,,,,,,,,,,,,,,,,,,,,,,,,,,,,,,,,,,,,,,,,,,,,,,,,,,,,,,,,,,,,,,,,,,,,,,,,,,,,,,,,,,,,,,,,,,,,,,,,,,,,,,,,,,,,,,,,,,,,,,,,,,,,,,,,,,,,,,,,,,,,,,,,,,,,,,,,,,,,,,,,,,,,,,,,,,,,,,,,,,,,,,,,,,,,,,,,,,,,,,,,,,,,,,,,,,,,,,,,,,,,,,,,,,,,,,,,,,,,,,,,,,,,,,,,,,,,,,,,,,,,,,,,,,,,,,,,,,,,,,,,,,,,,,,,,,,,,,,,,,,,,,,,,,,,,,,,,,,,,,,,,,,,,,,,,,,,,,,,,,,,,,,,,,,,,,,,,,,,,,,,,,,,,,,,,,,,,,,,,,,,,,,,,,,,,,,,,,,,,,,,,,,,,,,,,,,,,,,,,,,,,,,,,,,,,,,,,,,,,,,,,,,,,,,,,,,,,,,,,,,,,,,,,,,,,,,,,,,,,,,,,,,,,,,,,,,,,,,,,,,,,,,,,,,,,,,,,,,,,,,,,,,,,,,,,,,,,,,,,,,,,,,,,,,,,,,,,,,,,,,,,,,,,,,,,,,,,,,,,,,,,,,,,,,,,,,,,,,,,,,,,,,,,,,,,,,,,,,,,,,,,,,,,,,,,,,,,,,,,,,,,,,,,,,,,,,,,,,,,,,,,,,,,,,,,,,,,,,,,,,,,,,,,,,,,,,,,,,,,,,,,,,,,,,,,,,,,,,,,,,,,,,,,,,,,,,,,,,,,,,,,,,,,,,,,,,,,,,,,,,,,,,,,,,,,,,,,,,,,,,,,,,,,,,,,,,,,,,,,,,,,,,,,,,,,,,,,,,,,,,,,,,,,,,,,,,,,,,,,,,,,,,,,,,,,,,,,,,,,,,,,,,,,,,,,,,,,,,,,,,,,,,,,,,,,,,,,,,,,,,,,,,,,,,,,,,,,,,,,,,,,,,,,,,,,,,,,,,,,,,,,,,,,,,,,,,,,,,,,,,,,,,,,,,,,,,,,,,,,,,,,,,,,,,,,,,,,,,,,,,,,,,,,,,,,,,,,,,,,,,,,,,,,,,,,,,,,,,,,,,,,,,,,,,,,,,,,,,,,,,,,,,,,,,,,,,,,,,,,,,,,,,,,,,,,,,,,,,,,,,,,,,,,,,,,,,,,,,,,,,,,,,,,,,,,,,,,,,,,,,,,,,,,,,,,,,,,,,,,,,,,,,,,,,,,,,,,,,,,,,,,,,,,,,,,,,,,,,,,,,,,,,,,,,,,,,,,,,,,,,,,,,,,,,,,,,,,,,,,,,,,,,,,,,,,,,,,,,,,,,,,,,,,,,,,,,,,,,,,,,,,,,,,,,,,,,,,,,,,,,,,,,,,,,,,,,,,,,,,,,,,,,,,,,,,,,,,,,,,,,,,,,,,,,,,,,,,,,,,,,,,,,,,,,,,,,,,,,,,,,,,,,,,,,,,,,,,,,,,,,,,,,,,,,,,,,,,,,,,,,,,,,,,,,,,,,,,,,,,,,,,,,,,,,,,,,,,,,,,,,,,,,,,,,,,,,,,,,,,,,,,,,,,,,,,,,,,,,,,,,,,,,,,,,,,,,,,,,,,,,,,,,,,,,,,,,,,,,,,,,,,,,,,,,,,,,,,,,,,,,,,,,,,,,,,,,,,,,,,,,,,,,,,,,,,,,,,,,,,,,,,,,,,,,,
,,,,,,,,,,,,,,,,,,,,,,,,,,,,,,,,,,,,,,,,,,,,,,,,,,,,,,,,,,,,,,,,,,,,,,,,,,,,,,,,,,,,,,,,,,,,,,,,,,,,,,,,,,,,,,,,,,,,,,,,,,,,,,,,,,,,,,,,,,,,,,,,,,,,,,,,,,,,,,,,,,,,,,,,,,,,,,,,,,,,,,,,,,,,,,,,,,,,,,,,,,,,,,,,,,,,,,,,,,,,,,,,,,,,,,,,,,,,,,,,,,,,,,,,,,,,,,,,,,,,,,,,,,,,,,,,,,,,,,,,,,,,,,,,,,,,,,,,,,,,,,,,,,,,,,,,,,,,,,,,,,,,,,,,,,,,,,,,,,,,,,,,,,,,,,,,,,,,,,,,,,,,,,,,,,,,,,,,,,,,,,,,,,,,,,,,,,,,,,,,,,,,,,,,,,,,,,,,,,,,,,,,,,,,,,,,,,,,,,,,,,,,,,,,,,,,,,,,,,,,,,,,,,,,,,,,,,,,,,,,,,,,,,,,,,,,,,,,,,,,,,,,,,,,,,,,,,,,,,,,,,,,,,,,,,,,,,,,,,,,,,,,,,,,,,,,,,,,,,,,,,,,,,,,,,,,,,,,,,,,,,,,,,,,,,,,,,,,,,,,,,,,,,,,,,,,,,,,,,,,,,,,,,,,,,,,,,,,,,,,,,,,,,,,,,,,,,,,,,,,,,,,,,,,,,,,,,,,,,,,,,,,,,,,,,,,,,,,,,,,,,,,,,,,,,,,,,,,,,,,,,,,,,,,,,,,,,,,,,,,,,,,,,,,,,,,,,,,,,,,,,,,,,,,,,,,,,,,,,,,,,,,,,,,,,,,,,,,,,,,,,,,,,,,,,,,,,,,,,,,,,,,,,,,,,,,,,,,,,,,,,,,,,,,,,,,,,,,,,,,,,,,,,,,,,,,,,,,,,,,,,,,,,,,,,,,,,,,,,,,,,,,,,,,,,,,,,,,,,,,,,,,,,,,,,,,,,,,,,,,,,,,,,,,,,,,,,,,,,,,,,,,,,,,,,,,,,,,,,,,,,,,,,,,,,,,,,,,,,,,,,,,,,,,,,,,,,,,,,,,,,,,,,,,,,,,,,,,,,,,,,,,,,,,,,,,,,,,,,,,,,,,,,,,,,,,,,,,,,,,,,,,,,,,,,,,,,,,,,,,,,,,,,,,,,,,,,,,,,,,,,,,,,,,,,,,,,,,,,,,,,,,,,,,,,,,,,,,,,,,,,,,,,,,,,,,,,,,,,,,,,,,,,,,,,,,,,,,,,,,,,,,,,,,,,,,,,,,,,,,,,,,,,,,,,,,,,,,,,,,,,,,,,,,,,,,,,,,,,,,,,,,,,,,,,,,,,,,,,,,,,,,,,,,,,,,,,,,,,,,,,,,,,,,,,,,,,,,,,,,,,,,,,,,,,,,,,,,,,,,,,,,,,,,,,,,,,,,,,,,,,,,,,,,,,,,,,,,,,,,,,,,,,,,,,,,,,,,,,,,,,,,,,,,,,,,,,,,,,,,,,,,,,,,,,,,,,,,,,,,,,,,,,,,,,,,,,,,,,,,,,,,,,,,,,,,,,,,,,,,,,,,,,,,,,,,,,,,,,,,,,,,,,,,,,,,,,,,,,,,,,,,,,,,,,,,,,,,,,,,,,,,,,,,,,,,,,,,,,,,,,,,,,,,,,,,,,,,,,,,,,,,,,,,,,,,,,,,,,,,,,,,,,,,,,,,,,,,,,,,,,,,,,,,,,,,,,,,,,,,,,,,,,,,,,,,,,,,,,,,,,,,,,,,,,,,,,,,,,,,,,,,,,,,,,,,,,,,,,,,,,,,,,,,,,,,,,,,,,,,,,,,,,,,,,,,,,,,,,,,,,,,,,,,,,,,,,,,,,,,,,,,,,,,,,,,,,,,,,,,,,,,,,,,,,,,,,,,,,,,,,,,,,,,,,,,,,,,,,,,,,,,,,,,,,,,,,,,,,,,,,,,,,,,,,,,,,,,,,,,,,,,,,,,,,,,,,,,,,,,,,,,,,,,,,,,,,,,,,,,,,,,,,,,,,,,,,,,,,,,,,,,,,,,,,,,,,,,,,,,,,,,,,,,,,,,,,,,,,,,,,,,,,,,,,,,,,,,,,,,,,,,,,,,,,,,,,,,,,,,,,,,,,,,,,,,,,,,,,,,,,,,,,,,,,,,,,,,,,,,,,,,,,,
,,,,,,,,,,,,,,,,,,,,,,,,,,,,,,,,,,,,,,,,,,,,,,,,,,,,,,,,,,,,,,,,,,,,,,,,,,,,,,,,,,,,,,,,,,,,,,,,,,,,,,,,,,,,,,,,,,,,,,,,,,,,,,,,,,,,,,,,,,,,,,,,,,,,,,,,,,,,,,,,,,,,,,,,,,,,,,,,,,,,,,,,,,,,,,,,,,,,,,,,,,,,,,,,,,,,,,,,,,,,,,,,,,,,,,,,,,,,,,,,,,,,,,,,,,,,,,,,,,,,,,,,,,,,,,,,,,,,,,,,,,,,,,,,,,,,,,,,,,,,,,,,,,,,,,,,,,,,,,,,,,,,,,,,,,,,,,,,,,,,,,,,,,,,,,,,,,,,,,,,,,,,,,,,,,,,,,,,,,,,,,,,,,,,,,,,,,,,,,,,,,,,,,,,,,,,,,,,,,,,,,,,,,,,,,,,,,,,,,,,,,,,,,,,,,,,,,,,,,,,,,,,,,,,,,,,,,,,,,,,,,,,,,,,,,,,,,,,,,,,,,,,,,,,,,,,,,,,,,,,,,,,,,,,,,,,,,,,,,,,,,,,,,,,,,,,,,,,,,,,,,,,,,,,,,,,,,,,,,,,,,,,,,,,,,,,,,,,,,,,,,,,,,,,,,,,,,,,,,,,,,,,,,,,,,,,,,,,,,,,,,,,,,,,,,,,,,,,,,,,,,,,,,,,,,,,,,,,,,,,,,,,,,,,,,,,,,,,,,,,,,,,,,,,,,,,,,,,,,,,,,,,,,,,,,,,,,,,,,,,,,,,,,,,,,,,,,,,,,,,,,,,,,,,,,,,,,,,,,,,,,,,,,,,,,,,,,,,,,,,,,,,,,,,,,,,,,,,,,,,,,,,,,,,,,,,,,,,,,,,,,,,,,,,,,,,,,,,,,,,,,,,,,,,,,,,,,,,,,,,,,,,,,,,,,,,,,,,,,,,,,,,,,,,,,,,,,,,,,,,,,,,,,,,,,,,,,,,,,,,,,,,,,,,,,,,,,,,,,,,,,,,,,,,,,,,,,,,,,,,,,,,,,,,,,,,,,,,,,,,,,,,,,,,,,,,,,,,,,,,,,,,,,,,,,,,,,,,,,,,,,,,,,,,,,,,,,,,,,,,,,,,,,,,,,,,,,,,,,,,,,,,,,,,,,,,,,,,,,,,,,,,,,,,,,,,,,,,,,,,,,,,,,,,,,,,,,,,,,,,,,,,,,,,,,,,,,,,,,,,,,,,,,,,,,,,,,,,,,,,,,,,,,,,,,,,,,,,,,,,,,,,,,,,,,,,,,,,,,,,,,,,,,,,,,,,,,,,,,,,,,,,,,,,,,,,,,,,,,,,,,,,,,,,,,,,,,,,,,,,,,,,,,,,,,,,,,,,,,,,,,,,,,,,,,,,,,,,,,,,,,,,,,,,,,,,,,,,,,,,,,,,,,,,,,,,,,,,,,,,,,,,,,,,,,,,,,,,,,,,,,,,,,,,,,,,,,,,,,,,,,,,,,,,,,,,,,,,,,,,,,,,,,,,,,,,,,,,,,,,,,,,,,,,,,,,,,,,,,,,,,,,,,,,,,,,,,,,,,,,,,,,,,,,,,,,,,,,,,,,,,,,,,,,,,,,,,,,,,,,,,,,,,,,,,,,,,,,,,,,,,,,,,,,,,,,,,,,,,,,,,,,,,,,,,,,,,,,,,,,,,,,,,,,,,,,,,,,,,,,,,,,,,,,,,,,,,,,,,,,,,,,,,,,,,,,,,,,,,,,,,,,,,,,,,,,,,,,,,,,,,,,,,,,,,,,,,,,,,,,,,,,,,,,,,,,,,,,,,,,,,,,,,,,,,,,,,,,,,,,,,,,,,,,,,,,,,,,,,,,,,,,,,,,,,,,,,,,,,,,,,,,,,,,,,,,,,,,,,,,,,,,,,,,,,,,,,,,,,,,,,,,,,,,,,,,,,,,,,,,,,,,,,,,,,,,,,,,,,,,,,,,,,,,,,,,,,,,,,,,,,,,,,,,,,,,,,,,,,,,,,,,,,,,,,,,,,,,,,,,,,,,,,,,,,,,,,,,,,,,,,,,,,,,,,,,,,,,,,,,,,,,,,,,,,,,,,,,,,,,,,,,,,,,,,,,,,,,,,,,,,,,,,,,,,,,,,,,,,,,,,,,,,,,,,,,,,,,,,,,,,,,,,,,,,,,,,,,,,,,,,,,,,,
3462,3253,2526,2320,2391,2403,2515,2383,2204,2383,2515,2403,2391,2320,2526,3253,3706,3482,2437,2242,2289,2481,2497,2378,2184,2357,2441,2359,2334,2314,2455,3487,4073,3851,2733,2361,2307,2387,2333,2348,2308,2241,2209,2132,2335,2391,2640,3851,4205,3983,2878,2456,2329,2312,2239,2173,2179,2110,2237,2364,2265,2448,2846,3984,4015,3797,2780,2319,2367,2306,2199,2244,2169,2275,2325,2352,2086,2337,2698,3796,3703,3476,2569,2206,2290,2243,2240,2287,2220,2223,2180,2231,2222,2332,2474,3482,3300,3125,2388,2244,2294,2181,2203,2225,2327,2292,2133,2233,2325,2341,2262,3054,3109,2929,2299,2280,2338,2288,2224,2259,2326,2251,2188,2277,2296,2284,2238,2877,3192,2977,2359,2154,2264,2364,2373,2247,2254,2394,2289,2299,2205,2268,2179,2979,3483,3270,2436,2231,2328,2366,2430,2661,2849,2823,2695,2652,2469,2236,2457,3256,3571,3455,3413,3009,2887,2786,3121,3579,3855,3833,3598,3376,3308,2794,3574,3701,4270,4171,4061,3645,3679,3480,3880,4184,4452,4448,4319,4240,4127,3477,4192,4036,4645,4506,4194,3752,3937,3658,4048,4314,4555,4575,4533,4519,4407,3779,4344,4296,4658,4498,3866,3581,3851,3600,3859,4105,4267,4281,4370,4420,4317,3754,4119,4331,4258,4093,3576,3385,3547,3504,3694,3773,3952,3967,3684,3958,3878,3517,3800,4092,3996,3878,3258,3115,3169,3272,3375,3419,3718,3667,3473,3561,3424,3345,3593,3752,3874,3715,3073,2987,2904,2920,3062,3313,3499,3457,3174,3137,3004,3056,3346,3640,4139,3916,2844,2783,2736,2800,2872,3125,3210,3050,2999,2999,2819,2791,3091,3918,4640,4417,3203,3001,2660,2528,2826,2793,3050,3032,2901,2797,2677,2815,3271,4414,4753,4529,3346,3076,2858,2934,3035,3176,3024,3058,2838,2936,2844,2978,3395,4525,4513,4293,3222,2875,2904,2914,3045,3190,3328,3437,3081,3140,3015,2979,3203,4285,4053,3876,3067,3000,3142,3038,3276,3533,3579,3571,3284,3207,3132,3286,3493,3836,4497,4351,3749,3264,3416,3320,3425,3621,3661,3762,3533,3782,3803,3787,3931,4268,4512,4378,3847,3430,3379,3317,3232,3564,3811,3824,3510,3858,3905,3895,4014,4308,4133,3994,3512,3231,3027,2977,2819,3406,3666,3540,3134,3598,3631,3641,3750,3968,3495,3318,2705,2813,2766,2526,2754,3145,3289,3041,2852,3072,3020,3032,3198,3338,3343,3153,2588,2612,2612,2522,2734,2957,2926,2792,2554,2641,2731,2794,3007,3056,3141,3003,2479,2492,2458,2284,2402,2450,2601,2690,2557,2513,2397,2563,2733,2953,3090,3017,2479,2492,2508,2370,2393,2594,2777,2774,2661,2478,2423,2365,2300,2885,3240,3054,2557,2452,2448,2446,2391,2845,3042,3025,2877,2803,2528,2263,2681,3034,3293,3016,2761,2511,2559,2467,2546,2932,3119,3079,2938,2863,2495,2319,2934,3120,3091,3007,3180,2914,2865,2571,2670,2870,3081,3094,2834,2806,2648,2578,3286,3219,3439,3210,2730,2909,2955,2498,2771,2632,3141,3193,2861,2888,2894,3006,3355,3245,3552,3488,3161,2832,2772,2447,2759,3040,3236,3138,2812,3036,3082,3141,3193,3143,3308,3302,3045,2800,2567,2369,2431,2971,3152,3068,2855,2785,2870,2918,2800,2744,2923,2872,2612,2507,2348,2364,2389,2572,2653,2636,2536,2289,2479,2428,2372,2668,2856,2796,2494,2347,2384,2399,2371,2482,2724,2678,2409,2372,2489,2413,2453,2521,2804,2673,2377,2348,2324,2226,2280,2465,2716,2545,2328,2111,2290,2451,2417,2602,2681,2631,2525,2380,2335,2303,2389,2491,2493,2334,2280,2182,2340,2388,2397,2347,2934,2829,2542,2390,2413,2420,2454,2580,2753,2570,2381,2343,2411,2443,2444,2681,2805,2803,2564,2348,2370,2276,2458,2680,2903,2714,2478,2245,2387,2447,2547,2586,2872,2816,2779,2625,2648,2525,2192,2622,2787,2702,2483,2523,2481,2530,2779,2729,3066,2991,2921,2777,2823,2549,2447,2692,2845,2746,2615,2398,2555,2699,2939,2869,3180,3120,2840,2615,2682,2549,2360,2695,2906,2807,2522,2417,2604,2606,2768,2927,3156,3133,2810,2329,2468,2512,2390,2391,2654,2559,2373,2423,2606,2407,2508,2838,3171,3119,2892,2444,2539,2520,2580,2718,2864,2659,2634,2567,2651,2502,2741,3054,3127,3071,2812,2422,2532,2532,2596,2696,2945,2643,2624,2585,2534,2369,2579,2967,2996,2872,2427,2411,2447,2368,2461,2465,2672,2616,2382,2247,2377,2278,2197,2772,2924,2718,2233,2346,2376,2372,2449,2360,2421,2401,2260,2254,2318,2330,2314,2731,2969,2769,2318,2368,2362,2358,2393,2352,2419,2340,2418,2372,2406,2271,2202,2725,3835,3615,2489,2319,2341,2330,2253,2374,2560,2377,2516,2379,2455,2437,2523,3614,4389,4164,3053,2655,2355,2344,2119,2567,2677,2383,2426,2371,2591,2625,3060,4164,4488,4264,3156,2706,2498,2270,2278,2681,2728,2533,2376,2335,2517,2768,3149,4265,4223,3999,2883,2507,2340,2376,2300,2568,2690,2472,2363,2358,2272,2618,2867,3999,3681,3457,2525,2398,2393,2367,2352,2492,2511,2424,2295,2272,2392,2475,2454,3454,3278,3064,2191,2321,2370,2412,2345,2522,2681,2555,2412,2335,2401,2409,2307,3059,2640,2527,2225,2270,2340,2387,2409,2599,2705,2589,2397,2237,2268,2387,2452,2489,2498,2376,2254,2151,2245,2348,2331,2436,2517,2449,2169,2395,2406,2401,2390,2346,2787,2660,2302,2197,2440,2554,2563,2405,2411,2437,2256,2485,2480,2411,2438,2588,2880,2835,2328,2235,2508,2797,2914,2994,2808,2556,2516,2555,2550,2485,2685,2819,3197,3006,2367,2366,2626,2788,2921,3105,3025,2596,2514,2482,2497,2494,2740,3062,3385,3185,2461,2350,2388,2585,2745,2950,2894,2720,2688,2632,2514,2470,2569,3164,4534,4313,3188,2820,2599,2270,2675,3129,3202,2950,2725,2815,2642,2834,3168,4312,4907,4685,3548,3189,2937,2624,2949,3465,3551,3281,2983,2851,2902,3146,3578,4686,4897,4673,3514,3178,2988,2748,2919,3458,3523,3355,3145,2705,2926,3103,3588,4678,4531,4302,3053,2856,2774,2611,2685,3146,3322,3204,2922,2647,2697,2650,3257,4313,3887,3663,2723,2576,2452,2405,2351,2641,2849,2760,2527,2614,2487,2384,2808,3672,3609,3365,2432,2329,2373,2314,2270,2513,2584,2617,2440,2737,2650,2407,2515,3376,3295,3046,2174,2138,2250,2405,2269,2443,2610,2536,2442,2655,2626,2354,2421,3097,3318,3083,2418,2358,2443,2370,2409,2490,2612,2449,2373,2296,2345,2337,2419,3125,3326,3121,2473,2390,2531,2473,2305,2515,2581,2360,2239,2367,2238,2341,2278,3086,3312,3106,2382,2350,2371,2290,2259,2246,2491,2442,2361,2426,2304,2267,2269,3053,3091,2896,2339,2405,2392,2422,2304,2473,2872,2874,2660,2698,2656,2403,2349,2810,3754,3546,2448,2409,2418,2500,2589,3013,3406,3427,3278,3311,3305,3021,3000,3447,3871,3666,2694,2685,2537,2488,2690,3218,3506,3541,3423,3468,3471,3211,3212,3548,3541,3375,2771,2659,2469,2528,2659,3053,3377,3274,3231,3278,3273,3059,3083,3357,3308,3171,2770,2490,2461,2529,2587,2728,2965,2961,2787,2733,2603,2443,2619,3097,3377,3170,2612,2549,2584,2491,2439,2717,2907,2830,2601,2292,2348,2371,2437,3141,3411,3177,2316,2384,2456,2383,2290,2524,2737,2606,2455,2280,2329,2349,2399,3183,3591,3375,2413,2203,2311,2285,2253,2519,2561,2296,2212,2248,2296,2262,2531,3385,3897,3674,2606,2436,2360,2404,2460,2696,2770,2472,2297,2219,2316,2280,2625,3679,3835,3606,2474,2415,2328,2370,2473,2789,2831,2522,2358,2284,2232,2261,2632,3618,3434,3202,2428,2281,2387,2297,2318,2617,2706,2614,2518,2314,2335,2386,2509,3208,3220,2972,2391,2429,2382,2401,2506,2660,2703,2594,2622,2673,2695,2618,2606,3018,3355,3100,2525,2556,2469,2525,2568,2700,2861,2792,2604,2838,2911,2790,2699,3141,3181,2928,2526,2510,2394,2481,2582,2526,2836,2765,2491,2789,2883,2770,2577,2994,3247,2985,2315,2235,2256,2351,2416,2356,2383,2339,2344,2515,2550,2509,2518,3017,3317,3093,2423,2337,2347,2377,2333,2317,2382,2260,2338,2288,2368,2378,2442,3074,3605,3409,2645,2404,2336,2429,2372,2397,2396,2361,2268,2269,2394,2276,2481,3388,3647,3413,2539,2184,2187,2345,2438,2465,2521,2376,2212,2277,2367,2395,2459,3442,3347,3128,2217,2265,2345,2419,2504,2580,2410,2454,2365,2434,2479,2487,2252,3128,3016,2731,2352,2224,2357,2410,2491,2643,2459,2524,2368,2438,2499,2493,2390,2856,2917,2705,2427,2355,2218,2234,2307,2524,2462,2412,2084,2252,2415,2341,2208,2773,2773,2528,2321,2320,2253,2230,2059,2142,2278,2399,2166,2150,2284,2310,2387,2693,2817,2548,2422,2245,2301,2343,2259,2193,2426,2323,2339,2357,2273,2283,2390,2705,2959,2751,2356,2321,2263,2206,2289,2351,2454,2488,2271,2295,2304,2196,2263,2788,3278,3014,2354,2308,2315,2415,2626,2631,2647,2639,2464,2329,2397,2376,2398,3100,3262,3017,2388,2390,2447,2319,2609,2659,2517,2498,2477,2336,2377,2304,2439,3059,2955,2784,2200,2205,2280,2268,2367,2320,2386,2233,2383,2223,2319,2301,2135,2748,3065,2861,2159,2315,2300,2208,2228,2265,2588,2570,2391,2407,2346,2303,2232,2850,3372,3154,2316,2336,2299,2341,2293,2357,2488,2355,2240,2331,2325,2280,2341,3156,3306,3091,2430,2332,2306,2291,2418,2386,2263,2244,2325,2285,2331,2304,2388,3090,2723,2589,2462,2270,2248,2225,2293,2338,2199,2460,2428,2415,2382,2338,2273,2618,2940,2794,2458,2123,2284,2215,2154,2313,2349,2415,2384,2411,2352,2266,2345,2750,3044,2844,2412,2292,2228,2182,2215,2351,2495,2434,2298,2322,2286,2194,2237,2825,3816,3605,2640,2342,2255,2231,2205,2422,2626,2442,2192,2270,2231,2242,2233,3590,4254,4033,2970,2371,2218,2368,2282,2683,2997,2890,2401,2424,2261,2595,2765,4026,4320,4099,3029,2510,2359,2486,2607,2859,3152,3021,2420,2474,2325,2740,2836,4092,4063,3848,2801,2394,2498,2405,2477,2962,3115,2909,2421,2349,2301,2525,2574,3837,3513,3293,2397,2198,2358,2219,2273,2595,2751,2556,2308,2348,2219,2264,2333,3269,3597,3362,2451,2288,2157,2243,2297,2488,2540,2407,2188,2279,2335,2446,2490,3385,3893,3670,2530,2472,2226,2249,2447,2541,2469,2482,2275,2243,2298,2553,2442,3673,3944,3721,2508,2548,2431,2341,2414,2542,2531,2416,2418,2423,2420,2516,2555,3722,3721,3499,2494,2406,2391,2345,2347,2337,2348,2248,2296,2394,2315,2321,2236,3489,3242,3014,2386,2342,2305,2363,2370,2382,2456,2248,2289,2311,2341,2342,2361,3019,3448,3236,2354,2338,2236,2410,2376,2332,2531,2556,2488,2370,2314,2372,2486,3212,3464,3219,2577,2419,2312,2375,2240,2603,3000,3017,2853,2753,2725,2584,2641,3264,3429,3203,2704,2418,2350,2341,2393,2702,3026,3059,2936,2918,2888,2687,2789,3189,3160,2916,2513,2284,2261,2347,2289,2509,2879,2889,2782,2754,2637,2467,2664,2932,2919,2685,2092,2196,2184,2338,2340,2302,2349,2342,2402,2400,2277,2356,2355,2723,2710,2509,2173,2223,2015,2292,2338,2218,2189,2270,2135,2116,2163,2290,2172,2527,2573,2495,2256,2045,1992,2116,2073,2068,2296,2429,2355,2296,2207,2144,2051,2486,2772,2479,2203,1819,2113,2039,2148,2178,2310,2364,2346,2358,2196,2181,2121,2426,2625,2469,2056,2004,2009,2147,2021,2093,2292,2263,2174,2221,2291,2132,1996,2340,2822,2628,2049,1984,2022,2018,2052,2006,1994,2055,2067,2058,2094,2145,2021,2625,3066,2830,2062,1873,2076,1996,2020,2006,2151,2152,2077,2079,1986,1934,1919,2854,2995,2755,2119,2042,2009,1880,1839,2016,2087,2140,2033,2013,2107,1934,2016,2794,2715,2527,2044,1884,2062,1943,1768,2103,2277,2164,2107,2014,1950,1802,2075,2525
